MOEX:PLZL,2022-11-07T10:00:00+03:00,6015.5,6035.0,6015.0,6020.0,5073
MOEX:PLZL,2022-11-07T10:01:00+03:00,6020.5,6022.0,6004.0,6016.5,2865
MOEX:PLZL,2022-11-07T10:02:00+03:00,6012.0,6044.0,6011.0,6039.0,3349
MOEX:PLZL,2022-11-07T10:03:00+03:00,6039.0,6062.0,6011.5,6014.5,5830
MOEX:PLZL,2022-11-07T10:04:00+03:00,6011.5,6030.0,6011.5,6024.0,2577
MOEX:PLZL,2022-11-07T10:05:00+03:00,6024.0,6030.0,6021.0,6030.0,1381
MOEX:PLZL,2022-11-07T10:06:00+03:00,6030.0,6034.0,6026.5,6034.0,1389
MOEX:PLZL,2022-11-07T10:07:00+03:00,6034.0,6034.0,6029.0,6033.0,1981
MOEX:PLZL,2022-11-07T10:08:00+03:00,6031.5,6034.0,6025.0,6026.5,1607
MOEX:PLZL,2022-11-07T10:09:00+03:00,6026.5,6029.5,6018.0,6023.0,1947
MOEX:PLZL,2022-11-07T10:10:00+03:00,6023.0,6024.0,6011.5,6016.5,1027
MOEX:PLZL,2022-11-07T10:11:00+03:00,6016.5,6034.0,6016.5,6032.0,1920
MOEX:PLZL,2022-11-07T10:12:00+03:00,6032.5,6039.0,6030.0,6037.5,2135
MOEX:PLZL,2022-11-07T10:13:00+03:00,6037.5,6038.5,6033.0,6033.0,1161
MOEX:PLZL,2022-11-07T10:14:00+03:00,6034.0,6034.5,6025.0,6027.5,1649
MOEX:PLZL,2022-11-07T10:15:00+03:00,6026.0,6033.0,6024.0,6033.0,851
MOEX:PLZL,2022-11-07T10:16:00+03:00,6033.0,6033.0,6024.5,6028.5,1161
MOEX:PLZL,2022-11-07T10:17:00+03:00,6028.0,6028.5,6023.5,6024.0,266
MOEX:PLZL,2022-11-07T10:18:00+03:00,6024.0,6027.0,6023.5,6024.5,285
MOEX:PLZL,2022-11-07T10:19:00+03:00,6023.5,6024.5,6020.0,6020.0,363
MOEX:PLZL,2022-11-07T10:20:00+03:00,6022.0,6024.0,6015.5,6016.0,266
MOEX:PLZL,2022-11-07T10:21:00+03:00,6019.0,6019.0,6012.0,6012.0,884
MOEX:PLZL,2022-11-07T10:22:00+03:00,6012.0,6012.0,6000.5,6000.5,1712
MOEX:PLZL,2022-11-07T10:23:00+03:00,6001.0,6008.5,5995.0,6002.0,1444
MOEX:PLZL,2022-11-07T10:24:00+03:00,6002.5,6005.0,5992.0,5996.5,1004
MOEX:PLZL,2022-11-07T10:25:00+03:00,5996.0,6003.0,5994.5,6003.0,1558
MOEX:PLZL,2022-11-07T10:26:00+03:00,6002.0,6003.0,6000.0,6002.0,970
MOEX:PLZL,2022-11-07T10:27:00+03:00,6002.0,6002.5,5992.0,5998.0,437
MOEX:PLZL,2022-11-07T10:28:00+03:00,5998.0,6000.0,5998.0,5998.5,456
MOEX:PLZL,2022-11-07T10:29:00+03:00,5999.5,6000.0,5996.5,5997.0,662
MOEX:PLZL,2022-11-07T10:30:00+03:00,5997.0,6009.0,5990.5,6008.0,3461
MOEX:PLZL,2022-11-07T10:31:00+03:00,6007.0,6009.0,6000.0,6008.0,928
MOEX:PLZL,2022-11-07T10:32:00+03:00,6005.0,6009.0,6004.0,6008.5,143
MOEX:PLZL,2022-11-07T10:33:00+03:00,6008.0,6014.0,6007.5,6014.0,1826
MOEX:PLZL,2022-11-07T10:34:00+03:00,6013.0,6014.0,6007.0,6011.5,433
MOEX:PLZL,2022-11-07T10:35:00+03:00,6009.0,6023.0,6007.0,6020.5,1543
MOEX:PLZL,2022-11-07T10:36:00+03:00,6019.0,6020.5,6016.5,6020.0,766
MOEX:PLZL,2022-11-07T10:37:00+03:00,6020.0,6020.5,6011.5,6013.0,981
MOEX:PLZL,2022-11-07T10:38:00+03:00,6012.5,6020.0,6011.5,6018.0,346
MOEX:PLZL,2022-11-07T10:39:00+03:00,6018.0,6018.0,6014.5,6016.0,225
MOEX:PLZL,2022-11-07T10:40:00+03:00,6017.0,6019.0,6010.0,6015.0,1895
MOEX:PLZL,2022-11-07T10:41:00+03:00,6014.0,6020.5,6014.0,6019.5,797
MOEX:PLZL,2022-11-07T10:42:00+03:00,6019.0,6022.0,6017.0,6021.0,514
MOEX:PLZL,2022-11-07T10:43:00+03:00,6021.5,6023.0,6017.5,6017.5,2331
MOEX:PLZL,2022-11-07T10:44:00+03:00,6016.0,6020.5,6014.0,6017.0,667
MOEX:PLZL,2022-11-07T10:45:00+03:00,6016.0,6016.5,6014.0,6015.0,207
MOEX:PLZL,2022-11-07T10:46:00+03:00,6016.5,6017.0,6013.5,6013.5,287
MOEX:PLZL,2022-11-07T10:47:00+03:00,6013.0,6013.5,6005.5,6005.5,694
MOEX:PLZL,2022-11-07T10:48:00+03:00,6007.0,6009.5,6003.0,6005.0,1086
MOEX:PLZL,2022-11-07T10:49:00+03:00,6005.0,6009.0,6004.0,6007.0,267
MOEX:PLZL,2022-11-07T10:50:00+03:00,6007.0,6010.0,6006.0,6010.0,137
MOEX:PLZL,2022-11-07T10:51:00+03:00,6010.0,6010.0,6006.5,6009.0,132
MOEX:PLZL,2022-11-07T10:52:00+03:00,6010.0,6010.0,6006.0,6007.0,501
MOEX:PLZL,2022-11-07T10:53:00+03:00,6007.0,6012.0,6006.0,6011.5,823
MOEX:PLZL,2022-11-07T10:54:00+03:00,6011.5,6013.0,6008.0,6012.0,223
MOEX:PLZL,2022-11-07T10:55:00+03:00,6013.0,6013.0,6011.0,6013.0,816
MOEX:PLZL,2022-11-07T10:56:00+03:00,6012.5,6013.0,6008.0,6008.0,523
MOEX:PLZL,2022-11-07T10:57:00+03:00,6008.0,6008.0,6005.5,6007.5,140
MOEX:PLZL,2022-11-07T10:58:00+03:00,6005.5,6008.0,6005.5,6008.0,174
MOEX:PLZL,2022-11-07T10:59:00+03:00,6007.5,6008.0,6006.0,6006.0,382
MOEX:PLZL,2022-11-07T11:00:00+03:00,6007.0,6007.0,6004.0,6005.0,335
MOEX:PLZL,2022-11-07T11:01:00+03:00,6005.0,6005.0,6003.0,6004.5,355
MOEX:PLZL,2022-11-07T11:02:00+03:00,6004.5,6008.0,6004.5,6007.0,517
MOEX:PLZL,2022-11-07T11:03:00+03:00,6006.5,6007.5,6006.0,6007.5,29
MOEX:PLZL,2022-11-07T11:04:00+03:00,6006.0,6008.0,6005.5,6006.0,89
MOEX:PLZL,2022-11-07T11:05:00+03:00,6008.0,6008.0,6006.0,6008.0,146
MOEX:PLZL,2022-11-07T11:06:00+03:00,6007.0,6008.0,6006.0,6008.0,32
MOEX:PLZL,2022-11-07T11:07:00+03:00,6008.0,6008.0,6006.0,6006.0,132
MOEX:PLZL,2022-11-07T11:08:00+03:00,6008.0,6008.0,6007.0,6007.0,31
MOEX:PLZL,2022-11-07T11:09:00+03:00,6008.0,6008.0,6007.0,6007.0,97
MOEX:PLZL,2022-11-07T11:10:00+03:00,6007.0,6009.0,6005.5,6009.0,158
MOEX:PLZL,2022-11-07T11:11:00+03:00,6007.5,6011.0,6007.5,6010.5,133
MOEX:PLZL,2022-11-07T11:12:00+03:00,6009.0,6011.0,6007.5,6009.0,591
MOEX:PLZL,2022-11-07T11:13:00+03:00,6011.0,6011.0,6009.0,6010.0,364
MOEX:PLZL,2022-11-07T11:14:00+03:00,6011.0,6013.0,6010.5,6013.0,302
MOEX:PLZL,2022-11-07T11:15:00+03:00,6013.0,6015.0,6012.5,6015.0,581
MOEX:PLZL,2022-11-07T11:16:00+03:00,6014.5,6015.5,6012.5,6015.5,485
MOEX:PLZL,2022-11-07T11:17:00+03:00,6015.5,6017.0,6015.0,6016.5,96
MOEX:PLZL,2022-11-07T11:18:00+03:00,6017.0,6019.0,6015.0,6018.5,607
MOEX:PLZL,2022-11-07T11:19:00+03:00,6019.0,6019.0,6004.0,6014.5,1107
MOEX:PLZL,2022-11-07T11:20:00+03:00,6016.5,6018.0,6008.0,6013.0,210
MOEX:PLZL,2022-11-07T11:21:00+03:00,6013.0,6015.5,6008.0,6011.0,259
MOEX:PLZL,2022-11-07T11:22:00+03:00,6010.0,6011.5,6006.0,6009.5,226
MOEX:PLZL,2022-11-07T11:23:00+03:00,6006.0,6008.5,6004.0,6005.5,238
MOEX:PLZL,2022-11-07T11:24:00+03:00,6008.0,6008.5,6005.5,6008.0,150
MOEX:PLZL,2022-11-07T11:25:00+03:00,6006.0,6008.5,6006.0,6007.0,228
MOEX:PLZL,2022-11-07T11:26:00+03:00,6007.0,6008.5,6005.0,6006.5,316
MOEX:PLZL,2022-11-07T11:27:00+03:00,6006.0,6007.0,6005.0,6005.0,144
MOEX:PLZL,2022-11-07T11:28:00+03:00,6005.0,6007.0,6003.5,6007.0,133
MOEX:PLZL,2022-11-07T11:29:00+03:00,6007.0,6007.0,6006.5,6007.0,131
MOEX:PLZL,2022-11-07T11:30:00+03:00,6007.0,6007.0,6006.5,6007.0,152
MOEX:PLZL,2022-11-07T11:31:00+03:00,6006.5,6007.0,6006.0,6007.0,176
MOEX:PLZL,2022-11-07T11:32:00+03:00,6007.0,6008.5,6006.5,6008.5,430
MOEX:PLZL,2022-11-07T11:33:00+03:00,6008.5,6010.0,6008.0,6010.0,71
MOEX:PLZL,2022-11-07T11:34:00+03:00,6009.5,6010.0,6009.0,6010.0,246
MOEX:PLZL,2022-11-07T11:35:00+03:00,6010.0,6012.0,6009.5,6010.0,387
MOEX:PLZL,2022-11-07T11:36:00+03:00,6012.0,6012.0,6011.5,6012.0,284
MOEX:PLZL,2022-11-07T11:37:00+03:00,6012.0,6012.0,6010.0,6012.0,321
MOEX:PLZL,2022-11-07T11:38:00+03:00,6012.0,6012.0,6011.0,6011.0,34
MOEX:PLZL,2022-11-07T11:39:00+03:00,6012.0,6015.5,6012.0,6015.5,770
MOEX:PLZL,2022-11-07T11:40:00+03:00,6015.0,6023.0,6014.5,6023.0,1746
MOEX:PLZL,2022-11-07T11:41:00+03:00,6021.5,6024.5,6014.0,6020.0,1964
MOEX:PLZL,2022-11-07T11:42:00+03:00,6019.5,6021.0,6014.5,6021.0,222
MOEX:PLZL,2022-11-07T11:43:00+03:00,6020.0,6021.0,6017.0,6020.0,196
MOEX:PLZL,2022-11-07T11:44:00+03:00,6020.0,6028.0,6019.0,6025.0,972
MOEX:PLZL,2022-11-07T11:45:00+03:00,6027.0,6028.0,6021.0,6024.5,1585
MOEX:PLZL,2022-11-07T11:46:00+03:00,6024.0,6024.5,6021.0,6022.5,529
MOEX:PLZL,2022-11-07T11:47:00+03:00,6023.5,6024.5,6022.0,6024.5,224
MOEX:PLZL,2022-11-07T11:48:00+03:00,6024.0,6024.5,6020.0,6024.0,836
MOEX:PLZL,2022-11-07T11:49:00+03:00,6024.0,6024.0,6021.0,6022.0,58
MOEX:PLZL,2022-11-07T11:50:00+03:00,6022.5,6022.5,6021.0,6022.5,537
MOEX:PLZL,2022-11-07T11:51:00+03:00,6022.5,6022.5,6022.0,6022.5,452
MOEX:PLZL,2022-11-07T11:52:00+03:00,6022.5,6030.0,6022.5,6028.5,1274
MOEX:PLZL,2022-11-07T11:53:00+03:00,6024.5,6030.0,6024.5,6027.0,293
MOEX:PLZL,2022-11-07T11:54:00+03:00,6027.0,6029.5,6024.0,6029.0,291
MOEX:PLZL,2022-11-07T11:55:00+03:00,6029.0,6029.5,6025.0,6025.0,76
MOEX:PLZL,2022-11-07T11:56:00+03:00,6025.0,6029.0,6022.0,6028.5,267
MOEX:PLZL,2022-11-07T11:57:00+03:00,6027.0,6029.5,6025.5,6029.5,68
MOEX:PLZL,2022-11-07T11:58:00+03:00,6027.5,6030.0,6027.5,6030.0,140
MOEX:PLZL,2022-11-07T11:59:00+03:00,6030.0,6032.0,6029.5,6032.0,124
MOEX:PLZL,2022-11-07T12:00:00+03:00,6032.0,6033.0,6031.0,6032.0,898
MOEX:PLZL,2022-11-07T12:01:00+03:00,6033.0,6033.0,6031.0,6032.0,551
MOEX:PLZL,2022-11-07T12:02:00+03:00,6031.0,6032.0,6028.0,6028.0,230
MOEX:PLZL,2022-11-07T12:03:00+03:00,6028.5,6030.0,6027.0,6030.0,646
MOEX:PLZL,2022-11-07T12:04:00+03:00,6029.5,6030.0,6027.5,6030.0,30
MOEX:PLZL,2022-11-07T12:05:00+03:00,6029.5,6030.0,6027.5,6030.0,255
MOEX:PLZL,2022-11-07T12:06:00+03:00,6030.0,6030.0,6029.5,6029.5,18
MOEX:PLZL,2022-11-07T12:07:00+03:00,6029.0,6032.0,6029.0,6032.0,572
MOEX:PLZL,2022-11-07T12:08:00+03:00,6031.5,6032.0,6025.0,6031.5,338
MOEX:PLZL,2022-11-07T12:09:00+03:00,6031.0,6031.5,6028.0,6029.0,62
MOEX:PLZL,2022-11-07T12:10:00+03:00,6029.0,6031.0,6028.0,6031.0,57
MOEX:PLZL,2022-11-07T12:11:00+03:00,6031.0,6031.0,6029.0,6031.0,35
MOEX:PLZL,2022-11-07T12:12:00+03:00,6031.0,6031.0,6028.0,6031.0,86
MOEX:PLZL,2022-11-07T12:13:00+03:00,6031.0,6032.0,6029.0,6032.0,314
MOEX:PLZL,2022-11-07T12:14:00+03:00,6032.0,6032.0,6031.0,6032.0,231
MOEX:PLZL,2022-11-07T12:15:00+03:00,6032.0,6032.0,6030.0,6032.0,293
MOEX:PLZL,2022-11-07T12:16:00+03:00,6032.0,6032.0,6031.0,6031.0,78
MOEX:PLZL,2022-11-07T12:17:00+03:00,6031.0,6031.5,6026.0,6026.5,319
MOEX:PLZL,2022-11-07T12:18:00+03:00,6030.0,6030.0,6026.5,6028.0,108
MOEX:PLZL,2022-11-07T12:19:00+03:00,6028.0,6028.0,6026.0,6027.0,330
MOEX:PLZL,2022-11-07T12:20:00+03:00,6026.0,6036.0,6025.0,6035.5,904
MOEX:PLZL,2022-11-07T12:21:00+03:00,6035.0,6036.0,6029.5,6030.5,412
MOEX:PLZL,2022-11-07T12:22:00+03:00,6030.0,6036.0,6029.5,6036.0,642
MOEX:PLZL,2022-11-07T12:23:00+03:00,6032.5,6032.5,6020.0,6022.0,653
MOEX:PLZL,2022-11-07T12:24:00+03:00,6022.0,6025.0,6022.0,6024.5,563
MOEX:PLZL,2022-11-07T12:25:00+03:00,6024.0,6030.5,6015.0,6023.0,1922
MOEX:PLZL,2022-11-07T12:26:00+03:00,6021.5,6025.0,6019.5,6019.5,266
MOEX:PLZL,2022-11-07T12:27:00+03:00,6019.5,6019.5,6017.0,6019.5,42
MOEX:PLZL,2022-11-07T12:28:00+03:00,6018.0,6020.0,6016.0,6019.0,88
MOEX:PLZL,2022-11-07T12:29:00+03:00,6019.0,6020.0,6016.0,6016.0,50
MOEX:PLZL,2022-11-07T12:30:00+03:00,6016.0,6016.0,6012.0,6015.0,678
MOEX:PLZL,2022-11-07T12:31:00+03:00,6012.0,6016.0,6012.0,6014.0,276
MOEX:PLZL,2022-11-07T12:32:00+03:00,6016.0,6028.5,6015.0,6025.5,378
MOEX:PLZL,2022-11-07T12:33:00+03:00,6024.5,6028.0,6024.5,6028.0,78
MOEX:PLZL,2022-11-07T12:34:00+03:00,6026.0,6027.0,6022.5,6027.0,51
MOEX:PLZL,2022-11-07T12:35:00+03:00,6026.5,6028.0,6024.5,6024.5,103
MOEX:PLZL,2022-11-07T12:36:00+03:00,6025.0,6025.0,6024.5,6024.5,123
MOEX:PLZL,2022-11-07T12:37:00+03:00,6024.5,6024.5,6023.0,6024.0,11
MOEX:PLZL,2022-11-07T12:38:00+03:00,6024.0,6024.5,6023.5,6023.5,56
MOEX:PLZL,2022-11-07T12:39:00+03:00,6023.5,6024.5,6023.5,6024.5,48
MOEX:PLZL,2022-11-07T12:40:00+03:00,6023.0,6028.5,6023.0,6028.0,197
MOEX:PLZL,2022-11-07T12:41:00+03:00,6028.5,6035.0,6028.5,6033.0,680
MOEX:PLZL,2022-11-07T12:42:00+03:00,6033.5,6038.0,6033.0,6038.0,1549
MOEX:PLZL,2022-11-07T12:43:00+03:00,6038.0,6039.0,6036.0,6039.0,912
MOEX:PLZL,2022-11-07T12:44:00+03:00,6039.0,6039.0,6038.0,6038.0,136
MOEX:PLZL,2022-11-07T12:45:00+03:00,6038.0,6038.5,6035.5,6038.5,154
MOEX:PLZL,2022-11-07T12:46:00+03:00,6038.5,6038.5,6037.0,6038.0,59
MOEX:PLZL,2022-11-07T12:47:00+03:00,6038.0,6038.0,6037.0,6037.0,40
MOEX:PLZL,2022-11-07T12:48:00+03:00,6037.0,6037.0,6035.0,6037.0,45
MOEX:PLZL,2022-11-07T12:49:00+03:00,6036.5,6037.0,6030.0,6035.0,249
MOEX:PLZL,2022-11-07T12:50:00+03:00,6036.0,6038.0,6030.5,6037.5,642
MOEX:PLZL,2022-11-07T12:51:00+03:00,6037.5,6039.0,6035.0,6039.0,170
MOEX:PLZL,2022-11-07T12:52:00+03:00,6039.0,6040.0,6037.5,6040.0,647
MOEX:PLZL,2022-11-07T12:53:00+03:00,6038.0,6039.0,6035.0,6039.0,65
MOEX:PLZL,2022-11-07T12:54:00+03:00,6039.0,6039.0,6033.0,6033.0,182
MOEX:PLZL,2022-11-07T12:55:00+03:00,6032.0,6033.0,6028.0,6030.0,338
MOEX:PLZL,2022-11-07T12:56:00+03:00,6028.0,6029.5,6026.0,6029.5,74
MOEX:PLZL,2022-11-07T12:57:00+03:00,6029.5,6029.5,6029.0,6029.5,30
MOEX:PLZL,2022-11-07T12:58:00+03:00,6029.5,6030.0,6029.5,6030.0,585
MOEX:PLZL,2022-11-07T12:59:00+03:00,6030.0,6030.0,6029.5,6030.0,106
MOEX:PLZL,2022-11-07T13:00:00+03:00,6030.0,6030.0,6029.5,6030.0,122
MOEX:PLZL,2022-11-07T13:01:00+03:00,6029.5,6033.0,6029.5,6032.5,242
MOEX:PLZL,2022-11-07T13:02:00+03:00,6032.5,6033.0,6030.5,6031.5,155
MOEX:PLZL,2022-11-07T13:03:00+03:00,6032.0,6033.0,6031.0,6032.0,617
MOEX:PLZL,2022-11-07T13:04:00+03:00,6032.0,6032.5,6028.5,6031.0,427
MOEX:PLZL,2022-11-07T13:05:00+03:00,6030.0,6030.0,6029.0,6030.0,36
MOEX:PLZL,2022-11-07T13:06:00+03:00,6030.0,6030.0,6029.0,6030.0,68
MOEX:PLZL,2022-11-07T13:07:00+03:00,6030.0,6030.0,6029.0,6030.0,29
MOEX:PLZL,2022-11-07T13:08:00+03:00,6030.0,6031.5,6028.5,6029.0,223
MOEX:PLZL,2022-11-07T13:09:00+03:00,6030.5,6031.5,6029.0,6030.5,76
MOEX:PLZL,2022-11-07T13:10:00+03:00,6031.0,6031.5,6028.5,6031.0,245
MOEX:PLZL,2022-11-07T13:11:00+03:00,6031.5,6031.5,6028.5,6031.5,42
MOEX:PLZL,2022-11-07T13:12:00+03:00,6029.0,6031.5,6029.0,6031.5,51
MOEX:PLZL,2022-11-07T13:13:00+03:00,6031.5,6036.5,6031.5,6036.5,1153
MOEX:PLZL,2022-11-07T13:14:00+03:00,6036.5,6036.5,6033.0,6035.5,561
MOEX:PLZL,2022-11-07T13:15:00+03:00,6035.5,6036.5,6033.5,6036.5,200
MOEX:PLZL,2022-11-07T13:16:00+03:00,6037.0,6044.0,6035.0,6044.0,3006
MOEX:PLZL,2022-11-07T13:17:00+03:00,6044.0,6049.0,6043.5,6049.0,2825
MOEX:PLZL,2022-11-07T13:18:00+03:00,6049.0,6054.0,6048.0,6051.0,1783
MOEX:PLZL,2022-11-07T13:19:00+03:00,6052.0,6058.0,6041.0,6054.5,1754
MOEX:PLZL,2022-11-07T13:20:00+03:00,6054.0,6060.0,6052.5,6056.0,1012
MOEX:PLZL,2022-11-07T13:21:00+03:00,6056.0,6084.0,6056.0,6082.5,2479
MOEX:PLZL,2022-11-07T13:22:00+03:00,6080.0,6085.0,6075.0,6084.0,1097
MOEX:PLZL,2022-11-07T13:23:00+03:00,6085.0,6094.0,6082.5,6089.0,1507
MOEX:PLZL,2022-11-07T13:24:00+03:00,6085.0,6093.0,6083.0,6087.5,1422
MOEX:PLZL,2022-11-07T13:25:00+03:00,6086.5,6090.0,6078.0,6083.0,1452
MOEX:PLZL,2022-11-07T13:26:00+03:00,6083.5,6088.5,6076.5,6085.0,829
MOEX:PLZL,2022-11-07T13:27:00+03:00,6087.5,6093.0,6085.0,6090.0,1152
MOEX:PLZL,2022-11-07T13:28:00+03:00,6086.0,6092.0,6085.5,6089.0,339
MOEX:PLZL,2022-11-07T13:29:00+03:00,6088.0,6089.0,6086.5,6089.0,212
MOEX:PLZL,2022-11-07T13:30:00+03:00,6088.5,6092.0,6088.0,6091.5,1251
MOEX:PLZL,2022-11-07T13:31:00+03:00,6091.5,6092.0,6086.0,6089.5,1527
MOEX:PLZL,2022-11-07T13:32:00+03:00,6089.5,6095.0,6085.0,6085.0,1433
MOEX:PLZL,2022-11-07T13:33:00+03:00,6085.5,6089.5,6085.0,6087.0,391
MOEX:PLZL,2022-11-07T13:34:00+03:00,6087.5,6088.0,6083.0,6086.5,661
MOEX:PLZL,2022-11-07T13:35:00+03:00,6086.0,6086.5,6078.5,6078.5,306
MOEX:PLZL,2022-11-07T13:36:00+03:00,6079.5,6081.0,6078.0,6078.5,232
MOEX:PLZL,2022-11-07T13:37:00+03:00,6079.0,6079.0,6070.0,6077.0,787
MOEX:PLZL,2022-11-07T13:38:00+03:00,6077.0,6077.5,6073.0,6075.0,260
MOEX:PLZL,2022-11-07T13:39:00+03:00,6074.0,6079.0,6071.0,6078.0,678
MOEX:PLZL,2022-11-07T13:40:00+03:00,6078.0,6079.5,6071.5,6079.0,380
MOEX:PLZL,2022-11-07T13:41:00+03:00,6079.0,6087.0,6078.0,6083.5,709
MOEX:PLZL,2022-11-07T13:42:00+03:00,6083.5,6085.0,6082.5,6085.0,435
MOEX:PLZL,2022-11-07T13:43:00+03:00,6085.0,6085.0,6078.5,6079.0,526
MOEX:PLZL,2022-11-07T13:44:00+03:00,6083.5,6083.5,6076.0,6080.0,207
MOEX:PLZL,2022-11-07T13:45:00+03:00,6080.0,6083.5,6073.0,6073.5,397
MOEX:PLZL,2022-11-07T13:46:00+03:00,6073.5,6080.0,6071.5,6075.5,170
MOEX:PLZL,2022-11-07T13:47:00+03:00,6075.5,6083.0,6075.5,6079.5,190
MOEX:PLZL,2022-11-07T13:48:00+03:00,6076.5,6078.0,6075.0,6077.0,81
MOEX:PLZL,2022-11-07T13:49:00+03:00,6077.0,6078.5,6075.5,6078.5,153
MOEX:PLZL,2022-11-07T13:50:00+03:00,6078.5,6079.0,6075.0,6075.0,110
MOEX:PLZL,2022-11-07T13:51:00+03:00,6075.5,6079.5,6075.5,6079.0,145
MOEX:PLZL,2022-11-07T13:52:00+03:00,6078.0,6079.0,6075.5,6077.5,149
MOEX:PLZL,2022-11-07T13:53:00+03:00,6077.5,6079.0,6075.0,6077.0,304
MOEX:PLZL,2022-11-07T13:54:00+03:00,6077.0,6078.5,6074.5,6076.0,221
MOEX:PLZL,2022-11-07T13:55:00+03:00,6078.0,6079.5,6075.0,6075.0,208
MOEX:PLZL,2022-11-07T13:56:00+03:00,6075.0,6077.0,6074.5,6077.0,50
MOEX:PLZL,2022-11-07T13:57:00+03:00,6076.0,6076.0,6074.5,6076.0,60
MOEX:PLZL,2022-11-07T13:58:00+03:00,6075.0,6075.0,6072.5,6074.5,103
MOEX:PLZL,2022-11-07T13:59:00+03:00,6072.5,6076.0,6072.0,6072.0,230
MOEX:PLZL,2022-11-07T14:00:00+03:00,6072.5,6072.5,6061.5,6066.0,963
MOEX:PLZL,2022-11-07T14:01:00+03:00,6068.5,6071.0,6066.0,6066.0,410
MOEX:PLZL,2022-11-07T14:02:00+03:00,6069.0,6069.0,6066.0,6068.0,83
MOEX:PLZL,2022-11-07T14:03:00+03:00,6066.0,6071.0,6066.0,6069.0,407
MOEX:PLZL,2022-11-07T14:04:00+03:00,6067.5,6068.5,6066.0,6068.5,59
MOEX:PLZL,2022-11-07T14:05:00+03:00,6068.0,6069.0,6065.0,6065.0,300
MOEX:PLZL,2022-11-07T14:06:00+03:00,6064.0,6065.0,6061.0,6065.0,523
MOEX:PLZL,2022-11-07T14:07:00+03:00,6064.5,6065.0,6061.0,6063.0,97
MOEX:PLZL,2022-11-07T14:08:00+03:00,6061.0,6061.0,6055.5,6060.0,538
MOEX:PLZL,2022-11-07T14:09:00+03:00,6060.0,6060.0,6046.0,6050.0,1710
MOEX:PLZL,2022-11-07T14:10:00+03:00,6049.5,6060.0,6046.5,6052.0,774
MOEX:PLZL,2022-11-07T14:11:00+03:00,6053.0,6055.5,6050.0,6055.5,229
MOEX:PLZL,2022-11-07T14:12:00+03:00,6055.5,6060.0,6054.0,6060.0,381
MOEX:PLZL,2022-11-07T14:13:00+03:00,6060.0,6060.0,6059.0,6059.0,152
MOEX:PLZL,2022-11-07T14:14:00+03:00,6058.0,6059.5,6056.0,6057.0,55
MOEX:PLZL,2022-11-07T14:15:00+03:00,6059.5,6060.0,6055.0,6057.0,164
MOEX:PLZL,2022-11-07T14:16:00+03:00,6057.0,6057.0,6050.0,6054.5,258
MOEX:PLZL,2022-11-07T14:17:00+03:00,6052.0,6060.0,6046.0,6053.0,598
MOEX:PLZL,2022-11-07T14:18:00+03:00,6054.5,6060.0,6054.5,6059.0,234
MOEX:PLZL,2022-11-07T14:19:00+03:00,6058.5,6059.5,6056.5,6057.0,114
MOEX:PLZL,2022-11-07T14:20:00+03:00,6055.5,6056.5,6050.5,6056.5,286
MOEX:PLZL,2022-11-07T14:21:00+03:00,6056.5,6056.5,6049.0,6050.0,289
MOEX:PLZL,2022-11-07T14:22:00+03:00,6054.0,6054.0,6047.5,6049.5,331
MOEX:PLZL,2022-11-07T14:23:00+03:00,6052.5,6054.0,6047.5,6047.5,259
MOEX:PLZL,2022-11-07T14:24:00+03:00,6050.5,6051.5,6046.0,6050.5,161
MOEX:PLZL,2022-11-07T14:25:00+03:00,6047.0,6050.5,6046.0,6047.0,215
MOEX:PLZL,2022-11-07T14:26:00+03:00,6046.5,6057.5,6046.5,6050.0,228
MOEX:PLZL,2022-11-07T14:27:00+03:00,6052.0,6058.5,6050.0,6054.5,228
MOEX:PLZL,2022-11-07T14:28:00+03:00,6054.5,6069.0,6051.5,6069.0,1357
MOEX:PLZL,2022-11-07T14:29:00+03:00,6069.0,6081.0,6067.0,6074.0,1789
MOEX:PLZL,2022-11-07T14:30:00+03:00,6076.0,6082.0,6073.5,6081.5,848
MOEX:PLZL,2022-11-07T14:31:00+03:00,6081.0,6089.0,6077.5,6088.0,2119
MOEX:PLZL,2022-11-07T14:32:00+03:00,6087.5,6088.0,6081.0,6086.5,406
MOEX:PLZL,2022-11-07T14:33:00+03:00,6087.0,6088.0,6085.0,6087.0,297
MOEX:PLZL,2022-11-07T14:34:00+03:00,6087.0,6089.0,6086.5,6087.0,691
MOEX:PLZL,2022-11-07T14:35:00+03:00,6086.5,6088.5,6085.0,6088.5,960
MOEX:PLZL,2022-11-07T14:36:00+03:00,6088.5,6089.0,6085.0,6086.0,590
MOEX:PLZL,2022-11-07T14:37:00+03:00,6088.0,6089.0,6087.0,6089.0,498
MOEX:PLZL,2022-11-07T14:38:00+03:00,6089.0,6090.0,6087.5,6087.5,1032
MOEX:PLZL,2022-11-07T14:39:00+03:00,6088.0,6088.0,6085.5,6085.5,228
MOEX:PLZL,2022-11-07T14:40:00+03:00,6086.0,6087.0,6077.0,6077.0,552
MOEX:PLZL,2022-11-07T14:41:00+03:00,6077.0,6078.5,6074.5,6077.0,317
MOEX:PLZL,2022-11-07T14:42:00+03:00,6077.0,6079.0,6075.0,6076.0,135
MOEX:PLZL,2022-11-07T14:43:00+03:00,6077.0,6078.5,6075.0,6075.0,588
MOEX:PLZL,2022-11-07T14:44:00+03:00,6075.0,6075.0,6068.0,6070.0,615
MOEX:PLZL,2022-11-07T14:45:00+03:00,6070.0,6073.0,6068.0,6069.0,194
MOEX:PLZL,2022-11-07T14:46:00+03:00,6069.5,6079.5,6069.5,6079.0,164
MOEX:PLZL,2022-11-07T14:47:00+03:00,6078.0,6084.5,6078.0,6084.0,120
MOEX:PLZL,2022-11-07T14:48:00+03:00,6083.5,6090.0,6083.0,6089.5,1013
MOEX:PLZL,2022-11-07T14:49:00+03:00,6089.0,6098.0,6086.0,6094.0,2954
MOEX:PLZL,2022-11-07T14:50:00+03:00,6095.5,6097.5,6090.0,6097.0,532
MOEX:PLZL,2022-11-07T14:51:00+03:00,6096.0,6101.5,6093.0,6101.5,2578
MOEX:PLZL,2022-11-07T14:52:00+03:00,6101.0,6101.5,6094.5,6099.5,1940
MOEX:PLZL,2022-11-07T14:53:00+03:00,6097.5,6101.5,6097.5,6101.0,898
MOEX:PLZL,2022-11-07T14:54:00+03:00,6101.5,6118.5,6100.0,6109.5,2012
MOEX:PLZL,2022-11-07T14:55:00+03:00,6112.5,6117.5,6110.0,6117.0,784
MOEX:PLZL,2022-11-07T14:56:00+03:00,6116.5,6116.5,6112.0,6112.0,396
MOEX:PLZL,2022-11-07T14:57:00+03:00,6112.0,6113.5,6103.0,6104.5,702
MOEX:PLZL,2022-11-07T14:58:00+03:00,6104.5,6110.0,6102.5,6108.0,278
MOEX:PLZL,2022-11-07T14:59:00+03:00,6110.0,6111.0,6108.5,6110.0,446
MOEX:PLZL,2022-11-07T15:00:00+03:00,6110.0,6110.5,6100.0,6100.5,803
MOEX:PLZL,2022-11-07T15:01:00+03:00,6103.5,6105.0,6101.5,6105.0,209
MOEX:PLZL,2022-11-07T15:02:00+03:00,6105.0,6105.0,6101.5,6103.5,179
MOEX:PLZL,2022-11-07T15:03:00+03:00,6102.5,6104.5,6102.0,6103.5,87
MOEX:PLZL,2022-11-07T15:04:00+03:00,6104.5,6104.5,6102.0,6102.0,287
MOEX:PLZL,2022-11-07T15:05:00+03:00,6103.0,6103.0,6100.0,6101.5,161
MOEX:PLZL,2022-11-07T15:06:00+03:00,6101.5,6101.5,6089.0,6090.0,1106
MOEX:PLZL,2022-11-07T15:07:00+03:00,6093.5,6097.0,6089.0,6094.5,305
MOEX:PLZL,2022-11-07T15:08:00+03:00,6093.0,6093.0,6083.0,6083.0,518
MOEX:PLZL,2022-11-07T15:09:00+03:00,6086.5,6090.0,6083.0,6089.5,651
MOEX:PLZL,2022-11-07T15:10:00+03:00,6089.5,6089.5,6087.0,6089.0,158
MOEX:PLZL,2022-11-07T15:11:00+03:00,6089.0,6089.0,6088.5,6089.0,203
MOEX:PLZL,2022-11-07T15:12:00+03:00,6089.0,6094.0,6088.5,6094.0,180
MOEX:PLZL,2022-11-07T15:13:00+03:00,6094.0,6098.0,6094.0,6097.5,165
MOEX:PLZL,2022-11-07T15:14:00+03:00,6097.5,6101.0,6097.5,6101.0,285
MOEX:PLZL,2022-11-07T15:15:00+03:00,6100.5,6108.0,6100.0,6104.5,583
MOEX:PLZL,2022-11-07T15:16:00+03:00,6106.0,6110.0,6105.0,6106.5,347
MOEX:PLZL,2022-11-07T15:17:00+03:00,6109.0,6119.5,6106.5,6119.5,1985
MOEX:PLZL,2022-11-07T15:18:00+03:00,6117.5,6124.5,6117.0,6124.5,1916
MOEX:PLZL,2022-11-07T15:19:00+03:00,6124.5,6134.5,6124.0,6134.0,1603
MOEX:PLZL,2022-11-07T15:20:00+03:00,6134.0,6137.5,6126.0,6128.0,1018
MOEX:PLZL,2022-11-07T15:21:00+03:00,6127.0,6128.5,6120.0,6120.0,892
MOEX:PLZL,2022-11-07T15:22:00+03:00,6120.0,6137.5,6120.0,6137.0,1585
MOEX:PLZL,2022-11-07T15:23:00+03:00,6136.5,6137.0,6130.0,6130.0,518
MOEX:PLZL,2022-11-07T15:24:00+03:00,6129.0,6136.5,6124.5,6130.5,1254
MOEX:PLZL,2022-11-07T15:25:00+03:00,6130.5,6135.0,6130.0,6134.0,354
MOEX:PLZL,2022-11-07T15:26:00+03:00,6132.5,6135.0,6130.0,6132.5,877
MOEX:PLZL,2022-11-07T15:27:00+03:00,6135.0,6135.0,6130.0,6130.5,480
MOEX:PLZL,2022-11-07T15:28:00+03:00,6133.0,6134.5,6130.0,6132.0,273
MOEX:PLZL,2022-11-07T15:29:00+03:00,6134.5,6134.5,6128.5,6133.0,404
MOEX:PLZL,2022-11-07T15:30:00+03:00,6129.0,6135.0,6129.0,6134.0,430
MOEX:PLZL,2022-11-07T15:31:00+03:00,6133.5,6134.0,6132.0,6134.0,771
MOEX:PLZL,2022-11-07T15:32:00+03:00,6132.0,6132.5,6127.0,6129.0,769
MOEX:PLZL,2022-11-07T15:33:00+03:00,6130.0,6131.5,6125.5,6131.5,501
MOEX:PLZL,2022-11-07T15:34:00+03:00,6131.0,6131.5,6129.0,6129.0,376
MOEX:PLZL,2022-11-07T15:35:00+03:00,6129.0,6131.5,6126.0,6128.0,358
MOEX:PLZL,2022-11-07T15:36:00+03:00,6128.0,6128.0,6126.0,6126.0,181
MOEX:PLZL,2022-11-07T15:37:00+03:00,6127.0,6130.0,6125.5,6130.0,441
MOEX:PLZL,2022-11-07T15:38:00+03:00,6129.0,6139.0,6129.0,6139.0,2264
MOEX:PLZL,2022-11-07T15:39:00+03:00,6137.5,6149.0,6137.5,6146.0,1283
MOEX:PLZL,2022-11-07T15:40:00+03:00,6146.0,6150.0,6132.5,6139.0,1608
MOEX:PLZL,2022-11-07T15:41:00+03:00,6138.0,6144.0,6138.0,6143.0,1396
MOEX:PLZL,2022-11-07T15:42:00+03:00,6142.0,6144.0,6140.5,6143.0,746
MOEX:PLZL,2022-11-07T15:43:00+03:00,6143.0,6149.5,6141.0,6149.5,782
MOEX:PLZL,2022-11-07T15:44:00+03:00,6149.5,6149.5,6145.0,6149.0,853
MOEX:PLZL,2022-11-07T15:45:00+03:00,6149.0,6150.0,6146.5,6150.0,779
MOEX:PLZL,2022-11-07T15:46:00+03:00,6150.0,6153.5,6145.0,6148.5,1080
MOEX:PLZL,2022-11-07T15:47:00+03:00,6148.0,6148.5,6142.0,6142.5,411
MOEX:PLZL,2022-11-07T15:48:00+03:00,6142.5,6147.5,6142.5,6147.5,102
MOEX:PLZL,2022-11-07T15:49:00+03:00,6147.0,6148.0,6143.5,6148.0,98
MOEX:PLZL,2022-11-07T15:50:00+03:00,6147.5,6150.0,6145.0,6145.0,197
MOEX:PLZL,2022-11-07T15:51:00+03:00,6146.0,6150.0,6145.0,6148.5,192
MOEX:PLZL,2022-11-07T15:52:00+03:00,6148.5,6148.5,6145.5,6148.0,106
MOEX:PLZL,2022-11-07T15:53:00+03:00,6148.0,6148.0,6143.0,6143.0,209
MOEX:PLZL,2022-11-07T15:54:00+03:00,6144.0,6148.0,6140.0,6142.0,934
MOEX:PLZL,2022-11-07T15:55:00+03:00,6143.0,6143.5,6131.5,6133.0,422
MOEX:PLZL,2022-11-07T15:56:00+03:00,6132.5,6135.0,6132.5,6135.0,135
MOEX:PLZL,2022-11-07T15:57:00+03:00,6134.5,6135.0,6132.0,6132.5,409
MOEX:PLZL,2022-11-07T15:58:00+03:00,6132.5,6133.0,6126.0,6126.5,1031
MOEX:PLZL,2022-11-07T15:59:00+03:00,6126.5,6130.0,6125.0,6125.5,537
MOEX:PLZL,2022-11-07T16:00:00+03:00,6125.0,6130.0,6121.0,6130.0,462
MOEX:PLZL,2022-11-07T16:01:00+03:00,6130.0,6130.0,6128.0,6129.5,217
MOEX:PLZL,2022-11-07T16:02:00+03:00,6129.5,6146.0,6129.0,6141.0,1210
MOEX:PLZL,2022-11-07T16:03:00+03:00,6138.5,6144.5,6137.5,6143.0,117
MOEX:PLZL,2022-11-07T16:04:00+03:00,6143.0,6143.0,6138.5,6142.0,143
MOEX:PLZL,2022-11-07T16:05:00+03:00,6142.5,6143.0,6141.0,6142.0,60
MOEX:PLZL,2022-11-07T16:06:00+03:00,6141.0,6142.0,6140.0,6140.0,153
MOEX:PLZL,2022-11-07T16:07:00+03:00,6140.0,6140.0,6138.0,6138.0,110
MOEX:PLZL,2022-11-07T16:08:00+03:00,6140.0,6140.5,6138.0,6140.5,60
MOEX:PLZL,2022-11-07T16:09:00+03:00,6141.0,6141.5,6132.5,6139.0,180
MOEX:PLZL,2022-11-07T16:10:00+03:00,6134.5,6139.5,6130.0,6138.5,201
MOEX:PLZL,2022-11-07T16:11:00+03:00,6138.0,6139.0,6135.0,6136.0,63
MOEX:PLZL,2022-11-07T16:12:00+03:00,6135.0,6136.0,6133.0,6134.0,42
MOEX:PLZL,2022-11-07T16:13:00+03:00,6135.0,6136.0,6131.5,6131.5,107
MOEX:PLZL,2022-11-07T16:14:00+03:00,6132.5,6135.0,6131.0,6134.5,66
MOEX:PLZL,2022-11-07T16:15:00+03:00,6134.0,6135.0,6130.5,6133.5,74
MOEX:PLZL,2022-11-07T16:16:00+03:00,6133.5,6133.5,6130.0,6130.0,85
MOEX:PLZL,2022-11-07T16:17:00+03:00,6130.0,6130.5,6129.0,6130.0,153
MOEX:PLZL,2022-11-07T16:18:00+03:00,6130.5,6130.5,6126.0,6126.0,223
MOEX:PLZL,2022-11-07T16:19:00+03:00,6127.0,6129.0,6126.0,6129.0,234
MOEX:PLZL,2022-11-07T16:20:00+03:00,6128.5,6130.0,6126.5,6130.0,216
MOEX:PLZL,2022-11-07T16:21:00+03:00,6130.0,6133.5,6129.0,6129.0,241
MOEX:PLZL,2022-11-07T16:22:00+03:00,6128.0,6128.0,6122.0,6124.0,275
MOEX:PLZL,2022-11-07T16:23:00+03:00,6124.0,6124.0,6120.0,6120.0,448
MOEX:PLZL,2022-11-07T16:24:00+03:00,6121.0,6121.0,6112.0,6114.0,1204
MOEX:PLZL,2022-11-07T16:25:00+03:00,6113.0,6114.0,6107.0,6110.0,397
MOEX:PLZL,2022-11-07T16:26:00+03:00,6110.5,6120.5,6110.0,6120.5,165
MOEX:PLZL,2022-11-07T16:27:00+03:00,6120.0,6125.0,6116.5,6122.0,320
MOEX:PLZL,2022-11-07T16:28:00+03:00,6122.5,6125.0,6122.0,6124.5,41
MOEX:PLZL,2022-11-07T16:29:00+03:00,6124.0,6125.0,6120.0,6120.0,182
MOEX:PLZL,2022-11-07T16:30:00+03:00,6120.5,6123.5,6120.0,6121.0,645
MOEX:PLZL,2022-11-07T16:31:00+03:00,6121.0,6122.0,6119.5,6119.5,228
MOEX:PLZL,2022-11-07T16:32:00+03:00,6117.5,6117.5,6111.5,6111.5,100
MOEX:PLZL,2022-11-07T16:33:00+03:00,6114.0,6114.0,6106.5,6109.5,336
MOEX:PLZL,2022-11-07T16:34:00+03:00,6109.0,6109.5,6106.5,6106.5,125
MOEX:PLZL,2022-11-07T16:35:00+03:00,6106.5,6112.0,6106.5,6112.0,202
MOEX:PLZL,2022-11-07T16:36:00+03:00,6112.0,6118.5,6112.0,6118.5,119
MOEX:PLZL,2022-11-07T16:37:00+03:00,6118.5,6120.0,6113.0,6119.0,280
MOEX:PLZL,2022-11-07T16:38:00+03:00,6118.5,6119.0,6117.5,6117.5,223
MOEX:PLZL,2022-11-07T16:39:00+03:00,6118.0,6118.0,6117.5,6118.0,172
MOEX:PLZL,2022-11-07T16:40:00+03:00,6118.0,6118.0,6117.0,6118.0,209
MOEX:PLZL,2022-11-07T16:41:00+03:00,6117.0,6118.0,6117.0,6118.0,91
MOEX:PLZL,2022-11-07T16:42:00+03:00,6115.5,6122.0,6115.5,6121.5,354
MOEX:PLZL,2022-11-07T16:43:00+03:00,6120.0,6120.0,6117.5,6119.0,46
MOEX:PLZL,2022-11-07T16:44:00+03:00,6119.0,6125.0,6118.0,6125.0,276
MOEX:PLZL,2022-11-07T16:45:00+03:00,6125.0,6125.0,6122.0,6123.5,28
MOEX:PLZL,2022-11-07T16:46:00+03:00,6124.0,6124.0,6121.5,6122.0,272
MOEX:PLZL,2022-11-07T16:47:00+03:00,6120.0,6120.0,6120.0,6120.0,73
MOEX:PLZL,2022-11-07T16:48:00+03:00,6118.0,6120.0,6117.5,6120.0,261
MOEX:PLZL,2022-11-07T16:49:00+03:00,6120.0,6120.0,6118.0,6118.0,20
MOEX:PLZL,2022-11-07T16:50:00+03:00,6118.0,6120.0,6117.5,6120.0,136
MOEX:PLZL,2022-11-07T16:51:00+03:00,6120.0,6120.0,6114.5,6115.0,508
MOEX:PLZL,2022-11-07T16:52:00+03:00,6115.0,6115.0,6109.0,6109.5,369
MOEX:PLZL,2022-11-07T16:53:00+03:00,6110.0,6110.0,6109.0,6110.0,31
MOEX:PLZL,2022-11-07T16:54:00+03:00,6110.0,6110.0,6106.5,6109.0,313
MOEX:PLZL,2022-11-07T16:55:00+03:00,6109.0,6110.0,6102.5,6106.0,668
MOEX:PLZL,2022-11-07T16:56:00+03:00,6105.0,6105.0,6095.0,6097.0,1083
MOEX:PLZL,2022-11-07T16:57:00+03:00,6100.0,6100.5,6098.0,6100.0,186
MOEX:PLZL,2022-11-07T16:58:00+03:00,6100.0,6100.5,6097.0,6098.5,249
MOEX:PLZL,2022-11-07T16:59:00+03:00,6100.5,6100.5,6099.5,6100.0,103
MOEX:PLZL,2022-11-07T17:00:00+03:00,6100.5,6100.5,6083.5,6083.5,1333
MOEX:PLZL,2022-11-07T17:01:00+03:00,6083.0,6094.5,6070.0,6092.0,1897
MOEX:PLZL,2022-11-07T17:02:00+03:00,6094.5,6100.5,6092.0,6099.0,438
MOEX:PLZL,2022-11-07T17:03:00+03:00,6100.5,6103.5,6099.0,6103.5,1151
MOEX:PLZL,2022-11-07T17:04:00+03:00,6103.0,6103.5,6100.0,6103.5,435
MOEX:PLZL,2022-11-07T17:05:00+03:00,6103.0,6103.5,6100.0,6101.0,151
MOEX:PLZL,2022-11-07T17:06:00+03:00,6102.5,6104.5,6098.0,6100.0,932
MOEX:PLZL,2022-11-07T17:07:00+03:00,6101.0,6101.5,6096.5,6100.0,52
MOEX:PLZL,2022-11-07T17:08:00+03:00,6100.0,6101.0,6100.0,6100.0,504
MOEX:PLZL,2022-11-07T17:09:00+03:00,6101.0,6103.5,6100.0,6103.5,654
MOEX:PLZL,2022-11-07T17:10:00+03:00,6103.5,6103.5,6103.5,6103.5,210
MOEX:PLZL,2022-11-07T17:11:00+03:00,6104.0,6104.0,6098.5,6100.0,582
MOEX:PLZL,2022-11-07T17:12:00+03:00,6102.5,6102.5,6101.5,6102.5,128
MOEX:PLZL,2022-11-07T17:13:00+03:00,6102.5,6102.5,6099.5,6099.5,222
MOEX:PLZL,2022-11-07T17:14:00+03:00,6100.0,6100.0,6095.0,6100.0,308
MOEX:PLZL,2022-11-07T17:15:00+03:00,6099.5,6100.0,6098.0,6100.0,198
MOEX:PLZL,2022-11-07T17:16:00+03:00,6100.0,6102.5,6099.5,6100.0,255
MOEX:PLZL,2022-11-07T17:17:00+03:00,6100.0,6100.0,6099.5,6100.0,45
MOEX:PLZL,2022-11-07T17:18:00+03:00,6100.0,6100.0,6099.0,6100.0,306
MOEX:PLZL,2022-11-07T17:19:00+03:00,6099.5,6100.0,6099.5,6100.0,547
MOEX:PLZL,2022-11-07T17:20:00+03:00,6100.0,6100.0,6099.5,6100.0,40
MOEX:PLZL,2022-11-07T17:21:00+03:00,6099.5,6100.0,6092.0,6095.0,827
MOEX:PLZL,2022-11-07T17:22:00+03:00,6092.5,6106.0,6092.0,6104.5,370
MOEX:PLZL,2022-11-07T17:23:00+03:00,6104.0,6106.0,6103.0,6106.0,115
MOEX:PLZL,2022-11-07T17:24:00+03:00,6106.0,6106.0,6105.5,6106.0,371
MOEX:PLZL,2022-11-07T17:25:00+03:00,6106.0,6106.0,6105.5,6106.0,95
MOEX:PLZL,2022-11-07T17:26:00+03:00,6106.0,6109.0,6105.0,6108.5,208
MOEX:PLZL,2022-11-07T17:27:00+03:00,6108.0,6109.0,6097.5,6097.5,1153
MOEX:PLZL,2022-11-07T17:28:00+03:00,6097.5,6099.0,6096.5,6099.0,58
MOEX:PLZL,2022-11-07T17:29:00+03:00,6097.0,6099.0,6095.5,6097.5,41
MOEX:PLZL,2022-11-07T17:30:00+03:00,6098.0,6100.0,6096.0,6100.0,281
MOEX:PLZL,2022-11-07T17:31:00+03:00,6100.0,6103.5,6100.0,6103.5,134
MOEX:PLZL,2022-11-07T17:32:00+03:00,6103.5,6103.5,6099.0,6100.0,673
MOEX:PLZL,2022-11-07T17:33:00+03:00,6099.5,6099.5,6099.5,6099.5,2
MOEX:PLZL,2022-11-07T17:34:00+03:00,6099.5,6099.5,6097.5,6099.5,35
MOEX:PLZL,2022-11-07T17:35:00+03:00,6099.5,6100.0,6097.5,6099.5,111
MOEX:PLZL,2022-11-07T17:36:00+03:00,6099.5,6100.0,6099.5,6100.0,87
MOEX:PLZL,2022-11-07T17:37:00+03:00,6099.5,6101.0,6099.5,6100.0,256
MOEX:PLZL,2022-11-07T17:38:00+03:00,6099.5,6099.5,6089.0,6096.5,783
MOEX:PLZL,2022-11-07T17:39:00+03:00,6097.0,6098.5,6090.5,6095.0,159
MOEX:PLZL,2022-11-07T17:40:00+03:00,6095.0,6099.0,6095.0,6099.0,134
MOEX:PLZL,2022-11-07T17:41:00+03:00,6099.0,6099.5,6096.5,6098.5,46
MOEX:PLZL,2022-11-07T17:42:00+03:00,6099.0,6100.0,6096.0,6098.5,91
MOEX:PLZL,2022-11-07T17:43:00+03:00,6099.0,6099.0,6096.0,6097.5,46
MOEX:PLZL,2022-11-07T17:44:00+03:00,6099.0,6099.0,6096.0,6099.0,44
MOEX:PLZL,2022-11-07T17:45:00+03:00,6098.5,6100.0,6098.5,6100.0,105
MOEX:PLZL,2022-11-07T17:46:00+03:00,6100.0,6101.0,6099.0,6100.0,662
MOEX:PLZL,2022-11-07T17:47:00+03:00,6102.0,6102.0,6096.5,6099.5,98
MOEX:PLZL,2022-11-07T17:48:00+03:00,6099.0,6102.5,6099.0,6101.0,137
MOEX:PLZL,2022-11-07T17:49:00+03:00,6101.5,6102.5,6099.0,6102.0,613
MOEX:PLZL,2022-11-07T17:50:00+03:00,6102.0,6104.0,6102.0,6104.0,1578
MOEX:PLZL,2022-11-07T17:51:00+03:00,6105.5,6109.0,6104.0,6109.0,499
MOEX:PLZL,2022-11-07T17:52:00+03:00,6109.0,6112.0,6108.5,6111.0,1023
MOEX:PLZL,2022-11-07T17:53:00+03:00,6110.5,6111.5,6110.0,6110.0,131
MOEX:PLZL,2022-11-07T17:54:00+03:00,6110.0,6115.0,6110.0,6115.0,2420
MOEX:PLZL,2022-11-07T17:55:00+03:00,6115.0,6116.5,6112.0,6116.5,119
MOEX:PLZL,2022-11-07T17:56:00+03:00,6117.0,6123.5,6115.0,6123.5,2225
MOEX:PLZL,2022-11-07T17:57:00+03:00,6123.5,6125.0,6120.0,6125.0,155
MOEX:PLZL,2022-11-07T17:58:00+03:00,6123.5,6130.0,6123.5,6129.0,263
MOEX:PLZL,2022-11-07T17:59:00+03:00,6126.0,6132.0,6125.0,6128.5,544
MOEX:PLZL,2022-11-07T18:00:00+03:00,6126.0,6132.0,6126.0,6130.0,302
MOEX:PLZL,2022-11-07T18:01:00+03:00,6130.0,6132.5,6130.0,6132.5,239
MOEX:PLZL,2022-11-07T18:02:00+03:00,6132.5,6133.0,6132.0,6133.0,170
MOEX:PLZL,2022-11-07T18:03:00+03:00,6133.0,6136.0,6132.5,6136.0,289
MOEX:PLZL,2022-11-07T18:04:00+03:00,6136.0,6140.5,6136.0,6140.5,1277
MOEX:PLZL,2022-11-07T18:05:00+03:00,6140.5,6142.0,6136.5,6139.5,1331
MOEX:PLZL,2022-11-07T18:06:00+03:00,6136.0,6139.5,6122.5,6123.0,2291
MOEX:PLZL,2022-11-07T18:07:00+03:00,6122.5,6130.5,6122.5,6130.0,243
MOEX:PLZL,2022-11-07T18:08:00+03:00,6127.5,6128.0,6123.0,6127.0,56
MOEX:PLZL,2022-11-07T18:09:00+03:00,6127.0,6129.0,6122.0,6123.0,69
MOEX:PLZL,2022-11-07T18:10:00+03:00,6123.0,6123.0,6122.0,6122.0,183
MOEX:PLZL,2022-11-07T18:11:00+03:00,6123.0,6123.0,6120.5,6120.5,158
MOEX:PLZL,2022-11-07T18:12:00+03:00,6120.5,6123.0,6120.0,6120.0,542
MOEX:PLZL,2022-11-07T18:13:00+03:00,6121.0,6122.0,6121.0,6121.0,24
MOEX:PLZL,2022-11-07T18:14:00+03:00,6121.5,6123.0,6121.0,6123.0,148
MOEX:PLZL,2022-11-07T18:15:00+03:00,6122.0,6123.0,6121.0,6121.0,107
MOEX:PLZL,2022-11-07T18:16:00+03:00,6121.0,6123.0,6120.0,6123.0,1046
MOEX:PLZL,2022-11-07T18:17:00+03:00,6123.0,6123.0,6122.0,6123.0,64
MOEX:PLZL,2022-11-07T18:18:00+03:00,6123.0,6123.0,6122.0,6122.0,102
MOEX:PLZL,2022-11-07T18:19:00+03:00,6122.0,6124.5,6122.0,6123.0,258
MOEX:PLZL,2022-11-07T18:20:00+03:00,6122.5,6128.0,6122.0,6127.5,80
MOEX:PLZL,2022-11-07T18:21:00+03:00,6127.5,6127.5,6127.0,6127.5,93
MOEX:PLZL,2022-11-07T18:22:00+03:00,6127.0,6130.5,6122.0,6130.0,1712
MOEX:PLZL,2022-11-07T18:23:00+03:00,6130.0,6139.0,6130.0,6132.5,2489
MOEX:PLZL,2022-11-07T18:24:00+03:00,6132.5,6132.5,6130.0,6131.0,139
MOEX:PLZL,2022-11-07T18:25:00+03:00,6130.0,6130.5,6125.0,6128.0,1536
MOEX:PLZL,2022-11-07T18:26:00+03:00,6128.5,6131.0,6122.0,6130.5,1295
MOEX:PLZL,2022-11-07T18:27:00+03:00,6130.5,6132.0,6130.0,6130.0,1483
MOEX:PLZL,2022-11-07T18:28:00+03:00,6131.5,6132.0,6130.0,6131.0,35
MOEX:PLZL,2022-11-07T18:29:00+03:00,6131.0,6132.0,6130.0,6130.5,201
MOEX:PLZL,2022-11-07T18:30:00+03:00,6130.5,6133.5,6130.5,6130.5,74
MOEX:PLZL,2022-11-07T18:31:00+03:00,6133.5,6137.0,6131.0,6135.0,183
MOEX:PLZL,2022-11-07T18:32:00+03:00,6135.0,6139.5,6135.0,6139.5,173
MOEX:PLZL,2022-11-07T18:33:00+03:00,6139.5,6140.0,6135.0,6137.0,128
MOEX:PLZL,2022-11-07T18:34:00+03:00,6135.0,6141.0,6135.0,6141.0,231
MOEX:PLZL,2022-11-07T18:35:00+03:00,6141.0,6141.5,6140.0,6140.5,292
MOEX:PLZL,2022-11-07T18:36:00+03:00,6140.5,6141.0,6130.0,6131.5,268
MOEX:PLZL,2022-11-07T18:37:00+03:00,6131.5,6138.0,6130.5,6138.0,105
MOEX:PLZL,2022-11-07T18:38:00+03:00,6137.5,6146.5,6137.5,6146.0,979
MOEX:PLZL,2022-11-07T18:39:00+03:00,6146.0,6150.0,6145.0,6147.0,1143
MOEX:PLZL,2022-11-07T18:45:00+03:00,6150.0,6150.0,6150.0,6150.0,1555
MOEX:PLZL,2022-11-07T18:46:00+03:00,6150.0,6150.0,6150.0,6150.0,34
MOEX:PLZL,2022-11-07T18:47:00+03:00,6150.0,6150.0,6150.0,6150.0,12
MOEX:PLZL,2022-11-07T18:48:00+03:00,6150.0,6150.0,6150.0,6150.0,20
MOEX:PLZL,2022-11-07T18:49:00+03:00,6150.0,6150.0,6150.0,6150.0,34
MOEX:PLZL,2022-11-07T19:04:00+03:00,6150.0,6150.0,6150.0,6150.0,70
MOEX:PLZL,2022-11-07T19:05:00+03:00,6150.0,6165.0,6148.0,6159.5,572
MOEX:PLZL,2022-11-07T19:06:00+03:00,6159.0,6160.0,6150.0,6151.5,318
MOEX:PLZL,2022-11-07T19:07:00+03:00,6152.0,6160.0,6150.5,6160.0,135
MOEX:PLZL,2022-11-07T19:08:00+03:00,6158.5,6160.0,6158.5,6159.5,143
MOEX:PLZL,2022-11-07T19:09:00+03:00,6159.5,6160.0,6153.0,6156.0,338
MOEX:PLZL,2022-11-07T19:10:00+03:00,6154.5,6157.0,6142.5,6146.0,282
MOEX:PLZL,2022-11-07T19:11:00+03:00,6145.0,6150.0,6142.0,6144.0,66
MOEX:PLZL,2022-11-07T19:12:00+03:00,6144.0,6145.0,6142.5,6145.0,71
MOEX:PLZL,2022-11-07T19:13:00+03:00,6145.0,6145.0,6142.5,6142.5,72
MOEX:PLZL,2022-11-07T19:14:00+03:00,6145.0,6145.0,6142.0,6145.0,44
MOEX:PLZL,2022-11-07T19:15:00+03:00,6145.0,6145.0,6140.0,6144.5,249
MOEX:PLZL,2022-11-07T19:16:00+03:00,6140.5,6140.5,6107.5,6135.0,1247
MOEX:PLZL,2022-11-07T19:17:00+03:00,6135.0,6137.0,6123.0,6129.5,118
MOEX:PLZL,2022-11-07T19:18:00+03:00,6127.5,6142.0,6125.0,6135.0,245
MOEX:PLZL,2022-11-07T19:19:00+03:00,6135.0,6136.5,6132.0,6136.5,57
MOEX:PLZL,2022-11-07T19:20:00+03:00,6135.5,6135.5,6125.5,6130.5,109
MOEX:PLZL,2022-11-07T19:21:00+03:00,6128.5,6130.5,6111.0,6120.5,1167
MOEX:PLZL,2022-11-07T19:22:00+03:00,6122.0,6125.0,6117.0,6117.0,274
MOEX:PLZL,2022-11-07T19:23:00+03:00,6119.5,6122.5,6119.5,6119.5,31
MOEX:PLZL,2022-11-07T19:24:00+03:00,6119.5,6119.5,6117.0,6119.0,69
MOEX:PLZL,2022-11-07T19:25:00+03:00,6119.0,6125.0,6117.0,6124.0,275
MOEX:PLZL,2022-11-07T19:26:00+03:00,6124.0,6125.0,6122.5,6125.0,91
MOEX:PLZL,2022-11-07T19:27:00+03:00,6125.0,6125.0,6120.0,6120.0,87
MOEX:PLZL,2022-11-07T19:28:00+03:00,6124.0,6130.0,6124.0,6130.0,841
MOEX:PLZL,2022-11-07T19:29:00+03:00,6130.0,6133.5,6128.0,6132.5,157
MOEX:PLZL,2022-11-07T19:30:00+03:00,6130.0,6130.0,6117.5,6125.0,1301
MOEX:PLZL,2022-11-07T19:31:00+03:00,6127.5,6127.5,6121.0,6121.0,129
MOEX:PLZL,2022-11-07T19:32:00+03:00,6123.0,6126.0,6119.0,6119.0,214
MOEX:PLZL,2022-11-07T19:33:00+03:00,6120.0,6120.5,6118.0,6119.0,107
MOEX:PLZL,2022-11-07T19:34:00+03:00,6118.0,6120.0,6118.0,6118.5,28
MOEX:PLZL,2022-11-07T19:35:00+03:00,6118.5,6120.5,6118.5,6120.5,14
MOEX:PLZL,2022-11-07T19:36:00+03:00,6120.0,6121.0,6118.5,6121.0,84
MOEX:PLZL,2022-11-07T19:37:00+03:00,6121.0,6124.0,6121.0,6124.0,77
MOEX:PLZL,2022-11-07T19:38:00+03:00,6124.0,6129.0,6124.0,6129.0,94
MOEX:PLZL,2022-11-07T19:39:00+03:00,6129.0,6129.0,6127.0,6128.0,135
MOEX:PLZL,2022-11-07T19:40:00+03:00,6128.0,6128.5,6123.0,6128.5,81
MOEX:PLZL,2022-11-07T19:41:00+03:00,6127.5,6127.5,6125.0,6127.0,57
MOEX:PLZL,2022-11-07T19:42:00+03:00,6126.5,6127.0,6122.0,6125.0,72
MOEX:PLZL,2022-11-07T19:43:00+03:00,6125.0,6125.0,6121.5,6121.5,66
MOEX:PLZL,2022-11-07T19:44:00+03:00,6125.0,6125.0,6120.0,6121.0,20
MOEX:PLZL,2022-11-07T19:45:00+03:00,6120.0,6120.0,6120.0,6120.0,47
MOEX:PLZL,2022-11-07T19:46:00+03:00,6119.5,6124.5,6119.0,6124.5,57
MOEX:PLZL,2022-11-07T19:47:00+03:00,6120.0,6125.0,6120.0,6122.0,109
MOEX:PLZL,2022-11-07T19:48:00+03:00,6125.0,6127.5,6122.5,6127.5,275
MOEX:PLZL,2022-11-07T19:49:00+03:00,6127.5,6128.0,6127.0,6127.5,53
MOEX:PLZL,2022-11-07T19:50:00+03:00,6127.0,6127.5,6127.0,6127.5,33
MOEX:PLZL,2022-11-07T19:51:00+03:00,6127.5,6130.0,6127.0,6130.0,226
MOEX:PLZL,2022-11-07T19:52:00+03:00,6130.0,6135.0,6128.0,6135.0,78
MOEX:PLZL,2022-11-07T19:53:00+03:00,6131.5,6137.0,6130.0,6137.0,50
MOEX:PLZL,2022-11-07T19:54:00+03:00,6135.5,6138.0,6135.5,6138.0,118
MOEX:PLZL,2022-11-07T19:55:00+03:00,6138.0,6139.5,6138.0,6139.5,40
MOEX:PLZL,2022-11-07T19:56:00+03:00,6139.5,6140.0,6138.0,6138.0,138
MOEX:PLZL,2022-11-07T19:57:00+03:00,6138.0,6139.0,6138.0,6138.0,84
MOEX:PLZL,2022-11-07T19:58:00+03:00,6138.0,6140.0,6138.0,6140.0,194
MOEX:PLZL,2022-11-07T19:59:00+03:00,6138.0,6139.5,6138.0,6138.0,12
MOEX:PLZL,2022-11-07T20:00:00+03:00,6138.0,6138.0,6135.5,6135.5,8
MOEX:PLZL,2022-11-07T20:01:00+03:00,6135.5,6181.0,6135.5,6159.0,2662
MOEX:PLZL,2022-11-07T20:02:00+03:00,6160.0,6200.0,6151.5,6178.5,2810
MOEX:PLZL,2022-11-07T20:03:00+03:00,6178.0,6178.5,6164.0,6171.5,371
MOEX:PLZL,2022-11-07T20:04:00+03:00,6167.0,6172.0,6164.5,6169.5,246
MOEX:PLZL,2022-11-07T20:05:00+03:00,6167.0,6169.0,6162.0,6162.0,184
MOEX:PLZL,2022-11-07T20:06:00+03:00,6161.0,6167.0,6160.0,6165.0,236
MOEX:PLZL,2022-11-07T20:07:00+03:00,6164.5,6165.5,6160.5,6164.5,244
MOEX:PLZL,2022-11-07T20:08:00+03:00,6164.5,6167.0,6156.5,6158.0,366
MOEX:PLZL,2022-11-07T20:09:00+03:00,6158.0,6170.0,6156.5,6168.0,531
MOEX:PLZL,2022-11-07T20:10:00+03:00,6165.0,6168.0,6164.5,6166.0,70
MOEX:PLZL,2022-11-07T20:11:00+03:00,6166.0,6166.0,6164.5,6165.0,79
MOEX:PLZL,2022-11-07T20:12:00+03:00,6165.5,6168.0,6165.0,6167.5,43
MOEX:PLZL,2022-11-07T20:13:00+03:00,6167.5,6167.5,6154.5,6156.0,252
MOEX:PLZL,2022-11-07T20:14:00+03:00,6162.5,6162.5,6148.0,6149.5,264
MOEX:PLZL,2022-11-07T20:15:00+03:00,6155.0,6176.5,6155.0,6176.5,838
MOEX:PLZL,2022-11-07T20:16:00+03:00,6177.0,6179.0,6172.0,6175.0,87
MOEX:PLZL,2022-11-07T20:17:00+03:00,6175.0,6176.0,6171.0,6174.5,39
MOEX:PLZL,2022-11-07T20:18:00+03:00,6171.5,6175.0,6169.0,6171.0,225
MOEX:PLZL,2022-11-07T20:19:00+03:00,6174.0,6175.0,6169.5,6171.0,197
MOEX:PLZL,2022-11-07T20:20:00+03:00,6171.0,6171.0,6169.0,6170.0,53
MOEX:PLZL,2022-11-07T20:21:00+03:00,6170.5,6171.0,6163.5,6163.5,398
MOEX:PLZL,2022-11-07T20:22:00+03:00,6167.0,6168.0,6163.5,6163.5,27
MOEX:PLZL,2022-11-07T20:23:00+03:00,6164.5,6174.5,6164.0,6168.0,451
MOEX:PLZL,2022-11-07T20:24:00+03:00,6169.0,6171.5,6164.0,6169.5,74
MOEX:PLZL,2022-11-07T20:25:00+03:00,6169.0,6170.0,6165.0,6169.5,39
MOEX:PLZL,2022-11-07T20:26:00+03:00,6169.0,6170.0,6169.0,6169.0,29
MOEX:PLZL,2022-11-07T20:27:00+03:00,6169.0,6169.0,6163.5,6168.0,125
MOEX:PLZL,2022-11-07T20:28:00+03:00,6165.0,6169.5,6163.5,6163.5,219
MOEX:PLZL,2022-11-07T20:29:00+03:00,6164.0,6169.0,6164.0,6168.0,95
MOEX:PLZL,2022-11-07T20:30:00+03:00,6168.5,6174.5,6168.0,6174.5,547
MOEX:PLZL,2022-11-07T20:31:00+03:00,6174.0,6174.0,6162.0,6164.5,191
MOEX:PLZL,2022-11-07T20:32:00+03:00,6169.0,6172.5,6167.5,6167.5,28
MOEX:PLZL,2022-11-07T20:33:00+03:00,6166.0,6170.0,6166.0,6169.5,73
MOEX:PLZL,2022-11-07T20:34:00+03:00,6169.5,6172.0,6169.5,6172.0,36
MOEX:PLZL,2022-11-07T20:35:00+03:00,6172.0,6173.0,6171.0,6173.0,77
MOEX:PLZL,2022-11-07T20:36:00+03:00,6173.0,6173.5,6171.0,6171.0,48
MOEX:PLZL,2022-11-07T20:37:00+03:00,6173.0,6173.5,6165.0,6165.0,178
MOEX:PLZL,2022-11-07T20:38:00+03:00,6169.0,6169.0,6166.0,6168.5,29
MOEX:PLZL,2022-11-07T20:39:00+03:00,6169.0,6174.0,6169.0,6174.0,85
MOEX:PLZL,2022-11-07T20:40:00+03:00,6171.5,6174.0,6168.5,6172.0,238
MOEX:PLZL,2022-11-07T20:41:00+03:00,6171.5,6172.0,6168.5,6168.5,50
MOEX:PLZL,2022-11-07T20:42:00+03:00,6168.5,6169.0,6166.0,6169.0,54
MOEX:PLZL,2022-11-07T20:43:00+03:00,6169.0,6169.5,6162.0,6162.5,287
MOEX:PLZL,2022-11-07T20:44:00+03:00,6162.5,6167.0,6162.0,6166.5,29
MOEX:PLZL,2022-11-07T20:45:00+03:00,6166.5,6168.0,6163.0,6163.0,12
MOEX:PLZL,2022-11-07T20:46:00+03:00,6168.0,6168.5,6162.5,6162.5,70
MOEX:PLZL,2022-11-07T20:47:00+03:00,6163.5,6163.5,6163.0,6163.5,8
MOEX:PLZL,2022-11-07T20:48:00+03:00,6163.5,6163.5,6163.0,6163.5,13
MOEX:PLZL,2022-11-07T20:49:00+03:00,6163.0,6163.0,6161.0,6161.0,194
MOEX:PLZL,2022-11-07T20:50:00+03:00,6161.0,6162.5,6158.5,6160.0,156
MOEX:PLZL,2022-11-07T20:51:00+03:00,6160.0,6160.0,6158.5,6158.5,29
MOEX:PLZL,2022-11-07T20:52:00+03:00,6158.5,6158.5,6154.0,6158.5,123
MOEX:PLZL,2022-11-07T20:53:00+03:00,6159.0,6160.0,6155.5,6160.0,35
MOEX:PLZL,2022-11-07T20:54:00+03:00,6160.0,6168.5,6154.0,6160.0,311
MOEX:PLZL,2022-11-07T20:55:00+03:00,6166.0,6166.0,6155.5,6161.0,126
MOEX:PLZL,2022-11-07T20:56:00+03:00,6161.5,6163.0,6161.5,6163.0,22
MOEX:PLZL,2022-11-07T20:57:00+03:00,6162.0,6167.0,6156.0,6164.5,167
MOEX:PLZL,2022-11-07T20:58:00+03:00,6161.5,6166.5,6159.5,6161.5,46
MOEX:PLZL,2022-11-07T20:59:00+03:00,6165.0,6169.0,6156.5,6163.0,177
MOEX:PLZL,2022-11-07T21:00:00+03:00,6162.5,6168.5,6160.0,6160.5,84
MOEX:PLZL,2022-11-07T21:01:00+03:00,6166.0,6166.0,6161.5,6165.0,11
MOEX:PLZL,2022-11-07T21:02:00+03:00,6165.0,6165.0,6162.0,6165.0,38
MOEX:PLZL,2022-11-07T21:03:00+03:00,6165.0,6165.0,6163.0,6163.0,16
MOEX:PLZL,2022-11-07T21:04:00+03:00,6165.0,6165.0,6161.5,6161.5,9
MOEX:PLZL,2022-11-07T21:05:00+03:00,6164.5,6169.5,6164.5,6169.5,273
MOEX:PLZL,2022-11-07T21:06:00+03:00,6166.0,6169.5,6165.0,6169.5,53
MOEX:PLZL,2022-11-07T21:07:00+03:00,6165.5,6169.5,6165.5,6169.5,31
MOEX:PLZL,2022-11-07T21:08:00+03:00,6166.0,6169.5,6166.0,6169.5,11
MOEX:PLZL,2022-11-07T21:09:00+03:00,6169.5,6170.0,6167.5,6170.0,176
MOEX:PLZL,2022-11-07T21:10:00+03:00,6169.0,6173.0,6167.5,6173.0,224
MOEX:PLZL,2022-11-07T21:11:00+03:00,6172.5,6173.0,6150.0,6160.0,1306
MOEX:PLZL,2022-11-07T21:12:00+03:00,6161.0,6168.0,6160.0,6160.0,147
MOEX:PLZL,2022-11-07T21:13:00+03:00,6161.5,6161.5,6149.5,6154.0,389
MOEX:PLZL,2022-11-07T21:14:00+03:00,6154.0,6163.0,6151.5,6163.0,60
MOEX:PLZL,2022-11-07T21:15:00+03:00,6164.0,6164.0,6149.5,6150.0,323
MOEX:PLZL,2022-11-07T21:16:00+03:00,6150.0,6154.0,6150.0,6154.0,41
MOEX:PLZL,2022-11-07T21:17:00+03:00,6154.0,6162.5,6149.5,6154.0,295
MOEX:PLZL,2022-11-07T21:18:00+03:00,6154.0,6154.0,6136.0,6143.0,1482
MOEX:PLZL,2022-11-07T21:19:00+03:00,6138.0,6139.5,6125.0,6125.0,1213
MOEX:PLZL,2022-11-07T21:20:00+03:00,6125.5,6130.0,6125.0,6130.0,1052
MOEX:PLZL,2022-11-07T21:21:00+03:00,6130.0,6153.5,6125.0,6145.5,654
MOEX:PLZL,2022-11-07T21:22:00+03:00,6140.5,6141.0,6136.5,6139.0,136
MOEX:PLZL,2022-11-07T21:23:00+03:00,6139.0,6145.0,6139.0,6145.0,151
MOEX:PLZL,2022-11-07T21:24:00+03:00,6145.0,6145.5,6145.0,6145.5,68
MOEX:PLZL,2022-11-07T21:25:00+03:00,6146.0,6150.0,6145.0,6148.5,86
MOEX:PLZL,2022-11-07T21:26:00+03:00,6148.0,6148.5,6145.0,6148.0,51
MOEX:PLZL,2022-11-07T21:27:00+03:00,6148.0,6148.0,6145.0,6147.0,29
MOEX:PLZL,2022-11-07T21:28:00+03:00,6147.0,6147.0,6143.0,6146.0,13
MOEX:PLZL,2022-11-07T21:29:00+03:00,6146.0,6146.5,6146.0,6146.5,16
MOEX:PLZL,2022-11-07T21:30:00+03:00,6146.5,6146.5,6139.0,6139.0,149
MOEX:PLZL,2022-11-07T21:31:00+03:00,6139.0,6139.0,6136.5,6139.0,32
MOEX:PLZL,2022-11-07T21:32:00+03:00,6139.0,6139.0,6137.0,6137.0,25
MOEX:PLZL,2022-11-07T21:33:00+03:00,6139.0,6139.0,6136.5,6139.0,136
MOEX:PLZL,2022-11-07T21:34:00+03:00,6139.0,6140.0,6136.5,6137.0,126
MOEX:PLZL,2022-11-07T21:35:00+03:00,6137.0,6137.0,6134.0,6134.0,84
MOEX:PLZL,2022-11-07T21:36:00+03:00,6133.5,6135.0,6131.5,6131.5,119
MOEX:PLZL,2022-11-07T21:37:00+03:00,6133.5,6136.0,6130.5,6131.0,250
MOEX:PLZL,2022-11-07T21:38:00+03:00,6131.0,6141.5,6130.5,6141.5,295
MOEX:PLZL,2022-11-07T21:39:00+03:00,6138.0,6145.0,6137.0,6145.0,62
MOEX:PLZL,2022-11-07T21:40:00+03:00,6145.0,6146.0,6145.0,6146.0,54
MOEX:PLZL,2022-11-07T21:41:00+03:00,6146.0,6157.5,6146.0,6155.5,571
MOEX:PLZL,2022-11-07T21:42:00+03:00,6155.5,6156.0,6155.0,6155.0,107
MOEX:PLZL,2022-11-07T21:43:00+03:00,6151.5,6151.5,6130.5,6143.5,370
MOEX:PLZL,2022-11-07T21:44:00+03:00,6144.0,6144.0,6142.5,6142.5,14
MOEX:PLZL,2022-11-07T21:45:00+03:00,6142.5,6144.0,6142.5,6143.0,90
MOEX:PLZL,2022-11-07T21:46:00+03:00,6143.0,6150.5,6143.0,6147.0,42
MOEX:PLZL,2022-11-07T21:47:00+03:00,6152.0,6153.0,6152.0,6153.0,24
MOEX:PLZL,2022-11-07T21:48:00+03:00,6149.0,6152.5,6147.5,6152.5,34
MOEX:PLZL,2022-11-07T21:49:00+03:00,6152.5,6152.5,6151.0,6151.0,18
MOEX:PLZL,2022-11-07T21:50:00+03:00,6152.0,6152.0,6143.0,6151.5,145
MOEX:PLZL,2022-11-07T21:51:00+03:00,6151.5,6152.0,6145.0,6145.0,76
MOEX:PLZL,2022-11-07T21:52:00+03:00,6145.5,6145.5,6145.0,6145.5,10
MOEX:PLZL,2022-11-07T21:53:00+03:00,6145.5,6145.5,6140.0,6140.0,72
MOEX:PLZL,2022-11-07T21:54:00+03:00,6141.5,6145.5,6141.0,6145.5,38
MOEX:PLZL,2022-11-07T21:55:00+03:00,6145.5,6145.5,6142.0,6143.0,71
MOEX:PLZL,2022-11-07T21:56:00+03:00,6143.0,6145.5,6141.5,6145.5,37
MOEX:PLZL,2022-11-07T21:57:00+03:00,6145.5,6147.0,6145.5,6146.0,12
MOEX:PLZL,2022-11-07T21:58:00+03:00,6146.0,6146.0,6138.5,6141.0,239
MOEX:PLZL,2022-11-07T21:59:00+03:00,6141.0,6141.5,6138.0,6141.0,14
MOEX:PLZL,2022-11-07T22:00:00+03:00,6141.0,6141.5,6137.5,6141.0,33
MOEX:PLZL,2022-11-07T22:01:00+03:00,6141.0,6141.0,6141.0,6141.0,10
MOEX:PLZL,2022-11-07T22:02:00+03:00,6141.5,6142.0,6141.0,6141.0,40
MOEX:PLZL,2022-11-07T22:03:00+03:00,6142.0,6142.0,6142.0,6142.0,63
MOEX:PLZL,2022-11-07T22:04:00+03:00,6142.0,6142.0,6138.5,6141.5,38
MOEX:PLZL,2022-11-07T22:05:00+03:00,6141.5,6146.0,6141.5,6142.0,76
MOEX:PLZL,2022-11-07T22:06:00+03:00,6145.5,6145.5,6145.5,6145.5,3
MOEX:PLZL,2022-11-07T22:07:00+03:00,6142.0,6146.0,6142.0,6145.0,16
MOEX:PLZL,2022-11-07T22:08:00+03:00,6145.0,6145.5,6145.0,6145.5,30
MOEX:PLZL,2022-11-07T22:09:00+03:00,6142.0,6148.5,6141.5,6148.5,64
MOEX:PLZL,2022-11-07T22:10:00+03:00,6148.5,6150.5,6145.0,6145.0,36
MOEX:PLZL,2022-11-07T22:11:00+03:00,6149.5,6150.5,6146.5,6146.5,36
MOEX:PLZL,2022-11-07T22:13:00+03:00,6146.5,6152.0,6146.5,6148.0,46
MOEX:PLZL,2022-11-07T22:14:00+03:00,6147.0,6151.0,6147.0,6151.0,23
MOEX:PLZL,2022-11-07T22:15:00+03:00,6148.0,6151.0,6148.0,6151.0,34
MOEX:PLZL,2022-11-07T22:16:00+03:00,6151.0,6151.5,6149.0,6151.5,43
MOEX:PLZL,2022-11-07T22:17:00+03:00,6149.0,6152.0,6148.5,6149.5,113
MOEX:PLZL,2022-11-07T22:18:00+03:00,6148.5,6154.5,6148.5,6154.5,101
MOEX:PLZL,2022-11-07T22:19:00+03:00,6154.5,6157.0,6154.5,6157.0,71
MOEX:PLZL,2022-11-07T22:20:00+03:00,6156.0,6158.0,6156.0,6158.0,101
MOEX:PLZL,2022-11-07T22:21:00+03:00,6155.5,6159.5,6155.0,6158.5,13
MOEX:PLZL,2022-11-07T22:22:00+03:00,6158.5,6158.5,6158.0,6158.0,11
MOEX:PLZL,2022-11-07T22:23:00+03:00,6158.0,6158.0,6156.0,6156.0,22
MOEX:PLZL,2022-11-07T22:24:00+03:00,6156.0,6158.5,6154.0,6158.0,89
MOEX:PLZL,2022-11-07T22:25:00+03:00,6158.0,6158.0,6154.5,6156.0,18
MOEX:PLZL,2022-11-07T22:26:00+03:00,6156.0,6156.0,6154.0,6154.0,54
MOEX:PLZL,2022-11-07T22:27:00+03:00,6156.0,6158.0,6156.0,6157.0,59
MOEX:PLZL,2022-11-07T22:28:00+03:00,6158.0,6158.0,6157.0,6157.0,48
MOEX:PLZL,2022-11-07T22:29:00+03:00,6158.0,6158.0,6156.0,6158.0,11
MOEX:PLZL,2022-11-07T22:30:00+03:00,6158.0,6158.0,6155.5,6155.5,32
MOEX:PLZL,2022-11-07T22:31:00+03:00,6158.0,6158.0,6154.0,6154.0,22
MOEX:PLZL,2022-11-07T22:32:00+03:00,6156.0,6158.5,6155.0,6158.5,23
MOEX:PLZL,2022-11-07T22:33:00+03:00,6158.5,6158.5,6155.5,6158.5,8
MOEX:PLZL,2022-11-07T22:34:00+03:00,6158.5,6158.5,6158.0,6158.0,21
MOEX:PLZL,2022-11-07T22:35:00+03:00,6157.5,6157.5,6155.5,6157.0,20
MOEX:PLZL,2022-11-07T22:36:00+03:00,6157.0,6157.5,6154.5,6154.5,29
MOEX:PLZL,2022-11-07T22:37:00+03:00,6154.5,6158.0,6154.5,6158.0,34
MOEX:PLZL,2022-11-07T22:38:00+03:00,6158.0,6158.0,6158.0,6158.0,3
MOEX:PLZL,2022-11-07T22:39:00+03:00,6158.5,6160.0,6158.0,6160.0,142
MOEX:PLZL,2022-11-07T22:40:00+03:00,6160.0,6160.0,6160.0,6160.0,18
MOEX:PLZL,2022-11-07T22:41:00+03:00,6160.0,6160.0,6158.0,6158.0,85
MOEX:PLZL,2022-11-07T22:42:00+03:00,6161.0,6161.0,6159.0,6161.0,10
MOEX:PLZL,2022-11-07T22:43:00+03:00,6161.0,6162.0,6161.0,6162.0,10
MOEX:PLZL,2022-11-07T22:44:00+03:00,6162.0,6164.5,6161.0,6161.0,94
MOEX:PLZL,2022-11-07T22:45:00+03:00,6161.0,6161.0,6159.0,6159.0,25
MOEX:PLZL,2022-11-07T22:46:00+03:00,6163.5,6163.5,6160.0,6163.0,4
MOEX:PLZL,2022-11-07T22:47:00+03:00,6163.5,6164.0,6160.0,6164.0,17
MOEX:PLZL,2022-11-07T22:48:00+03:00,6164.0,6164.0,6163.0,6164.0,9
MOEX:PLZL,2022-11-07T22:49:00+03:00,6164.0,6164.0,6160.5,6160.5,7
MOEX:PLZL,2022-11-07T22:50:00+03:00,6164.0,6164.5,6160.5,6164.0,30
MOEX:PLZL,2022-11-07T22:51:00+03:00,6161.5,6165.5,6161.5,6161.5,86
MOEX:PLZL,2022-11-07T22:52:00+03:00,6164.5,6165.5,6164.5,6165.5,40
MOEX:PLZL,2022-11-07T22:53:00+03:00,6165.5,6168.0,6163.0,6168.0,91
MOEX:PLZL,2022-11-07T22:54:00+03:00,6163.5,6167.5,6163.0,6167.5,18
MOEX:PLZL,2022-11-07T22:55:00+03:00,6167.5,6169.5,6163.0,6169.5,72
MOEX:PLZL,2022-11-07T22:56:00+03:00,6165.5,6165.5,6162.0,6163.0,35
MOEX:PLZL,2022-11-07T22:57:00+03:00,6163.0,6165.5,6163.0,6164.0,9
MOEX:PLZL,2022-11-07T22:58:00+03:00,6163.5,6170.5,6163.0,6169.0,240
MOEX:PLZL,2022-11-07T22:59:00+03:00,6164.5,6164.5,6162.5,6162.5,90
MOEX:PLZL,2022-11-07T23:00:00+03:00,6163.0,6168.0,6159.5,6162.0,36
MOEX:PLZL,2022-11-07T23:01:00+03:00,6162.0,6162.0,6159.5,6159.5,39
MOEX:PLZL,2022-11-07T23:02:00+03:00,6159.5,6169.0,6159.5,6167.5,89
MOEX:PLZL,2022-11-07T23:03:00+03:00,6167.0,6167.0,6161.0,6161.0,13
MOEX:PLZL,2022-11-07T23:04:00+03:00,6162.0,6162.0,6158.0,6158.0,74
MOEX:PLZL,2022-11-07T23:05:00+03:00,6163.0,6163.5,6158.5,6161.0,45
MOEX:PLZL,2022-11-07T23:06:00+03:00,6163.0,6163.0,6162.5,6162.5,4
MOEX:PLZL,2022-11-07T23:07:00+03:00,6162.5,6167.0,6162.5,6167.0,111
MOEX:PLZL,2022-11-07T23:08:00+03:00,6167.0,6167.0,6167.0,6167.0,3
MOEX:PLZL,2022-11-07T23:09:00+03:00,6167.0,6167.0,6166.0,6167.0,10
MOEX:PLZL,2022-11-07T23:10:00+03:00,6166.0,6168.5,6165.5,6168.5,53
MOEX:PLZL,2022-11-07T23:11:00+03:00,6168.5,6168.5,6166.0,6168.0,28
MOEX:PLZL,2022-11-07T23:12:00+03:00,6168.0,6168.0,6165.5,6167.0,20
MOEX:PLZL,2022-11-07T23:13:00+03:00,6167.0,6167.0,6165.5,6165.5,3
MOEX:PLZL,2022-11-07T23:14:00+03:00,6166.5,6167.0,6165.5,6167.0,25
MOEX:PLZL,2022-11-07T23:15:00+03:00,6166.0,6167.0,6166.0,6167.0,46
MOEX:PLZL,2022-11-07T23:16:00+03:00,6167.0,6167.5,6166.0,6166.0,91
MOEX:PLZL,2022-11-07T23:17:00+03:00,6166.0,6166.0,6166.0,6166.0,67
MOEX:PLZL,2022-11-07T23:18:00+03:00,6166.0,6166.0,6162.5,6162.5,43
MOEX:PLZL,2022-11-07T23:19:00+03:00,6162.5,6166.0,6162.0,6166.0,62
MOEX:PLZL,2022-11-07T23:20:00+03:00,6166.0,6166.0,6162.5,6166.0,25
MOEX:PLZL,2022-11-07T23:21:00+03:00,6166.0,6166.0,6161.5,6161.5,29
MOEX:PLZL,2022-11-07T23:22:00+03:00,6166.0,6166.0,6163.0,6166.0,29
MOEX:PLZL,2022-11-07T23:23:00+03:00,6166.0,6166.0,6162.5,6166.0,6
MOEX:PLZL,2022-11-07T23:24:00+03:00,6165.0,6165.0,6162.0,6162.0,18
MOEX:PLZL,2022-11-07T23:25:00+03:00,6165.0,6166.0,6165.0,6165.5,20
MOEX:PLZL,2022-11-07T23:26:00+03:00,6166.0,6166.0,6163.0,6165.5,48
MOEX:PLZL,2022-11-07T23:27:00+03:00,6165.5,6166.0,6165.5,6166.0,4
MOEX:PLZL,2022-11-07T23:28:00+03:00,6166.0,6166.5,6165.0,6165.0,70
MOEX:PLZL,2022-11-07T23:30:00+03:00,6167.0,6168.0,6165.0,6168.0,89
MOEX:PLZL,2022-11-07T23:31:00+03:00,6168.0,6168.0,6167.0,6167.0,114
MOEX:PLZL,2022-11-07T23:32:00+03:00,6168.0,6173.0,6167.0,6167.0,353
MOEX:PLZL,2022-11-07T23:33:00+03:00,6168.5,6174.0,6168.5,6174.0,250
MOEX:PLZL,2022-11-07T23:34:00+03:00,6170.5,6174.5,6170.0,6174.5,176
MOEX:PLZL,2022-11-07T23:35:00+03:00,6170.5,6176.0,6170.5,6176.0,569
MOEX:PLZL,2022-11-07T23:36:00+03:00,6175.0,6194.0,6175.0,6194.0,1865
MOEX:PLZL,2022-11-07T23:37:00+03:00,6183.5,6187.5,6183.0,6185.0,14
MOEX:PLZL,2022-11-07T23:38:00+03:00,6184.5,6185.0,6180.0,6184.0,225
MOEX:PLZL,2022-11-07T23:39:00+03:00,6180.5,6183.5,6180.0,6180.0,222
MOEX:PLZL,2022-11-07T23:40:00+03:00,6179.5,6185.0,6179.5,6184.5,74
MOEX:PLZL,2022-11-07T23:41:00+03:00,6184.5,6185.0,6176.5,6179.5,115
MOEX:PLZL,2022-11-07T23:42:00+03:00,6182.5,6183.5,6178.5,6183.5,92
MOEX:PLZL,2022-11-07T23:43:00+03:00,6183.5,6183.5,6180.5,6183.0,147
MOEX:PLZL,2022-11-07T23:44:00+03:00,6180.5,6183.0,6179.0,6182.0,42
MOEX:PLZL,2022-11-07T23:45:00+03:00,6180.0,6183.0,6179.5,6183.0,160
MOEX:PLZL,2022-11-07T23:46:00+03:00,6182.0,6182.5,6180.0,6180.0,57
MOEX:PLZL,2022-11-07T23:47:00+03:00,6182.0,6182.0,6178.5,6180.0,128
MOEX:PLZL,2022-11-07T23:48:00+03:00,6179.5,6180.0,6176.0,6178.5,103
MOEX:PLZL,2022-11-07T23:49:00+03:00,6180.0,6183.0,6178.0,6178.5,192
