MOEX:LKOH,2018-03-29T10:00:00+03:00,3931.0,3948.5,3931.0,3945.0,5955
MOEX:LKOH,2018-03-29T10:01:00+03:00,3943.5,3945.0,3932.0,3933.0,3972
MOEX:LKOH,2018-03-29T10:02:00+03:00,3933.5,3935.0,3927.0,3931.5,3524
MOEX:LKOH,2018-03-29T10:03:00+03:00,3932.0,3938.0,3931.5,3938.0,998
MOEX:LKOH,2018-03-29T10:04:00+03:00,3936.5,3939.0,3935.5,3938.5,1063
MOEX:LKOH,2018-03-29T10:05:00+03:00,3937.0,3940.5,3935.5,3939.0,2139
MOEX:LKOH,2018-03-29T10:06:00+03:00,3939.5,3940.5,3939.5,3939.5,287
MOEX:LKOH,2018-03-29T10:07:00+03:00,3939.0,3939.0,3936.0,3936.5,526
MOEX:LKOH,2018-03-29T10:08:00+03:00,3937.0,3938.5,3933.0,3933.0,842
MOEX:LKOH,2018-03-29T10:09:00+03:00,3933.5,3940.0,3932.0,3933.0,5728
MOEX:LKOH,2018-03-29T10:10:00+03:00,3933.0,3933.0,3927.0,3927.0,4393
MOEX:LKOH,2018-03-29T10:11:00+03:00,3927.0,3930.5,3924.0,3924.0,1907
MOEX:LKOH,2018-03-29T10:12:00+03:00,3924.0,3926.0,3922.5,3924.5,1256
MOEX:LKOH,2018-03-29T10:13:00+03:00,3923.0,3925.0,3923.0,3923.5,473
MOEX:LKOH,2018-03-29T10:14:00+03:00,3925.0,3932.5,3924.0,3932.0,1825
MOEX:LKOH,2018-03-29T10:15:00+03:00,3931.5,3931.5,3926.0,3929.0,2815
MOEX:LKOH,2018-03-29T10:16:00+03:00,3930.0,3930.0,3924.0,3924.5,2334
MOEX:LKOH,2018-03-29T10:17:00+03:00,3925.0,3930.0,3924.5,3928.5,1069
MOEX:LKOH,2018-03-29T10:18:00+03:00,3930.0,3932.5,3928.0,3930.0,665
MOEX:LKOH,2018-03-29T10:19:00+03:00,3930.0,3935.0,3930.0,3933.5,851
MOEX:LKOH,2018-03-29T10:20:00+03:00,3934.0,3934.0,3928.5,3930.0,2634
MOEX:LKOH,2018-03-29T10:21:00+03:00,3932.0,3935.0,3931.5,3932.5,1032
MOEX:LKOH,2018-03-29T10:22:00+03:00,3933.0,3934.5,3929.0,3930.0,3038
MOEX:LKOH,2018-03-29T10:23:00+03:00,3931.5,3934.0,3930.0,3933.5,230
MOEX:LKOH,2018-03-29T10:24:00+03:00,3934.0,3934.0,3928.5,3930.0,1386
MOEX:LKOH,2018-03-29T10:25:00+03:00,3930.0,3932.5,3930.0,3931.0,543
MOEX:LKOH,2018-03-29T10:26:00+03:00,3932.0,3932.0,3926.5,3930.5,2199
MOEX:LKOH,2018-03-29T10:27:00+03:00,3930.0,3931.5,3929.5,3930.5,310
MOEX:LKOH,2018-03-29T10:28:00+03:00,3930.5,3932.5,3930.5,3932.5,365
MOEX:LKOH,2018-03-29T10:29:00+03:00,3931.0,3934.5,3931.0,3933.0,827
MOEX:LKOH,2018-03-29T10:30:00+03:00,3933.0,3933.0,3930.5,3933.0,986
MOEX:LKOH,2018-03-29T10:31:00+03:00,3933.5,3935.5,3932.0,3935.0,334
MOEX:LKOH,2018-03-29T10:32:00+03:00,3935.5,3935.5,3934.0,3935.5,38
MOEX:LKOH,2018-03-29T10:33:00+03:00,3935.0,3937.0,3934.0,3934.5,515
MOEX:LKOH,2018-03-29T10:34:00+03:00,3936.0,3936.5,3930.0,3932.5,2863
MOEX:LKOH,2018-03-29T10:35:00+03:00,3932.5,3933.0,3930.5,3932.0,344
MOEX:LKOH,2018-03-29T10:36:00+03:00,3934.0,3937.0,3932.5,3937.0,359
MOEX:LKOH,2018-03-29T10:37:00+03:00,3935.5,3939.0,3935.5,3939.0,254
MOEX:LKOH,2018-03-29T10:38:00+03:00,3938.0,3939.0,3937.0,3939.0,284
MOEX:LKOH,2018-03-29T10:39:00+03:00,3938.5,3941.5,3931.5,3931.5,3539
MOEX:LKOH,2018-03-29T10:40:00+03:00,3933.0,3936.0,3931.5,3932.5,1775
MOEX:LKOH,2018-03-29T10:41:00+03:00,3933.5,3935.0,3932.5,3933.0,1488
MOEX:LKOH,2018-03-29T10:42:00+03:00,3935.0,3936.0,3933.5,3934.5,562
MOEX:LKOH,2018-03-29T10:43:00+03:00,3935.0,3935.0,3931.5,3932.5,2399
MOEX:LKOH,2018-03-29T10:44:00+03:00,3933.5,3934.0,3931.5,3934.0,185
MOEX:LKOH,2018-03-29T10:45:00+03:00,3932.5,3934.5,3931.5,3933.0,1285
MOEX:LKOH,2018-03-29T10:46:00+03:00,3932.5,3934.0,3932.0,3934.0,147
MOEX:LKOH,2018-03-29T10:47:00+03:00,3934.0,3934.0,3934.0,3934.0,18
MOEX:LKOH,2018-03-29T10:48:00+03:00,3932.5,3935.0,3932.5,3934.0,667
MOEX:LKOH,2018-03-29T10:49:00+03:00,3934.5,3935.5,3933.5,3935.5,313
MOEX:LKOH,2018-03-29T10:50:00+03:00,3934.0,3936.0,3930.5,3931.0,3199
MOEX:LKOH,2018-03-29T10:51:00+03:00,3931.5,3933.0,3931.5,3933.0,704
MOEX:LKOH,2018-03-29T10:52:00+03:00,3933.0,3933.0,3932.0,3933.0,12
MOEX:LKOH,2018-03-29T10:53:00+03:00,3933.0,3934.5,3929.0,3932.0,2958
MOEX:LKOH,2018-03-29T10:54:00+03:00,3931.5,3932.5,3931.5,3932.5,198
MOEX:LKOH,2018-03-29T10:55:00+03:00,3931.5,3932.5,3931.5,3932.5,47
MOEX:LKOH,2018-03-29T10:56:00+03:00,3932.5,3933.5,3932.0,3933.5,920
MOEX:LKOH,2018-03-29T10:57:00+03:00,3933.5,3934.0,3932.5,3934.0,61
MOEX:LKOH,2018-03-29T10:58:00+03:00,3934.0,3939.5,3934.0,3937.5,2012
MOEX:LKOH,2018-03-29T10:59:00+03:00,3937.5,3939.0,3934.0,3936.5,3600
MOEX:LKOH,2018-03-29T11:00:00+03:00,3934.5,3936.0,3932.0,3933.0,2744
MOEX:LKOH,2018-03-29T11:01:00+03:00,3934.5,3936.5,3933.0,3933.0,1440
MOEX:LKOH,2018-03-29T11:02:00+03:00,3934.0,3935.5,3933.0,3933.5,714
MOEX:LKOH,2018-03-29T11:03:00+03:00,3933.5,3933.5,3932.0,3932.5,1079
MOEX:LKOH,2018-03-29T11:04:00+03:00,3933.5,3935.0,3930.5,3930.5,2798
MOEX:LKOH,2018-03-29T11:05:00+03:00,3931.0,3935.0,3931.0,3934.5,1026
MOEX:LKOH,2018-03-29T11:06:00+03:00,3932.5,3937.0,3932.0,3936.5,1964
MOEX:LKOH,2018-03-29T11:07:00+03:00,3936.5,3937.5,3935.0,3935.5,1095
MOEX:LKOH,2018-03-29T11:08:00+03:00,3936.5,3937.5,3935.0,3935.0,1175
MOEX:LKOH,2018-03-29T11:09:00+03:00,3937.0,3937.0,3931.5,3934.5,1626
MOEX:LKOH,2018-03-29T11:10:00+03:00,3933.0,3935.0,3931.5,3932.5,1203
MOEX:LKOH,2018-03-29T11:11:00+03:00,3934.5,3936.0,3932.5,3936.0,224
MOEX:LKOH,2018-03-29T11:12:00+03:00,3936.0,3936.0,3934.0,3936.0,888
MOEX:LKOH,2018-03-29T11:13:00+03:00,3934.0,3934.0,3930.0,3933.5,1441
MOEX:LKOH,2018-03-29T11:14:00+03:00,3933.5,3934.0,3931.5,3934.0,401
MOEX:LKOH,2018-03-29T11:15:00+03:00,3933.5,3933.5,3931.5,3933.5,479
MOEX:LKOH,2018-03-29T11:16:00+03:00,3932.0,3932.0,3931.5,3932.0,688
MOEX:LKOH,2018-03-29T11:17:00+03:00,3932.0,3932.0,3931.0,3931.5,1162
MOEX:LKOH,2018-03-29T11:18:00+03:00,3931.5,3932.0,3931.0,3931.0,1333
MOEX:LKOH,2018-03-29T11:19:00+03:00,3932.0,3932.0,3931.0,3932.0,522
MOEX:LKOH,2018-03-29T11:20:00+03:00,3931.5,3932.0,3931.5,3932.0,438
MOEX:LKOH,2018-03-29T11:21:00+03:00,3932.0,3932.0,3930.5,3930.5,798
MOEX:LKOH,2018-03-29T11:22:00+03:00,3931.0,3932.0,3930.5,3932.0,2613
MOEX:LKOH,2018-03-29T11:23:00+03:00,3931.5,3932.0,3930.0,3930.0,834
MOEX:LKOH,2018-03-29T11:24:00+03:00,3929.5,3929.5,3928.0,3929.0,1157
MOEX:LKOH,2018-03-29T11:25:00+03:00,3929.0,3931.0,3929.0,3930.0,1028
MOEX:LKOH,2018-03-29T11:26:00+03:00,3930.5,3931.0,3929.5,3930.0,599
MOEX:LKOH,2018-03-29T11:27:00+03:00,3930.0,3931.5,3929.5,3931.5,382
MOEX:LKOH,2018-03-29T11:28:00+03:00,3930.0,3931.0,3928.5,3928.5,1597
MOEX:LKOH,2018-03-29T11:29:00+03:00,3928.5,3929.5,3928.5,3928.5,810
MOEX:LKOH,2018-03-29T11:30:00+03:00,3928.5,3929.5,3928.5,3929.0,582
MOEX:LKOH,2018-03-29T11:31:00+03:00,3929.0,3929.5,3926.0,3926.0,2035
MOEX:LKOH,2018-03-29T11:32:00+03:00,3926.0,3927.0,3926.0,3926.0,192
MOEX:LKOH,2018-03-29T11:33:00+03:00,3927.0,3927.0,3925.5,3925.5,527
MOEX:LKOH,2018-03-29T11:34:00+03:00,3925.5,3927.5,3925.5,3927.5,655
MOEX:LKOH,2018-03-29T11:35:00+03:00,3927.5,3929.0,3927.0,3929.0,219
MOEX:LKOH,2018-03-29T11:36:00+03:00,3929.0,3929.5,3928.0,3929.0,616
MOEX:LKOH,2018-03-29T11:37:00+03:00,3929.0,3929.5,3928.5,3928.5,883
MOEX:LKOH,2018-03-29T11:38:00+03:00,3929.0,3929.5,3928.0,3929.0,747
MOEX:LKOH,2018-03-29T11:39:00+03:00,3928.0,3929.0,3927.0,3927.0,2032
MOEX:LKOH,2018-03-29T11:40:00+03:00,3927.0,3927.0,3923.0,3924.0,4530
MOEX:LKOH,2018-03-29T11:41:00+03:00,3924.0,3926.0,3923.5,3926.0,624
MOEX:LKOH,2018-03-29T11:42:00+03:00,3926.0,3926.0,3925.5,3925.5,106
MOEX:LKOH,2018-03-29T11:43:00+03:00,3926.0,3927.5,3926.0,3927.5,246
MOEX:LKOH,2018-03-29T11:44:00+03:00,3927.5,3928.5,3916.5,3917.0,11026
MOEX:LKOH,2018-03-29T11:45:00+03:00,3918.0,3923.5,3917.0,3923.0,1736
MOEX:LKOH,2018-03-29T11:46:00+03:00,3923.0,3925.0,3922.5,3923.0,470
MOEX:LKOH,2018-03-29T11:47:00+03:00,3925.0,3925.0,3922.5,3924.0,1018
MOEX:LKOH,2018-03-29T11:48:00+03:00,3922.5,3928.0,3922.5,3927.5,2717
MOEX:LKOH,2018-03-29T11:49:00+03:00,3925.0,3925.0,3924.0,3925.0,5676
MOEX:LKOH,2018-03-29T11:50:00+03:00,3925.0,3928.5,3924.0,3928.5,759
MOEX:LKOH,2018-03-29T11:51:00+03:00,3926.5,3928.5,3926.5,3926.5,152
MOEX:LKOH,2018-03-29T11:52:00+03:00,3928.5,3929.5,3927.0,3927.0,1321
MOEX:LKOH,2018-03-29T11:53:00+03:00,3928.5,3928.5,3926.5,3927.5,23
MOEX:LKOH,2018-03-29T11:54:00+03:00,3928.0,3930.0,3928.0,3930.0,398
MOEX:LKOH,2018-03-29T11:55:00+03:00,3930.0,3930.0,3928.5,3930.0,1315
MOEX:LKOH,2018-03-29T11:56:00+03:00,3930.0,3930.0,3927.5,3928.0,2443
MOEX:LKOH,2018-03-29T11:57:00+03:00,3929.5,3931.5,3929.5,3931.0,399
MOEX:LKOH,2018-03-29T11:58:00+03:00,3931.0,3931.5,3927.0,3931.5,3710
MOEX:LKOH,2018-03-29T11:59:00+03:00,3929.0,3931.0,3929.0,3929.0,174
MOEX:LKOH,2018-03-29T12:00:00+03:00,3930.5,3930.5,3929.0,3930.5,879
MOEX:LKOH,2018-03-29T12:01:00+03:00,3931.0,3932.0,3931.0,3932.0,381
MOEX:LKOH,2018-03-29T12:02:00+03:00,3930.5,3932.0,3930.5,3930.5,643
MOEX:LKOH,2018-03-29T12:03:00+03:00,3931.0,3932.0,3930.5,3932.0,361
MOEX:LKOH,2018-03-29T12:04:00+03:00,3932.0,3932.0,3932.0,3932.0,365
MOEX:LKOH,2018-03-29T12:05:00+03:00,3932.0,3932.0,3931.0,3931.5,894
MOEX:LKOH,2018-03-29T12:06:00+03:00,3932.0,3934.5,3931.5,3934.0,1257
MOEX:LKOH,2018-03-29T12:07:00+03:00,3934.0,3937.0,3933.0,3937.0,1778
MOEX:LKOH,2018-03-29T12:08:00+03:00,3936.5,3936.5,3934.0,3935.5,190
MOEX:LKOH,2018-03-29T12:09:00+03:00,3934.5,3935.5,3934.0,3934.0,1351
MOEX:LKOH,2018-03-29T12:10:00+03:00,3934.0,3934.0,3930.5,3930.5,1200
MOEX:LKOH,2018-03-29T12:11:00+03:00,3932.5,3932.5,3930.0,3930.5,191
MOEX:LKOH,2018-03-29T12:12:00+03:00,3930.5,3931.5,3930.5,3931.5,22
MOEX:LKOH,2018-03-29T12:13:00+03:00,3931.5,3931.5,3930.5,3931.5,446
MOEX:LKOH,2018-03-29T12:14:00+03:00,3931.0,3932.5,3931.0,3931.0,144
MOEX:LKOH,2018-03-29T12:15:00+03:00,3932.5,3934.0,3931.5,3934.0,506
MOEX:LKOH,2018-03-29T12:16:00+03:00,3934.5,3935.5,3932.5,3934.0,1614
MOEX:LKOH,2018-03-29T12:17:00+03:00,3933.0,3934.0,3931.0,3931.0,995
MOEX:LKOH,2018-03-29T12:18:00+03:00,3932.0,3934.0,3932.0,3934.0,110
MOEX:LKOH,2018-03-29T12:19:00+03:00,3933.5,3933.5,3932.0,3933.5,748
MOEX:LKOH,2018-03-29T12:20:00+03:00,3934.0,3934.0,3934.0,3934.0,8
MOEX:LKOH,2018-03-29T12:21:00+03:00,3933.5,3935.5,3933.0,3934.0,537
MOEX:LKOH,2018-03-29T12:22:00+03:00,3935.0,3937.5,3934.5,3937.5,1043
MOEX:LKOH,2018-03-29T12:23:00+03:00,3937.0,3937.0,3935.0,3936.5,199
MOEX:LKOH,2018-03-29T12:24:00+03:00,3936.5,3940.0,3935.0,3935.5,3749
MOEX:LKOH,2018-03-29T12:25:00+03:00,3935.5,3938.5,3935.0,3938.5,261
MOEX:LKOH,2018-03-29T12:26:00+03:00,3939.0,3940.5,3938.5,3940.0,622
MOEX:LKOH,2018-03-29T12:27:00+03:00,3940.0,3941.0,3939.0,3941.0,458
MOEX:LKOH,2018-03-29T12:28:00+03:00,3940.5,3941.5,3939.5,3941.5,2892
MOEX:LKOH,2018-03-29T12:29:00+03:00,3942.0,3944.5,3942.0,3944.0,986
MOEX:LKOH,2018-03-29T12:30:00+03:00,3942.5,3946.0,3942.5,3946.0,2119
MOEX:LKOH,2018-03-29T12:31:00+03:00,3946.0,3946.5,3944.5,3945.0,489
MOEX:LKOH,2018-03-29T12:32:00+03:00,3946.0,3948.5,3946.0,3947.0,1356
MOEX:LKOH,2018-03-29T12:33:00+03:00,3948.0,3948.0,3941.0,3943.0,1839
MOEX:LKOH,2018-03-29T12:34:00+03:00,3943.0,3943.0,3937.5,3937.5,1460
MOEX:LKOH,2018-03-29T12:35:00+03:00,3937.5,3938.0,3936.0,3936.5,456
MOEX:LKOH,2018-03-29T12:36:00+03:00,3938.0,3939.5,3936.5,3939.5,495
MOEX:LKOH,2018-03-29T12:37:00+03:00,3937.5,3939.0,3937.0,3937.0,494
MOEX:LKOH,2018-03-29T12:38:00+03:00,3939.0,3940.0,3937.0,3937.0,902
MOEX:LKOH,2018-03-29T12:39:00+03:00,3937.0,3939.0,3937.0,3939.0,136
MOEX:LKOH,2018-03-29T12:40:00+03:00,3939.0,3939.0,3939.0,3939.0,7
MOEX:LKOH,2018-03-29T12:41:00+03:00,3939.0,3940.5,3939.0,3940.5,361
MOEX:LKOH,2018-03-29T12:42:00+03:00,3940.5,3942.5,3939.5,3942.0,985
MOEX:LKOH,2018-03-29T12:43:00+03:00,3942.0,3942.0,3938.0,3940.5,901
MOEX:LKOH,2018-03-29T12:44:00+03:00,3942.5,3943.0,3942.5,3943.0,217
MOEX:LKOH,2018-03-29T12:45:00+03:00,3943.0,3945.5,3941.5,3942.5,1255
MOEX:LKOH,2018-03-29T12:46:00+03:00,3945.0,3945.0,3938.5,3941.0,2088
MOEX:LKOH,2018-03-29T12:47:00+03:00,3941.0,3941.5,3938.5,3939.0,707
MOEX:LKOH,2018-03-29T12:48:00+03:00,3941.5,3942.0,3939.0,3941.5,1446
MOEX:LKOH,2018-03-29T12:49:00+03:00,3941.5,3942.0,3940.0,3941.5,525
MOEX:LKOH,2018-03-29T12:50:00+03:00,3939.5,3941.5,3939.0,3941.5,645
MOEX:LKOH,2018-03-29T12:51:00+03:00,3941.5,3942.5,3939.5,3942.0,400
MOEX:LKOH,2018-03-29T12:52:00+03:00,3942.0,3944.0,3939.5,3944.0,979
MOEX:LKOH,2018-03-29T12:53:00+03:00,3941.5,3944.0,3941.5,3944.0,1350
MOEX:LKOH,2018-03-29T12:54:00+03:00,3942.0,3944.0,3942.0,3944.0,363
MOEX:LKOH,2018-03-29T12:55:00+03:00,3944.0,3944.0,3941.0,3941.0,1176
MOEX:LKOH,2018-03-29T12:56:00+03:00,3943.5,3943.5,3940.0,3941.0,279
MOEX:LKOH,2018-03-29T12:57:00+03:00,3941.0,3941.0,3937.5,3937.5,910
MOEX:LKOH,2018-03-29T12:58:00+03:00,3937.5,3940.0,3937.0,3937.5,159
MOEX:LKOH,2018-03-29T12:59:00+03:00,3938.0,3938.0,3937.0,3937.0,20
MOEX:LKOH,2018-03-29T13:00:00+03:00,3938.0,3939.0,3937.0,3937.5,2208
MOEX:LKOH,2018-03-29T13:01:00+03:00,3937.5,3938.5,3934.5,3934.5,1319
MOEX:LKOH,2018-03-29T13:02:00+03:00,3935.0,3936.5,3935.0,3935.0,558
MOEX:LKOH,2018-03-29T13:03:00+03:00,3936.5,3936.5,3935.0,3936.5,753
MOEX:LKOH,2018-03-29T13:04:00+03:00,3937.5,3938.5,3936.0,3938.5,416
MOEX:LKOH,2018-03-29T13:05:00+03:00,3936.0,3939.5,3936.0,3936.5,461
MOEX:LKOH,2018-03-29T13:06:00+03:00,3936.5,3938.0,3936.0,3936.0,590
MOEX:LKOH,2018-03-29T13:07:00+03:00,3935.5,3937.5,3935.5,3937.5,103
MOEX:LKOH,2018-03-29T13:08:00+03:00,3937.5,3937.5,3936.0,3936.0,259
MOEX:LKOH,2018-03-29T13:09:00+03:00,3937.5,3937.5,3937.5,3937.5,157
MOEX:LKOH,2018-03-29T13:10:00+03:00,3937.5,3937.5,3937.5,3937.5,10
MOEX:LKOH,2018-03-29T13:11:00+03:00,3937.0,3940.0,3937.0,3937.5,1086
MOEX:LKOH,2018-03-29T13:12:00+03:00,3939.5,3940.0,3937.5,3940.0,583
MOEX:LKOH,2018-03-29T13:13:00+03:00,3938.5,3939.5,3938.5,3938.5,104
MOEX:LKOH,2018-03-29T13:14:00+03:00,3939.5,3941.0,3938.5,3940.0,415
MOEX:LKOH,2018-03-29T13:15:00+03:00,3940.0,3940.0,3935.0,3935.0,3502
MOEX:LKOH,2018-03-29T13:16:00+03:00,3934.5,3936.5,3932.5,3936.5,3955
MOEX:LKOH,2018-03-29T13:17:00+03:00,3936.5,3936.5,3936.5,3936.5,65
MOEX:LKOH,2018-03-29T13:18:00+03:00,3936.5,3936.5,3936.5,3936.5,13
MOEX:LKOH,2018-03-29T13:19:00+03:00,3936.5,3941.0,3936.5,3941.0,537
MOEX:LKOH,2018-03-29T13:20:00+03:00,3941.0,3942.5,3940.0,3940.0,808
MOEX:LKOH,2018-03-29T13:21:00+03:00,3941.5,3941.5,3940.0,3941.0,339
MOEX:LKOH,2018-03-29T13:22:00+03:00,3940.0,3940.0,3937.0,3939.0,726
MOEX:LKOH,2018-03-29T13:23:00+03:00,3939.0,3939.0,3939.0,3939.0,182
MOEX:LKOH,2018-03-29T13:24:00+03:00,3939.0,3939.0,3939.0,3939.0,12
MOEX:LKOH,2018-03-29T13:25:00+03:00,3939.0,3940.0,3937.0,3940.0,1449
MOEX:LKOH,2018-03-29T13:26:00+03:00,3940.0,3940.0,3939.5,3939.5,11
MOEX:LKOH,2018-03-29T13:27:00+03:00,3939.5,3939.5,3939.5,3939.5,11
MOEX:LKOH,2018-03-29T13:28:00+03:00,3938.0,3939.0,3938.0,3938.5,710
MOEX:LKOH,2018-03-29T13:29:00+03:00,3938.5,3939.5,3938.0,3939.5,311
MOEX:LKOH,2018-03-29T13:30:00+03:00,3939.5,3939.5,3936.5,3936.5,1452
MOEX:LKOH,2018-03-29T13:31:00+03:00,3936.5,3937.5,3933.0,3937.5,1559
MOEX:LKOH,2018-03-29T13:32:00+03:00,3935.5,3938.0,3935.5,3938.0,145
MOEX:LKOH,2018-03-29T13:33:00+03:00,3938.5,3938.5,3934.5,3936.5,951
MOEX:LKOH,2018-03-29T13:34:00+03:00,3936.5,3936.5,3935.0,3935.0,453
MOEX:LKOH,2018-03-29T13:35:00+03:00,3935.0,3936.0,3935.0,3936.0,208
MOEX:LKOH,2018-03-29T13:36:00+03:00,3936.0,3938.0,3935.0,3938.0,409
MOEX:LKOH,2018-03-29T13:37:00+03:00,3936.5,3936.5,3935.5,3936.5,611
MOEX:LKOH,2018-03-29T13:38:00+03:00,3936.5,3936.5,3932.5,3933.0,1326
MOEX:LKOH,2018-03-29T13:39:00+03:00,3934.0,3934.5,3932.5,3934.5,573
MOEX:LKOH,2018-03-29T13:40:00+03:00,3934.5,3934.5,3933.5,3934.5,15
MOEX:LKOH,2018-03-29T13:41:00+03:00,3934.5,3934.5,3932.0,3932.0,1406
MOEX:LKOH,2018-03-29T13:42:00+03:00,3932.0,3932.0,3928.5,3928.5,1825
MOEX:LKOH,2018-03-29T13:43:00+03:00,3930.0,3934.0,3930.0,3934.0,493
MOEX:LKOH,2018-03-29T13:44:00+03:00,3934.0,3937.5,3934.0,3934.5,823
MOEX:LKOH,2018-03-29T13:45:00+03:00,3935.0,3938.0,3935.0,3935.5,1275
MOEX:LKOH,2018-03-29T13:46:00+03:00,3936.5,3936.5,3935.0,3936.0,151
MOEX:LKOH,2018-03-29T13:47:00+03:00,3936.0,3937.0,3935.5,3935.5,410
MOEX:LKOH,2018-03-29T13:48:00+03:00,3937.5,3940.0,3934.5,3935.0,1819
MOEX:LKOH,2018-03-29T13:49:00+03:00,3934.0,3935.0,3934.0,3935.0,197
MOEX:LKOH,2018-03-29T13:50:00+03:00,3935.0,3935.0,3930.0,3932.5,1475
MOEX:LKOH,2018-03-29T13:51:00+03:00,3932.0,3932.0,3930.0,3930.0,956
MOEX:LKOH,2018-03-29T13:52:00+03:00,3932.0,3935.5,3932.0,3933.5,780
MOEX:LKOH,2018-03-29T13:53:00+03:00,3933.5,3935.0,3930.0,3933.5,5219
MOEX:LKOH,2018-03-29T13:54:00+03:00,3933.0,3933.0,3928.5,3928.5,1402
MOEX:LKOH,2018-03-29T13:55:00+03:00,3930.0,3931.5,3929.5,3929.5,187
MOEX:LKOH,2018-03-29T13:56:00+03:00,3929.5,3932.0,3928.5,3928.5,1959
MOEX:LKOH,2018-03-29T13:57:00+03:00,3929.0,3931.0,3929.0,3929.5,488
MOEX:LKOH,2018-03-29T13:58:00+03:00,3929.5,3931.0,3927.5,3927.5,2458
MOEX:LKOH,2018-03-29T13:59:00+03:00,3927.5,3928.5,3926.5,3927.5,345
MOEX:LKOH,2018-03-29T14:00:00+03:00,3927.5,3927.5,3919.5,3924.0,4605
MOEX:LKOH,2018-03-29T14:01:00+03:00,3924.0,3925.0,3922.0,3922.5,1141
MOEX:LKOH,2018-03-29T14:02:00+03:00,3924.5,3926.5,3923.0,3925.5,1479
MOEX:LKOH,2018-03-29T14:03:00+03:00,3923.5,3926.5,3923.5,3926.5,255
MOEX:LKOH,2018-03-29T14:04:00+03:00,3925.0,3926.5,3924.5,3926.5,732
MOEX:LKOH,2018-03-29T14:05:00+03:00,3925.5,3928.0,3925.5,3928.0,1455
MOEX:LKOH,2018-03-29T14:06:00+03:00,3927.5,3929.5,3926.0,3926.0,2945
MOEX:LKOH,2018-03-29T14:07:00+03:00,3926.5,3929.0,3926.5,3927.5,588
MOEX:LKOH,2018-03-29T14:08:00+03:00,3929.0,3929.0,3926.5,3926.5,1368
MOEX:LKOH,2018-03-29T14:09:00+03:00,3928.0,3928.0,3922.0,3924.5,4120
MOEX:LKOH,2018-03-29T14:10:00+03:00,3926.5,3926.5,3924.5,3924.5,190
MOEX:LKOH,2018-03-29T14:11:00+03:00,3924.5,3927.0,3924.5,3927.0,26
MOEX:LKOH,2018-03-29T14:12:00+03:00,3927.0,3931.5,3927.0,3931.5,1468
MOEX:LKOH,2018-03-29T14:13:00+03:00,3932.5,3932.5,3925.0,3925.0,2365
MOEX:LKOH,2018-03-29T14:14:00+03:00,3927.5,3928.5,3925.0,3928.5,1780
MOEX:LKOH,2018-03-29T14:15:00+03:00,3926.5,3926.5,3924.5,3925.0,585
MOEX:LKOH,2018-03-29T14:16:00+03:00,3925.5,3927.5,3925.5,3927.5,250
MOEX:LKOH,2018-03-29T14:17:00+03:00,3925.5,3930.0,3925.5,3930.0,127
MOEX:LKOH,2018-03-29T14:18:00+03:00,3929.5,3930.0,3928.0,3928.0,51
MOEX:LKOH,2018-03-29T14:19:00+03:00,3928.0,3929.0,3927.5,3929.0,762
MOEX:LKOH,2018-03-29T14:20:00+03:00,3929.0,3929.0,3928.0,3928.0,607
MOEX:LKOH,2018-03-29T14:21:00+03:00,3926.5,3928.0,3926.0,3928.0,574
MOEX:LKOH,2018-03-29T14:22:00+03:00,3929.0,3930.0,3929.0,3930.0,342
MOEX:LKOH,2018-03-29T14:23:00+03:00,3930.0,3933.0,3929.5,3933.0,297
MOEX:LKOH,2018-03-29T14:24:00+03:00,3932.0,3932.0,3931.0,3932.0,16
MOEX:LKOH,2018-03-29T14:25:00+03:00,3932.0,3932.0,3931.0,3931.0,45
MOEX:LKOH,2018-03-29T14:26:00+03:00,3931.0,3935.0,3931.0,3932.5,950
MOEX:LKOH,2018-03-29T14:27:00+03:00,3934.0,3934.0,3932.5,3933.5,330
MOEX:LKOH,2018-03-29T14:28:00+03:00,3932.5,3935.0,3927.5,3927.5,2655
MOEX:LKOH,2018-03-29T14:29:00+03:00,3928.5,3929.5,3928.5,3929.5,245
MOEX:LKOH,2018-03-29T14:30:00+03:00,3929.0,3931.0,3929.0,3929.0,1053
MOEX:LKOH,2018-03-29T14:31:00+03:00,3929.5,3930.0,3929.0,3929.0,154
MOEX:LKOH,2018-03-29T14:32:00+03:00,3929.5,3929.5,3929.5,3929.5,12
MOEX:LKOH,2018-03-29T14:33:00+03:00,3927.0,3931.5,3927.0,3931.5,442
MOEX:LKOH,2018-03-29T14:34:00+03:00,3932.0,3932.5,3930.0,3932.0,407
MOEX:LKOH,2018-03-29T14:35:00+03:00,3932.5,3932.5,3932.5,3932.5,7
MOEX:LKOH,2018-03-29T14:36:00+03:00,3931.0,3933.5,3931.0,3931.5,905
MOEX:LKOH,2018-03-29T14:37:00+03:00,3932.0,3935.5,3931.5,3935.5,106
MOEX:LKOH,2018-03-29T14:38:00+03:00,3935.5,3935.5,3933.5,3933.5,1583
MOEX:LKOH,2018-03-29T14:39:00+03:00,3935.0,3935.0,3932.5,3934.0,155
MOEX:LKOH,2018-03-29T14:40:00+03:00,3932.5,3935.0,3932.5,3934.0,126
MOEX:LKOH,2018-03-29T14:41:00+03:00,3935.0,3935.0,3934.0,3935.0,150
MOEX:LKOH,2018-03-29T14:42:00+03:00,3935.0,3935.0,3932.5,3934.0,184
MOEX:LKOH,2018-03-29T14:43:00+03:00,3934.0,3936.0,3934.0,3935.5,490
MOEX:LKOH,2018-03-29T14:44:00+03:00,3935.0,3936.0,3935.0,3935.0,382
MOEX:LKOH,2018-03-29T14:45:00+03:00,3935.0,3935.0,3933.0,3933.0,798
MOEX:LKOH,2018-03-29T14:46:00+03:00,3934.0,3934.0,3932.5,3932.5,1053
MOEX:LKOH,2018-03-29T14:47:00+03:00,3933.5,3933.5,3931.5,3932.5,2073
MOEX:LKOH,2018-03-29T14:48:00+03:00,3933.5,3934.0,3932.5,3934.0,230
MOEX:LKOH,2018-03-29T14:49:00+03:00,3934.0,3937.0,3934.0,3937.0,314
MOEX:LKOH,2018-03-29T14:50:00+03:00,3937.0,3940.0,3937.0,3940.0,795
MOEX:LKOH,2018-03-29T14:51:00+03:00,3940.0,3940.0,3938.0,3938.0,1252
MOEX:LKOH,2018-03-29T14:52:00+03:00,3939.0,3939.0,3935.5,3937.5,386
MOEX:LKOH,2018-03-29T14:53:00+03:00,3937.5,3937.5,3937.5,3937.5,8
MOEX:LKOH,2018-03-29T14:54:00+03:00,3936.0,3938.5,3936.0,3938.5,549
MOEX:LKOH,2018-03-29T14:55:00+03:00,3938.5,3939.0,3937.0,3939.0,402
MOEX:LKOH,2018-03-29T14:56:00+03:00,3937.0,3938.5,3937.0,3938.0,150
MOEX:LKOH,2018-03-29T14:57:00+03:00,3938.0,3940.0,3938.0,3940.0,1638
MOEX:LKOH,2018-03-29T14:58:00+03:00,3940.0,3940.0,3940.0,3940.0,951
MOEX:LKOH,2018-03-29T14:59:00+03:00,3940.0,3943.0,3940.0,3943.0,859
MOEX:LKOH,2018-03-29T15:00:00+03:00,3942.5,3943.5,3941.5,3943.5,1144
MOEX:LKOH,2018-03-29T15:01:00+03:00,3942.5,3944.0,3942.0,3942.0,899
MOEX:LKOH,2018-03-29T15:02:00+03:00,3943.0,3943.0,3942.0,3943.0,44
MOEX:LKOH,2018-03-29T15:03:00+03:00,3942.5,3944.5,3942.5,3942.5,475
MOEX:LKOH,2018-03-29T15:04:00+03:00,3944.5,3950.5,3944.5,3950.5,14445
MOEX:LKOH,2018-03-29T15:05:00+03:00,3950.0,3956.0,3950.0,3953.5,3261
MOEX:LKOH,2018-03-29T15:06:00+03:00,3955.0,3957.0,3954.0,3956.5,2262
MOEX:LKOH,2018-03-29T15:07:00+03:00,3956.5,3957.0,3956.0,3956.0,1391
MOEX:LKOH,2018-03-29T15:08:00+03:00,3956.0,3957.0,3954.0,3954.0,4643
MOEX:LKOH,2018-03-29T15:09:00+03:00,3955.0,3959.0,3953.5,3953.5,4785
MOEX:LKOH,2018-03-29T15:10:00+03:00,3954.0,3954.5,3951.5,3954.5,1371
MOEX:LKOH,2018-03-29T15:11:00+03:00,3953.5,3953.5,3953.0,3953.0,149
MOEX:LKOH,2018-03-29T15:12:00+03:00,3953.5,3954.5,3953.5,3954.5,653
MOEX:LKOH,2018-03-29T15:13:00+03:00,3954.0,3954.5,3954.0,3954.5,828
MOEX:LKOH,2018-03-29T15:14:00+03:00,3955.0,3959.0,3955.0,3959.0,5988
MOEX:LKOH,2018-03-29T15:15:00+03:00,3959.0,3962.5,3957.0,3960.0,11989
MOEX:LKOH,2018-03-29T15:16:00+03:00,3959.5,3960.0,3959.0,3959.0,1352
MOEX:LKOH,2018-03-29T15:17:00+03:00,3959.5,3959.5,3956.5,3958.5,1961
MOEX:LKOH,2018-03-29T15:18:00+03:00,3958.5,3958.5,3956.0,3958.0,1609
MOEX:LKOH,2018-03-29T15:19:00+03:00,3957.5,3960.0,3957.5,3960.0,1274
MOEX:LKOH,2018-03-29T15:20:00+03:00,3960.0,3963.5,3959.5,3963.5,1642
MOEX:LKOH,2018-03-29T15:21:00+03:00,3963.5,3964.0,3958.5,3963.5,9332
MOEX:LKOH,2018-03-29T15:22:00+03:00,3963.5,3963.5,3958.5,3959.0,2266
MOEX:LKOH,2018-03-29T15:23:00+03:00,3959.0,3959.0,3955.0,3957.5,4820
MOEX:LKOH,2018-03-29T15:24:00+03:00,3956.5,3957.0,3956.5,3957.0,180
MOEX:LKOH,2018-03-29T15:25:00+03:00,3957.0,3959.0,3956.5,3959.0,4644
MOEX:LKOH,2018-03-29T15:26:00+03:00,3959.0,3959.0,3958.5,3959.0,185
MOEX:LKOH,2018-03-29T15:27:00+03:00,3959.0,3959.0,3957.0,3958.5,1370
MOEX:LKOH,2018-03-29T15:28:00+03:00,3958.0,3958.0,3956.0,3956.0,1312
MOEX:LKOH,2018-03-29T15:29:00+03:00,3956.0,3956.5,3955.0,3956.0,864
MOEX:LKOH,2018-03-29T15:30:00+03:00,3955.5,3956.0,3955.0,3956.0,480
MOEX:LKOH,2018-03-29T15:31:00+03:00,3956.5,3956.5,3955.0,3956.0,713
MOEX:LKOH,2018-03-29T15:32:00+03:00,3955.5,3959.0,3955.5,3959.0,751
MOEX:LKOH,2018-03-29T15:33:00+03:00,3958.5,3963.0,3958.5,3960.5,3740
MOEX:LKOH,2018-03-29T15:34:00+03:00,3962.0,3964.5,3960.0,3960.5,2823
MOEX:LKOH,2018-03-29T15:35:00+03:00,3962.0,3963.0,3959.0,3961.5,3366
MOEX:LKOH,2018-03-29T15:36:00+03:00,3962.5,3963.0,3958.5,3962.5,2144
MOEX:LKOH,2018-03-29T15:37:00+03:00,3961.5,3963.0,3961.5,3963.0,1048
MOEX:LKOH,2018-03-29T15:38:00+03:00,3962.0,3962.0,3958.5,3960.0,2333
MOEX:LKOH,2018-03-29T15:39:00+03:00,3960.0,3962.0,3960.0,3962.0,375
MOEX:LKOH,2018-03-29T15:40:00+03:00,3961.5,3962.0,3961.5,3962.0,365
MOEX:LKOH,2018-03-29T15:41:00+03:00,3962.0,3963.0,3962.0,3963.0,1026
MOEX:LKOH,2018-03-29T15:42:00+03:00,3963.0,3964.5,3962.0,3962.0,1150
MOEX:LKOH,2018-03-29T15:43:00+03:00,3963.0,3964.5,3963.0,3963.5,117
MOEX:LKOH,2018-03-29T15:44:00+03:00,3963.5,3964.5,3963.0,3963.5,1482
MOEX:LKOH,2018-03-29T15:45:00+03:00,3964.5,3964.5,3957.5,3960.5,1737
MOEX:LKOH,2018-03-29T15:46:00+03:00,3963.5,3963.5,3963.0,3963.0,6
MOEX:LKOH,2018-03-29T15:47:00+03:00,3963.0,3965.0,3963.0,3964.5,640
MOEX:LKOH,2018-03-29T15:48:00+03:00,3964.5,3965.0,3962.5,3965.0,396
MOEX:LKOH,2018-03-29T15:49:00+03:00,3962.5,3965.0,3962.5,3964.5,60
MOEX:LKOH,2018-03-29T15:50:00+03:00,3965.0,3965.0,3962.0,3965.0,3247
MOEX:LKOH,2018-03-29T15:51:00+03:00,3965.0,3965.0,3963.5,3964.0,1083
MOEX:LKOH,2018-03-29T15:52:00+03:00,3964.0,3964.0,3960.5,3963.0,1084
MOEX:LKOH,2018-03-29T15:53:00+03:00,3962.0,3963.0,3960.5,3961.5,431
MOEX:LKOH,2018-03-29T15:54:00+03:00,3962.5,3965.0,3961.5,3964.0,2013
MOEX:LKOH,2018-03-29T15:55:00+03:00,3964.0,3965.0,3964.0,3964.0,793
MOEX:LKOH,2018-03-29T15:56:00+03:00,3965.0,3965.0,3964.0,3964.0,1464
MOEX:LKOH,2018-03-29T15:57:00+03:00,3965.0,3968.0,3965.0,3967.5,4409
MOEX:LKOH,2018-03-29T15:58:00+03:00,3967.0,3968.0,3962.0,3964.0,4359
MOEX:LKOH,2018-03-29T15:59:00+03:00,3964.0,3965.0,3962.5,3965.0,1066
MOEX:LKOH,2018-03-29T16:00:00+03:00,3964.5,3965.0,3964.5,3965.0,848
MOEX:LKOH,2018-03-29T16:01:00+03:00,3965.0,3965.0,3963.5,3963.5,590
MOEX:LKOH,2018-03-29T16:02:00+03:00,3963.5,3965.0,3963.5,3964.5,257
MOEX:LKOH,2018-03-29T16:03:00+03:00,3965.0,3969.0,3964.5,3969.0,5601
MOEX:LKOH,2018-03-29T16:04:00+03:00,3969.0,3969.0,3968.5,3969.0,50
MOEX:LKOH,2018-03-29T16:05:00+03:00,3969.0,3972.0,3967.5,3971.5,15557
MOEX:LKOH,2018-03-29T16:06:00+03:00,3971.0,3971.5,3967.5,3970.0,4623
MOEX:LKOH,2018-03-29T16:07:00+03:00,3970.0,3970.0,3969.0,3969.0,920
MOEX:LKOH,2018-03-29T16:08:00+03:00,3969.5,3970.0,3968.5,3970.0,1248
MOEX:LKOH,2018-03-29T16:09:00+03:00,3969.0,3970.0,3968.0,3969.0,2373
MOEX:LKOH,2018-03-29T16:10:00+03:00,3969.0,3969.0,3968.5,3968.5,69
MOEX:LKOH,2018-03-29T16:11:00+03:00,3969.0,3969.0,3968.0,3968.5,1388
MOEX:LKOH,2018-03-29T16:12:00+03:00,3968.0,3968.5,3968.0,3968.5,133
MOEX:LKOH,2018-03-29T16:13:00+03:00,3968.5,3968.5,3968.0,3968.5,28
MOEX:LKOH,2018-03-29T16:14:00+03:00,3968.5,3969.0,3968.0,3968.5,685
MOEX:LKOH,2018-03-29T16:15:00+03:00,3968.5,3968.5,3966.0,3966.0,1168
MOEX:LKOH,2018-03-29T16:16:00+03:00,3966.0,3968.0,3966.0,3968.0,516
MOEX:LKOH,2018-03-29T16:17:00+03:00,3968.0,3968.0,3967.0,3967.5,103
MOEX:LKOH,2018-03-29T16:18:00+03:00,3967.0,3968.0,3967.0,3967.5,30
MOEX:LKOH,2018-03-29T16:19:00+03:00,3967.5,3967.5,3967.0,3967.5,304
MOEX:LKOH,2018-03-29T16:20:00+03:00,3967.5,3967.5,3967.0,3967.5,23
MOEX:LKOH,2018-03-29T16:21:00+03:00,3967.5,3967.5,3967.0,3967.0,67
MOEX:LKOH,2018-03-29T16:22:00+03:00,3967.5,3967.5,3967.0,3967.5,133
MOEX:LKOH,2018-03-29T16:23:00+03:00,3967.0,3967.5,3964.0,3964.5,3077
MOEX:LKOH,2018-03-29T16:24:00+03:00,3963.5,3965.0,3960.0,3962.0,3303
MOEX:LKOH,2018-03-29T16:25:00+03:00,3962.0,3962.0,3960.5,3960.5,27
MOEX:LKOH,2018-03-29T16:26:00+03:00,3960.5,3964.5,3960.5,3963.0,934
MOEX:LKOH,2018-03-29T16:27:00+03:00,3964.0,3964.5,3962.5,3963.5,87
MOEX:LKOH,2018-03-29T16:28:00+03:00,3962.5,3964.5,3962.0,3962.5,1033
MOEX:LKOH,2018-03-29T16:29:00+03:00,3962.5,3966.5,3960.0,3960.0,3663
MOEX:LKOH,2018-03-29T16:30:00+03:00,3962.5,3965.5,3960.0,3960.5,3149
MOEX:LKOH,2018-03-29T16:31:00+03:00,3961.0,3961.0,3954.5,3955.0,16362
MOEX:LKOH,2018-03-29T16:32:00+03:00,3957.5,3959.5,3957.5,3959.0,589
MOEX:LKOH,2018-03-29T16:33:00+03:00,3958.0,3962.5,3957.5,3961.0,9201
MOEX:LKOH,2018-03-29T16:34:00+03:00,3960.5,3961.5,3959.0,3960.5,2874
MOEX:LKOH,2018-03-29T16:35:00+03:00,3961.5,3961.5,3956.0,3958.0,9652
MOEX:LKOH,2018-03-29T16:36:00+03:00,3960.0,3961.5,3956.5,3960.0,3011
MOEX:LKOH,2018-03-29T16:37:00+03:00,3960.0,3961.5,3957.5,3960.5,1985
MOEX:LKOH,2018-03-29T16:38:00+03:00,3960.0,3964.5,3960.0,3960.5,2537
MOEX:LKOH,2018-03-29T16:39:00+03:00,3962.5,3964.0,3961.5,3963.5,389
MOEX:LKOH,2018-03-29T16:40:00+03:00,3961.5,3963.0,3959.0,3963.0,1728
MOEX:LKOH,2018-03-29T16:41:00+03:00,3962.5,3964.0,3961.0,3963.5,2665
MOEX:LKOH,2018-03-29T16:42:00+03:00,3963.5,3966.0,3961.5,3965.5,1970
MOEX:LKOH,2018-03-29T16:43:00+03:00,3965.5,3965.5,3963.5,3963.5,1030
MOEX:LKOH,2018-03-29T16:44:00+03:00,3963.0,3966.5,3962.0,3966.5,1274
MOEX:LKOH,2018-03-29T16:45:00+03:00,3966.5,3969.0,3963.0,3963.5,5564
MOEX:LKOH,2018-03-29T16:46:00+03:00,3965.0,3965.0,3963.0,3964.5,24
MOEX:LKOH,2018-03-29T16:47:00+03:00,3964.5,3965.5,3963.0,3965.5,621
MOEX:LKOH,2018-03-29T16:48:00+03:00,3963.5,3965.5,3963.5,3965.5,20
MOEX:LKOH,2018-03-29T16:49:00+03:00,3965.5,3965.5,3964.0,3965.5,71
MOEX:LKOH,2018-03-29T16:50:00+03:00,3965.5,3965.5,3964.0,3964.0,10
MOEX:LKOH,2018-03-29T16:51:00+03:00,3965.0,3965.0,3964.0,3964.5,1993
MOEX:LKOH,2018-03-29T16:52:00+03:00,3964.5,3966.0,3964.5,3966.0,305
MOEX:LKOH,2018-03-29T16:53:00+03:00,3966.0,3968.5,3966.0,3968.5,1331
MOEX:LKOH,2018-03-29T16:54:00+03:00,3968.5,3969.0,3967.0,3969.0,2974
MOEX:LKOH,2018-03-29T16:55:00+03:00,3968.5,3970.0,3967.5,3970.0,7107
MOEX:LKOH,2018-03-29T16:56:00+03:00,3970.0,3971.0,3969.5,3971.0,1059
MOEX:LKOH,2018-03-29T16:57:00+03:00,3971.0,3971.0,3970.0,3970.5,1700
MOEX:LKOH,2018-03-29T16:58:00+03:00,3970.0,3971.5,3970.0,3971.5,666
MOEX:LKOH,2018-03-29T16:59:00+03:00,3971.5,3972.5,3971.0,3972.5,2209
MOEX:LKOH,2018-03-29T17:00:00+03:00,3972.5,3972.5,3970.0,3970.5,1465
MOEX:LKOH,2018-03-29T17:01:00+03:00,3971.5,3971.5,3970.0,3971.0,1992
MOEX:LKOH,2018-03-29T17:02:00+03:00,3971.0,3972.0,3968.0,3968.0,3391
MOEX:LKOH,2018-03-29T17:03:00+03:00,3968.0,3968.5,3965.0,3968.5,1896
MOEX:LKOH,2018-03-29T17:04:00+03:00,3968.5,3968.5,3966.5,3968.5,169
MOEX:LKOH,2018-03-29T17:05:00+03:00,3968.5,3970.5,3968.5,3970.5,1130
MOEX:LKOH,2018-03-29T17:06:00+03:00,3970.5,3970.5,3970.0,3970.5,264
MOEX:LKOH,2018-03-29T17:07:00+03:00,3970.5,3970.5,3969.0,3969.0,1934
MOEX:LKOH,2018-03-29T17:08:00+03:00,3969.5,3969.5,3967.5,3967.5,144
MOEX:LKOH,2018-03-29T17:09:00+03:00,3969.5,3969.5,3968.5,3968.5,476
MOEX:LKOH,2018-03-29T17:10:00+03:00,3969.0,3969.0,3967.5,3968.0,1288
MOEX:LKOH,2018-03-29T17:11:00+03:00,3968.0,3968.0,3964.0,3966.5,1003
MOEX:LKOH,2018-03-29T17:12:00+03:00,3966.5,3968.0,3963.5,3965.0,2765
MOEX:LKOH,2018-03-29T17:13:00+03:00,3965.5,3968.0,3965.5,3968.0,520
MOEX:LKOH,2018-03-29T17:14:00+03:00,3966.0,3969.5,3963.5,3966.5,4406
MOEX:LKOH,2018-03-29T17:15:00+03:00,3966.0,3966.0,3966.0,3966.0,7
MOEX:LKOH,2018-03-29T17:16:00+03:00,3966.0,3966.5,3965.0,3966.5,152
MOEX:LKOH,2018-03-29T17:17:00+03:00,3966.5,3968.0,3966.0,3966.0,956
MOEX:LKOH,2018-03-29T17:18:00+03:00,3967.5,3968.0,3966.5,3966.5,826
MOEX:LKOH,2018-03-29T17:19:00+03:00,3967.5,3969.0,3963.5,3968.5,3609
MOEX:LKOH,2018-03-29T17:20:00+03:00,3967.5,3967.5,3963.0,3966.0,2029
MOEX:LKOH,2018-03-29T17:21:00+03:00,3967.0,3967.5,3964.5,3964.5,2308
MOEX:LKOH,2018-03-29T17:22:00+03:00,3966.0,3969.0,3963.5,3966.5,3132
MOEX:LKOH,2018-03-29T17:23:00+03:00,3966.5,3968.0,3965.5,3968.0,1168
MOEX:LKOH,2018-03-29T17:24:00+03:00,3968.0,3968.0,3966.5,3967.0,730
MOEX:LKOH,2018-03-29T17:25:00+03:00,3967.0,3968.5,3963.5,3967.0,4012
MOEX:LKOH,2018-03-29T17:26:00+03:00,3967.0,3969.0,3966.5,3967.5,2829
MOEX:LKOH,2018-03-29T17:27:00+03:00,3967.0,3969.5,3967.0,3969.5,1116
MOEX:LKOH,2018-03-29T17:28:00+03:00,3969.5,3969.5,3969.0,3969.0,1093
MOEX:LKOH,2018-03-29T17:29:00+03:00,3969.0,3970.5,3969.0,3970.5,1975
MOEX:LKOH,2018-03-29T17:30:00+03:00,3970.5,3970.5,3968.5,3969.5,1457
MOEX:LKOH,2018-03-29T17:31:00+03:00,3969.0,3970.5,3968.5,3969.0,2822
MOEX:LKOH,2018-03-29T17:32:00+03:00,3969.0,3970.5,3969.0,3970.5,584
MOEX:LKOH,2018-03-29T17:33:00+03:00,3969.5,3970.5,3969.5,3970.0,2961
MOEX:LKOH,2018-03-29T17:34:00+03:00,3970.5,3970.5,3970.0,3970.5,2546
MOEX:LKOH,2018-03-29T17:35:00+03:00,3968.5,3970.5,3968.5,3970.5,102
MOEX:LKOH,2018-03-29T17:36:00+03:00,3970.0,3971.0,3970.0,3971.0,3605
MOEX:LKOH,2018-03-29T17:37:00+03:00,3971.0,3973.0,3971.0,3973.0,1971
MOEX:LKOH,2018-03-29T17:38:00+03:00,3973.0,3973.0,3969.0,3970.5,4632
MOEX:LKOH,2018-03-29T17:39:00+03:00,3971.0,3971.0,3967.5,3967.5,2130
MOEX:LKOH,2018-03-29T17:40:00+03:00,3965.5,3965.5,3965.0,3965.0,385
MOEX:LKOH,2018-03-29T17:41:00+03:00,3965.0,3966.0,3965.0,3966.0,1065
MOEX:LKOH,2018-03-29T17:42:00+03:00,3966.0,3966.0,3965.0,3966.0,5026
MOEX:LKOH,2018-03-29T17:43:00+03:00,3966.0,3969.0,3966.0,3968.5,695
MOEX:LKOH,2018-03-29T17:44:00+03:00,3968.5,3969.0,3968.0,3968.0,399
MOEX:LKOH,2018-03-29T17:45:00+03:00,3969.0,3970.5,3969.0,3970.5,416
MOEX:LKOH,2018-03-29T17:46:00+03:00,3970.0,3970.0,3970.0,3970.0,192
MOEX:LKOH,2018-03-29T17:47:00+03:00,3970.0,3970.0,3969.5,3970.0,36
MOEX:LKOH,2018-03-29T17:48:00+03:00,3970.0,3970.0,3970.0,3970.0,222
MOEX:LKOH,2018-03-29T17:49:00+03:00,3970.0,3970.5,3970.0,3970.5,736
MOEX:LKOH,2018-03-29T17:50:00+03:00,3970.5,3970.5,3970.0,3970.5,38
MOEX:LKOH,2018-03-29T17:51:00+03:00,3970.0,3970.0,3967.5,3969.5,3755
MOEX:LKOH,2018-03-29T17:52:00+03:00,3969.5,3972.5,3969.5,3970.0,1729
MOEX:LKOH,2018-03-29T17:53:00+03:00,3971.0,3972.0,3970.0,3972.0,126
MOEX:LKOH,2018-03-29T17:54:00+03:00,3972.0,3972.0,3971.0,3971.5,225
MOEX:LKOH,2018-03-29T17:55:00+03:00,3972.0,3972.0,3972.0,3972.0,110
MOEX:LKOH,2018-03-29T17:56:00+03:00,3972.0,3975.0,3972.0,3975.0,3703
MOEX:LKOH,2018-03-29T17:57:00+03:00,3975.0,3979.0,3974.5,3978.0,7275
MOEX:LKOH,2018-03-29T17:58:00+03:00,3978.5,3979.0,3977.0,3979.0,1406
MOEX:LKOH,2018-03-29T17:59:00+03:00,3978.0,3979.0,3978.0,3979.0,6521
MOEX:LKOH,2018-03-29T18:00:00+03:00,3979.0,3979.0,3978.0,3979.0,4242
MOEX:LKOH,2018-03-29T18:01:00+03:00,3977.5,3978.5,3977.5,3978.5,746
MOEX:LKOH,2018-03-29T18:02:00+03:00,3978.5,3979.0,3978.0,3979.0,1472
MOEX:LKOH,2018-03-29T18:03:00+03:00,3979.0,3982.5,3978.5,3981.5,6302
MOEX:LKOH,2018-03-29T18:04:00+03:00,3981.5,3983.5,3981.0,3983.5,2861
MOEX:LKOH,2018-03-29T18:05:00+03:00,3984.0,3984.0,3983.5,3984.0,1377
MOEX:LKOH,2018-03-29T18:06:00+03:00,3983.5,3984.0,3983.5,3984.0,3608
MOEX:LKOH,2018-03-29T18:07:00+03:00,3983.5,3984.0,3982.0,3983.0,3508
MOEX:LKOH,2018-03-29T18:08:00+03:00,3983.5,3984.0,3983.0,3983.5,1444
MOEX:LKOH,2018-03-29T18:09:00+03:00,3984.0,3987.0,3984.0,3987.0,6897
MOEX:LKOH,2018-03-29T18:10:00+03:00,3986.0,3989.0,3986.0,3988.5,3542
MOEX:LKOH,2018-03-29T18:11:00+03:00,3988.5,3989.0,3988.5,3988.5,1343
MOEX:LKOH,2018-03-29T18:12:00+03:00,3988.5,3988.5,3982.0,3982.0,4792
MOEX:LKOH,2018-03-29T18:13:00+03:00,3983.5,3985.0,3981.5,3982.5,1344
MOEX:LKOH,2018-03-29T18:14:00+03:00,3982.0,3986.5,3980.0,3985.0,2620
MOEX:LKOH,2018-03-29T18:15:00+03:00,3984.5,3988.0,3984.0,3987.5,1369
MOEX:LKOH,2018-03-29T18:16:00+03:00,3987.0,3988.0,3983.5,3985.0,2149
MOEX:LKOH,2018-03-29T18:17:00+03:00,3985.5,3987.0,3984.5,3986.0,1304
MOEX:LKOH,2018-03-29T18:18:00+03:00,3986.5,3987.5,3983.5,3986.0,2097
MOEX:LKOH,2018-03-29T18:19:00+03:00,3985.5,3987.5,3985.5,3986.5,1294
MOEX:LKOH,2018-03-29T18:20:00+03:00,3986.5,3987.5,3983.5,3985.0,1908
MOEX:LKOH,2018-03-29T18:21:00+03:00,3984.0,3986.0,3980.0,3984.5,7378
MOEX:LKOH,2018-03-29T18:22:00+03:00,3985.0,3986.0,3982.5,3985.5,1066
MOEX:LKOH,2018-03-29T18:23:00+03:00,3985.5,3986.0,3983.0,3983.0,2754
MOEX:LKOH,2018-03-29T18:24:00+03:00,3983.0,3984.0,3982.0,3982.0,930
MOEX:LKOH,2018-03-29T18:25:00+03:00,3982.0,3985.0,3982.0,3984.5,1452
MOEX:LKOH,2018-03-29T18:26:00+03:00,3984.5,3984.5,3980.0,3981.5,5943
MOEX:LKOH,2018-03-29T18:27:00+03:00,3981.5,3984.0,3981.5,3982.5,1166
MOEX:LKOH,2018-03-29T18:28:00+03:00,3982.5,3984.0,3982.5,3982.5,1553
MOEX:LKOH,2018-03-29T18:29:00+03:00,3982.5,3984.0,3980.5,3984.0,2283
MOEX:LKOH,2018-03-29T18:30:00+03:00,3983.0,3984.0,3981.0,3982.5,1372
MOEX:LKOH,2018-03-29T18:31:00+03:00,3982.5,3984.5,3982.0,3984.0,1387
MOEX:LKOH,2018-03-29T18:32:00+03:00,3984.5,3984.5,3984.0,3984.0,1642
MOEX:LKOH,2018-03-29T18:33:00+03:00,3984.5,3984.5,3984.0,3984.0,1475
MOEX:LKOH,2018-03-29T18:34:00+03:00,3984.0,3985.0,3984.0,3984.0,5545
MOEX:LKOH,2018-03-29T18:35:00+03:00,3984.0,3985.0,3983.0,3983.5,2040
MOEX:LKOH,2018-03-29T18:36:00+03:00,3983.5,3985.0,3982.0,3984.5,3408
MOEX:LKOH,2018-03-29T18:37:00+03:00,3984.0,3985.0,3979.0,3980.0,6663
MOEX:LKOH,2018-03-29T18:38:00+03:00,3981.5,3983.5,3980.5,3982.5,2992
MOEX:LKOH,2018-03-29T18:39:00+03:00,3982.5,3982.5,3980.5,3982.0,4054
MOEX:LKOH,2018-03-29T18:45:00+03:00,3991.5,3991.5,3991.5,3991.5,54134
MOEX:LKOH,2018-03-29T18:46:00+03:00,3991.5,3991.5,3991.5,3991.5,3496
MOEX:LKOH,2018-03-29T18:47:00+03:00,3991.5,3991.5,3991.5,3991.5,14
MOEX:LKOH,2018-03-29T18:48:00+03:00,3991.5,3991.5,3991.5,3991.5,358
MOEX:LKOH,2018-03-29T18:49:00+03:00,3991.5,3991.5,3991.5,3991.5,22
