MOEX:TATN,2021-06-10T10:00:00+03:00,523.1,523.8,522.8,523.5,4463
MOEX:TATN,2021-06-10T10:01:00+03:00,523.3,523.3,522.7,523.3,5518
MOEX:TATN,2021-06-10T10:02:00+03:00,523.3,523.7,523.2,523.2,8607
MOEX:TATN,2021-06-10T10:03:00+03:00,523.2,523.6,523.0,523.3,5162
MOEX:TATN,2021-06-10T10:04:00+03:00,523.3,523.3,523.0,523.1,4233
MOEX:TATN,2021-06-10T10:05:00+03:00,523.1,523.5,522.7,522.8,31564
MOEX:TATN,2021-06-10T10:06:00+03:00,522.7,522.7,521.9,522.1,26681
MOEX:TATN,2021-06-10T10:07:00+03:00,522.1,522.5,521.8,522.3,17086
MOEX:TATN,2021-06-10T10:08:00+03:00,522.6,522.6,522.0,522.4,10095
MOEX:TATN,2021-06-10T10:09:00+03:00,522.2,522.5,522.2,522.2,1981
MOEX:TATN,2021-06-10T10:10:00+03:00,522.2,522.7,522.2,522.7,6826
MOEX:TATN,2021-06-10T10:11:00+03:00,522.8,522.8,522.2,522.2,3679
MOEX:TATN,2021-06-10T10:12:00+03:00,522.1,522.2,521.2,521.3,38709
MOEX:TATN,2021-06-10T10:13:00+03:00,521.3,521.4,520.9,521.2,23439
MOEX:TATN,2021-06-10T10:14:00+03:00,521.4,521.8,521.2,521.3,6114
MOEX:TATN,2021-06-10T10:15:00+03:00,521.3,521.6,521.0,521.5,50665
MOEX:TATN,2021-06-10T10:16:00+03:00,521.4,522.9,521.4,522.9,8003
MOEX:TATN,2021-06-10T10:17:00+03:00,522.9,523.2,522.6,523.2,14233
MOEX:TATN,2021-06-10T10:18:00+03:00,523.2,523.4,523.1,523.4,3630
MOEX:TATN,2021-06-10T10:19:00+03:00,523.4,523.8,523.3,523.6,13108
MOEX:TATN,2021-06-10T10:20:00+03:00,523.7,523.7,523.2,523.5,3789
MOEX:TATN,2021-06-10T10:21:00+03:00,523.4,523.5,523.2,523.4,1909
MOEX:TATN,2021-06-10T10:22:00+03:00,523.3,523.4,523.1,523.1,2026
MOEX:TATN,2021-06-10T10:23:00+03:00,523.3,523.4,523.1,523.3,204
MOEX:TATN,2021-06-10T10:24:00+03:00,523.3,523.4,523.1,523.2,3000
MOEX:TATN,2021-06-10T10:25:00+03:00,523.2,523.5,523.2,523.3,3690
MOEX:TATN,2021-06-10T10:26:00+03:00,523.3,523.3,523.1,523.3,1595
MOEX:TATN,2021-06-10T10:27:00+03:00,523.4,523.4,523.0,523.2,738
MOEX:TATN,2021-06-10T10:28:00+03:00,523.0,523.0,522.6,522.8,6913
MOEX:TATN,2021-06-10T10:29:00+03:00,522.9,522.9,522.7,522.7,2870
MOEX:TATN,2021-06-10T10:30:00+03:00,522.7,522.7,522.6,522.7,1787
MOEX:TATN,2021-06-10T10:31:00+03:00,522.7,522.9,522.7,522.9,1164
MOEX:TATN,2021-06-10T10:32:00+03:00,522.9,523.0,522.8,523.0,158
MOEX:TATN,2021-06-10T10:33:00+03:00,523.0,523.0,522.7,522.8,2439
MOEX:TATN,2021-06-10T10:34:00+03:00,522.7,523.1,522.6,522.8,3346
MOEX:TATN,2021-06-10T10:35:00+03:00,523.1,523.4,522.8,523.2,3877
MOEX:TATN,2021-06-10T10:36:00+03:00,523.4,523.4,523.1,523.4,421
MOEX:TATN,2021-06-10T10:37:00+03:00,523.3,523.7,523.2,523.4,12128
MOEX:TATN,2021-06-10T10:38:00+03:00,523.4,523.4,523.1,523.3,1775
MOEX:TATN,2021-06-10T10:39:00+03:00,523.3,523.3,523.0,523.1,915
MOEX:TATN,2021-06-10T10:40:00+03:00,523.0,523.3,523.0,523.0,4200
MOEX:TATN,2021-06-10T10:41:00+03:00,523.0,523.3,522.8,522.9,2885
MOEX:TATN,2021-06-10T10:42:00+03:00,522.8,522.8,522.6,522.6,5955
MOEX:TATN,2021-06-10T10:43:00+03:00,522.6,522.7,522.5,522.5,6539
MOEX:TATN,2021-06-10T10:44:00+03:00,522.6,522.6,522.4,522.5,9218
MOEX:TATN,2021-06-10T10:45:00+03:00,522.5,522.6,521.9,521.9,25631
MOEX:TATN,2021-06-10T10:46:00+03:00,522.0,522.2,521.7,521.8,11758
MOEX:TATN,2021-06-10T10:47:00+03:00,522.0,522.2,521.5,521.6,57818
MOEX:TATN,2021-06-10T10:48:00+03:00,521.6,521.9,521.3,521.5,18914
MOEX:TATN,2021-06-10T10:49:00+03:00,521.5,521.8,521.4,521.7,11910
MOEX:TATN,2021-06-10T10:50:00+03:00,521.9,522.0,521.5,521.9,12135
MOEX:TATN,2021-06-10T10:51:00+03:00,521.6,522.1,521.5,521.8,20070
MOEX:TATN,2021-06-10T10:52:00+03:00,521.6,521.8,521.6,521.8,3608
MOEX:TATN,2021-06-10T10:53:00+03:00,521.8,521.8,521.7,521.7,6489
MOEX:TATN,2021-06-10T10:54:00+03:00,521.7,521.9,521.5,521.9,8036
MOEX:TATN,2021-06-10T10:55:00+03:00,521.7,521.9,521.3,521.5,27345
MOEX:TATN,2021-06-10T10:56:00+03:00,521.5,521.6,521.4,521.6,5461
MOEX:TATN,2021-06-10T10:57:00+03:00,521.6,521.9,521.4,521.9,2417
MOEX:TATN,2021-06-10T10:58:00+03:00,521.7,521.9,521.7,521.9,1870
MOEX:TATN,2021-06-10T10:59:00+03:00,521.8,522.2,521.8,522.2,12980
MOEX:TATN,2021-06-10T11:00:00+03:00,522.1,522.3,522.0,522.3,4119
MOEX:TATN,2021-06-10T11:01:00+03:00,522.3,522.4,522.0,522.4,4871
MOEX:TATN,2021-06-10T11:02:00+03:00,522.1,522.3,522.1,522.1,3105
MOEX:TATN,2021-06-10T11:03:00+03:00,522.0,522.2,521.8,522.2,2817
MOEX:TATN,2021-06-10T11:04:00+03:00,521.9,522.3,521.9,522.2,387
MOEX:TATN,2021-06-10T11:05:00+03:00,522.2,522.3,522.0,522.3,61
MOEX:TATN,2021-06-10T11:06:00+03:00,522.3,522.5,522.3,522.4,511
MOEX:TATN,2021-06-10T11:07:00+03:00,522.5,523.1,522.4,523.1,8877
MOEX:TATN,2021-06-10T11:08:00+03:00,523.1,523.3,523.1,523.3,2065
MOEX:TATN,2021-06-10T11:09:00+03:00,523.3,523.3,523.1,523.2,2383
MOEX:TATN,2021-06-10T11:10:00+03:00,523.2,523.2,523.1,523.1,1049
MOEX:TATN,2021-06-10T11:11:00+03:00,523.2,523.2,522.9,523.2,3691
MOEX:TATN,2021-06-10T11:12:00+03:00,523.0,523.2,522.9,523.0,2993
MOEX:TATN,2021-06-10T11:13:00+03:00,523.0,523.0,522.8,522.8,912
MOEX:TATN,2021-06-10T11:14:00+03:00,523.0,523.0,522.8,523.0,1076
MOEX:TATN,2021-06-10T11:15:00+03:00,522.9,523.0,522.7,522.8,1482
MOEX:TATN,2021-06-10T11:16:00+03:00,522.7,523.0,522.7,522.7,2562
MOEX:TATN,2021-06-10T11:17:00+03:00,522.8,523.3,522.8,523.3,14142
MOEX:TATN,2021-06-10T11:18:00+03:00,523.4,523.4,522.9,523.2,1990
MOEX:TATN,2021-06-10T11:19:00+03:00,523.2,523.3,522.6,522.7,6230
MOEX:TATN,2021-06-10T11:20:00+03:00,522.7,522.8,522.5,522.8,1139
MOEX:TATN,2021-06-10T11:21:00+03:00,522.7,522.8,521.9,522.3,16471
MOEX:TATN,2021-06-10T11:22:00+03:00,522.3,522.7,522.1,522.4,16961
MOEX:TATN,2021-06-10T11:23:00+03:00,522.7,522.7,522.6,522.7,1843
MOEX:TATN,2021-06-10T11:24:00+03:00,522.7,522.8,522.6,522.7,1021
MOEX:TATN,2021-06-10T11:25:00+03:00,522.7,522.9,522.7,522.8,1533
MOEX:TATN,2021-06-10T11:26:00+03:00,522.8,522.8,522.3,522.3,5146
MOEX:TATN,2021-06-10T11:27:00+03:00,522.4,522.4,522.0,522.3,1307
MOEX:TATN,2021-06-10T11:28:00+03:00,522.3,522.3,521.6,521.9,6066
MOEX:TATN,2021-06-10T11:29:00+03:00,521.9,522.3,521.9,522.0,3196
MOEX:TATN,2021-06-10T11:30:00+03:00,522.0,522.3,522.0,522.0,846
MOEX:TATN,2021-06-10T11:31:00+03:00,522.3,522.3,522.0,522.3,1627
MOEX:TATN,2021-06-10T11:32:00+03:00,522.0,522.7,522.0,522.7,2657
MOEX:TATN,2021-06-10T11:33:00+03:00,522.5,522.5,522.0,522.3,4513
MOEX:TATN,2021-06-10T11:34:00+03:00,522.3,522.4,522.3,522.3,880
MOEX:TATN,2021-06-10T11:35:00+03:00,522.3,522.4,522.3,522.4,153
MOEX:TATN,2021-06-10T11:36:00+03:00,522.3,522.4,522.2,522.3,144
MOEX:TATN,2021-06-10T11:37:00+03:00,522.2,522.4,522.2,522.4,1530
MOEX:TATN,2021-06-10T11:38:00+03:00,522.4,522.4,522.2,522.4,670
MOEX:TATN,2021-06-10T11:39:00+03:00,522.2,522.4,522.2,522.4,271
MOEX:TATN,2021-06-10T11:40:00+03:00,522.4,522.4,522.2,522.4,99
MOEX:TATN,2021-06-10T11:41:00+03:00,522.3,522.3,521.7,521.8,19018
MOEX:TATN,2021-06-10T11:42:00+03:00,522.0,522.2,522.0,522.2,2817
MOEX:TATN,2021-06-10T11:43:00+03:00,522.0,522.3,522.0,522.1,1612
MOEX:TATN,2021-06-10T11:44:00+03:00,522.4,522.4,522.0,522.3,9080
MOEX:TATN,2021-06-10T11:45:00+03:00,522.0,522.2,522.0,522.0,1475
MOEX:TATN,2021-06-10T11:46:00+03:00,522.0,522.0,521.9,521.9,217
MOEX:TATN,2021-06-10T11:47:00+03:00,522.0,522.1,521.9,522.0,849
MOEX:TATN,2021-06-10T11:48:00+03:00,522.0,522.1,521.9,522.1,1548
MOEX:TATN,2021-06-10T11:49:00+03:00,522.0,522.4,522.0,522.3,1244
MOEX:TATN,2021-06-10T11:50:00+03:00,522.3,522.3,522.1,522.1,199
MOEX:TATN,2021-06-10T11:51:00+03:00,522.3,522.5,522.1,522.3,2226
MOEX:TATN,2021-06-10T11:52:00+03:00,522.3,522.7,522.2,522.7,5913
MOEX:TATN,2021-06-10T11:53:00+03:00,522.7,522.8,522.5,522.8,521
MOEX:TATN,2021-06-10T11:54:00+03:00,522.6,522.9,522.6,522.9,3214
MOEX:TATN,2021-06-10T11:55:00+03:00,522.9,522.9,522.5,522.8,3240
MOEX:TATN,2021-06-10T11:56:00+03:00,522.5,522.6,522.3,522.5,764
MOEX:TATN,2021-06-10T11:57:00+03:00,522.5,522.5,522.2,522.4,834
MOEX:TATN,2021-06-10T11:58:00+03:00,522.4,522.5,522.2,522.4,408
MOEX:TATN,2021-06-10T11:59:00+03:00,522.3,523.2,522.3,522.9,6823
MOEX:TATN,2021-06-10T12:00:00+03:00,522.9,523.3,522.7,523.0,5163
MOEX:TATN,2021-06-10T12:01:00+03:00,523.0,523.1,522.7,523.1,5111
MOEX:TATN,2021-06-10T12:02:00+03:00,522.8,522.8,522.3,522.3,9726
MOEX:TATN,2021-06-10T12:03:00+03:00,522.3,522.3,522.3,522.3,1113
MOEX:TATN,2021-06-10T12:04:00+03:00,522.4,522.8,522.4,522.5,1277
MOEX:TATN,2021-06-10T12:05:00+03:00,522.8,522.9,522.6,522.9,2089
MOEX:TATN,2021-06-10T12:06:00+03:00,522.9,522.9,522.7,522.8,2943
MOEX:TATN,2021-06-10T12:07:00+03:00,522.8,522.8,522.7,522.8,214
MOEX:TATN,2021-06-10T12:08:00+03:00,522.8,522.9,522.4,522.8,2646
MOEX:TATN,2021-06-10T12:09:00+03:00,522.8,522.8,522.5,522.8,134
MOEX:TATN,2021-06-10T12:10:00+03:00,522.5,522.8,522.4,522.5,726
MOEX:TATN,2021-06-10T12:11:00+03:00,522.5,522.6,522.4,522.6,715
MOEX:TATN,2021-06-10T12:12:00+03:00,522.4,522.4,522.2,522.2,1736
MOEX:TATN,2021-06-10T12:13:00+03:00,522.3,522.4,522.2,522.4,5601
MOEX:TATN,2021-06-10T12:14:00+03:00,522.4,522.4,522.2,522.2,1661
MOEX:TATN,2021-06-10T12:15:00+03:00,522.2,522.3,522.0,522.0,1325
MOEX:TATN,2021-06-10T12:16:00+03:00,522.0,522.4,522.0,522.4,5545
MOEX:TATN,2021-06-10T12:17:00+03:00,522.5,522.5,522.2,522.4,1316
MOEX:TATN,2021-06-10T12:18:00+03:00,522.3,522.4,522.2,522.4,7057
MOEX:TATN,2021-06-10T12:19:00+03:00,522.4,522.4,522.2,522.4,272
MOEX:TATN,2021-06-10T12:20:00+03:00,522.2,522.3,522.1,522.3,3837
MOEX:TATN,2021-06-10T12:21:00+03:00,522.3,522.3,522.0,522.3,7110
MOEX:TATN,2021-06-10T12:22:00+03:00,522.3,522.3,522.2,522.3,158
MOEX:TATN,2021-06-10T12:23:00+03:00,522.3,522.3,522.2,522.3,207
MOEX:TATN,2021-06-10T12:24:00+03:00,522.2,522.4,522.2,522.3,13560
MOEX:TATN,2021-06-10T12:25:00+03:00,522.4,522.4,522.3,522.4,1534
MOEX:TATN,2021-06-10T12:26:00+03:00,522.5,522.6,522.4,522.5,4802
MOEX:TATN,2021-06-10T12:27:00+03:00,522.5,522.6,522.5,522.6,1907
MOEX:TATN,2021-06-10T12:28:00+03:00,522.3,522.6,522.3,522.3,259
MOEX:TATN,2021-06-10T12:29:00+03:00,522.3,522.4,522.1,522.3,3158
MOEX:TATN,2021-06-10T12:30:00+03:00,522.4,522.4,522.1,522.1,1326
MOEX:TATN,2021-06-10T12:31:00+03:00,522.3,522.6,522.3,522.5,1871
MOEX:TATN,2021-06-10T12:32:00+03:00,522.6,522.8,522.4,522.6,17970
MOEX:TATN,2021-06-10T12:33:00+03:00,522.6,522.8,522.6,522.6,4909
MOEX:TATN,2021-06-10T12:34:00+03:00,522.6,522.8,522.6,522.6,735
MOEX:TATN,2021-06-10T12:35:00+03:00,522.8,522.8,522.6,522.6,1103
MOEX:TATN,2021-06-10T12:36:00+03:00,522.7,522.8,522.5,522.5,599
MOEX:TATN,2021-06-10T12:37:00+03:00,522.8,522.8,522.5,522.8,229
MOEX:TATN,2021-06-10T12:38:00+03:00,522.8,522.8,522.3,522.5,5370
MOEX:TATN,2021-06-10T12:39:00+03:00,522.4,522.7,522.3,522.7,3268
MOEX:TATN,2021-06-10T12:40:00+03:00,522.6,522.7,522.6,522.6,1034
MOEX:TATN,2021-06-10T12:41:00+03:00,522.8,522.8,522.5,522.8,715
MOEX:TATN,2021-06-10T12:42:00+03:00,522.8,522.9,522.8,522.9,1933
MOEX:TATN,2021-06-10T12:43:00+03:00,522.9,523.0,522.7,523.0,489
MOEX:TATN,2021-06-10T12:44:00+03:00,522.7,523.0,522.7,523.0,153
MOEX:TATN,2021-06-10T12:45:00+03:00,522.7,523.0,522.7,522.7,34
MOEX:TATN,2021-06-10T12:46:00+03:00,523.0,523.0,522.7,523.0,4
MOEX:TATN,2021-06-10T12:47:00+03:00,522.7,523.0,522.7,523.0,289
MOEX:TATN,2021-06-10T12:48:00+03:00,522.7,523.0,522.7,522.9,538
MOEX:TATN,2021-06-10T12:49:00+03:00,522.9,522.9,522.8,522.8,1141
MOEX:TATN,2021-06-10T12:50:00+03:00,522.8,522.8,522.6,522.6,5137
MOEX:TATN,2021-06-10T12:51:00+03:00,522.6,522.9,522.6,522.6,1739
MOEX:TATN,2021-06-10T12:52:00+03:00,522.9,523.0,522.7,522.7,4819
MOEX:TATN,2021-06-10T12:53:00+03:00,522.8,523.0,522.7,522.9,58
MOEX:TATN,2021-06-10T12:54:00+03:00,522.9,523.3,522.8,523.3,5260
MOEX:TATN,2021-06-10T12:55:00+03:00,523.0,523.3,523.0,523.0,3152
MOEX:TATN,2021-06-10T12:56:00+03:00,523.2,523.2,523.0,523.2,270
MOEX:TATN,2021-06-10T12:57:00+03:00,523.1,523.2,523.0,523.0,1672
MOEX:TATN,2021-06-10T12:58:00+03:00,523.0,523.2,523.0,523.1,1431
MOEX:TATN,2021-06-10T12:59:00+03:00,523.1,523.1,523.1,523.1,1169
MOEX:TATN,2021-06-10T13:00:00+03:00,523.1,523.3,523.1,523.2,1245
MOEX:TATN,2021-06-10T13:01:00+03:00,523.2,523.3,523.1,523.2,532
MOEX:TATN,2021-06-10T13:02:00+03:00,523.2,523.3,523.1,523.3,1470
MOEX:TATN,2021-06-10T13:03:00+03:00,523.3,523.3,523.1,523.1,220
MOEX:TATN,2021-06-10T13:04:00+03:00,523.1,523.3,523.1,523.3,6
MOEX:TATN,2021-06-10T13:05:00+03:00,523.3,523.3,523.2,523.3,1057
MOEX:TATN,2021-06-10T13:06:00+03:00,523.1,523.3,522.7,522.7,9037
MOEX:TATN,2021-06-10T13:07:00+03:00,522.7,523.1,522.7,523.0,3021
MOEX:TATN,2021-06-10T13:08:00+03:00,522.8,523.2,522.8,523.2,1852
MOEX:TATN,2021-06-10T13:09:00+03:00,523.1,523.3,522.9,523.1,3240
MOEX:TATN,2021-06-10T13:10:00+03:00,523.1,523.1,522.7,522.8,2433
MOEX:TATN,2021-06-10T13:11:00+03:00,522.9,523.1,522.9,523.0,1432
MOEX:TATN,2021-06-10T13:12:00+03:00,523.0,523.1,522.9,522.9,761
MOEX:TATN,2021-06-10T13:13:00+03:00,523.1,523.1,522.9,523.0,311
MOEX:TATN,2021-06-10T13:14:00+03:00,523.0,523.0,522.9,523.0,120
MOEX:TATN,2021-06-10T13:15:00+03:00,522.9,523.3,522.9,523.2,3548
MOEX:TATN,2021-06-10T13:16:00+03:00,523.2,523.3,522.8,523.0,3013
MOEX:TATN,2021-06-10T13:17:00+03:00,523.1,523.1,523.1,523.1,790
MOEX:TATN,2021-06-10T13:18:00+03:00,523.1,523.1,523.0,523.0,266
MOEX:TATN,2021-06-10T13:19:00+03:00,522.9,523.1,522.9,522.9,527
MOEX:TATN,2021-06-10T13:20:00+03:00,522.9,523.0,522.8,523.0,3256
MOEX:TATN,2021-06-10T13:21:00+03:00,522.8,522.9,522.8,522.8,7330
MOEX:TATN,2021-06-10T13:22:00+03:00,522.9,523.1,522.7,523.0,1881
MOEX:TATN,2021-06-10T13:23:00+03:00,523.0,523.1,522.8,523.0,703
MOEX:TATN,2021-06-10T13:24:00+03:00,523.1,523.1,522.7,522.9,73
MOEX:TATN,2021-06-10T13:25:00+03:00,522.7,522.9,522.7,522.9,1354
MOEX:TATN,2021-06-10T13:26:00+03:00,523.0,523.1,522.8,522.8,1395
MOEX:TATN,2021-06-10T13:27:00+03:00,523.0,523.0,522.8,522.8,260
MOEX:TATN,2021-06-10T13:28:00+03:00,522.8,522.9,522.7,522.9,263
MOEX:TATN,2021-06-10T13:29:00+03:00,522.8,523.0,522.7,522.9,1274
MOEX:TATN,2021-06-10T13:30:00+03:00,522.8,523.0,522.7,522.9,2015
MOEX:TATN,2021-06-10T13:31:00+03:00,522.7,523.0,522.7,523.0,742
MOEX:TATN,2021-06-10T13:32:00+03:00,522.8,522.8,522.7,522.7,1244
MOEX:TATN,2021-06-10T13:33:00+03:00,522.7,522.8,522.7,522.8,612
MOEX:TATN,2021-06-10T13:34:00+03:00,522.8,522.9,522.7,522.9,1477
MOEX:TATN,2021-06-10T13:35:00+03:00,522.7,522.9,522.7,522.9,288
MOEX:TATN,2021-06-10T13:36:00+03:00,522.7,522.9,522.7,522.7,648
MOEX:TATN,2021-06-10T13:37:00+03:00,522.8,522.8,522.7,522.7,631
MOEX:TATN,2021-06-10T13:38:00+03:00,522.7,523.0,522.5,522.8,12939
MOEX:TATN,2021-06-10T13:39:00+03:00,522.6,523.0,522.6,522.9,2362
MOEX:TATN,2021-06-10T13:40:00+03:00,522.8,523.0,522.7,522.7,6098
MOEX:TATN,2021-06-10T13:41:00+03:00,522.7,522.8,522.6,522.7,2105
MOEX:TATN,2021-06-10T13:42:00+03:00,522.7,522.8,522.7,522.8,408
MOEX:TATN,2021-06-10T13:43:00+03:00,522.8,522.8,522.7,522.7,531
MOEX:TATN,2021-06-10T13:44:00+03:00,522.7,522.7,522.5,522.6,2142
MOEX:TATN,2021-06-10T13:45:00+03:00,522.7,522.7,522.7,522.7,11
MOEX:TATN,2021-06-10T13:46:00+03:00,522.7,522.7,522.3,522.3,10085
MOEX:TATN,2021-06-10T13:47:00+03:00,522.3,522.7,522.3,522.5,14142
MOEX:TATN,2021-06-10T13:48:00+03:00,522.5,522.5,522.4,522.4,2096
MOEX:TATN,2021-06-10T13:49:00+03:00,522.5,522.5,522.5,522.5,2199
MOEX:TATN,2021-06-10T13:50:00+03:00,522.4,522.7,522.4,522.7,11913
MOEX:TATN,2021-06-10T13:51:00+03:00,522.6,522.6,522.5,522.5,2837
MOEX:TATN,2021-06-10T13:52:00+03:00,522.6,522.6,522.4,522.4,461
MOEX:TATN,2021-06-10T13:53:00+03:00,522.5,522.5,522.3,522.5,15477
MOEX:TATN,2021-06-10T13:54:00+03:00,522.3,522.5,522.3,522.5,988
MOEX:TATN,2021-06-10T13:55:00+03:00,522.3,522.5,522.3,522.5,522
MOEX:TATN,2021-06-10T13:56:00+03:00,522.5,522.7,522.5,522.5,4486
MOEX:TATN,2021-06-10T13:57:00+03:00,522.5,522.7,522.5,522.5,107
MOEX:TATN,2021-06-10T13:58:00+03:00,522.7,522.7,522.3,522.3,4291
MOEX:TATN,2021-06-10T13:59:00+03:00,522.3,522.5,522.3,522.3,370
MOEX:TATN,2021-06-10T14:00:00+03:00,522.3,522.5,522.3,522.5,6764
MOEX:TATN,2021-06-10T14:01:00+03:00,522.5,522.8,522.5,522.8,5333
MOEX:TATN,2021-06-10T14:02:00+03:00,522.9,522.9,522.9,522.9,1050
MOEX:TATN,2021-06-10T14:03:00+03:00,522.9,522.9,522.8,522.9,113
MOEX:TATN,2021-06-10T14:04:00+03:00,522.8,522.9,522.8,522.9,10337
MOEX:TATN,2021-06-10T14:05:00+03:00,522.8,522.9,522.8,522.8,78778
MOEX:TATN,2021-06-10T14:06:00+03:00,522.8,523.2,522.8,522.9,56167
MOEX:TATN,2021-06-10T14:07:00+03:00,522.8,522.9,522.8,522.8,11363
MOEX:TATN,2021-06-10T14:08:00+03:00,522.9,523.1,522.8,522.8,21988
MOEX:TATN,2021-06-10T14:09:00+03:00,522.8,523.0,522.8,523.0,1750
MOEX:TATN,2021-06-10T14:10:00+03:00,523.0,523.0,522.9,522.9,3392
MOEX:TATN,2021-06-10T14:11:00+03:00,522.9,523.2,522.8,522.8,5823
MOEX:TATN,2021-06-10T14:12:00+03:00,522.8,523.0,522.8,522.9,4848
MOEX:TATN,2021-06-10T14:13:00+03:00,522.9,523.0,522.8,523.0,37932
MOEX:TATN,2021-06-10T14:14:00+03:00,523.0,523.0,522.8,522.8,2512
MOEX:TATN,2021-06-10T14:15:00+03:00,522.8,523.0,522.8,522.8,729
MOEX:TATN,2021-06-10T14:16:00+03:00,522.8,523.0,522.8,522.8,23
MOEX:TATN,2021-06-10T14:17:00+03:00,522.8,523.0,522.8,522.8,3814
MOEX:TATN,2021-06-10T14:18:00+03:00,522.8,523.0,522.8,522.9,1301
MOEX:TATN,2021-06-10T14:19:00+03:00,522.9,523.0,522.9,523.0,439
MOEX:TATN,2021-06-10T14:20:00+03:00,522.9,523.1,522.8,523.1,20773
MOEX:TATN,2021-06-10T14:21:00+03:00,523.0,523.0,522.8,522.9,791
MOEX:TATN,2021-06-10T14:22:00+03:00,522.9,523.1,522.9,522.9,942
MOEX:TATN,2021-06-10T14:23:00+03:00,523.1,523.1,523.0,523.0,514
MOEX:TATN,2021-06-10T14:24:00+03:00,523.0,523.0,522.8,523.0,2727
MOEX:TATN,2021-06-10T14:25:00+03:00,523.0,523.0,522.8,522.9,4305
MOEX:TATN,2021-06-10T14:26:00+03:00,523.0,523.0,522.8,522.8,723
MOEX:TATN,2021-06-10T14:27:00+03:00,522.8,523.1,522.8,523.1,6749
MOEX:TATN,2021-06-10T14:28:00+03:00,523.1,523.1,523.0,523.0,684
MOEX:TATN,2021-06-10T14:29:00+03:00,523.0,523.0,522.8,523.0,7300
MOEX:TATN,2021-06-10T14:30:00+03:00,523.0,523.0,522.8,522.8,5996
MOEX:TATN,2021-06-10T14:31:00+03:00,522.8,523.0,522.8,522.8,1824
MOEX:TATN,2021-06-10T14:32:00+03:00,522.8,523.0,522.8,523.0,6685
MOEX:TATN,2021-06-10T14:33:00+03:00,523.0,523.0,522.8,522.9,469
MOEX:TATN,2021-06-10T14:34:00+03:00,522.9,522.9,521.9,522.4,118175
MOEX:TATN,2021-06-10T14:35:00+03:00,522.1,522.7,522.1,522.7,2582
MOEX:TATN,2021-06-10T14:36:00+03:00,522.7,522.8,522.5,522.5,1330
MOEX:TATN,2021-06-10T14:37:00+03:00,522.5,522.6,522.5,522.5,924
MOEX:TATN,2021-06-10T14:38:00+03:00,522.5,522.6,522.5,522.5,319
MOEX:TATN,2021-06-10T14:39:00+03:00,522.6,522.7,522.6,522.7,1262
MOEX:TATN,2021-06-10T14:40:00+03:00,522.7,523.0,522.7,522.8,6589
MOEX:TATN,2021-06-10T14:41:00+03:00,523.0,523.0,522.8,522.8,4648
MOEX:TATN,2021-06-10T14:42:00+03:00,522.8,523.1,522.8,522.8,1002
MOEX:TATN,2021-06-10T14:43:00+03:00,523.0,523.0,522.8,522.8,1920
MOEX:TATN,2021-06-10T14:44:00+03:00,522.9,522.9,522.6,522.7,12170
MOEX:TATN,2021-06-10T14:45:00+03:00,522.7,523.0,522.5,522.9,13639
MOEX:TATN,2021-06-10T14:46:00+03:00,523.0,523.2,523.0,523.0,3790
MOEX:TATN,2021-06-10T14:47:00+03:00,523.2,523.2,523.0,523.2,37
MOEX:TATN,2021-06-10T14:48:00+03:00,523.2,523.2,523.0,523.2,321
MOEX:TATN,2021-06-10T14:49:00+03:00,523.0,523.2,522.9,522.9,1554
MOEX:TATN,2021-06-10T14:50:00+03:00,523.0,523.3,523.0,523.2,6192
MOEX:TATN,2021-06-10T14:51:00+03:00,522.9,523.2,522.9,523.1,4390
MOEX:TATN,2021-06-10T14:52:00+03:00,522.9,523.2,522.9,523.2,4746
MOEX:TATN,2021-06-10T14:53:00+03:00,523.2,523.2,523.0,523.0,246
MOEX:TATN,2021-06-10T14:54:00+03:00,523.1,523.1,522.8,522.8,3561
MOEX:TATN,2021-06-10T14:55:00+03:00,523.0,523.0,522.8,523.0,73
MOEX:TATN,2021-06-10T14:56:00+03:00,522.8,523.0,522.7,522.7,654
MOEX:TATN,2021-06-10T14:57:00+03:00,522.7,522.8,522.7,522.8,698
MOEX:TATN,2021-06-10T14:58:00+03:00,522.8,522.8,522.8,522.8,489
MOEX:TATN,2021-06-10T14:59:00+03:00,522.8,522.8,522.5,522.6,2976
MOEX:TATN,2021-06-10T15:00:00+03:00,522.6,522.6,522.5,522.5,122
MOEX:TATN,2021-06-10T15:01:00+03:00,522.7,522.7,522.5,522.7,11
MOEX:TATN,2021-06-10T15:02:00+03:00,522.7,522.7,522.5,522.5,597
MOEX:TATN,2021-06-10T15:03:00+03:00,522.7,522.9,522.7,522.9,970
MOEX:TATN,2021-06-10T15:04:00+03:00,522.7,523.0,522.7,523.0,2257
MOEX:TATN,2021-06-10T15:05:00+03:00,522.9,523.0,522.9,522.9,1265
MOEX:TATN,2021-06-10T15:06:00+03:00,523.0,523.0,523.0,523.0,285
MOEX:TATN,2021-06-10T15:07:00+03:00,523.0,523.1,522.8,523.1,1969
MOEX:TATN,2021-06-10T15:08:00+03:00,523.1,523.1,522.7,522.7,278
MOEX:TATN,2021-06-10T15:09:00+03:00,522.7,522.9,522.7,522.7,819
MOEX:TATN,2021-06-10T15:10:00+03:00,522.7,522.8,522.7,522.8,449
MOEX:TATN,2021-06-10T15:11:00+03:00,522.9,523.0,522.7,523.0,2182
MOEX:TATN,2021-06-10T15:12:00+03:00,523.0,523.1,522.8,523.1,612
MOEX:TATN,2021-06-10T15:13:00+03:00,523.1,523.2,523.1,523.1,25
MOEX:TATN,2021-06-10T15:14:00+03:00,523.2,523.2,523.1,523.2,945
MOEX:TATN,2021-06-10T15:15:00+03:00,523.1,523.2,523.0,523.2,399
MOEX:TATN,2021-06-10T15:16:00+03:00,523.2,523.2,523.0,523.1,321
MOEX:TATN,2021-06-10T15:17:00+03:00,523.1,523.2,523.0,523.2,4888
MOEX:TATN,2021-06-10T15:18:00+03:00,523.1,523.2,522.8,523.1,55027
MOEX:TATN,2021-06-10T15:19:00+03:00,523.1,523.1,523.0,523.1,958
MOEX:TATN,2021-06-10T15:20:00+03:00,523.0,523.1,522.9,522.9,6773
MOEX:TATN,2021-06-10T15:21:00+03:00,523.0,523.1,522.9,523.0,132
MOEX:TATN,2021-06-10T15:22:00+03:00,523.0,523.1,522.9,523.0,216
MOEX:TATN,2021-06-10T15:23:00+03:00,523.0,523.0,523.0,523.0,1339
MOEX:TATN,2021-06-10T15:24:00+03:00,523.0,523.0,522.9,522.9,2915
MOEX:TATN,2021-06-10T15:25:00+03:00,523.0,523.2,522.8,522.9,7376
MOEX:TATN,2021-06-10T15:26:00+03:00,522.9,523.0,522.8,522.9,962
MOEX:TATN,2021-06-10T15:27:00+03:00,522.9,523.0,522.8,523.0,93
MOEX:TATN,2021-06-10T15:28:00+03:00,522.9,523.0,522.8,523.0,891
MOEX:TATN,2021-06-10T15:29:00+03:00,523.0,523.0,522.8,522.9,4092
MOEX:TATN,2021-06-10T15:30:00+03:00,523.0,523.2,522.8,522.8,8299
MOEX:TATN,2021-06-10T15:31:00+03:00,522.9,523.0,522.3,522.6,16207
MOEX:TATN,2021-06-10T15:32:00+03:00,522.5,522.9,522.5,522.5,1334
MOEX:TATN,2021-06-10T15:33:00+03:00,522.5,522.8,522.3,522.6,18103
MOEX:TATN,2021-06-10T15:34:00+03:00,522.4,522.9,522.3,522.7,6271
MOEX:TATN,2021-06-10T15:35:00+03:00,522.5,523.1,522.5,523.0,23370
MOEX:TATN,2021-06-10T15:36:00+03:00,522.6,522.8,522.5,522.8,2247
MOEX:TATN,2021-06-10T15:37:00+03:00,522.5,522.8,522.5,522.8,4125
MOEX:TATN,2021-06-10T15:38:00+03:00,522.5,522.8,522.1,522.2,6242
MOEX:TATN,2021-06-10T15:39:00+03:00,522.3,522.7,522.3,522.4,9831
MOEX:TATN,2021-06-10T15:40:00+03:00,522.4,522.7,522.3,522.4,3075
MOEX:TATN,2021-06-10T15:41:00+03:00,522.4,522.7,522.4,522.5,4657
MOEX:TATN,2021-06-10T15:42:00+03:00,522.5,522.7,522.4,522.7,2760
MOEX:TATN,2021-06-10T15:43:00+03:00,522.4,522.9,521.7,522.0,93835
MOEX:TATN,2021-06-10T15:44:00+03:00,522.0,522.4,521.8,522.4,15136
MOEX:TATN,2021-06-10T15:45:00+03:00,522.2,522.4,522.0,522.2,6055
MOEX:TATN,2021-06-10T15:46:00+03:00,522.2,522.4,522.1,522.4,2834
MOEX:TATN,2021-06-10T15:47:00+03:00,522.4,522.4,522.1,522.3,519
MOEX:TATN,2021-06-10T15:48:00+03:00,522.3,522.4,522.0,522.4,2949
MOEX:TATN,2021-06-10T15:49:00+03:00,522.4,522.5,522.1,522.3,5131
MOEX:TATN,2021-06-10T15:50:00+03:00,522.5,522.7,522.3,522.7,738
MOEX:TATN,2021-06-10T15:51:00+03:00,522.7,522.7,522.3,522.5,737
MOEX:TATN,2021-06-10T15:52:00+03:00,522.5,522.5,522.3,522.3,2157
MOEX:TATN,2021-06-10T15:53:00+03:00,522.3,522.3,522.0,522.1,5181
MOEX:TATN,2021-06-10T15:54:00+03:00,522.1,522.1,521.2,521.5,41297
MOEX:TATN,2021-06-10T15:55:00+03:00,521.4,521.7,521.4,521.7,3551
MOEX:TATN,2021-06-10T15:56:00+03:00,521.7,522.0,521.5,521.7,4806
MOEX:TATN,2021-06-10T15:57:00+03:00,522.0,522.0,521.5,521.8,11504
MOEX:TATN,2021-06-10T15:58:00+03:00,521.8,521.9,521.7,521.9,1025
MOEX:TATN,2021-06-10T15:59:00+03:00,521.9,521.9,521.7,521.9,2432
MOEX:TATN,2021-06-10T16:00:00+03:00,521.7,521.9,521.7,521.7,1153
MOEX:TATN,2021-06-10T16:01:00+03:00,521.7,521.8,521.7,521.8,934
MOEX:TATN,2021-06-10T16:02:00+03:00,521.9,522.1,521.9,521.9,1756
MOEX:TATN,2021-06-10T16:03:00+03:00,522.1,522.4,522.0,522.1,5275
MOEX:TATN,2021-06-10T16:04:00+03:00,522.1,522.1,521.5,521.5,47810
MOEX:TATN,2021-06-10T16:05:00+03:00,521.6,522.0,521.5,521.9,2894
MOEX:TATN,2021-06-10T16:06:00+03:00,521.9,522.6,521.9,522.5,6271
MOEX:TATN,2021-06-10T16:07:00+03:00,522.3,522.7,522.3,522.7,6768
MOEX:TATN,2021-06-10T16:08:00+03:00,522.6,522.7,522.5,522.7,40
MOEX:TATN,2021-06-10T16:09:00+03:00,522.7,522.7,522.6,522.6,131
MOEX:TATN,2021-06-10T16:10:00+03:00,522.7,522.8,522.1,522.1,4763
MOEX:TATN,2021-06-10T16:11:00+03:00,522.2,522.6,522.1,522.6,1914
MOEX:TATN,2021-06-10T16:12:00+03:00,522.6,522.6,522.4,522.6,489
MOEX:TATN,2021-06-10T16:13:00+03:00,522.4,522.4,522.1,522.1,1616
MOEX:TATN,2021-06-10T16:14:00+03:00,522.1,522.4,521.9,522.4,31699
MOEX:TATN,2021-06-10T16:15:00+03:00,522.4,522.4,521.7,521.7,14645
MOEX:TATN,2021-06-10T16:16:00+03:00,521.7,522.2,521.6,522.1,29730
MOEX:TATN,2021-06-10T16:17:00+03:00,522.1,522.8,522.1,522.8,2121
MOEX:TATN,2021-06-10T16:18:00+03:00,522.8,522.8,522.5,522.6,1170
MOEX:TATN,2021-06-10T16:19:00+03:00,522.8,523.5,522.6,523.1,100971
MOEX:TATN,2021-06-10T16:20:00+03:00,523.2,523.6,523.0,523.3,17280
MOEX:TATN,2021-06-10T16:21:00+03:00,523.3,523.3,522.6,523.1,3605
MOEX:TATN,2021-06-10T16:22:00+03:00,523.1,523.2,522.7,523.2,2180
MOEX:TATN,2021-06-10T16:23:00+03:00,523.2,523.5,523.1,523.3,3795
MOEX:TATN,2021-06-10T16:24:00+03:00,523.4,523.5,523.1,523.4,2577
MOEX:TATN,2021-06-10T16:25:00+03:00,523.4,523.4,522.7,522.7,9868
MOEX:TATN,2021-06-10T16:26:00+03:00,522.7,523.2,522.7,523.2,1707
MOEX:TATN,2021-06-10T16:27:00+03:00,523.1,523.3,522.9,522.9,2946
MOEX:TATN,2021-06-10T16:28:00+03:00,523.0,523.2,522.9,523.2,790
MOEX:TATN,2021-06-10T16:29:00+03:00,523.2,523.2,522.9,523.1,931
MOEX:TATN,2021-06-10T16:30:00+03:00,523.1,523.2,522.9,523.0,1744
MOEX:TATN,2021-06-10T16:31:00+03:00,522.9,523.1,522.4,522.7,6009
MOEX:TATN,2021-06-10T16:32:00+03:00,522.7,523.0,522.6,523.0,468
MOEX:TATN,2021-06-10T16:33:00+03:00,522.7,522.9,522.6,522.6,1310
MOEX:TATN,2021-06-10T16:34:00+03:00,522.4,522.8,522.4,522.6,533
MOEX:TATN,2021-06-10T16:35:00+03:00,522.9,522.9,522.4,522.7,6526
MOEX:TATN,2021-06-10T16:36:00+03:00,522.7,523.0,522.4,522.7,946
MOEX:TATN,2021-06-10T16:37:00+03:00,522.7,522.9,522.7,522.9,1065
MOEX:TATN,2021-06-10T16:38:00+03:00,523.0,523.4,522.7,523.4,4026
MOEX:TATN,2021-06-10T16:39:00+03:00,523.2,523.4,523.0,523.2,7354
MOEX:TATN,2021-06-10T16:40:00+03:00,523.0,523.4,523.0,523.2,8454
MOEX:TATN,2021-06-10T16:41:00+03:00,523.1,523.2,522.9,523.0,11423
MOEX:TATN,2021-06-10T16:42:00+03:00,523.0,523.3,522.9,522.9,2445
MOEX:TATN,2021-06-10T16:43:00+03:00,523.1,523.3,522.9,523.0,3910
MOEX:TATN,2021-06-10T16:44:00+03:00,523.0,523.4,522.9,523.4,9046
MOEX:TATN,2021-06-10T16:45:00+03:00,523.5,524.3,523.4,524.2,25530
MOEX:TATN,2021-06-10T16:46:00+03:00,524.1,524.4,524.1,524.2,16085
MOEX:TATN,2021-06-10T16:47:00+03:00,524.0,524.2,523.7,523.8,7268
MOEX:TATN,2021-06-10T16:48:00+03:00,524.0,524.2,523.5,523.5,2633
MOEX:TATN,2021-06-10T16:49:00+03:00,523.5,524.0,523.3,523.9,7383
MOEX:TATN,2021-06-10T16:50:00+03:00,523.9,524.0,523.7,523.7,1160
MOEX:TATN,2021-06-10T16:51:00+03:00,523.7,524.0,523.7,524.0,3287
MOEX:TATN,2021-06-10T16:52:00+03:00,523.9,523.9,523.7,523.9,1413
MOEX:TATN,2021-06-10T16:53:00+03:00,523.7,523.8,523.7,523.8,1390
MOEX:TATN,2021-06-10T16:54:00+03:00,523.7,523.9,523.0,523.3,16478
MOEX:TATN,2021-06-10T16:55:00+03:00,523.3,523.3,523.0,523.3,2533
MOEX:TATN,2021-06-10T16:56:00+03:00,523.3,523.7,523.0,523.6,5655
MOEX:TATN,2021-06-10T16:57:00+03:00,523.4,524.0,523.4,523.8,1422
MOEX:TATN,2021-06-10T16:58:00+03:00,523.8,524.0,523.7,523.7,870
MOEX:TATN,2021-06-10T16:59:00+03:00,523.7,523.9,523.4,523.6,17538
MOEX:TATN,2021-06-10T17:00:00+03:00,523.6,523.8,523.3,523.4,4869
MOEX:TATN,2021-06-10T17:01:00+03:00,523.5,523.6,523.0,523.6,6649
MOEX:TATN,2021-06-10T17:02:00+03:00,523.6,523.6,523.1,523.5,1730
MOEX:TATN,2021-06-10T17:03:00+03:00,523.1,523.4,522.8,523.1,4505
MOEX:TATN,2021-06-10T17:04:00+03:00,523.4,523.5,522.9,523.2,9140
MOEX:TATN,2021-06-10T17:05:00+03:00,523.2,523.5,522.9,523.2,3196
MOEX:TATN,2021-06-10T17:06:00+03:00,523.0,523.2,522.8,523.1,2009
MOEX:TATN,2021-06-10T17:07:00+03:00,523.1,523.3,522.6,522.9,14613
MOEX:TATN,2021-06-10T17:08:00+03:00,522.6,523.1,522.6,523.1,3427
MOEX:TATN,2021-06-10T17:09:00+03:00,523.0,523.3,522.8,523.0,5452
MOEX:TATN,2021-06-10T17:10:00+03:00,523.1,523.4,522.7,522.7,6198
MOEX:TATN,2021-06-10T17:11:00+03:00,522.8,523.1,522.7,523.0,3124
MOEX:TATN,2021-06-10T17:12:00+03:00,522.8,523.0,522.5,522.9,5292
MOEX:TATN,2021-06-10T17:13:00+03:00,522.7,522.8,522.6,522.6,3400
MOEX:TATN,2021-06-10T17:14:00+03:00,522.6,523.0,522.5,522.5,951
MOEX:TATN,2021-06-10T17:15:00+03:00,522.9,523.0,522.6,522.6,2167
MOEX:TATN,2021-06-10T17:16:00+03:00,523.0,523.0,522.6,522.6,13
MOEX:TATN,2021-06-10T17:17:00+03:00,522.6,522.9,522.5,522.5,2606
MOEX:TATN,2021-06-10T17:18:00+03:00,522.7,522.9,522.6,522.7,31800
MOEX:TATN,2021-06-10T17:19:00+03:00,522.6,523.0,522.6,522.9,7789
MOEX:TATN,2021-06-10T17:20:00+03:00,522.7,523.0,522.3,522.6,8947
MOEX:TATN,2021-06-10T17:21:00+03:00,522.7,522.7,522.1,522.5,4679
MOEX:TATN,2021-06-10T17:22:00+03:00,522.3,523.1,522.1,523.1,6048
MOEX:TATN,2021-06-10T17:23:00+03:00,523.1,523.2,522.8,523.1,2521
MOEX:TATN,2021-06-10T17:24:00+03:00,523.2,523.5,523.2,523.5,1124
MOEX:TATN,2021-06-10T17:25:00+03:00,523.5,523.5,523.3,523.3,7238
MOEX:TATN,2021-06-10T17:26:00+03:00,523.5,523.6,523.1,523.5,2446
MOEX:TATN,2021-06-10T17:27:00+03:00,523.3,523.5,523.3,523.5,23
MOEX:TATN,2021-06-10T17:28:00+03:00,523.5,523.6,523.3,523.3,1556
MOEX:TATN,2021-06-10T17:29:00+03:00,523.6,523.6,523.5,523.5,1818
MOEX:TATN,2021-06-10T17:30:00+03:00,523.5,523.6,523.2,523.4,3946
MOEX:TATN,2021-06-10T17:31:00+03:00,523.5,523.6,523.2,523.4,3099
MOEX:TATN,2021-06-10T17:32:00+03:00,523.3,523.4,523.1,523.4,1212
MOEX:TATN,2021-06-10T17:33:00+03:00,523.3,523.5,523.2,523.5,2870
MOEX:TATN,2021-06-10T17:34:00+03:00,523.5,523.5,522.9,522.9,3989
MOEX:TATN,2021-06-10T17:35:00+03:00,523.2,523.4,523.0,523.3,2417
MOEX:TATN,2021-06-10T17:36:00+03:00,523.3,523.3,523.1,523.3,68
MOEX:TATN,2021-06-10T17:37:00+03:00,523.3,523.3,522.8,523.1,4664
MOEX:TATN,2021-06-10T17:38:00+03:00,523.0,523.1,522.5,522.6,9736
MOEX:TATN,2021-06-10T17:39:00+03:00,522.6,522.8,522.4,522.4,8114
MOEX:TATN,2021-06-10T17:40:00+03:00,522.3,522.6,522.3,522.5,4334
MOEX:TATN,2021-06-10T17:41:00+03:00,522.3,522.8,522.3,522.8,3838
MOEX:TATN,2021-06-10T17:42:00+03:00,522.9,523.0,522.2,522.6,12643
MOEX:TATN,2021-06-10T17:43:00+03:00,522.6,522.8,522.0,522.8,37558
MOEX:TATN,2021-06-10T17:44:00+03:00,522.8,522.9,522.8,522.9,2649
MOEX:TATN,2021-06-10T17:45:00+03:00,522.8,522.9,521.9,522.4,28049
MOEX:TATN,2021-06-10T17:46:00+03:00,522.7,522.9,522.4,522.9,1210
MOEX:TATN,2021-06-10T17:47:00+03:00,522.9,522.9,522.5,522.6,1617
MOEX:TATN,2021-06-10T17:48:00+03:00,522.6,522.8,522.3,522.6,6456
MOEX:TATN,2021-06-10T17:49:00+03:00,522.8,522.8,522.6,522.6,219
MOEX:TATN,2021-06-10T17:50:00+03:00,522.8,522.8,522.1,522.5,23063
MOEX:TATN,2021-06-10T17:51:00+03:00,522.2,522.6,522.2,522.6,38
MOEX:TATN,2021-06-10T17:52:00+03:00,522.6,522.6,522.2,522.4,2683
MOEX:TATN,2021-06-10T17:53:00+03:00,522.4,522.5,522.2,522.3,2772
MOEX:TATN,2021-06-10T17:54:00+03:00,522.5,522.5,522.1,522.3,10118
MOEX:TATN,2021-06-10T17:55:00+03:00,522.1,522.1,520.7,521.3,287518
MOEX:TATN,2021-06-10T17:56:00+03:00,521.5,521.7,519.8,520.1,57387
MOEX:TATN,2021-06-10T17:57:00+03:00,520.0,520.8,520.0,520.4,24962
MOEX:TATN,2021-06-10T17:58:00+03:00,520.2,521.0,520.2,520.3,19249
MOEX:TATN,2021-06-10T17:59:00+03:00,520.4,520.5,520.2,520.5,3862
MOEX:TATN,2021-06-10T18:00:00+03:00,520.4,520.5,518.8,519.0,52904
MOEX:TATN,2021-06-10T18:01:00+03:00,519.0,519.6,518.7,519.6,13549
MOEX:TATN,2021-06-10T18:02:00+03:00,519.4,519.8,519.3,519.5,10125
MOEX:TATN,2021-06-10T18:03:00+03:00,519.5,519.7,519.5,519.5,2326
MOEX:TATN,2021-06-10T18:04:00+03:00,519.5,519.7,519.2,519.2,8237
MOEX:TATN,2021-06-10T18:05:00+03:00,519.2,519.4,519.0,519.2,5434
MOEX:TATN,2021-06-10T18:06:00+03:00,519.2,519.7,519.2,519.6,6687
MOEX:TATN,2021-06-10T18:07:00+03:00,519.6,519.6,518.9,519.3,24747
MOEX:TATN,2021-06-10T18:08:00+03:00,519.3,519.4,518.9,519.3,16738
MOEX:TATN,2021-06-10T18:09:00+03:00,519.4,519.7,519.4,519.6,10736
MOEX:TATN,2021-06-10T18:10:00+03:00,519.7,519.8,519.5,519.8,7693
MOEX:TATN,2021-06-10T18:11:00+03:00,519.8,520.1,519.6,520.1,5792
MOEX:TATN,2021-06-10T18:12:00+03:00,520.1,520.3,520.1,520.3,4438
MOEX:TATN,2021-06-10T18:13:00+03:00,520.2,520.3,520.1,520.1,2495
MOEX:TATN,2021-06-10T18:14:00+03:00,520.1,520.1,519.5,520.1,7110
MOEX:TATN,2021-06-10T18:15:00+03:00,520.1,520.3,520.0,520.2,3213
MOEX:TATN,2021-06-10T18:16:00+03:00,520.3,520.3,520.0,520.3,2477
MOEX:TATN,2021-06-10T18:17:00+03:00,520.4,520.5,520.3,520.4,3119
MOEX:TATN,2021-06-10T18:18:00+03:00,520.5,521.0,520.1,520.5,19090
MOEX:TATN,2021-06-10T18:19:00+03:00,520.5,520.5,520.1,520.2,2157
MOEX:TATN,2021-06-10T18:20:00+03:00,520.2,520.4,520.0,520.2,8050
MOEX:TATN,2021-06-10T18:21:00+03:00,520.3,520.3,520.0,520.2,4727
MOEX:TATN,2021-06-10T18:22:00+03:00,519.9,520.2,519.7,519.8,9238
MOEX:TATN,2021-06-10T18:23:00+03:00,519.8,520.2,519.8,520.2,13015
MOEX:TATN,2021-06-10T18:24:00+03:00,520.1,520.5,519.9,520.4,13286
MOEX:TATN,2021-06-10T18:25:00+03:00,520.4,520.6,520.0,520.6,9934
MOEX:TATN,2021-06-10T18:26:00+03:00,520.4,520.5,520.0,520.4,7388
MOEX:TATN,2021-06-10T18:27:00+03:00,520.4,520.5,520.1,520.2,2432
MOEX:TATN,2021-06-10T18:28:00+03:00,520.4,520.5,520.0,520.3,10077
MOEX:TATN,2021-06-10T18:29:00+03:00,520.0,520.5,520.0,520.4,18084
MOEX:TATN,2021-06-10T18:30:00+03:00,520.4,520.7,520.1,520.5,6884
MOEX:TATN,2021-06-10T18:31:00+03:00,520.5,520.5,520.2,520.4,6850
MOEX:TATN,2021-06-10T18:32:00+03:00,520.5,520.6,520.2,520.5,4491
MOEX:TATN,2021-06-10T18:33:00+03:00,520.3,520.7,520.1,520.7,14100
MOEX:TATN,2021-06-10T18:34:00+03:00,520.5,520.8,520.5,520.8,3496
MOEX:TATN,2021-06-10T18:35:00+03:00,520.8,520.9,520.6,520.9,3673
MOEX:TATN,2021-06-10T18:36:00+03:00,520.9,521.0,520.7,520.9,1635
MOEX:TATN,2021-06-10T18:37:00+03:00,521.0,521.0,520.4,520.8,20698
MOEX:TATN,2021-06-10T18:38:00+03:00,520.5,520.8,520.5,520.8,2272
MOEX:TATN,2021-06-10T18:39:00+03:00,520.9,521.1,520.9,521.0,4963
MOEX:TATN,2021-06-10T18:45:00+03:00,520.3,520.3,520.3,520.3,186034
MOEX:TATN,2021-06-10T18:46:00+03:00,520.3,520.3,520.3,520.3,110
MOEX:TATN,2021-06-10T18:47:00+03:00,520.3,520.3,520.3,520.3,1504
MOEX:TATN,2021-06-10T18:48:00+03:00,520.3,520.3,520.3,520.3,13007
MOEX:TATN,2021-06-10T18:49:00+03:00,520.3,520.3,520.3,520.3,17
MOEX:TATN,2021-06-10T19:04:00+03:00,521.2,521.2,521.2,521.2,216
MOEX:TATN,2021-06-10T19:05:00+03:00,521.0,521.6,520.8,521.1,2442
MOEX:TATN,2021-06-10T19:06:00+03:00,521.1,521.2,521.0,521.0,270
MOEX:TATN,2021-06-10T19:07:00+03:00,521.0,521.2,521.0,521.2,113
MOEX:TATN,2021-06-10T19:08:00+03:00,521.2,521.2,520.9,520.9,215
MOEX:TATN,2021-06-10T19:09:00+03:00,520.5,520.9,519.8,520.0,7053
MOEX:TATN,2021-06-10T19:10:00+03:00,520.0,520.3,519.8,520.3,5195
MOEX:TATN,2021-06-10T19:11:00+03:00,519.9,519.9,519.4,519.5,2690
MOEX:TATN,2021-06-10T19:12:00+03:00,519.2,519.6,519.0,519.3,15487
MOEX:TATN,2021-06-10T19:13:00+03:00,519.5,519.5,518.3,518.6,35379
MOEX:TATN,2021-06-10T19:14:00+03:00,519.0,519.0,517.0,518.6,55419
MOEX:TATN,2021-06-10T19:15:00+03:00,518.3,519.0,518.2,518.8,6457
MOEX:TATN,2021-06-10T19:16:00+03:00,519.0,519.0,518.6,518.9,3558
MOEX:TATN,2021-06-10T19:17:00+03:00,518.9,519.0,518.7,519.0,1442
MOEX:TATN,2021-06-10T19:18:00+03:00,518.8,519.2,518.8,519.2,8590
MOEX:TATN,2021-06-10T19:19:00+03:00,519.2,519.3,518.7,518.8,7625
MOEX:TATN,2021-06-10T19:20:00+03:00,518.8,518.9,518.2,518.8,10949
MOEX:TATN,2021-06-10T19:21:00+03:00,518.7,518.8,518.3,518.4,1389
MOEX:TATN,2021-06-10T19:22:00+03:00,518.4,518.4,518.0,518.4,4388
MOEX:TATN,2021-06-10T19:23:00+03:00,518.3,518.3,518.1,518.3,1892
MOEX:TATN,2021-06-10T19:24:00+03:00,518.4,518.4,518.0,518.3,3533
MOEX:TATN,2021-06-10T19:25:00+03:00,518.3,519.0,518.3,519.0,7443
MOEX:TATN,2021-06-10T19:26:00+03:00,519.0,519.1,518.7,519.1,1484
MOEX:TATN,2021-06-10T19:27:00+03:00,519.0,519.0,519.0,519.0,751
MOEX:TATN,2021-06-10T19:28:00+03:00,518.8,518.9,518.7,518.8,1041
MOEX:TATN,2021-06-10T19:29:00+03:00,519.0,519.2,518.7,519.2,3027
MOEX:TATN,2021-06-10T19:30:00+03:00,519.1,519.7,518.7,519.7,11454
MOEX:TATN,2021-06-10T19:31:00+03:00,519.7,519.9,519.4,519.9,904
MOEX:TATN,2021-06-10T19:32:00+03:00,519.8,519.8,519.4,519.8,713
MOEX:TATN,2021-06-10T19:33:00+03:00,519.8,519.8,519.4,519.8,183
MOEX:TATN,2021-06-10T19:34:00+03:00,519.4,519.8,519.4,519.4,714
MOEX:TATN,2021-06-10T19:35:00+03:00,519.7,520.0,519.4,519.5,2316
MOEX:TATN,2021-06-10T19:36:00+03:00,519.9,520.0,519.5,519.5,669
MOEX:TATN,2021-06-10T19:37:00+03:00,520.0,520.0,519.4,519.9,1523
MOEX:TATN,2021-06-10T19:38:00+03:00,519.9,520.0,519.4,520.0,2185
MOEX:TATN,2021-06-10T19:39:00+03:00,520.0,520.2,519.7,520.0,1836
MOEX:TATN,2021-06-10T19:40:00+03:00,520.0,520.1,519.6,519.9,882
MOEX:TATN,2021-06-10T19:41:00+03:00,519.9,519.9,519.5,519.7,653
MOEX:TATN,2021-06-10T19:42:00+03:00,519.7,519.7,519.5,519.7,48
MOEX:TATN,2021-06-10T19:43:00+03:00,519.7,520.0,519.5,520.0,1209
MOEX:TATN,2021-06-10T19:44:00+03:00,520.0,520.0,519.8,519.8,1739
MOEX:TATN,2021-06-10T19:45:00+03:00,519.8,519.8,519.7,519.8,2130
MOEX:TATN,2021-06-10T19:46:00+03:00,519.9,519.9,519.7,519.9,296
MOEX:TATN,2021-06-10T19:47:00+03:00,519.9,520.0,519.6,519.7,2965
MOEX:TATN,2021-06-10T19:48:00+03:00,519.7,519.7,519.4,519.4,2301
MOEX:TATN,2021-06-10T19:49:00+03:00,519.7,519.7,519.0,519.2,10996
MOEX:TATN,2021-06-10T19:50:00+03:00,519.3,519.3,518.8,519.0,2632
MOEX:TATN,2021-06-10T19:51:00+03:00,519.0,519.2,518.5,518.8,4324
MOEX:TATN,2021-06-10T19:52:00+03:00,518.7,519.3,518.7,519.0,875
MOEX:TATN,2021-06-10T19:53:00+03:00,519.3,519.3,518.8,519.3,1910
MOEX:TATN,2021-06-10T19:54:00+03:00,519.3,519.5,519.0,519.5,727
MOEX:TATN,2021-06-10T19:55:00+03:00,519.4,519.6,519.4,519.6,394
MOEX:TATN,2021-06-10T19:56:00+03:00,519.6,519.6,519.3,519.3,11
MOEX:TATN,2021-06-10T19:57:00+03:00,519.5,519.6,519.2,519.2,1090
MOEX:TATN,2021-06-10T19:58:00+03:00,519.2,519.5,519.2,519.4,162
MOEX:TATN,2021-06-10T19:59:00+03:00,519.4,519.6,519.4,519.6,565
MOEX:TATN,2021-06-10T20:00:00+03:00,519.5,519.9,519.5,519.9,282
MOEX:TATN,2021-06-10T20:01:00+03:00,519.9,520.0,519.9,520.0,355
MOEX:TATN,2021-06-10T20:02:00+03:00,520.0,520.2,519.5,519.5,5021
MOEX:TATN,2021-06-10T20:03:00+03:00,520.0,520.2,519.8,519.8,1534
MOEX:TATN,2021-06-10T20:04:00+03:00,519.8,520.2,519.8,520.2,1602
MOEX:TATN,2021-06-10T20:05:00+03:00,520.2,520.2,520.0,520.1,65
MOEX:TATN,2021-06-10T20:06:00+03:00,520.1,520.2,520.0,520.1,910
MOEX:TATN,2021-06-10T20:07:00+03:00,520.1,520.1,520.0,520.0,25
MOEX:TATN,2021-06-10T20:08:00+03:00,519.9,520.0,519.9,520.0,13
MOEX:TATN,2021-06-10T20:09:00+03:00,520.0,520.0,519.8,519.9,700
MOEX:TATN,2021-06-10T20:10:00+03:00,519.8,519.9,519.7,519.7,925
MOEX:TATN,2021-06-10T20:11:00+03:00,519.7,520.0,519.7,520.0,1516
MOEX:TATN,2021-06-10T20:12:00+03:00,519.9,520.0,519.9,520.0,3023
MOEX:TATN,2021-06-10T20:13:00+03:00,520.0,520.0,519.6,519.6,359
MOEX:TATN,2021-06-10T20:14:00+03:00,519.9,520.0,519.9,520.0,1942
MOEX:TATN,2021-06-10T20:15:00+03:00,520.0,520.0,519.9,519.9,863
MOEX:TATN,2021-06-10T20:16:00+03:00,519.9,519.9,519.9,519.9,298
MOEX:TATN,2021-06-10T20:17:00+03:00,520.0,520.0,519.9,520.0,357
MOEX:TATN,2021-06-10T20:18:00+03:00,519.9,520.0,519.9,520.0,15
MOEX:TATN,2021-06-10T20:19:00+03:00,519.9,520.0,519.9,520.0,113
MOEX:TATN,2021-06-10T20:20:00+03:00,520.0,520.1,519.9,519.9,689
MOEX:TATN,2021-06-10T20:21:00+03:00,520.0,520.0,519.6,520.0,1804
MOEX:TATN,2021-06-10T20:22:00+03:00,520.0,520.0,520.0,520.0,13
MOEX:TATN,2021-06-10T20:23:00+03:00,520.0,520.0,519.6,519.6,335
MOEX:TATN,2021-06-10T20:24:00+03:00,519.8,520.0,519.6,519.9,1848
MOEX:TATN,2021-06-10T20:25:00+03:00,519.9,520.1,519.9,520.1,1758
MOEX:TATN,2021-06-10T20:26:00+03:00,520.1,520.2,520.1,520.2,1261
MOEX:TATN,2021-06-10T20:27:00+03:00,520.0,520.0,520.0,520.0,1
MOEX:TATN,2021-06-10T20:28:00+03:00,520.2,520.2,520.2,520.2,2
MOEX:TATN,2021-06-10T20:29:00+03:00,520.2,520.2,519.9,520.2,761
MOEX:TATN,2021-06-10T20:30:00+03:00,520.2,520.2,520.0,520.2,2176
MOEX:TATN,2021-06-10T20:31:00+03:00,520.0,520.0,519.9,520.0,699
MOEX:TATN,2021-06-10T20:32:00+03:00,520.0,520.0,520.0,520.0,647
MOEX:TATN,2021-06-10T20:33:00+03:00,520.2,520.2,520.0,520.0,17
MOEX:TATN,2021-06-10T20:34:00+03:00,520.2,520.2,520.0,520.2,302
MOEX:TATN,2021-06-10T20:35:00+03:00,520.2,520.2,520.0,520.0,25
MOEX:TATN,2021-06-10T20:36:00+03:00,520.0,520.2,520.0,520.2,28
MOEX:TATN,2021-06-10T20:37:00+03:00,520.0,520.2,520.0,520.2,220
MOEX:TATN,2021-06-10T20:38:00+03:00,520.0,520.0,520.0,520.0,9
MOEX:TATN,2021-06-10T20:39:00+03:00,520.0,520.3,520.0,520.2,389
MOEX:TATN,2021-06-10T20:40:00+03:00,520.0,520.1,520.0,520.1,316
MOEX:TATN,2021-06-10T20:41:00+03:00,520.0,520.1,520.0,520.1,22
MOEX:TATN,2021-06-10T20:42:00+03:00,520.0,520.1,520.0,520.1,8
MOEX:TATN,2021-06-10T20:43:00+03:00,520.0,520.2,520.0,520.2,507
MOEX:TATN,2021-06-10T20:44:00+03:00,520.2,520.2,520.1,520.2,729
MOEX:TATN,2021-06-10T20:45:00+03:00,520.2,520.2,520.0,520.0,25
MOEX:TATN,2021-06-10T20:46:00+03:00,520.0,520.1,519.8,519.8,375
MOEX:TATN,2021-06-10T20:47:00+03:00,520.0,520.1,519.6,520.1,2714
MOEX:TATN,2021-06-10T20:48:00+03:00,520.1,520.1,519.6,519.6,7
MOEX:TATN,2021-06-10T20:49:00+03:00,520.1,520.1,520.1,520.1,47
MOEX:TATN,2021-06-10T20:50:00+03:00,520.0,520.0,519.6,520.0,9
MOEX:TATN,2021-06-10T20:51:00+03:00,520.0,520.0,519.6,519.8,66
MOEX:TATN,2021-06-10T20:52:00+03:00,520.1,520.1,519.8,519.8,897
MOEX:TATN,2021-06-10T20:53:00+03:00,520.0,520.0,519.8,519.8,8
MOEX:TATN,2021-06-10T20:54:00+03:00,520.1,520.1,519.8,520.0,1146
MOEX:TATN,2021-06-10T20:55:00+03:00,520.0,520.0,519.7,519.7,117
MOEX:TATN,2021-06-10T20:56:00+03:00,519.7,520.0,519.7,520.0,169
MOEX:TATN,2021-06-10T20:57:00+03:00,520.0,520.1,520.0,520.0,351
MOEX:TATN,2021-06-10T20:58:00+03:00,520.1,520.1,520.0,520.1,590
MOEX:TATN,2021-06-10T20:59:00+03:00,520.0,520.1,520.0,520.1,13
MOEX:TATN,2021-06-10T21:00:00+03:00,520.1,520.1,520.0,520.1,156
MOEX:TATN,2021-06-10T21:01:00+03:00,520.0,520.0,520.0,520.0,2
MOEX:TATN,2021-06-10T21:02:00+03:00,520.0,520.0,519.8,520.0,28
MOEX:TATN,2021-06-10T21:03:00+03:00,520.0,520.0,519.8,519.8,108
MOEX:TATN,2021-06-10T21:04:00+03:00,520.0,520.0,520.0,520.0,9
MOEX:TATN,2021-06-10T21:05:00+03:00,520.0,520.0,519.7,519.8,303
MOEX:TATN,2021-06-10T21:06:00+03:00,520.0,520.1,519.8,520.1,387
MOEX:TATN,2021-06-10T21:07:00+03:00,520.1,520.1,519.9,520.1,33
MOEX:TATN,2021-06-10T21:08:00+03:00,520.1,520.1,520.1,520.1,23
MOEX:TATN,2021-06-10T21:09:00+03:00,520.1,520.2,520.1,520.1,252
MOEX:TATN,2021-06-10T21:10:00+03:00,520.1,520.2,520.0,520.0,12
MOEX:TATN,2021-06-10T21:11:00+03:00,520.2,520.2,520.0,520.0,20
MOEX:TATN,2021-06-10T21:12:00+03:00,520.2,520.2,520.0,520.2,77
MOEX:TATN,2021-06-10T21:13:00+03:00,520.2,520.2,520.2,520.2,64
MOEX:TATN,2021-06-10T21:14:00+03:00,520.2,520.2,519.8,519.8,564
MOEX:TATN,2021-06-10T21:15:00+03:00,520.1,520.1,520.1,520.1,58
MOEX:TATN,2021-06-10T21:16:00+03:00,520.1,520.3,520.0,520.3,673
MOEX:TATN,2021-06-10T21:17:00+03:00,520.2,520.2,520.0,520.2,44
MOEX:TATN,2021-06-10T21:18:00+03:00,520.2,520.2,520.0,520.0,52
MOEX:TATN,2021-06-10T21:19:00+03:00,520.2,520.2,520.0,520.2,216
MOEX:TATN,2021-06-10T21:20:00+03:00,520.2,520.2,520.0,520.2,527
MOEX:TATN,2021-06-10T21:21:00+03:00,520.2,520.2,520.0,520.0,364
MOEX:TATN,2021-06-10T21:22:00+03:00,520.0,520.0,519.8,520.0,12
MOEX:TATN,2021-06-10T21:23:00+03:00,520.0,520.1,519.9,520.0,445
MOEX:TATN,2021-06-10T21:24:00+03:00,520.1,520.3,520.1,520.3,131
MOEX:TATN,2021-06-10T21:25:00+03:00,520.3,520.3,520.3,520.3,17
MOEX:TATN,2021-06-10T21:26:00+03:00,520.2,520.3,520.1,520.1,3
MOEX:TATN,2021-06-10T21:27:00+03:00,520.2,520.3,520.0,520.0,418
MOEX:TATN,2021-06-10T21:28:00+03:00,520.3,520.3,520.0,520.3,166
MOEX:TATN,2021-06-10T21:29:00+03:00,520.3,520.3,520.0,520.3,37
MOEX:TATN,2021-06-10T21:30:00+03:00,520.3,520.3,520.0,520.0,6
MOEX:TATN,2021-06-10T21:31:00+03:00,520.0,520.3,520.0,520.3,208
MOEX:TATN,2021-06-10T21:32:00+03:00,520.3,520.3,520.3,520.3,133
MOEX:TATN,2021-06-10T21:33:00+03:00,520.3,520.3,520.0,520.3,165
MOEX:TATN,2021-06-10T21:34:00+03:00,520.1,520.3,520.0,520.0,5139
MOEX:TATN,2021-06-10T21:35:00+03:00,520.2,520.2,520.0,520.0,12
MOEX:TATN,2021-06-10T21:36:00+03:00,520.2,520.2,520.2,520.2,24
MOEX:TATN,2021-06-10T21:37:00+03:00,520.2,520.2,519.6,519.6,311
MOEX:TATN,2021-06-10T21:38:00+03:00,519.6,520.1,519.6,520.0,232
MOEX:TATN,2021-06-10T21:39:00+03:00,519.7,520.0,519.7,520.0,78
MOEX:TATN,2021-06-10T21:40:00+03:00,519.8,520.2,519.8,520.2,58
MOEX:TATN,2021-06-10T21:41:00+03:00,520.2,520.2,519.8,520.0,106
MOEX:TATN,2021-06-10T21:42:00+03:00,520.0,520.7,519.8,520.7,12088
MOEX:TATN,2021-06-10T21:43:00+03:00,520.6,520.8,520.6,520.6,5910
MOEX:TATN,2021-06-10T21:44:00+03:00,520.8,520.8,520.5,520.5,194
MOEX:TATN,2021-06-10T21:45:00+03:00,520.2,520.6,520.2,520.6,6
MOEX:TATN,2021-06-10T21:46:00+03:00,520.6,520.6,520.6,520.6,97
MOEX:TATN,2021-06-10T21:47:00+03:00,520.6,520.6,520.2,520.6,114
MOEX:TATN,2021-06-10T21:48:00+03:00,520.5,520.6,520.2,520.6,128
MOEX:TATN,2021-06-10T21:49:00+03:00,520.6,520.6,519.8,519.8,3838
MOEX:TATN,2021-06-10T21:50:00+03:00,519.8,520.0,519.8,520.0,785
MOEX:TATN,2021-06-10T21:51:00+03:00,520.0,520.0,519.6,519.6,1333
MOEX:TATN,2021-06-10T21:52:00+03:00,519.7,520.0,519.7,520.0,23
MOEX:TATN,2021-06-10T21:53:00+03:00,519.7,520.0,519.7,520.0,39
MOEX:TATN,2021-06-10T21:54:00+03:00,519.7,520.0,519.7,520.0,161
MOEX:TATN,2021-06-10T21:55:00+03:00,520.0,520.0,519.7,520.0,218
MOEX:TATN,2021-06-10T21:56:00+03:00,520.0,520.0,520.0,520.0,5
MOEX:TATN,2021-06-10T21:57:00+03:00,520.0,520.0,519.7,520.0,105
MOEX:TATN,2021-06-10T21:58:00+03:00,520.0,520.0,519.7,519.8,28
MOEX:TATN,2021-06-10T21:59:00+03:00,519.8,519.8,519.7,519.8,70
MOEX:TATN,2021-06-10T22:00:00+03:00,519.8,519.9,519.7,519.7,317
MOEX:TATN,2021-06-10T22:01:00+03:00,520.0,520.0,520.0,520.0,101
MOEX:TATN,2021-06-10T22:02:00+03:00,519.7,519.7,519.7,519.7,160
MOEX:TATN,2021-06-10T22:03:00+03:00,519.7,519.9,519.7,519.7,249
MOEX:TATN,2021-06-10T22:04:00+03:00,519.7,520.0,519.7,520.0,8
MOEX:TATN,2021-06-10T22:05:00+03:00,520.0,520.0,519.5,519.5,1372
MOEX:TATN,2021-06-10T22:06:00+03:00,519.5,519.6,519.4,519.4,413
MOEX:TATN,2021-06-10T22:07:00+03:00,519.6,519.6,519.6,519.6,40
MOEX:TATN,2021-06-10T22:08:00+03:00,519.6,519.6,519.4,519.6,60
MOEX:TATN,2021-06-10T22:09:00+03:00,519.6,519.6,519.2,519.5,1061
MOEX:TATN,2021-06-10T22:10:00+03:00,519.5,519.6,519.5,519.6,42
MOEX:TATN,2021-06-10T22:11:00+03:00,519.6,519.6,519.4,519.6,306
MOEX:TATN,2021-06-10T22:12:00+03:00,519.4,519.6,519.1,519.2,1212
MOEX:TATN,2021-06-10T22:13:00+03:00,519.4,519.4,519.4,519.4,104
MOEX:TATN,2021-06-10T22:14:00+03:00,519.4,519.5,519.4,519.5,116
MOEX:TATN,2021-06-10T22:15:00+03:00,519.5,519.6,519.3,519.4,1239
MOEX:TATN,2021-06-10T22:16:00+03:00,519.3,519.4,519.3,519.3,122
MOEX:TATN,2021-06-10T22:17:00+03:00,519.2,519.4,519.2,519.3,1167
MOEX:TATN,2021-06-10T22:18:00+03:00,519.2,519.3,519.2,519.2,412
MOEX:TATN,2021-06-10T22:19:00+03:00,519.3,519.4,519.2,519.4,132
MOEX:TATN,2021-06-10T22:20:00+03:00,519.2,519.2,519.2,519.2,125
MOEX:TATN,2021-06-10T22:21:00+03:00,519.4,519.4,519.2,519.2,5
MOEX:TATN,2021-06-10T22:22:00+03:00,519.4,519.5,519.2,519.5,719
MOEX:TATN,2021-06-10T22:23:00+03:00,519.5,519.5,519.4,519.4,13
MOEX:TATN,2021-06-10T22:24:00+03:00,519.4,519.5,519.4,519.5,150
MOEX:TATN,2021-06-10T22:25:00+03:00,519.5,519.5,519.4,519.4,14
MOEX:TATN,2021-06-10T22:26:00+03:00,519.5,519.5,519.2,519.4,359
MOEX:TATN,2021-06-10T22:27:00+03:00,519.2,519.5,519.2,519.3,26
MOEX:TATN,2021-06-10T22:28:00+03:00,519.4,519.4,519.3,519.3,10
MOEX:TATN,2021-06-10T22:29:00+03:00,519.3,519.4,519.3,519.4,15
MOEX:TATN,2021-06-10T22:30:00+03:00,519.4,519.4,519.3,519.4,69
MOEX:TATN,2021-06-10T22:31:00+03:00,519.3,519.4,519.3,519.3,26
MOEX:TATN,2021-06-10T22:32:00+03:00,519.3,519.4,519.2,519.4,161
MOEX:TATN,2021-06-10T22:33:00+03:00,519.3,519.4,519.3,519.4,17
MOEX:TATN,2021-06-10T22:34:00+03:00,519.4,519.4,519.2,519.3,565
MOEX:TATN,2021-06-10T22:35:00+03:00,519.3,519.3,519.1,519.2,828
MOEX:TATN,2021-06-10T22:36:00+03:00,519.3,519.3,519.1,519.1,59
MOEX:TATN,2021-06-10T22:37:00+03:00,519.3,519.3,519.1,519.1,41
MOEX:TATN,2021-06-10T22:38:00+03:00,519.1,519.3,519.1,519.3,1057
MOEX:TATN,2021-06-10T22:39:00+03:00,519.4,519.4,519.2,519.2,10
MOEX:TATN,2021-06-10T22:40:00+03:00,519.2,519.4,519.2,519.4,261
MOEX:TATN,2021-06-10T22:41:00+03:00,519.2,519.4,519.1,519.1,301
MOEX:TATN,2021-06-10T22:42:00+03:00,519.1,519.4,519.1,519.1,251
MOEX:TATN,2021-06-10T22:43:00+03:00,519.1,519.4,519.0,519.0,1306
MOEX:TATN,2021-06-10T22:44:00+03:00,519.1,519.4,519.0,519.4,1010
MOEX:TATN,2021-06-10T22:45:00+03:00,519.0,519.4,519.0,519.4,43
MOEX:TATN,2021-06-10T22:46:00+03:00,519.4,519.4,519.4,519.4,21
MOEX:TATN,2021-06-10T22:47:00+03:00,519.4,519.4,519.2,519.2,216
MOEX:TATN,2021-06-10T22:48:00+03:00,519.1,519.3,519.1,519.3,124
MOEX:TATN,2021-06-10T22:49:00+03:00,519.3,519.3,519.1,519.3,104
MOEX:TATN,2021-06-10T22:50:00+03:00,519.3,519.3,519.0,519.3,217
MOEX:TATN,2021-06-10T22:51:00+03:00,519.3,519.3,519.0,519.0,208
MOEX:TATN,2021-06-10T22:52:00+03:00,519.0,519.3,519.0,519.3,556
MOEX:TATN,2021-06-10T22:53:00+03:00,519.3,519.3,519.3,519.3,119
MOEX:TATN,2021-06-10T22:54:00+03:00,519.3,519.3,519.0,519.0,111
MOEX:TATN,2021-06-10T22:55:00+03:00,519.3,519.3,519.1,519.1,90
MOEX:TATN,2021-06-10T22:56:00+03:00,519.3,519.3,519.3,519.3,3
MOEX:TATN,2021-06-10T22:57:00+03:00,519.3,519.3,519.2,519.2,301
MOEX:TATN,2021-06-10T22:58:00+03:00,519.2,519.3,519.1,519.3,362
MOEX:TATN,2021-06-10T22:59:00+03:00,519.3,519.4,519.3,519.4,206
MOEX:TATN,2021-06-10T23:00:00+03:00,519.2,519.4,519.1,519.2,583
MOEX:TATN,2021-06-10T23:01:00+03:00,519.4,519.4,519.1,519.1,890
MOEX:TATN,2021-06-10T23:02:00+03:00,519.1,519.4,519.1,519.4,2010
MOEX:TATN,2021-06-10T23:03:00+03:00,519.4,519.4,519.4,519.4,210
MOEX:TATN,2021-06-10T23:04:00+03:00,519.4,519.4,519.4,519.4,28
MOEX:TATN,2021-06-10T23:05:00+03:00,519.4,519.4,519.4,519.4,350
MOEX:TATN,2021-06-10T23:06:00+03:00,519.4,519.4,519.2,519.2,22
MOEX:TATN,2021-06-10T23:07:00+03:00,519.2,519.2,519.2,519.2,10
MOEX:TATN,2021-06-10T23:08:00+03:00,519.2,519.3,519.2,519.3,14
MOEX:TATN,2021-06-10T23:09:00+03:00,519.2,519.3,519.1,519.3,514
MOEX:TATN,2021-06-10T23:10:00+03:00,519.1,519.1,519.1,519.1,2
MOEX:TATN,2021-06-10T23:11:00+03:00,519.3,519.4,519.2,519.4,22
MOEX:TATN,2021-06-10T23:12:00+03:00,519.3,519.4,519.3,519.4,53
MOEX:TATN,2021-06-10T23:13:00+03:00,519.4,519.6,519.3,519.6,846
MOEX:TATN,2021-06-10T23:14:00+03:00,519.5,519.6,519.5,519.6,13
MOEX:TATN,2021-06-10T23:15:00+03:00,519.5,519.5,519.4,519.5,313
MOEX:TATN,2021-06-10T23:16:00+03:00,519.4,519.5,519.4,519.5,788
MOEX:TATN,2021-06-10T23:17:00+03:00,519.4,519.5,519.4,519.4,90
MOEX:TATN,2021-06-10T23:18:00+03:00,519.5,519.5,519.3,519.5,59
MOEX:TATN,2021-06-10T23:19:00+03:00,519.5,519.5,519.3,519.3,860
MOEX:TATN,2021-06-10T23:20:00+03:00,519.5,519.5,519.5,519.5,163
MOEX:TATN,2021-06-10T23:21:00+03:00,519.4,519.5,519.3,519.3,72
MOEX:TATN,2021-06-10T23:22:00+03:00,519.3,519.5,519.3,519.3,25
MOEX:TATN,2021-06-10T23:23:00+03:00,519.5,519.5,519.3,519.5,26
MOEX:TATN,2021-06-10T23:24:00+03:00,519.3,519.5,519.3,519.5,2300
MOEX:TATN,2021-06-10T23:25:00+03:00,519.5,519.5,519.4,519.4,376
MOEX:TATN,2021-06-10T23:26:00+03:00,519.5,519.5,519.4,519.5,149
MOEX:TATN,2021-06-10T23:28:00+03:00,519.2,519.5,519.2,519.5,160
MOEX:TATN,2021-06-10T23:29:00+03:00,519.5,519.5,519.5,519.5,15
MOEX:TATN,2021-06-10T23:30:00+03:00,519.2,519.5,519.2,519.2,519
MOEX:TATN,2021-06-10T23:31:00+03:00,519.2,519.5,519.2,519.5,196
MOEX:TATN,2021-06-10T23:32:00+03:00,519.5,519.6,519.5,519.6,41
MOEX:TATN,2021-06-10T23:33:00+03:00,519.2,519.2,519.2,519.2,12
MOEX:TATN,2021-06-10T23:34:00+03:00,519.6,519.6,519.6,519.6,3
MOEX:TATN,2021-06-10T23:35:00+03:00,519.6,519.6,519.6,519.6,1
MOEX:TATN,2021-06-10T23:36:00+03:00,519.6,519.6,519.5,519.5,8
MOEX:TATN,2021-06-10T23:37:00+03:00,519.6,519.7,519.4,519.7,584
MOEX:TATN,2021-06-10T23:38:00+03:00,519.6,519.7,519.6,519.7,314
MOEX:TATN,2021-06-10T23:39:00+03:00,519.7,519.7,519.4,519.7,13
MOEX:TATN,2021-06-10T23:40:00+03:00,519.7,519.7,519.7,519.7,15
MOEX:TATN,2021-06-10T23:41:00+03:00,519.7,519.7,519.7,519.7,121
MOEX:TATN,2021-06-10T23:42:00+03:00,519.7,519.7,519.7,519.7,673
MOEX:TATN,2021-06-10T23:43:00+03:00,519.7,519.7,519.3,519.3,1026
MOEX:TATN,2021-06-10T23:44:00+03:00,519.4,519.4,519.2,519.4,4802
MOEX:TATN,2021-06-10T23:45:00+03:00,519.2,519.4,519.2,519.4,1244
MOEX:TATN,2021-06-10T23:46:00+03:00,519.2,519.4,519.2,519.4,11
MOEX:TATN,2021-06-10T23:47:00+03:00,519.2,519.4,519.2,519.4,300
MOEX:TATN,2021-06-10T23:48:00+03:00,519.4,519.4,519.2,519.4,33
MOEX:TATN,2021-06-10T23:49:00+03:00,519.4,519.4,519.2,519.4,508
