Finam:AG,2020-07-23T01:00:00+03:00,23.41,23.42,23.37,23.42,214
Finam:AG,2020-07-23T01:01:00+03:00,23.41,23.55,23.41,23.52,397
Finam:AG,2020-07-23T01:02:00+03:00,23.53,23.54,23.45,23.49,208
Finam:AG,2020-07-23T01:03:00+03:00,23.50,23.50,23.47,23.49,93
Finam:AG,2020-07-23T01:04:00+03:00,23.49,23.54,23.47,23.53,96
Finam:AG,2020-07-23T01:05:00+03:00,23.53,23.55,23.47,23.49,174
Finam:AG,2020-07-23T01:06:00+03:00,23.49,23.53,23.48,23.52,82
Finam:AG,2020-07-23T01:07:00+03:00,23.51,23.51,23.46,23.49,148
Finam:AG,2020-07-23T01:08:00+03:00,23.50,23.51,23.48,23.49,69
Finam:AG,2020-07-23T01:09:00+03:00,23.50,23.50,23.48,23.49,56
Finam:AG,2020-07-23T01:10:00+03:00,23.50,23.54,23.47,23.53,173
Finam:AG,2020-07-23T01:11:00+03:00,23.52,23.57,23.51,23.55,165
Finam:AG,2020-07-23T01:12:00+03:00,23.55,23.55,23.51,23.53,84
Finam:AG,2020-07-23T01:13:00+03:00,23.53,23.55,23.52,23.52,40
Finam:AG,2020-07-23T01:14:00+03:00,23.53,23.55,23.52,23.54,85
Finam:AG,2020-07-23T01:15:00+03:00,23.54,23.54,23.51,23.52,85
Finam:AG,2020-07-23T01:16:00+03:00,23.53,23.56,23.53,23.56,61
Finam:AG,2020-07-23T01:17:00+03:00,23.56,23.57,23.54,23.54,49
Finam:AG,2020-07-23T01:18:00+03:00,23.55,23.57,23.54,23.57,91
Finam:AG,2020-07-23T01:19:00+03:00,23.57,23.68,23.57,23.60,409
Finam:AG,2020-07-23T01:20:00+03:00,23.60,23.64,23.60,23.62,161
Finam:AG,2020-07-23T01:21:00+03:00,23.62,23.65,23.61,23.63,134
Finam:AG,2020-07-23T01:22:00+03:00,23.62,23.62,23.58,23.59,150
Finam:AG,2020-07-23T01:23:00+03:00,23.59,23.62,23.58,23.58,99
Finam:AG,2020-07-23T01:24:00+03:00,23.59,23.60,23.54,23.54,135
Finam:AG,2020-07-23T01:25:00+03:00,23.53,23.54,23.48,23.49,169
Finam:AG,2020-07-23T01:26:00+03:00,23.49,23.52,23.48,23.51,69
Finam:AG,2020-07-23T01:27:00+03:00,23.50,23.52,23.49,23.51,73
Finam:AG,2020-07-23T01:28:00+03:00,23.51,23.52,23.47,23.47,83
Finam:AG,2020-07-23T01:29:00+03:00,23.47,23.47,23.36,23.43,280
Finam:AG,2020-07-23T01:30:00+03:00,23.44,23.46,23.42,23.43,280
Finam:AG,2020-07-23T01:31:00+03:00,23.44,23.48,23.44,23.47,131
Finam:AG,2020-07-23T01:32:00+03:00,23.47,23.48,23.44,23.44,48
Finam:AG,2020-07-23T01:33:00+03:00,23.44,23.45,23.42,23.42,48
Finam:AG,2020-07-23T01:34:00+03:00,23.43,23.43,23.36,23.37,135
Finam:AG,2020-07-23T01:35:00+03:00,23.37,23.37,23.32,23.35,150
Finam:AG,2020-07-23T01:36:00+03:00,23.34,23.36,23.20,23.20,312
Finam:AG,2020-07-23T01:37:00+03:00,23.21,23.30,23.21,23.28,206
Finam:AG,2020-07-23T01:38:00+03:00,23.28,23.31,23.28,23.31,37
Finam:AG,2020-07-23T01:39:00+03:00,23.31,23.35,23.31,23.32,68
Finam:AG,2020-07-23T01:40:00+03:00,23.31,23.33,23.31,23.32,25
Finam:AG,2020-07-23T01:41:00+03:00,23.31,23.31,23.24,23.27,126
Finam:AG,2020-07-23T01:42:00+03:00,23.27,23.28,23.23,23.26,60
Finam:AG,2020-07-23T01:43:00+03:00,23.26,23.26,23.14,23.14,171
Finam:AG,2020-07-23T01:44:00+03:00,23.15,23.16,23.06,23.11,172
Finam:AG,2020-07-23T01:45:00+03:00,23.12,23.21,23.12,23.21,105
Finam:AG,2020-07-23T01:46:00+03:00,23.22,23.25,23.20,23.22,63
Finam:AG,2020-07-23T01:47:00+03:00,23.21,23.30,23.20,23.30,78
Finam:AG,2020-07-23T01:48:00+03:00,23.28,23.29,23.28,23.28,29
Finam:AG,2020-07-23T01:49:00+03:00,23.28,23.28,23.24,23.24,67
Finam:AG,2020-07-23T01:50:00+03:00,23.23,23.25,23.18,23.19,67
Finam:AG,2020-07-23T01:51:00+03:00,23.18,23.21,23.15,23.15,43
Finam:AG,2020-07-23T01:52:00+03:00,23.16,23.24,23.15,23.23,35
Finam:AG,2020-07-23T01:53:00+03:00,23.23,23.24,23.21,23.24,18
Finam:AG,2020-07-23T01:54:00+03:00,23.24,23.27,23.23,23.26,52
Finam:AG,2020-07-23T01:55:00+03:00,23.26,23.27,23.25,23.26,6
Finam:AG,2020-07-23T01:56:00+03:00,23.27,23.28,23.26,23.26,7
Finam:AG,2020-07-23T01:57:00+03:00,23.25,23.25,23.22,23.23,20
Finam:AG,2020-07-23T01:58:00+03:00,23.24,23.25,23.24,23.25,10
Finam:AG,2020-07-23T01:59:00+03:00,23.25,23.25,23.24,23.24,3
Finam:AG,2020-07-23T02:00:00+03:00,23.25,23.27,23.25,23.27,15
Finam:AG,2020-07-23T02:01:00+03:00,23.26,23.30,23.26,23.30,30
Finam:AG,2020-07-23T02:02:00+03:00,23.30,23.30,23.25,23.27,35
Finam:AG,2020-07-23T02:03:00+03:00,23.26,23.26,23.24,23.26,18
Finam:AG,2020-07-23T02:04:00+03:00,23.26,23.28,23.26,23.27,28
Finam:AG,2020-07-23T02:05:00+03:00,23.27,23.29,23.27,23.29,16
Finam:AG,2020-07-23T02:06:00+03:00,23.27,23.27,23.25,23.26,60
Finam:AG,2020-07-23T02:07:00+03:00,23.27,23.28,23.26,23.26,20
Finam:AG,2020-07-23T02:08:00+03:00,23.26,23.29,23.24,23.29,60
Finam:AG,2020-07-23T02:09:00+03:00,23.29,23.30,23.27,23.28,29
Finam:AG,2020-07-23T02:10:00+03:00,23.28,23.28,23.25,23.25,17
Finam:AG,2020-07-23T02:11:00+03:00,23.25,23.26,23.24,23.26,26
Finam:AG,2020-07-23T02:12:00+03:00,23.25,23.25,23.16,23.21,135
Finam:AG,2020-07-23T02:13:00+03:00,23.22,23.22,23.19,23.19,8
Finam:AG,2020-07-23T02:14:00+03:00,23.19,23.20,23.16,23.19,29
Finam:AG,2020-07-23T02:15:00+03:00,23.18,23.20,23.18,23.20,41
Finam:AG,2020-07-23T02:16:00+03:00,23.19,23.19,23.15,23.15,29
Finam:AG,2020-07-23T02:17:00+03:00,23.16,23.16,23.02,23.02,156
Finam:AG,2020-07-23T02:18:00+03:00,23.03,23.09,23.01,23.06,91
Finam:AG,2020-07-23T02:19:00+03:00,23.03,23.09,23.03,23.07,52
Finam:AG,2020-07-23T02:20:00+03:00,23.08,23.09,23.06,23.07,48
Finam:AG,2020-07-23T02:21:00+03:00,23.07,23.08,23.05,23.06,29
Finam:AG,2020-07-23T02:22:00+03:00,23.06,23.09,23.05,23.07,37
Finam:AG,2020-07-23T02:23:00+03:00,23.08,23.12,23.07,23.11,32
Finam:AG,2020-07-23T02:24:00+03:00,23.11,23.14,23.11,23.11,27
Finam:AG,2020-07-23T02:25:00+03:00,23.10,23.13,23.10,23.12,32
Finam:AG,2020-07-23T02:26:00+03:00,23.12,23.13,23.10,23.11,23
Finam:AG,2020-07-23T02:27:00+03:00,23.11,23.15,23.11,23.14,32
Finam:AG,2020-07-23T02:28:00+03:00,23.15,23.19,23.14,23.19,59
Finam:AG,2020-07-23T02:29:00+03:00,23.18,23.22,23.16,23.22,36
Finam:AG,2020-07-23T02:30:00+03:00,23.21,23.24,23.20,23.20,60
Finam:AG,2020-07-23T02:31:00+03:00,23.20,23.23,23.20,23.22,50
Finam:AG,2020-07-23T02:32:00+03:00,23.21,23.22,23.19,23.19,43
Finam:AG,2020-07-23T02:33:00+03:00,23.20,23.20,23.17,23.17,24
Finam:AG,2020-07-23T02:34:00+03:00,23.18,23.21,23.17,23.21,17
Finam:AG,2020-07-23T02:35:00+03:00,23.19,23.19,23.17,23.17,14
Finam:AG,2020-07-23T02:36:00+03:00,23.18,23.20,23.18,23.19,16
Finam:AG,2020-07-23T02:37:00+03:00,23.20,23.21,23.19,23.19,12
Finam:AG,2020-07-23T02:38:00+03:00,23.20,23.20,23.15,23.17,53
Finam:AG,2020-07-23T02:39:00+03:00,23.16,23.17,23.08,23.11,156
Finam:AG,2020-07-23T02:40:00+03:00,23.13,23.17,23.06,23.09,43
Finam:AG,2020-07-23T02:41:00+03:00,23.12,23.12,23.08,23.11,33
Finam:AG,2020-07-23T02:42:00+03:00,23.11,23.11,23.06,23.07,64
Finam:AG,2020-07-23T02:43:00+03:00,23.06,23.06,23.02,23.04,75
Finam:AG,2020-07-23T02:44:00+03:00,23.06,23.09,23.04,23.09,21
Finam:AG,2020-07-23T02:45:00+03:00,23.07,23.09,23.04,23.05,21
Finam:AG,2020-07-23T02:46:00+03:00,23.07,23.08,23.07,23.08,13
Finam:AG,2020-07-23T02:47:00+03:00,23.07,23.09,23.07,23.08,16
Finam:AG,2020-07-23T02:48:00+03:00,23.07,23.11,23.07,23.09,56
Finam:AG,2020-07-23T02:49:00+03:00,23.09,23.11,23.08,23.11,70
Finam:AG,2020-07-23T02:50:00+03:00,23.10,23.13,23.08,23.12,48
Finam:AG,2020-07-23T02:51:00+03:00,23.12,23.17,23.12,23.14,85
Finam:AG,2020-07-23T02:52:00+03:00,23.15,23.15,23.14,23.14,9
Finam:AG,2020-07-23T02:53:00+03:00,23.13,23.17,23.13,23.17,53
Finam:AG,2020-07-23T02:54:00+03:00,23.16,23.17,23.15,23.17,20
Finam:AG,2020-07-23T02:55:00+03:00,23.17,23.19,23.17,23.18,29
Finam:AG,2020-07-23T02:56:00+03:00,23.17,23.18,23.13,23.13,52
Finam:AG,2020-07-23T02:57:00+03:00,23.13,23.16,23.12,23.15,65
Finam:AG,2020-07-23T02:58:00+03:00,23.14,23.14,23.11,23.12,66
Finam:AG,2020-07-23T02:59:00+03:00,23.13,23.14,23.11,23.12,36
Finam:AG,2020-07-23T03:00:00+03:00,23.13,23.18,23.12,23.18,89
Finam:AG,2020-07-23T03:01:00+03:00,23.17,23.24,23.16,23.22,135
Finam:AG,2020-07-23T03:02:00+03:00,23.22,23.23,23.19,23.23,42
Finam:AG,2020-07-23T03:03:00+03:00,23.22,23.29,23.21,23.28,137
Finam:AG,2020-07-23T03:04:00+03:00,23.29,23.32,23.26,23.27,128
Finam:AG,2020-07-23T03:05:00+03:00,23.27,23.30,23.26,23.29,47
Finam:AG,2020-07-23T03:06:00+03:00,23.30,23.33,23.30,23.33,66
Finam:AG,2020-07-23T03:07:00+03:00,23.32,23.36,23.30,23.35,81
Finam:AG,2020-07-23T03:08:00+03:00,23.36,23.37,23.32,23.33,68
Finam:AG,2020-07-23T03:09:00+03:00,23.34,23.39,23.34,23.37,81
Finam:AG,2020-07-23T03:10:00+03:00,23.36,23.36,23.33,23.33,41
Finam:AG,2020-07-23T03:11:00+03:00,23.34,23.36,23.33,23.33,23
Finam:AG,2020-07-23T03:12:00+03:00,23.34,23.34,23.30,23.31,56
Finam:AG,2020-07-23T03:13:00+03:00,23.31,23.35,23.30,23.33,56
Finam:AG,2020-07-23T03:14:00+03:00,23.32,23.33,23.31,23.32,21
Finam:AG,2020-07-23T03:15:00+03:00,23.32,23.32,23.28,23.28,38
Finam:AG,2020-07-23T03:16:00+03:00,23.28,23.31,23.26,23.27,72
Finam:AG,2020-07-23T03:17:00+03:00,23.27,23.27,23.22,23.23,93
Finam:AG,2020-07-23T03:18:00+03:00,23.24,23.26,23.24,23.25,17
Finam:AG,2020-07-23T03:19:00+03:00,23.26,23.26,23.25,23.25,26
Finam:AG,2020-07-23T03:20:00+03:00,23.26,23.28,23.24,23.24,92
Finam:AG,2020-07-23T03:21:00+03:00,23.24,23.25,23.23,23.24,35
Finam:AG,2020-07-23T03:22:00+03:00,23.24,23.26,23.23,23.26,22
Finam:AG,2020-07-23T03:23:00+03:00,23.25,23.25,23.22,23.23,48
Finam:AG,2020-07-23T03:24:00+03:00,23.24,23.24,23.21,23.22,25
Finam:AG,2020-07-23T03:25:00+03:00,23.21,23.23,23.20,23.22,58
Finam:AG,2020-07-23T03:26:00+03:00,23.21,23.21,23.19,23.19,17
Finam:AG,2020-07-23T03:27:00+03:00,23.19,23.19,23.12,23.12,121
Finam:AG,2020-07-23T03:28:00+03:00,23.13,23.16,23.12,23.15,87
Finam:AG,2020-07-23T03:29:00+03:00,23.15,23.17,23.11,23.11,43
Finam:AG,2020-07-23T03:30:00+03:00,23.13,23.17,23.13,23.17,25
Finam:AG,2020-07-23T03:31:00+03:00,23.17,23.18,23.15,23.16,34
Finam:AG,2020-07-23T03:32:00+03:00,23.16,23.18,23.15,23.17,44
Finam:AG,2020-07-23T03:33:00+03:00,23.17,23.19,23.13,23.13,61
Finam:AG,2020-07-23T03:34:00+03:00,23.15,23.16,23.13,23.13,73
Finam:AG,2020-07-23T03:35:00+03:00,23.13,23.13,23.08,23.09,87
Finam:AG,2020-07-23T03:36:00+03:00,23.08,23.08,23.06,23.07,54
Finam:AG,2020-07-23T03:37:00+03:00,23.08,23.12,23.08,23.12,39
Finam:AG,2020-07-23T03:38:00+03:00,23.12,23.16,23.11,23.15,59
Finam:AG,2020-07-23T03:39:00+03:00,23.15,23.16,23.12,23.13,22
Finam:AG,2020-07-23T03:40:00+03:00,23.15,23.15,23.15,23.15,4
Finam:AG,2020-07-23T03:41:00+03:00,23.14,23.20,23.13,23.19,67
Finam:AG,2020-07-23T03:42:00+03:00,23.19,23.22,23.18,23.22,55
Finam:AG,2020-07-23T03:43:00+03:00,23.22,23.31,23.22,23.30,180
Finam:AG,2020-07-23T03:44:00+03:00,23.30,23.30,23.25,23.27,44
Finam:AG,2020-07-23T03:45:00+03:00,23.28,23.31,23.26,23.26,47
Finam:AG,2020-07-23T03:46:00+03:00,23.26,23.32,23.24,23.29,76
Finam:AG,2020-07-23T03:47:00+03:00,23.29,23.30,23.26,23.27,41
Finam:AG,2020-07-23T03:48:00+03:00,23.27,23.29,23.26,23.26,13
Finam:AG,2020-07-23T03:49:00+03:00,23.27,23.28,23.23,23.27,105
Finam:AG,2020-07-23T03:50:00+03:00,23.26,23.26,23.22,23.23,41
Finam:AG,2020-07-23T03:51:00+03:00,23.23,23.30,23.23,23.30,78
Finam:AG,2020-07-23T03:52:00+03:00,23.29,23.31,23.27,23.28,87
Finam:AG,2020-07-23T03:53:00+03:00,23.30,23.35,23.28,23.30,187
Finam:AG,2020-07-23T03:54:00+03:00,23.29,23.29,23.26,23.26,36
Finam:AG,2020-07-23T03:55:00+03:00,23.27,23.27,23.25,23.26,39
Finam:AG,2020-07-23T03:56:00+03:00,23.26,23.26,23.25,23.26,7
Finam:AG,2020-07-23T03:57:00+03:00,23.27,23.27,23.24,23.25,30
Finam:AG,2020-07-23T03:58:00+03:00,23.25,23.27,23.23,23.23,31
Finam:AG,2020-07-23T03:59:00+03:00,23.23,23.25,23.22,23.24,49
Finam:AG,2020-07-23T04:00:00+03:00,23.23,23.23,22.91,22.97,952
Finam:AG,2020-07-23T04:01:00+03:00,22.99,23.00,22.87,22.97,503
Finam:AG,2020-07-23T04:02:00+03:00,22.97,23.00,22.91,22.97,276
Finam:AG,2020-07-23T04:03:00+03:00,22.95,22.98,22.94,22.96,181
Finam:AG,2020-07-23T04:04:00+03:00,22.96,23.06,22.96,23.03,364
Finam:AG,2020-07-23T04:05:00+03:00,23.03,23.06,23.00,23.00,198
Finam:AG,2020-07-23T04:06:00+03:00,23.00,23.05,22.98,23.01,165
Finam:AG,2020-07-23T04:07:00+03:00,23.01,23.03,22.99,23.02,118
Finam:AG,2020-07-23T04:08:00+03:00,23.02,23.07,23.02,23.03,148
Finam:AG,2020-07-23T04:09:00+03:00,23.03,23.07,23.02,23.07,77
Finam:AG,2020-07-23T04:10:00+03:00,23.06,23.13,23.06,23.10,174
Finam:AG,2020-07-23T04:11:00+03:00,23.09,23.12,23.08,23.10,92
Finam:AG,2020-07-23T04:12:00+03:00,23.11,23.13,23.10,23.12,88
Finam:AG,2020-07-23T04:13:00+03:00,23.12,23.12,23.07,23.07,130
Finam:AG,2020-07-23T04:14:00+03:00,23.08,23.09,23.06,23.07,128
Finam:AG,2020-07-23T04:15:00+03:00,23.07,23.07,23.04,23.05,123
Finam:AG,2020-07-23T04:16:00+03:00,23.04,23.04,23.00,23.02,137
Finam:AG,2020-07-23T04:17:00+03:00,23.02,23.05,23.02,23.03,86
Finam:AG,2020-07-23T04:18:00+03:00,23.03,23.06,23.03,23.06,63
Finam:AG,2020-07-23T04:19:00+03:00,23.06,23.07,23.04,23.04,51
Finam:AG,2020-07-23T04:20:00+03:00,23.04,23.04,23.01,23.01,101
Finam:AG,2020-07-23T04:21:00+03:00,23.01,23.02,22.98,23.00,123
Finam:AG,2020-07-23T04:22:00+03:00,23.00,23.02,23.00,23.00,92
Finam:AG,2020-07-23T04:23:00+03:00,22.99,23.01,22.96,22.97,151
Finam:AG,2020-07-23T04:24:00+03:00,22.97,22.99,22.95,22.98,94
Finam:AG,2020-07-23T04:25:00+03:00,22.99,23.01,22.99,23.01,100
Finam:AG,2020-07-23T04:26:00+03:00,23.00,23.02,23.00,23.00,78
Finam:AG,2020-07-23T04:27:00+03:00,23.00,23.00,22.97,22.99,50
Finam:AG,2020-07-23T04:28:00+03:00,22.99,23.00,22.98,22.98,78
Finam:AG,2020-07-23T04:29:00+03:00,22.97,22.98,22.95,22.95,90
Finam:AG,2020-07-23T04:30:00+03:00,22.97,23.01,22.96,22.99,115
Finam:AG,2020-07-23T04:31:00+03:00,22.99,23.00,22.97,22.97,79
Finam:AG,2020-07-23T04:32:00+03:00,22.97,22.98,22.96,22.96,37
Finam:AG,2020-07-23T04:33:00+03:00,22.97,23.00,22.97,23.00,84
Finam:AG,2020-07-23T04:34:00+03:00,23.00,23.00,22.96,22.97,103
Finam:AG,2020-07-23T04:35:00+03:00,22.98,23.00,22.98,22.99,67
Finam:AG,2020-07-23T04:36:00+03:00,22.99,23.01,22.99,22.99,36
Finam:AG,2020-07-23T04:37:00+03:00,22.99,23.02,22.99,23.01,79
Finam:AG,2020-07-23T04:38:00+03:00,23.02,23.03,23.01,23.02,55
Finam:AG,2020-07-23T04:39:00+03:00,23.01,23.01,23.00,23.00,32
Finam:AG,2020-07-23T04:40:00+03:00,23.01,23.01,23.00,23.00,37
Finam:AG,2020-07-23T04:41:00+03:00,23.00,23.02,22.98,22.99,84
Finam:AG,2020-07-23T04:42:00+03:00,22.99,22.99,22.97,22.98,111
Finam:AG,2020-07-23T04:43:00+03:00,22.98,22.99,22.96,22.96,85
Finam:AG,2020-07-23T04:44:00+03:00,22.97,22.99,22.96,22.98,121
Finam:AG,2020-07-23T04:45:00+03:00,22.98,22.98,22.96,22.97,48
Finam:AG,2020-07-23T04:46:00+03:00,22.96,22.97,22.95,22.96,68
Finam:AG,2020-07-23T04:47:00+03:00,22.96,22.97,22.95,22.97,68
Finam:AG,2020-07-23T04:48:00+03:00,22.97,22.98,22.96,22.97,93
Finam:AG,2020-07-23T04:49:00+03:00,22.97,22.98,22.96,22.96,50
Finam:AG,2020-07-23T04:50:00+03:00,22.97,22.98,22.96,22.97,51
Finam:AG,2020-07-23T04:51:00+03:00,22.97,22.97,22.96,22.97,59
Finam:AG,2020-07-23T04:52:00+03:00,22.97,23.04,22.97,23.03,186
Finam:AG,2020-07-23T04:53:00+03:00,23.02,23.03,23.01,23.02,106
Finam:AG,2020-07-23T04:54:00+03:00,23.03,23.04,23.01,23.02,81
Finam:AG,2020-07-23T04:55:00+03:00,23.02,23.03,23.01,23.01,64
Finam:AG,2020-07-23T04:56:00+03:00,23.01,23.01,22.99,22.99,59
Finam:AG,2020-07-23T04:57:00+03:00,22.99,23.00,22.98,22.99,30
Finam:AG,2020-07-23T04:58:00+03:00,22.99,23.00,22.98,22.98,19
Finam:AG,2020-07-23T04:59:00+03:00,22.98,22.99,22.97,22.99,28
Finam:AG,2020-07-23T05:00:00+03:00,22.99,22.99,22.98,22.98,17
Finam:AG,2020-07-23T05:01:00+03:00,22.98,23.00,22.98,23.00,22
Finam:AG,2020-07-23T05:02:00+03:00,22.99,22.99,22.96,22.96,101
Finam:AG,2020-07-23T05:03:00+03:00,22.96,22.97,22.95,22.95,64
Finam:AG,2020-07-23T05:04:00+03:00,22.96,22.97,22.92,22.96,285
Finam:AG,2020-07-23T05:05:00+03:00,22.95,22.95,22.90,22.90,179
Finam:AG,2020-07-23T05:06:00+03:00,22.90,22.93,22.90,22.91,93
Finam:AG,2020-07-23T05:07:00+03:00,22.92,22.96,22.92,22.94,114
Finam:AG,2020-07-23T05:08:00+03:00,22.93,22.94,22.92,22.94,47
Finam:AG,2020-07-23T05:09:00+03:00,22.94,22.94,22.90,22.90,74
Finam:AG,2020-07-23T05:10:00+03:00,22.91,22.94,22.91,22.94,56
Finam:AG,2020-07-23T05:11:00+03:00,22.93,22.94,22.92,22.92,54
Finam:AG,2020-07-23T05:12:00+03:00,22.92,22.94,22.91,22.92,36
Finam:AG,2020-07-23T05:13:00+03:00,22.92,22.92,22.91,22.92,19
Finam:AG,2020-07-23T05:14:00+03:00,22.92,22.94,22.92,22.93,39
Finam:AG,2020-07-23T05:15:00+03:00,22.93,22.96,22.93,22.96,31
Finam:AG,2020-07-23T05:16:00+03:00,22.96,22.97,22.95,22.97,45
Finam:AG,2020-07-23T05:17:00+03:00,22.96,22.98,22.95,22.97,36
Finam:AG,2020-07-23T05:18:00+03:00,22.97,22.97,22.96,22.96,13
Finam:AG,2020-07-23T05:19:00+03:00,22.97,22.98,22.96,22.96,29
Finam:AG,2020-07-23T05:20:00+03:00,22.96,22.96,22.95,22.95,16
Finam:AG,2020-07-23T05:21:00+03:00,22.95,22.97,22.95,22.96,10
Finam:AG,2020-07-23T05:22:00+03:00,22.96,22.97,22.96,22.97,20
Finam:AG,2020-07-23T05:23:00+03:00,22.97,23.02,22.97,23.02,105
Finam:AG,2020-07-23T05:24:00+03:00,23.00,23.01,22.98,22.98,60
Finam:AG,2020-07-23T05:25:00+03:00,22.98,22.99,22.96,22.97,29
Finam:AG,2020-07-23T05:26:00+03:00,22.97,22.97,22.96,22.96,17
Finam:AG,2020-07-23T05:27:00+03:00,22.97,22.99,22.97,22.98,23
Finam:AG,2020-07-23T05:28:00+03:00,22.98,22.99,22.98,22.99,13
Finam:AG,2020-07-23T05:29:00+03:00,22.99,23.00,22.98,22.99,20
Finam:AG,2020-07-23T05:30:00+03:00,22.98,22.98,22.86,22.88,242
Finam:AG,2020-07-23T05:31:00+03:00,22.88,22.93,22.87,22.92,148
Finam:AG,2020-07-23T05:32:00+03:00,22.92,22.95,22.92,22.94,61
Finam:AG,2020-07-23T05:33:00+03:00,22.93,22.95,22.93,22.94,45
Finam:AG,2020-07-23T05:34:00+03:00,22.95,22.95,22.93,22.94,86
Finam:AG,2020-07-23T05:35:00+03:00,22.94,22.94,22.91,22.91,56
Finam:AG,2020-07-23T05:36:00+03:00,22.92,22.93,22.90,22.91,64
Finam:AG,2020-07-23T05:37:00+03:00,22.91,22.91,22.89,22.89,76
Finam:AG,2020-07-23T05:38:00+03:00,22.90,22.92,22.89,22.91,47
Finam:AG,2020-07-23T05:39:00+03:00,22.91,22.91,22.88,22.89,54
Finam:AG,2020-07-23T05:40:00+03:00,22.89,22.91,22.88,22.91,38
Finam:AG,2020-07-23T05:41:00+03:00,22.91,22.91,22.88,22.89,85
Finam:AG,2020-07-23T05:42:00+03:00,22.89,22.89,22.87,22.88,51
Finam:AG,2020-07-23T05:43:00+03:00,22.88,22.88,22.86,22.87,32
Finam:AG,2020-07-23T05:44:00+03:00,22.87,22.88,22.73,22.75,545
Finam:AG,2020-07-23T05:45:00+03:00,22.76,22.82,22.70,22.79,531
Finam:AG,2020-07-23T05:46:00+03:00,22.78,22.78,22.68,22.73,359
Finam:AG,2020-07-23T05:47:00+03:00,22.73,22.74,22.64,22.66,446
Finam:AG,2020-07-23T05:48:00+03:00,22.68,22.74,22.67,22.69,220
Finam:AG,2020-07-23T05:49:00+03:00,22.68,22.74,22.67,22.72,235
Finam:AG,2020-07-23T05:50:00+03:00,22.72,22.75,22.70,22.70,125
Finam:AG,2020-07-23T05:51:00+03:00,22.70,22.76,22.70,22.74,134
Finam:AG,2020-07-23T05:52:00+03:00,22.73,22.77,22.73,22.76,70
Finam:AG,2020-07-23T05:53:00+03:00,22.76,22.78,22.75,22.75,123
Finam:AG,2020-07-23T05:54:00+03:00,22.75,22.77,22.74,22.75,73
Finam:AG,2020-07-23T05:55:00+03:00,22.75,22.75,22.74,22.74,79
Finam:AG,2020-07-23T05:56:00+03:00,22.74,22.74,22.69,22.69,92
Finam:AG,2020-07-23T05:57:00+03:00,22.69,22.73,22.69,22.73,40
Finam:AG,2020-07-23T05:58:00+03:00,22.72,22.73,22.71,22.72,18
Finam:AG,2020-07-23T05:59:00+03:00,22.71,22.72,22.69,22.71,47
Finam:AG,2020-07-23T06:00:00+03:00,22.71,22.75,22.71,22.74,74
Finam:AG,2020-07-23T06:01:00+03:00,22.74,22.76,22.74,22.76,55
Finam:AG,2020-07-23T06:02:00+03:00,22.76,22.77,22.76,22.77,96
Finam:AG,2020-07-23T06:03:00+03:00,22.77,22.78,22.76,22.76,41
Finam:AG,2020-07-23T06:04:00+03:00,22.77,22.78,22.76,22.77,27
Finam:AG,2020-07-23T06:05:00+03:00,22.77,22.79,22.77,22.79,42
Finam:AG,2020-07-23T06:06:00+03:00,22.79,22.82,22.78,22.82,78
Finam:AG,2020-07-23T06:07:00+03:00,22.82,22.83,22.80,22.81,70
Finam:AG,2020-07-23T06:08:00+03:00,22.81,22.82,22.78,22.79,75
Finam:AG,2020-07-23T06:09:00+03:00,22.80,22.80,22.78,22.79,34
Finam:AG,2020-07-23T06:10:00+03:00,22.79,22.81,22.79,22.80,24
Finam:AG,2020-07-23T06:11:00+03:00,22.80,22.80,22.78,22.80,29
Finam:AG,2020-07-23T06:12:00+03:00,22.80,22.81,22.79,22.81,33
Finam:AG,2020-07-23T06:13:00+03:00,22.80,22.80,22.79,22.79,4
Finam:AG,2020-07-23T06:14:00+03:00,22.80,22.81,22.78,22.79,29
Finam:AG,2020-07-23T06:15:00+03:00,22.79,22.82,22.78,22.81,50
Finam:AG,2020-07-23T06:16:00+03:00,22.81,22.84,22.81,22.83,27
Finam:AG,2020-07-23T06:17:00+03:00,22.83,22.83,22.81,22.81,28
Finam:AG,2020-07-23T06:18:00+03:00,22.82,22.82,22.81,22.81,36
Finam:AG,2020-07-23T06:19:00+03:00,22.81,22.82,22.80,22.80,11
Finam:AG,2020-07-23T06:20:00+03:00,22.82,22.83,22.81,22.82,9
Finam:AG,2020-07-23T06:21:00+03:00,22.82,22.84,22.81,22.84,34
Finam:AG,2020-07-23T06:22:00+03:00,22.84,22.85,22.83,22.83,27
Finam:AG,2020-07-23T06:23:00+03:00,22.84,22.85,22.82,22.82,38
Finam:AG,2020-07-23T06:24:00+03:00,22.83,22.83,22.80,22.80,49
Finam:AG,2020-07-23T06:25:00+03:00,22.80,22.81,22.79,22.79,21
Finam:AG,2020-07-23T06:26:00+03:00,22.80,22.82,22.80,22.82,17
Finam:AG,2020-07-23T06:27:00+03:00,22.82,22.84,22.82,22.84,25
Finam:AG,2020-07-23T06:28:00+03:00,22.84,22.85,22.83,22.84,20
Finam:AG,2020-07-23T06:29:00+03:00,22.84,22.84,22.82,22.82,28
Finam:AG,2020-07-23T06:30:00+03:00,22.82,22.83,22.81,22.83,23
Finam:AG,2020-07-23T06:31:00+03:00,22.83,22.84,22.83,22.83,19
Finam:AG,2020-07-23T06:32:00+03:00,22.83,22.84,22.83,22.84,12
Finam:AG,2020-07-23T06:33:00+03:00,22.84,22.85,22.83,22.83,24
Finam:AG,2020-07-23T06:34:00+03:00,22.84,22.85,22.83,22.83,23
Finam:AG,2020-07-23T06:35:00+03:00,22.83,22.83,22.81,22.81,12
Finam:AG,2020-07-23T06:36:00+03:00,22.82,22.82,22.79,22.79,57
Finam:AG,2020-07-23T06:37:00+03:00,22.79,22.79,22.78,22.78,56
Finam:AG,2020-07-23T06:38:00+03:00,22.79,22.79,22.78,22.79,43
Finam:AG,2020-07-23T06:39:00+03:00,22.78,22.79,22.78,22.78,24
Finam:AG,2020-07-23T06:40:00+03:00,22.78,22.79,22.78,22.79,3
Finam:AG,2020-07-23T06:41:00+03:00,22.79,22.81,22.79,22.81,18
Finam:AG,2020-07-23T06:42:00+03:00,22.80,22.81,22.80,22.80,13
Finam:AG,2020-07-23T06:43:00+03:00,22.81,22.83,22.81,22.82,23
Finam:AG,2020-07-23T06:44:00+03:00,22.82,22.82,22.81,22.81,21
Finam:AG,2020-07-23T06:45:00+03:00,22.82,22.83,22.82,22.83,5
Finam:AG,2020-07-23T06:46:00+03:00,22.82,22.83,22.81,22.81,18
Finam:AG,2020-07-23T06:47:00+03:00,22.82,22.82,22.80,22.80,9
Finam:AG,2020-07-23T06:48:00+03:00,22.81,22.82,22.80,22.81,14
Finam:AG,2020-07-23T06:49:00+03:00,22.80,22.81,22.80,22.80,10
Finam:AG,2020-07-23T06:50:00+03:00,22.80,22.80,22.79,22.79,13
Finam:AG,2020-07-23T06:51:00+03:00,22.80,22.81,22.80,22.81,19
Finam:AG,2020-07-23T06:52:00+03:00,22.81,22.82,22.79,22.80,40
Finam:AG,2020-07-23T06:53:00+03:00,22.79,22.80,22.78,22.80,12
Finam:AG,2020-07-23T06:54:00+03:00,22.80,22.81,22.80,22.80,7
Finam:AG,2020-07-23T06:55:00+03:00,22.80,22.82,22.80,22.82,14
Finam:AG,2020-07-23T06:56:00+03:00,22.81,22.82,22.78,22.78,39
Finam:AG,2020-07-23T06:57:00+03:00,22.79,22.80,22.79,22.80,13
Finam:AG,2020-07-23T06:58:00+03:00,22.79,22.79,22.79,22.79,5
Finam:AG,2020-07-23T06:59:00+03:00,22.79,22.79,22.78,22.78,20
Finam:AG,2020-07-23T07:00:00+03:00,22.79,22.80,22.79,22.80,20
Finam:AG,2020-07-23T07:01:00+03:00,22.80,22.82,22.80,22.80,18
Finam:AG,2020-07-23T07:02:00+03:00,22.80,22.81,22.80,22.81,20
Finam:AG,2020-07-23T07:03:00+03:00,22.81,22.81,22.80,22.81,16
Finam:AG,2020-07-23T07:04:00+03:00,22.81,22.82,22.81,22.82,8
Finam:AG,2020-07-23T07:05:00+03:00,22.82,22.83,22.82,22.83,13
Finam:AG,2020-07-23T07:06:00+03:00,22.83,22.83,22.82,22.82,27
Finam:AG,2020-07-23T07:07:00+03:00,22.82,22.84,22.82,22.82,40
Finam:AG,2020-07-23T07:08:00+03:00,22.82,22.83,22.82,22.83,7
Finam:AG,2020-07-23T07:09:00+03:00,22.83,22.84,22.83,22.84,15
Finam:AG,2020-07-23T07:10:00+03:00,22.83,22.83,22.81,22.81,20
Finam:AG,2020-07-23T07:11:00+03:00,22.81,22.81,22.79,22.80,25
Finam:AG,2020-07-23T07:12:00+03:00,22.80,22.80,22.79,22.79,16
Finam:AG,2020-07-23T07:13:00+03:00,22.79,22.81,22.79,22.80,14
Finam:AG,2020-07-23T07:14:00+03:00,22.80,22.80,22.79,22.79,13
Finam:AG,2020-07-23T07:15:00+03:00,22.80,22.82,22.80,22.82,16
Finam:AG,2020-07-23T07:16:00+03:00,22.81,22.82,22.81,22.82,16
Finam:AG,2020-07-23T07:17:00+03:00,22.82,22.82,22.82,22.82,7
Finam:AG,2020-07-23T07:18:00+03:00,22.83,22.83,22.82,22.82,6
Finam:AG,2020-07-23T07:19:00+03:00,22.82,22.82,22.80,22.80,12
Finam:AG,2020-07-23T07:20:00+03:00,22.81,22.83,22.81,22.83,9
Finam:AG,2020-07-23T07:21:00+03:00,22.82,22.82,22.82,22.82,3
Finam:AG,2020-07-23T07:22:00+03:00,22.83,22.85,22.83,22.84,46
Finam:AG,2020-07-23T07:23:00+03:00,22.84,22.85,22.84,22.85,18
Finam:AG,2020-07-23T07:24:00+03:00,22.84,22.85,22.83,22.85,36
Finam:AG,2020-07-23T07:25:00+03:00,22.85,22.85,22.84,22.85,12
Finam:AG,2020-07-23T07:26:00+03:00,22.85,22.92,22.85,22.89,244
Finam:AG,2020-07-23T07:27:00+03:00,22.88,22.93,22.87,22.92,111
Finam:AG,2020-07-23T07:28:00+03:00,22.92,22.96,22.91,22.96,103
Finam:AG,2020-07-23T07:29:00+03:00,22.96,22.97,22.92,22.92,86
Finam:AG,2020-07-23T07:30:00+03:00,22.93,23.00,22.92,23.00,122
Finam:AG,2020-07-23T07:31:00+03:00,23.00,23.02,22.99,23.02,81
Finam:AG,2020-07-23T07:32:00+03:00,23.01,23.01,22.95,22.95,89
Finam:AG,2020-07-23T07:33:00+03:00,22.95,22.96,22.94,22.95,51
Finam:AG,2020-07-23T07:34:00+03:00,22.95,22.96,22.95,22.96,33
Finam:AG,2020-07-23T07:35:00+03:00,22.96,22.97,22.96,22.96,25
Finam:AG,2020-07-23T07:36:00+03:00,22.95,22.95,22.91,22.91,53
Finam:AG,2020-07-23T07:37:00+03:00,22.92,22.93,22.91,22.91,45
Finam:AG,2020-07-23T07:38:00+03:00,22.91,22.93,22.90,22.93,39
Finam:AG,2020-07-23T07:39:00+03:00,22.93,22.94,22.92,22.92,18
Finam:AG,2020-07-23T07:40:00+03:00,22.92,22.93,22.91,22.91,14
Finam:AG,2020-07-23T07:41:00+03:00,22.91,22.92,22.91,22.92,22
Finam:AG,2020-07-23T07:42:00+03:00,22.92,22.93,22.92,22.93,9
Finam:AG,2020-07-23T07:43:00+03:00,22.93,22.94,22.93,22.94,20
Finam:AG,2020-07-23T07:44:00+03:00,22.93,22.93,22.93,22.93,1
Finam:AG,2020-07-23T07:45:00+03:00,22.92,22.94,22.92,22.94,17
Finam:AG,2020-07-23T07:46:00+03:00,22.94,22.94,22.94,22.94,7
Finam:AG,2020-07-23T07:47:00+03:00,22.93,22.93,22.92,22.92,10
Finam:AG,2020-07-23T07:48:00+03:00,22.93,22.96,22.93,22.96,36
Finam:AG,2020-07-23T07:49:00+03:00,22.96,22.97,22.95,22.96,20
Finam:AG,2020-07-23T07:50:00+03:00,22.95,22.95,22.94,22.95,15
Finam:AG,2020-07-23T07:51:00+03:00,22.96,22.96,22.95,22.95,17
Finam:AG,2020-07-23T07:52:00+03:00,22.95,22.95,22.94,22.94,17
Finam:AG,2020-07-23T07:53:00+03:00,22.93,22.93,22.92,22.92,13
Finam:AG,2020-07-23T07:54:00+03:00,22.93,22.95,22.93,22.95,8
Finam:AG,2020-07-23T07:55:00+03:00,22.95,22.95,22.93,22.93,12
Finam:AG,2020-07-23T07:56:00+03:00,22.94,22.95,22.94,22.95,9
Finam:AG,2020-07-23T07:57:00+03:00,22.94,22.95,22.93,22.95,23
Finam:AG,2020-07-23T07:58:00+03:00,22.94,22.96,22.94,22.95,13
Finam:AG,2020-07-23T07:59:00+03:00,22.96,22.96,22.94,22.94,12
Finam:AG,2020-07-23T08:00:00+03:00,22.95,22.96,22.94,22.95,49
Finam:AG,2020-07-23T08:01:00+03:00,22.96,22.97,22.94,22.95,19
Finam:AG,2020-07-23T08:02:00+03:00,22.95,22.95,22.93,22.93,13
Finam:AG,2020-07-23T08:03:00+03:00,22.94,22.95,22.94,22.95,19
Finam:AG,2020-07-23T08:04:00+03:00,22.95,22.96,22.95,22.95,14
Finam:AG,2020-07-23T08:05:00+03:00,22.95,22.96,22.95,22.96,7
Finam:AG,2020-07-23T08:06:00+03:00,22.95,22.95,22.94,22.95,6
Finam:AG,2020-07-23T08:07:00+03:00,22.95,22.96,22.95,22.96,15
Finam:AG,2020-07-23T08:08:00+03:00,22.96,22.96,22.95,22.95,18
Finam:AG,2020-07-23T08:09:00+03:00,22.96,22.96,22.95,22.95,5
Finam:AG,2020-07-23T08:10:00+03:00,22.95,22.95,22.93,22.93,43
Finam:AG,2020-07-23T08:11:00+03:00,22.94,22.96,22.94,22.95,13
Finam:AG,2020-07-23T08:12:00+03:00,22.95,22.95,22.92,22.93,61
Finam:AG,2020-07-23T08:13:00+03:00,22.94,22.95,22.93,22.93,31
Finam:AG,2020-07-23T08:14:00+03:00,22.93,22.94,22.92,22.93,12
Finam:AG,2020-07-23T08:15:00+03:00,22.94,22.96,22.94,22.96,24
Finam:AG,2020-07-23T08:16:00+03:00,22.95,22.96,22.94,22.96,14
Finam:AG,2020-07-23T08:17:00+03:00,22.96,22.96,22.95,22.95,18
Finam:AG,2020-07-23T08:18:00+03:00,22.96,22.96,22.95,22.96,5
Finam:AG,2020-07-23T08:19:00+03:00,22.96,22.96,22.96,22.96,1
Finam:AG,2020-07-23T08:20:00+03:00,22.96,22.98,22.96,22.98,29
Finam:AG,2020-07-23T08:21:00+03:00,22.98,22.99,22.97,22.97,11
Finam:AG,2020-07-23T08:22:00+03:00,22.97,22.98,22.97,22.98,10
Finam:AG,2020-07-23T08:23:00+03:00,22.98,22.99,22.97,22.97,27
Finam:AG,2020-07-23T08:24:00+03:00,22.97,22.97,22.96,22.96,22
Finam:AG,2020-07-23T08:25:00+03:00,22.97,22.98,22.97,22.98,11
Finam:AG,2020-07-23T08:26:00+03:00,22.97,22.98,22.96,22.98,50
Finam:AG,2020-07-23T08:27:00+03:00,22.98,22.99,22.97,22.98,9
Finam:AG,2020-07-23T08:28:00+03:00,22.97,22.98,22.95,22.95,53
Finam:AG,2020-07-23T08:29:00+03:00,22.96,22.96,22.95,22.95,34
Finam:AG,2020-07-23T08:30:00+03:00,22.96,22.99,22.94,22.99,286
Finam:AG,2020-07-23T08:31:00+03:00,22.98,22.99,22.96,22.97,79
Finam:AG,2020-07-23T08:32:00+03:00,22.97,22.99,22.95,22.95,90
Finam:AG,2020-07-23T08:33:00+03:00,22.95,22.96,22.94,22.95,55
Finam:AG,2020-07-23T08:34:00+03:00,22.96,22.97,22.95,22.95,25
Finam:AG,2020-07-23T08:35:00+03:00,22.95,22.96,22.94,22.94,44
Finam:AG,2020-07-23T08:36:00+03:00,22.95,22.95,22.93,22.93,58
Finam:AG,2020-07-23T08:37:00+03:00,22.94,22.95,22.92,22.93,52
Finam:AG,2020-07-23T08:38:00+03:00,22.93,22.93,22.90,22.90,113
Finam:AG,2020-07-23T08:39:00+03:00,22.90,22.90,22.84,22.86,245
Finam:AG,2020-07-23T08:40:00+03:00,22.86,22.87,22.84,22.86,111
Finam:AG,2020-07-23T08:41:00+03:00,22.87,22.90,22.87,22.90,77
Finam:AG,2020-07-23T08:42:00+03:00,22.90,22.91,22.89,22.90,49
Finam:AG,2020-07-23T08:43:00+03:00,22.90,22.90,22.87,22.88,92
Finam:AG,2020-07-23T08:44:00+03:00,22.88,22.89,22.87,22.88,23
Finam:AG,2020-07-23T08:45:00+03:00,22.87,22.88,22.86,22.88,16
Finam:AG,2020-07-23T08:46:00+03:00,22.88,22.93,22.88,22.93,81
Finam:AG,2020-07-23T08:47:00+03:00,22.92,22.92,22.90,22.91,46
Finam:AG,2020-07-23T08:48:00+03:00,22.91,22.92,22.90,22.92,24
Finam:AG,2020-07-23T08:49:00+03:00,22.92,22.92,22.91,22.91,19
Finam:AG,2020-07-23T08:50:00+03:00,22.91,22.91,22.89,22.89,34
Finam:AG,2020-07-23T08:51:00+03:00,22.90,22.91,22.90,22.90,10
Finam:AG,2020-07-23T08:52:00+03:00,22.90,22.92,22.90,22.91,24
Finam:AG,2020-07-23T08:53:00+03:00,22.91,22.94,22.91,22.93,94
Finam:AG,2020-07-23T08:54:00+03:00,22.93,22.94,22.92,22.93,11
Finam:AG,2020-07-23T08:55:00+03:00,22.93,22.93,22.92,22.92,23
Finam:AG,2020-07-23T08:56:00+03:00,22.93,22.94,22.92,22.93,19
Finam:AG,2020-07-23T08:57:00+03:00,22.93,22.93,22.92,22.93,8
Finam:AG,2020-07-23T08:58:00+03:00,22.93,22.94,22.93,22.94,7
Finam:AG,2020-07-23T08:59:00+03:00,22.94,22.94,22.93,22.93,11
Finam:AG,2020-07-23T09:00:00+03:00,22.94,22.96,22.94,22.96,95
Finam:AG,2020-07-23T09:01:00+03:00,22.96,22.97,22.95,22.96,120
Finam:AG,2020-07-23T09:02:00+03:00,22.96,22.97,22.95,22.97,71
Finam:AG,2020-07-23T09:03:00+03:00,22.97,23.00,22.96,22.99,96
Finam:AG,2020-07-23T09:04:00+03:00,22.98,22.99,22.97,22.99,43
Finam:AG,2020-07-23T09:05:00+03:00,23.00,23.03,22.99,23.03,200
Finam:AG,2020-07-23T09:06:00+03:00,23.02,23.03,23.00,23.01,97
Finam:AG,2020-07-23T09:07:00+03:00,23.01,23.01,22.99,23.00,86
Finam:AG,2020-07-23T09:08:00+03:00,23.01,23.03,23.00,23.02,153
Finam:AG,2020-07-23T09:09:00+03:00,23.02,23.03,23.01,23.03,69
Finam:AG,2020-07-23T09:10:00+03:00,23.03,23.03,23.01,23.02,51
Finam:AG,2020-07-23T09:11:00+03:00,23.02,23.02,22.99,23.00,79
Finam:AG,2020-07-23T09:12:00+03:00,23.00,23.03,22.99,23.03,66
Finam:AG,2020-07-23T09:13:00+03:00,23.03,23.06,23.03,23.05,136
Finam:AG,2020-07-23T09:14:00+03:00,23.05,23.05,23.02,23.04,81
Finam:AG,2020-07-23T09:15:00+03:00,23.05,23.07,23.04,23.07,121
Finam:AG,2020-07-23T09:16:00+03:00,23.07,23.10,23.06,23.09,83
Finam:AG,2020-07-23T09:17:00+03:00,23.09,23.09,23.07,23.08,112
Finam:AG,2020-07-23T09:18:00+03:00,23.09,23.09,23.07,23.08,70
Finam:AG,2020-07-23T09:19:00+03:00,23.08,23.09,23.06,23.06,83
Finam:AG,2020-07-23T09:20:00+03:00,23.07,23.09,23.07,23.08,42
Finam:AG,2020-07-23T09:21:00+03:00,23.08,23.08,23.06,23.07,61
Finam:AG,2020-07-23T09:22:00+03:00,23.08,23.09,23.07,23.08,59
Finam:AG,2020-07-23T09:23:00+03:00,23.07,23.08,23.06,23.08,43
Finam:AG,2020-07-23T09:24:00+03:00,23.08,23.10,23.08,23.10,106
Finam:AG,2020-07-23T09:25:00+03:00,23.10,23.14,23.10,23.13,217
Finam:AG,2020-07-23T09:26:00+03:00,23.12,23.14,23.12,23.13,155
Finam:AG,2020-07-23T09:27:00+03:00,23.12,23.12,23.09,23.09,139
Finam:AG,2020-07-23T09:28:00+03:00,23.09,23.09,23.06,23.07,107
Finam:AG,2020-07-23T09:29:00+03:00,23.08,23.09,23.07,23.08,107
Finam:AG,2020-07-23T09:30:00+03:00,23.09,23.11,23.08,23.11,157
Finam:AG,2020-07-23T09:31:00+03:00,23.10,23.11,23.10,23.10,52
Finam:AG,2020-07-23T09:32:00+03:00,23.10,23.10,23.07,23.09,90
Finam:AG,2020-07-23T09:33:00+03:00,23.09,23.10,23.09,23.09,52
Finam:AG,2020-07-23T09:34:00+03:00,23.09,23.10,23.08,23.08,35
Finam:AG,2020-07-23T09:35:00+03:00,23.08,23.10,23.08,23.08,59
Finam:AG,2020-07-23T09:36:00+03:00,23.08,23.09,23.07,23.08,31
Finam:AG,2020-07-23T09:37:00+03:00,23.08,23.10,23.06,23.07,64
Finam:AG,2020-07-23T09:38:00+03:00,23.07,23.09,23.07,23.08,60
Finam:AG,2020-07-23T09:39:00+03:00,23.08,23.10,23.08,23.10,48
Finam:AG,2020-07-23T09:40:00+03:00,23.09,23.10,23.07,23.10,66
Finam:AG,2020-07-23T09:41:00+03:00,23.10,23.11,23.08,23.11,67
Finam:AG,2020-07-23T09:42:00+03:00,23.10,23.11,23.08,23.08,111
Finam:AG,2020-07-23T09:43:00+03:00,23.09,23.10,23.08,23.08,58
Finam:AG,2020-07-23T09:44:00+03:00,23.09,23.10,23.06,23.06,68
Finam:AG,2020-07-23T09:45:00+03:00,23.07,23.08,23.06,23.08,98
Finam:AG,2020-07-23T09:46:00+03:00,23.07,23.09,23.07,23.09,102
Finam:AG,2020-07-23T09:47:00+03:00,23.09,23.11,23.08,23.08,104
Finam:AG,2020-07-23T09:48:00+03:00,23.08,23.08,23.06,23.06,52
Finam:AG,2020-07-23T09:49:00+03:00,23.06,23.06,23.03,23.05,204
Finam:AG,2020-07-23T09:50:00+03:00,23.05,23.08,23.05,23.07,78
Finam:AG,2020-07-23T09:51:00+03:00,23.06,23.09,23.06,23.09,120
Finam:AG,2020-07-23T09:52:00+03:00,23.09,23.11,23.08,23.11,159
Finam:AG,2020-07-23T09:53:00+03:00,23.11,23.13,23.10,23.11,101
Finam:AG,2020-07-23T09:54:00+03:00,23.10,23.11,23.09,23.09,62
Finam:AG,2020-07-23T09:55:00+03:00,23.10,23.10,23.08,23.09,99
Finam:AG,2020-07-23T09:56:00+03:00,23.09,23.12,23.09,23.11,79
Finam:AG,2020-07-23T09:57:00+03:00,23.11,23.12,23.10,23.10,53
Finam:AG,2020-07-23T09:58:00+03:00,23.11,23.13,23.11,23.13,142
Finam:AG,2020-07-23T09:59:00+03:00,23.13,23.14,23.12,23.14,158
Finam:AG,2020-07-23T10:00:00+03:00,23.13,23.14,23.08,23.11,275
Finam:AG,2020-07-23T10:01:00+03:00,23.11,23.11,23.08,23.08,121
Finam:AG,2020-07-23T10:02:00+03:00,23.08,23.09,23.07,23.09,77
Finam:AG,2020-07-23T10:03:00+03:00,23.09,23.10,23.08,23.09,69
Finam:AG,2020-07-23T10:04:00+03:00,23.09,23.10,23.08,23.09,53
Finam:AG,2020-07-23T10:05:00+03:00,23.09,23.09,23.08,23.08,49
Finam:AG,2020-07-23T10:06:00+03:00,23.08,23.08,23.04,23.04,123
Finam:AG,2020-07-23T10:07:00+03:00,23.05,23.06,23.00,23.02,265
Finam:AG,2020-07-23T10:08:00+03:00,23.02,23.02,22.99,22.99,70
Finam:AG,2020-07-23T10:09:00+03:00,22.98,23.02,22.98,23.01,194
Finam:AG,2020-07-23T10:10:00+03:00,23.01,23.03,23.01,23.03,165
Finam:AG,2020-07-23T10:11:00+03:00,23.03,23.04,23.01,23.01,103
Finam:AG,2020-07-23T10:12:00+03:00,23.02,23.04,23.01,23.04,54
Finam:AG,2020-07-23T10:13:00+03:00,23.04,23.05,23.04,23.05,28
Finam:AG,2020-07-23T10:14:00+03:00,23.05,23.11,23.05,23.11,277
Finam:AG,2020-07-23T10:15:00+03:00,23.10,23.11,23.07,23.10,252
Finam:AG,2020-07-23T10:16:00+03:00,23.10,23.16,23.09,23.13,441
Finam:AG,2020-07-23T10:17:00+03:00,23.13,23.14,23.11,23.12,105
Finam:AG,2020-07-23T10:18:00+03:00,23.12,23.13,23.10,23.10,96
Finam:AG,2020-07-23T10:19:00+03:00,23.10,23.12,23.10,23.11,36
Finam:AG,2020-07-23T10:20:00+03:00,23.11,23.11,23.09,23.09,78
Finam:AG,2020-07-23T10:21:00+03:00,23.10,23.10,23.07,23.07,75
Finam:AG,2020-07-23T10:22:00+03:00,23.07,23.07,23.03,23.03,78
Finam:AG,2020-07-23T10:23:00+03:00,23.04,23.06,23.03,23.05,73
Finam:AG,2020-07-23T10:24:00+03:00,23.04,23.06,23.04,23.06,59
Finam:AG,2020-07-23T10:25:00+03:00,23.06,23.07,23.05,23.05,80
Finam:AG,2020-07-23T10:26:00+03:00,23.06,23.08,23.06,23.07,53
Finam:AG,2020-07-23T10:27:00+03:00,23.07,23.07,23.02,23.02,140
Finam:AG,2020-07-23T10:28:00+03:00,23.03,23.04,23.00,23.01,135
Finam:AG,2020-07-23T10:29:00+03:00,23.00,23.00,22.95,22.96,147
Finam:AG,2020-07-23T10:30:00+03:00,22.97,23.01,22.97,22.99,164
Finam:AG,2020-07-23T10:31:00+03:00,22.99,23.01,22.96,23.01,123
Finam:AG,2020-07-23T10:32:00+03:00,22.99,23.01,22.97,22.98,54
Finam:AG,2020-07-23T10:33:00+03:00,22.99,22.99,22.97,22.98,40
Finam:AG,2020-07-23T10:34:00+03:00,22.99,23.01,22.98,23.01,48
Finam:AG,2020-07-23T10:35:00+03:00,23.00,23.04,22.98,23.04,132
Finam:AG,2020-07-23T10:36:00+03:00,23.03,23.04,22.99,22.99,92
Finam:AG,2020-07-23T10:37:00+03:00,23.00,23.04,22.99,23.04,96
Finam:AG,2020-07-23T10:38:00+03:00,23.03,23.03,23.00,23.01,56
Finam:AG,2020-07-23T10:39:00+03:00,23.01,23.02,22.99,23.00,57
Finam:AG,2020-07-23T10:40:00+03:00,22.99,23.01,22.99,23.00,37
Finam:AG,2020-07-23T10:41:00+03:00,23.00,23.02,23.00,23.02,51
Finam:AG,2020-07-23T10:42:00+03:00,23.01,23.04,23.00,23.04,84
Finam:AG,2020-07-23T10:43:00+03:00,23.03,23.06,23.03,23.06,118
Finam:AG,2020-07-23T10:44:00+03:00,23.06,23.08,23.02,23.02,147
Finam:AG,2020-07-23T10:45:00+03:00,23.02,23.07,23.02,23.06,102
Finam:AG,2020-07-23T10:46:00+03:00,23.05,23.05,23.00,23.01,85
Finam:AG,2020-07-23T10:47:00+03:00,23.01,23.02,22.99,23.02,80
Finam:AG,2020-07-23T10:48:00+03:00,23.02,23.02,23.01,23.01,40
Finam:AG,2020-07-23T10:49:00+03:00,23.01,23.01,22.98,22.98,126
Finam:AG,2020-07-23T10:50:00+03:00,22.98,23.00,22.98,22.99,53
Finam:AG,2020-07-23T10:51:00+03:00,23.00,23.01,22.98,22.98,63
Finam:AG,2020-07-23T10:52:00+03:00,22.97,22.98,22.96,22.97,58
Finam:AG,2020-07-23T10:53:00+03:00,22.97,23.00,22.97,23.00,61
Finam:AG,2020-07-23T10:54:00+03:00,23.00,23.01,22.99,23.01,62
Finam:AG,2020-07-23T10:55:00+03:00,23.00,23.01,22.99,23.00,23
Finam:AG,2020-07-23T10:56:00+03:00,23.00,23.01,23.00,23.01,21
Finam:AG,2020-07-23T10:57:00+03:00,23.01,23.05,23.00,23.05,84
Finam:AG,2020-07-23T10:58:00+03:00,23.04,23.06,23.02,23.02,112
Finam:AG,2020-07-23T10:59:00+03:00,23.02,23.04,23.02,23.04,34
Finam:AG,2020-07-23T11:00:00+03:00,23.04,23.07,23.04,23.07,59
Finam:AG,2020-07-23T11:04:00+03:00,23.14,23.15,23.12,23.13,13
Finam:AG,2020-07-23T11:05:00+03:00,23.14,23.15,23.13,23.15,5
Finam:AG,2020-07-23T11:06:00+03:00,23.13,23.13,23.10,23.10,21
Finam:AG,2020-07-23T11:07:00+03:00,23.11,23.20,23.11,23.20,22
Finam:AG,2020-07-23T11:08:00+03:00,23.20,23.21,23.18,23.19,32
Finam:AG,2020-07-23T11:09:00+03:00,23.23,23.26,23.22,23.26,29
Finam:AG,2020-07-23T11:10:00+03:00,23.24,23.24,23.21,23.21,33
Finam:AG,2020-07-23T11:11:00+03:00,23.23,23.25,23.22,23.24,57
Finam:AG,2020-07-23T11:12:00+03:00,23.24,23.26,23.23,23.23,24
Finam:AG,2020-07-23T11:13:00+03:00,23.20,23.20,23.20,23.20,4
Finam:AG,2020-07-23T11:15:00+03:00,23.20,23.20,23.20,23.20,5
Finam:AG,2020-07-23T11:16:00+03:00,23.20,23.20,23.19,23.19,5
Finam:AG,2020-07-23T11:18:00+03:00,23.22,23.22,23.22,23.22,3
Finam:AG,2020-07-23T11:19:00+03:00,23.22,23.24,23.21,23.22,18
Finam:AG,2020-07-23T11:20:00+03:00,23.21,23.22,23.20,23.20,26
Finam:AG,2020-07-23T11:21:00+03:00,23.19,23.21,23.18,23.20,23
Finam:AG,2020-07-23T11:22:00+03:00,23.20,23.20,23.16,23.17,88
Finam:AG,2020-07-23T11:23:00+03:00,23.17,23.19,23.16,23.18,48
Finam:AG,2020-07-23T11:24:00+03:00,23.18,23.21,23.17,23.21,47
Finam:AG,2020-07-23T11:25:00+03:00,23.22,23.27,23.22,23.27,254
Finam:AG,2020-07-23T11:26:00+03:00,23.26,23.26,23.23,23.25,121
Finam:AG,2020-07-23T11:27:00+03:00,23.25,23.27,23.25,23.27,117
Finam:AG,2020-07-23T11:28:00+03:00,23.26,23.26,23.21,23.21,67
Finam:AG,2020-07-23T11:29:00+03:00,23.22,23.22,23.20,23.20,37
Finam:AG,2020-07-23T11:30:00+03:00,23.20,23.23,23.20,23.23,48
Finam:AG,2020-07-23T11:31:00+03:00,23.23,23.24,23.21,23.24,46
Finam:AG,2020-07-23T11:32:00+03:00,23.24,23.24,23.22,23.23,45
Finam:AG,2020-07-23T11:33:00+03:00,23.22,23.25,23.20,23.25,53
Finam:AG,2020-07-23T11:34:00+03:00,23.25,23.25,23.22,23.22,136
Finam:AG,2020-07-23T11:35:00+03:00,23.21,23.25,23.20,23.24,116
Finam:AG,2020-07-23T11:36:00+03:00,23.25,23.25,23.23,23.24,29
Finam:AG,2020-07-23T11:37:00+03:00,23.24,23.29,23.24,23.28,138
Finam:AG,2020-07-23T11:38:00+03:00,23.28,23.28,23.26,23.26,39
Finam:AG,2020-07-23T11:39:00+03:00,23.27,23.32,23.27,23.31,149
Finam:AG,2020-07-23T11:40:00+03:00,23.31,23.36,23.30,23.36,220
Finam:AG,2020-07-23T11:41:00+03:00,23.35,23.39,23.34,23.35,233
Finam:AG,2020-07-23T11:42:00+03:00,23.35,23.35,23.30,23.30,181
Finam:AG,2020-07-23T11:43:00+03:00,23.31,23.32,23.29,23.30,80
Finam:AG,2020-07-23T11:44:00+03:00,23.30,23.30,23.25,23.25,230
Finam:AG,2020-07-23T11:45:00+03:00,23.25,23.29,23.25,23.27,128
Finam:AG,2020-07-23T11:46:00+03:00,23.26,23.28,23.23,23.24,73
Finam:AG,2020-07-23T11:47:00+03:00,23.25,23.25,23.21,23.21,101
Finam:AG,2020-07-23T11:48:00+03:00,23.21,23.22,23.19,23.20,100
Finam:AG,2020-07-23T11:49:00+03:00,23.21,23.21,23.15,23.19,180
Finam:AG,2020-07-23T11:50:00+03:00,23.18,23.21,23.16,23.21,118
Finam:AG,2020-07-23T11:51:00+03:00,23.19,23.21,23.19,23.21,70
Finam:AG,2020-07-23T11:52:00+03:00,23.21,23.22,23.19,23.20,103
Finam:AG,2020-07-23T11:53:00+03:00,23.20,23.21,23.19,23.19,31
Finam:AG,2020-07-23T11:54:00+03:00,23.19,23.22,23.19,23.21,55
Finam:AG,2020-07-23T11:55:00+03:00,23.20,23.22,23.20,23.22,35
Finam:AG,2020-07-23T11:56:00+03:00,23.22,23.23,23.19,23.19,76
Finam:AG,2020-07-23T11:57:00+03:00,23.19,23.20,23.17,23.20,61
Finam:AG,2020-07-23T11:58:00+03:00,23.20,23.20,23.15,23.15,181
Finam:AG,2020-07-23T11:59:00+03:00,23.15,23.18,23.12,23.14,246
Finam:AG,2020-07-23T12:00:00+03:00,23.14,23.16,23.12,23.13,147
Finam:AG,2020-07-23T12:01:00+03:00,23.14,23.16,23.13,23.13,73
Finam:AG,2020-07-23T12:02:00+03:00,23.15,23.15,23.10,23.11,89
Finam:AG,2020-07-23T12:03:00+03:00,23.11,23.12,23.09,23.10,66
Finam:AG,2020-07-23T12:04:00+03:00,23.11,23.13,23.11,23.13,54
Finam:AG,2020-07-23T12:05:00+03:00,23.13,23.15,23.12,23.15,33
Finam:AG,2020-07-23T12:06:00+03:00,23.14,23.14,23.11,23.12,67
Finam:AG,2020-07-23T12:07:00+03:00,23.12,23.15,23.12,23.15,41
Finam:AG,2020-07-23T12:08:00+03:00,23.15,23.19,23.14,23.19,119
Finam:AG,2020-07-23T12:09:00+03:00,23.19,23.19,23.17,23.18,45
Finam:AG,2020-07-23T12:10:00+03:00,23.18,23.19,23.17,23.17,50
Finam:AG,2020-07-23T12:11:00+03:00,23.17,23.19,23.16,23.18,32
Finam:AG,2020-07-23T12:12:00+03:00,23.18,23.19,23.17,23.18,20
Finam:AG,2020-07-23T12:13:00+03:00,23.18,23.18,23.16,23.16,27
Finam:AG,2020-07-23T12:14:00+03:00,23.16,23.18,23.16,23.17,19
Finam:AG,2020-07-23T12:15:00+03:00,23.17,23.17,23.16,23.16,28
Finam:AG,2020-07-23T12:16:00+03:00,23.17,23.17,23.15,23.17,20
Finam:AG,2020-07-23T12:17:00+03:00,23.17,23.17,23.14,23.15,40
Finam:AG,2020-07-23T12:18:00+03:00,23.15,23.16,23.15,23.16,48
Finam:AG,2020-07-23T12:19:00+03:00,23.16,23.17,23.15,23.16,49
Finam:AG,2020-07-23T12:20:00+03:00,23.16,23.16,23.15,23.16,21
Finam:AG,2020-07-23T12:21:00+03:00,23.16,23.16,23.13,23.13,22
Finam:AG,2020-07-23T12:22:00+03:00,23.14,23.15,23.13,23.13,35
Finam:AG,2020-07-23T12:23:00+03:00,23.13,23.13,23.11,23.13,63
Finam:AG,2020-07-23T12:24:00+03:00,23.14,23.14,23.11,23.12,16
Finam:AG,2020-07-23T12:25:00+03:00,23.11,23.12,23.11,23.12,19
Finam:AG,2020-07-23T12:26:00+03:00,23.12,23.13,23.12,23.12,23
Finam:AG,2020-07-23T12:27:00+03:00,23.13,23.16,23.13,23.16,68
Finam:AG,2020-07-23T12:28:00+03:00,23.15,23.17,23.14,23.16,40
Finam:AG,2020-07-23T12:29:00+03:00,23.15,23.16,23.15,23.16,17
Finam:AG,2020-07-23T12:30:00+03:00,23.16,23.17,23.11,23.12,114
Finam:AG,2020-07-23T12:31:00+03:00,23.12,23.14,23.12,23.12,33
Finam:AG,2020-07-23T12:32:00+03:00,23.12,23.15,23.12,23.14,43
Finam:AG,2020-07-23T12:33:00+03:00,23.14,23.14,23.13,23.13,36
Finam:AG,2020-07-23T12:34:00+03:00,23.13,23.13,23.11,23.12,22
Finam:AG,2020-07-23T12:35:00+03:00,23.13,23.14,23.13,23.14,25
Finam:AG,2020-07-23T12:36:00+03:00,23.14,23.15,23.13,23.13,18
Finam:AG,2020-07-23T12:37:00+03:00,23.14,23.14,23.11,23.12,51
Finam:AG,2020-07-23T12:38:00+03:00,23.13,23.14,23.13,23.14,12
Finam:AG,2020-07-23T12:39:00+03:00,23.13,23.13,23.12,23.12,10
Finam:AG,2020-07-23T12:40:00+03:00,23.12,23.13,23.12,23.13,14
Finam:AG,2020-07-23T12:41:00+03:00,23.13,23.13,23.12,23.12,34
Finam:AG,2020-07-23T12:42:00+03:00,23.12,23.13,23.12,23.13,31
Finam:AG,2020-07-23T12:43:00+03:00,23.13,23.14,23.12,23.13,27
Finam:AG,2020-07-23T12:44:00+03:00,23.13,23.14,23.12,23.12,50
Finam:AG,2020-07-23T12:45:00+03:00,23.12,23.12,23.10,23.10,135
Finam:AG,2020-07-23T12:46:00+03:00,23.11,23.13,23.11,23.13,42
Finam:AG,2020-07-23T12:47:00+03:00,23.12,23.14,23.12,23.14,28
Finam:AG,2020-07-23T12:48:00+03:00,23.13,23.14,23.13,23.13,14
Finam:AG,2020-07-23T12:49:00+03:00,23.13,23.13,23.13,23.13,3
Finam:AG,2020-07-23T12:50:00+03:00,23.13,23.13,23.12,23.13,22
Finam:AG,2020-07-23T12:51:00+03:00,23.13,23.16,23.13,23.15,46
Finam:AG,2020-07-23T12:52:00+03:00,23.15,23.16,23.14,23.16,32
Finam:AG,2020-07-23T12:53:00+03:00,23.16,23.16,23.12,23.12,71
Finam:AG,2020-07-23T12:54:00+03:00,23.13,23.16,23.13,23.15,28
Finam:AG,2020-07-23T12:55:00+03:00,23.15,23.15,23.14,23.14,16
Finam:AG,2020-07-23T12:56:00+03:00,23.14,23.17,23.14,23.17,18
Finam:AG,2020-07-23T12:57:00+03:00,23.16,23.16,23.16,23.16,11
Finam:AG,2020-07-23T12:58:00+03:00,23.16,23.18,23.16,23.18,33
Finam:AG,2020-07-23T12:59:00+03:00,23.17,23.18,23.17,23.17,25
Finam:AG,2020-07-23T13:00:00+03:00,23.16,23.20,23.15,23.19,74
Finam:AG,2020-07-23T13:01:00+03:00,23.20,23.21,23.19,23.19,50
Finam:AG,2020-07-23T13:02:00+03:00,23.20,23.22,23.19,23.22,55
Finam:AG,2020-07-23T13:03:00+03:00,23.21,23.21,23.17,23.18,95
Finam:AG,2020-07-23T13:04:00+03:00,23.18,23.19,23.17,23.19,32
Finam:AG,2020-07-23T13:05:00+03:00,23.19,23.19,23.17,23.17,21
Finam:AG,2020-07-23T13:06:00+03:00,23.17,23.18,23.17,23.18,16
Finam:AG,2020-07-23T13:07:00+03:00,23.17,23.17,23.16,23.16,9
Finam:AG,2020-07-23T13:08:00+03:00,23.17,23.19,23.17,23.19,31
Finam:AG,2020-07-23T13:09:00+03:00,23.19,23.21,23.19,23.21,22
Finam:AG,2020-07-23T13:10:00+03:00,23.20,23.20,23.18,23.18,49
Finam:AG,2020-07-23T13:11:00+03:00,23.19,23.19,23.16,23.17,26
Finam:AG,2020-07-23T13:12:00+03:00,23.18,23.21,23.17,23.21,39
Finam:AG,2020-07-23T13:13:00+03:00,23.21,23.23,23.21,23.23,106
Finam:AG,2020-07-23T13:14:00+03:00,23.22,23.24,23.22,23.23,56
Finam:AG,2020-07-23T13:15:00+03:00,23.22,23.23,23.21,23.21,68
Finam:AG,2020-07-23T13:16:00+03:00,23.22,23.24,23.22,23.24,62
Finam:AG,2020-07-23T13:17:00+03:00,23.24,23.24,23.23,23.24,18
Finam:AG,2020-07-23T13:18:00+03:00,23.23,23.23,23.22,23.22,20
Finam:AG,2020-07-23T13:19:00+03:00,23.22,23.23,23.20,23.20,36
Finam:AG,2020-07-23T13:20:00+03:00,23.20,23.22,23.20,23.22,46
Finam:AG,2020-07-23T13:21:00+03:00,23.22,23.22,23.21,23.22,21
Finam:AG,2020-07-23T13:22:00+03:00,23.22,23.23,23.21,23.23,41
Finam:AG,2020-07-23T13:23:00+03:00,23.22,23.23,23.21,23.21,36
Finam:AG,2020-07-23T13:24:00+03:00,23.21,23.22,23.18,23.19,81
Finam:AG,2020-07-23T13:25:00+03:00,23.19,23.20,23.18,23.20,38
Finam:AG,2020-07-23T13:26:00+03:00,23.20,23.22,23.20,23.21,40
Finam:AG,2020-07-23T13:27:00+03:00,23.21,23.22,23.20,23.20,20
Finam:AG,2020-07-23T13:28:00+03:00,23.20,23.20,23.18,23.18,88
Finam:AG,2020-07-23T13:29:00+03:00,23.18,23.19,23.18,23.19,38
Finam:AG,2020-07-23T13:30:00+03:00,23.18,23.20,23.18,23.19,36
Finam:AG,2020-07-23T13:31:00+03:00,23.20,23.21,23.19,23.19,22
Finam:AG,2020-07-23T13:32:00+03:00,23.19,23.20,23.19,23.19,17
Finam:AG,2020-07-23T13:33:00+03:00,23.19,23.20,23.18,23.20,18
Finam:AG,2020-07-23T13:34:00+03:00,23.20,23.21,23.19,23.21,40
Finam:AG,2020-07-23T13:35:00+03:00,23.21,23.21,23.19,23.20,23
Finam:AG,2020-07-23T13:36:00+03:00,23.20,23.20,23.18,23.19,18
Finam:AG,2020-07-23T13:37:00+03:00,23.18,23.20,23.18,23.19,63
Finam:AG,2020-07-23T13:38:00+03:00,23.19,23.21,23.18,23.20,22
Finam:AG,2020-07-23T13:39:00+03:00,23.20,23.21,23.18,23.19,24
Finam:AG,2020-07-23T13:40:00+03:00,23.19,23.19,23.18,23.18,24
Finam:AG,2020-07-23T13:41:00+03:00,23.19,23.20,23.19,23.20,27
Finam:AG,2020-07-23T13:42:00+03:00,23.20,23.21,23.19,23.19,57
Finam:AG,2020-07-23T13:43:00+03:00,23.19,23.20,23.19,23.20,29
Finam:AG,2020-07-23T13:44:00+03:00,23.20,23.21,23.20,23.21,42
Finam:AG,2020-07-23T13:45:00+03:00,23.20,23.21,23.18,23.18,39
Finam:AG,2020-07-23T13:46:00+03:00,23.19,23.21,23.19,23.20,61
Finam:AG,2020-07-23T13:47:00+03:00,23.20,23.21,23.20,23.21,25
Finam:AG,2020-07-23T13:48:00+03:00,23.21,23.21,23.19,23.20,33
Finam:AG,2020-07-23T13:49:00+03:00,23.20,23.21,23.19,23.19,16
Finam:AG,2020-07-23T13:50:00+03:00,23.20,23.21,23.19,23.19,15
Finam:AG,2020-07-23T13:51:00+03:00,23.19,23.20,23.18,23.19,13
Finam:AG,2020-07-23T13:52:00+03:00,23.19,23.20,23.18,23.19,40
Finam:AG,2020-07-23T13:53:00+03:00,23.18,23.18,23.13,23.14,113
Finam:AG,2020-07-23T13:54:00+03:00,23.14,23.15,23.12,23.13,56
Finam:AG,2020-07-23T13:55:00+03:00,23.13,23.13,23.10,23.10,153
Finam:AG,2020-07-23T13:56:00+03:00,23.11,23.14,23.10,23.13,95
Finam:AG,2020-07-23T13:57:00+03:00,23.13,23.17,23.12,23.17,140
Finam:AG,2020-07-23T13:58:00+03:00,23.16,23.21,23.15,23.21,154
Finam:AG,2020-07-23T13:59:00+03:00,23.21,23.24,23.19,23.22,155
Finam:AG,2020-07-23T14:00:00+03:00,23.21,23.21,23.14,23.15,139
Finam:AG,2020-07-23T14:01:00+03:00,23.16,23.18,23.15,23.16,131
Finam:AG,2020-07-23T14:02:00+03:00,23.16,23.17,23.13,23.13,101
Finam:AG,2020-07-23T14:03:00+03:00,23.14,23.15,23.12,23.15,70
Finam:AG,2020-07-23T14:04:00+03:00,23.14,23.14,23.12,23.13,45
Finam:AG,2020-07-23T14:05:00+03:00,23.13,23.13,23.06,23.09,324
Finam:AG,2020-07-23T14:06:00+03:00,23.08,23.08,23.04,23.05,136
Finam:AG,2020-07-23T14:07:00+03:00,23.05,23.09,23.03,23.08,131
Finam:AG,2020-07-23T14:08:00+03:00,23.08,23.09,23.05,23.05,66
Finam:AG,2020-07-23T14:09:00+03:00,23.05,23.06,23.03,23.04,145
Finam:AG,2020-07-23T14:10:00+03:00,23.05,23.05,23.02,23.02,71
Finam:AG,2020-07-23T14:11:00+03:00,23.02,23.06,23.02,23.06,49
Finam:AG,2020-07-23T14:12:00+03:00,23.06,23.09,23.05,23.08,87
Finam:AG,2020-07-23T14:13:00+03:00,23.08,23.08,23.05,23.05,84
Finam:AG,2020-07-23T14:14:00+03:00,23.04,23.05,23.02,23.02,52
Finam:AG,2020-07-23T14:15:00+03:00,23.03,23.07,23.03,23.06,94
Finam:AG,2020-07-23T14:16:00+03:00,23.07,23.07,23.06,23.06,17
Finam:AG,2020-07-23T14:17:00+03:00,23.06,23.08,23.04,23.05,70
Finam:AG,2020-07-23T14:18:00+03:00,23.06,23.07,23.05,23.07,49
Finam:AG,2020-07-23T14:19:00+03:00,23.07,23.09,23.06,23.09,58
Finam:AG,2020-07-23T14:20:00+03:00,23.08,23.08,23.06,23.07,51
Finam:AG,2020-07-23T14:21:00+03:00,23.08,23.11,23.08,23.11,57
Finam:AG,2020-07-23T14:22:00+03:00,23.10,23.10,23.05,23.05,104
Finam:AG,2020-07-23T14:23:00+03:00,23.06,23.06,23.03,23.03,60
Finam:AG,2020-07-23T14:24:00+03:00,23.04,23.07,23.03,23.06,97
Finam:AG,2020-07-23T14:25:00+03:00,23.06,23.06,23.03,23.03,41
Finam:AG,2020-07-23T14:26:00+03:00,23.03,23.04,22.96,22.97,358
Finam:AG,2020-07-23T14:27:00+03:00,22.97,22.97,22.83,22.87,864
Finam:AG,2020-07-23T14:28:00+03:00,22.88,22.93,22.83,22.85,369
Finam:AG,2020-07-23T14:29:00+03:00,22.85,22.87,22.76,22.80,531
Finam:AG,2020-07-23T14:30:00+03:00,22.80,22.88,22.80,22.85,319
Finam:AG,2020-07-23T14:31:00+03:00,22.84,22.92,22.82,22.91,241
Finam:AG,2020-07-23T14:32:00+03:00,22.91,22.96,22.91,22.93,240
Finam:AG,2020-07-23T14:33:00+03:00,22.93,22.96,22.90,22.94,266
Finam:AG,2020-07-23T14:34:00+03:00,22.94,22.97,22.93,22.97,167
Finam:AG,2020-07-23T14:35:00+03:00,22.97,23.00,22.94,22.99,273
Finam:AG,2020-07-23T14:36:00+03:00,22.99,23.01,22.98,23.00,130
Finam:AG,2020-07-23T14:37:00+03:00,22.99,23.00,22.96,22.97,128
Finam:AG,2020-07-23T14:38:00+03:00,22.96,22.98,22.95,22.98,78
Finam:AG,2020-07-23T14:39:00+03:00,22.99,23.01,22.97,22.97,116
Finam:AG,2020-07-23T14:40:00+03:00,22.97,22.98,22.92,22.92,116
Finam:AG,2020-07-23T14:41:00+03:00,22.93,22.95,22.91,22.94,118
Finam:AG,2020-07-23T14:42:00+03:00,22.94,22.98,22.93,22.97,63
Finam:AG,2020-07-23T14:43:00+03:00,22.96,22.96,22.94,22.94,51
Finam:AG,2020-07-23T14:44:00+03:00,22.95,22.95,22.93,22.94,58
Finam:AG,2020-07-23T14:45:00+03:00,22.95,22.98,22.94,22.94,88
Finam:AG,2020-07-23T14:46:00+03:00,22.95,22.96,22.95,22.96,29
Finam:AG,2020-07-23T14:47:00+03:00,22.96,22.96,22.93,22.94,56
Finam:AG,2020-07-23T14:48:00+03:00,22.94,22.95,22.92,22.92,59
Finam:AG,2020-07-23T14:49:00+03:00,22.93,22.94,22.92,22.92,64
Finam:AG,2020-07-23T14:50:00+03:00,22.93,22.95,22.88,22.88,163
Finam:AG,2020-07-23T14:51:00+03:00,22.88,22.89,22.82,22.83,209
Finam:AG,2020-07-23T14:52:00+03:00,22.83,22.94,22.83,22.94,200
Finam:AG,2020-07-23T14:53:00+03:00,22.93,22.95,22.90,22.92,120
Finam:AG,2020-07-23T14:54:00+03:00,22.91,22.94,22.90,22.94,52
Finam:AG,2020-07-23T14:55:00+03:00,22.93,22.94,22.92,22.92,49
Finam:AG,2020-07-23T14:56:00+03:00,22.93,22.96,22.93,22.95,125
Finam:AG,2020-07-23T14:57:00+03:00,22.95,23.00,22.95,22.99,113
Finam:AG,2020-07-23T14:58:00+03:00,22.98,23.03,22.97,23.02,130
Finam:AG,2020-07-23T14:59:00+03:00,23.02,23.02,22.98,22.98,89
Finam:AG,2020-07-23T15:00:00+03:00,22.98,23.00,22.95,22.97,218
Finam:AG,2020-07-23T15:01:00+03:00,22.97,22.97,22.89,22.89,370
Finam:AG,2020-07-23T15:02:00+03:00,22.90,22.93,22.89,22.91,248
Finam:AG,2020-07-23T15:03:00+03:00,22.90,22.92,22.89,22.89,135
Finam:AG,2020-07-23T15:04:00+03:00,22.90,22.94,22.89,22.93,152
Finam:AG,2020-07-23T15:05:00+03:00,22.93,22.94,22.91,22.94,82
Finam:AG,2020-07-23T15:06:00+03:00,22.94,22.96,22.92,22.94,108
Finam:AG,2020-07-23T15:07:00+03:00,22.94,22.94,22.90,22.92,116
Finam:AG,2020-07-23T15:08:00+03:00,22.92,22.92,22.89,22.90,67
Finam:AG,2020-07-23T15:09:00+03:00,22.89,22.91,22.84,22.85,209
Finam:AG,2020-07-23T15:10:00+03:00,22.86,22.89,22.86,22.89,147
Finam:AG,2020-07-23T15:11:00+03:00,22.88,22.88,22.85,22.85,130
Finam:AG,2020-07-23T15:12:00+03:00,22.86,22.87,22.85,22.85,131
Finam:AG,2020-07-23T15:13:00+03:00,22.85,22.87,22.79,22.84,297
Finam:AG,2020-07-23T15:14:00+03:00,22.85,22.91,22.85,22.91,263
Finam:AG,2020-07-23T15:15:00+03:00,22.90,22.92,22.86,22.88,215
Finam:AG,2020-07-23T15:16:00+03:00,22.89,22.91,22.88,22.90,130
Finam:AG,2020-07-23T15:17:00+03:00,22.89,22.91,22.88,22.89,114
Finam:AG,2020-07-23T15:18:00+03:00,22.90,22.91,22.84,22.84,158
Finam:AG,2020-07-23T15:19:00+03:00,22.84,22.88,22.83,22.86,147
Finam:AG,2020-07-23T15:20:00+03:00,22.85,22.87,22.83,22.84,164
Finam:AG,2020-07-23T15:21:00+03:00,22.84,22.85,22.79,22.80,235
Finam:AG,2020-07-23T15:22:00+03:00,22.80,22.87,22.79,22.85,275
Finam:AG,2020-07-23T15:23:00+03:00,22.85,22.87,22.84,22.85,484
Finam:AG,2020-07-23T15:24:00+03:00,22.84,22.85,22.82,22.85,365
Finam:AG,2020-07-23T15:25:00+03:00,22.84,22.86,22.80,22.81,422
Finam:AG,2020-07-23T15:26:00+03:00,22.82,22.84,22.80,22.81,432
Finam:AG,2020-07-23T15:27:00+03:00,22.81,22.89,22.81,22.89,322
Finam:AG,2020-07-23T15:28:00+03:00,22.89,22.91,22.87,22.91,199
Finam:AG,2020-07-23T15:29:00+03:00,22.90,22.91,22.88,22.91,153
Finam:AG,2020-07-23T15:30:00+03:00,22.91,22.98,22.87,22.87,516
Finam:AG,2020-07-23T15:31:00+03:00,22.87,22.90,22.86,22.88,310
Finam:AG,2020-07-23T15:32:00+03:00,22.88,22.89,22.86,22.88,155
Finam:AG,2020-07-23T15:33:00+03:00,22.88,22.88,22.84,22.85,273
Finam:AG,2020-07-23T15:34:00+03:00,22.85,22.86,22.78,22.82,428
Finam:AG,2020-07-23T15:35:00+03:00,22.82,22.85,22.81,22.85,171
Finam:AG,2020-07-23T15:36:00+03:00,22.84,22.87,22.83,22.86,182
Finam:AG,2020-07-23T15:37:00+03:00,22.85,22.87,22.82,22.83,205
Finam:AG,2020-07-23T15:38:00+03:00,22.84,22.84,22.81,22.82,242
Finam:AG,2020-07-23T15:39:00+03:00,22.82,22.83,22.77,22.81,503
Finam:AG,2020-07-23T15:40:00+03:00,22.81,22.85,22.80,22.84,277
Finam:AG,2020-07-23T15:41:00+03:00,22.84,22.87,22.83,22.86,270
Finam:AG,2020-07-23T15:42:00+03:00,22.85,22.86,22.84,22.84,73
Finam:AG,2020-07-23T15:43:00+03:00,22.84,22.85,22.81,22.82,145
Finam:AG,2020-07-23T15:44:00+03:00,22.83,22.83,22.80,22.82,170
Finam:AG,2020-07-23T15:45:00+03:00,22.82,22.83,22.80,22.81,105
Finam:AG,2020-07-23T15:46:00+03:00,22.81,22.82,22.80,22.82,87
Finam:AG,2020-07-23T15:47:00+03:00,22.82,22.84,22.82,22.83,93
Finam:AG,2020-07-23T15:48:00+03:00,22.83,22.85,22.82,22.84,117
Finam:AG,2020-07-23T15:49:00+03:00,22.84,22.85,22.81,22.83,159
Finam:AG,2020-07-23T15:50:00+03:00,22.83,22.84,22.82,22.82,102
Finam:AG,2020-07-23T15:51:00+03:00,22.83,22.83,22.81,22.82,161
Finam:AG,2020-07-23T15:52:00+03:00,22.82,22.82,22.80,22.80,140
Finam:AG,2020-07-23T15:53:00+03:00,22.80,22.82,22.79,22.81,132
Finam:AG,2020-07-23T15:54:00+03:00,22.80,22.82,22.74,22.77,501
Finam:AG,2020-07-23T15:55:00+03:00,22.78,22.80,22.70,22.72,543
Finam:AG,2020-07-23T15:56:00+03:00,22.73,22.78,22.69,22.71,627
Finam:AG,2020-07-23T15:57:00+03:00,22.71,22.76,22.70,22.72,332
Finam:AG,2020-07-23T15:58:00+03:00,22.71,22.75,22.70,22.74,454
Finam:AG,2020-07-23T15:59:00+03:00,22.74,22.76,22.71,22.75,275
Finam:AG,2020-07-23T16:00:00+03:00,22.74,22.78,22.72,22.76,846
Finam:AG,2020-07-23T16:01:00+03:00,22.77,22.82,22.77,22.79,592
Finam:AG,2020-07-23T16:02:00+03:00,22.79,22.81,22.77,22.77,255
Finam:AG,2020-07-23T16:03:00+03:00,22.77,22.78,22.75,22.77,281
Finam:AG,2020-07-23T16:04:00+03:00,22.77,22.78,22.74,22.75,409
Finam:AG,2020-07-23T16:05:00+03:00,22.75,22.77,22.72,22.77,312
Finam:AG,2020-07-23T16:06:00+03:00,22.78,22.81,22.76,22.76,305
Finam:AG,2020-07-23T16:07:00+03:00,22.76,22.78,22.75,22.76,304
Finam:AG,2020-07-23T16:08:00+03:00,22.76,22.77,22.74,22.76,312
Finam:AG,2020-07-23T16:09:00+03:00,22.77,22.80,22.76,22.76,191
Finam:AG,2020-07-23T16:10:00+03:00,22.76,22.79,22.76,22.78,248
Finam:AG,2020-07-23T16:11:00+03:00,22.79,22.79,22.75,22.76,247
Finam:AG,2020-07-23T16:12:00+03:00,22.76,22.82,22.76,22.82,321
Finam:AG,2020-07-23T16:13:00+03:00,22.82,22.87,22.81,22.86,413
Finam:AG,2020-07-23T16:14:00+03:00,22.86,22.87,22.84,22.84,249
Finam:AG,2020-07-23T16:15:00+03:00,22.84,22.87,22.83,22.87,283
Finam:AG,2020-07-23T16:16:00+03:00,22.86,22.87,22.84,22.87,135
Finam:AG,2020-07-23T16:17:00+03:00,22.87,22.89,22.86,22.88,152
Finam:AG,2020-07-23T16:18:00+03:00,22.88,22.88,22.85,22.85,247
Finam:AG,2020-07-23T16:19:00+03:00,22.85,22.85,22.83,22.84,143
Finam:AG,2020-07-23T16:20:00+03:00,22.83,22.85,22.81,22.84,127
Finam:AG,2020-07-23T16:21:00+03:00,22.84,22.85,22.81,22.81,106
Finam:AG,2020-07-23T16:22:00+03:00,22.81,22.83,22.81,22.83,66
Finam:AG,2020-07-23T16:23:00+03:00,22.84,22.88,22.83,22.88,109
Finam:AG,2020-07-23T16:24:00+03:00,22.87,22.88,22.86,22.86,94
Finam:AG,2020-07-23T16:25:00+03:00,22.87,22.88,22.85,22.86,61
Finam:AG,2020-07-23T16:26:00+03:00,22.86,22.86,22.82,22.84,125
Finam:AG,2020-07-23T16:27:00+03:00,22.84,22.85,22.83,22.83,101
Finam:AG,2020-07-23T16:28:00+03:00,22.84,22.86,22.84,22.86,87
Finam:AG,2020-07-23T16:29:00+03:00,22.85,22.89,22.84,22.89,111
Finam:AG,2020-07-23T16:30:00+03:00,22.89,22.89,22.78,22.81,934
Finam:AG,2020-07-23T16:31:00+03:00,22.81,22.82,22.74,22.74,421
Finam:AG,2020-07-23T16:32:00+03:00,22.74,22.80,22.73,22.78,449
Finam:AG,2020-07-23T16:33:00+03:00,22.77,22.78,22.74,22.75,334
Finam:AG,2020-07-23T16:34:00+03:00,22.75,22.75,22.71,22.72,327
Finam:AG,2020-07-23T16:35:00+03:00,22.72,22.75,22.70,22.70,311
Finam:AG,2020-07-23T16:36:00+03:00,22.71,22.72,22.56,22.60,1745
Finam:AG,2020-07-23T16:37:00+03:00,22.60,22.69,22.59,22.68,584
Finam:AG,2020-07-23T16:38:00+03:00,22.68,22.68,22.64,22.65,308
Finam:AG,2020-07-23T16:39:00+03:00,22.65,22.68,22.61,22.68,343
Finam:AG,2020-07-23T16:40:00+03:00,22.67,22.73,22.67,22.72,470
Finam:AG,2020-07-23T16:41:00+03:00,22.72,22.74,22.70,22.72,270
Finam:AG,2020-07-23T16:42:00+03:00,22.72,22.73,22.71,22.72,152
Finam:AG,2020-07-23T16:43:00+03:00,22.71,22.74,22.70,22.72,184
Finam:AG,2020-07-23T16:44:00+03:00,22.72,22.74,22.71,22.73,102
Finam:AG,2020-07-23T16:45:00+03:00,22.73,22.80,22.73,22.76,573
Finam:AG,2020-07-23T16:46:00+03:00,22.75,22.82,22.75,22.82,469
Finam:AG,2020-07-23T16:47:00+03:00,22.81,22.81,22.76,22.77,279
Finam:AG,2020-07-23T16:48:00+03:00,22.77,22.79,22.75,22.78,261
Finam:AG,2020-07-23T16:49:00+03:00,22.79,22.80,22.77,22.79,282
Finam:AG,2020-07-23T16:50:00+03:00,22.79,22.81,22.78,22.80,377
Finam:AG,2020-07-23T16:51:00+03:00,22.80,22.82,22.79,22.79,187
Finam:AG,2020-07-23T16:52:00+03:00,22.78,22.82,22.77,22.82,217
Finam:AG,2020-07-23T16:53:00+03:00,22.82,22.86,22.82,22.85,382
Finam:AG,2020-07-23T16:54:00+03:00,22.84,22.87,22.82,22.83,327
Finam:AG,2020-07-23T16:55:00+03:00,22.84,22.85,22.82,22.85,198
Finam:AG,2020-07-23T16:56:00+03:00,22.84,22.88,22.84,22.87,335
Finam:AG,2020-07-23T16:57:00+03:00,22.88,22.90,22.86,22.89,292
Finam:AG,2020-07-23T16:58:00+03:00,22.89,22.90,22.86,22.87,282
Finam:AG,2020-07-23T16:59:00+03:00,22.87,22.89,22.86,22.88,153
Finam:AG,2020-07-23T17:00:00+03:00,22.88,22.89,22.82,22.83,331
Finam:AG,2020-07-23T17:01:00+03:00,22.82,22.84,22.80,22.80,266
Finam:AG,2020-07-23T17:02:00+03:00,22.80,22.83,22.80,22.83,251
Finam:AG,2020-07-23T17:03:00+03:00,22.83,22.83,22.80,22.80,241
Finam:AG,2020-07-23T17:04:00+03:00,22.80,22.82,22.79,22.82,212
Finam:AG,2020-07-23T17:05:00+03:00,22.82,22.83,22.80,22.81,147
Finam:AG,2020-07-23T17:06:00+03:00,22.81,22.82,22.79,22.79,131
Finam:AG,2020-07-23T17:07:00+03:00,22.80,22.84,22.80,22.82,84
Finam:AG,2020-07-23T17:08:00+03:00,22.82,22.84,22.81,22.84,143
Finam:AG,2020-07-23T17:09:00+03:00,22.83,22.85,22.83,22.84,278
Finam:AG,2020-07-23T17:10:00+03:00,22.83,22.84,22.81,22.83,352
Finam:AG,2020-07-23T17:11:00+03:00,22.83,22.85,22.82,22.82,316
Finam:AG,2020-07-23T17:12:00+03:00,22.83,22.85,22.81,22.81,245
Finam:AG,2020-07-23T17:13:00+03:00,22.81,22.82,22.77,22.78,382
Finam:AG,2020-07-23T17:14:00+03:00,22.78,22.79,22.74,22.74,264
Finam:AG,2020-07-23T17:15:00+03:00,22.74,22.78,22.74,22.78,236
Finam:AG,2020-07-23T17:16:00+03:00,22.78,22.80,22.77,22.80,166
Finam:AG,2020-07-23T17:17:00+03:00,22.80,22.81,22.79,22.79,97
Finam:AG,2020-07-23T17:18:00+03:00,22.79,22.79,22.77,22.78,303
Finam:AG,2020-07-23T17:19:00+03:00,22.79,22.79,22.76,22.76,282
Finam:AG,2020-07-23T17:20:00+03:00,22.75,22.79,22.74,22.78,130
Finam:AG,2020-07-23T17:21:00+03:00,22.78,22.79,22.72,22.74,374
Finam:AG,2020-07-23T17:22:00+03:00,22.74,22.75,22.73,22.75,443
Finam:AG,2020-07-23T17:23:00+03:00,22.75,22.75,22.71,22.71,347
Finam:AG,2020-07-23T17:24:00+03:00,22.72,22.77,22.71,22.77,241
Finam:AG,2020-07-23T17:25:00+03:00,22.76,22.80,22.76,22.80,274
Finam:AG,2020-07-23T17:26:00+03:00,22.80,22.81,22.79,22.80,145
Finam:AG,2020-07-23T17:27:00+03:00,22.80,22.82,22.80,22.81,162
Finam:AG,2020-07-23T17:28:00+03:00,22.81,22.84,22.80,22.84,269
Finam:AG,2020-07-23T17:29:00+03:00,22.84,22.87,22.83,22.86,304
Finam:AG,2020-07-23T17:30:00+03:00,22.85,22.87,22.84,22.84,236
Finam:AG,2020-07-23T17:31:00+03:00,22.85,22.86,22.84,22.85,111
Finam:AG,2020-07-23T17:32:00+03:00,22.85,22.86,22.84,22.85,163
Finam:AG,2020-07-23T17:33:00+03:00,22.85,22.87,22.84,22.87,182
Finam:AG,2020-07-23T17:34:00+03:00,22.87,22.87,22.85,22.86,191
Finam:AG,2020-07-23T17:35:00+03:00,22.86,22.88,22.85,22.88,269
Finam:AG,2020-07-23T17:36:00+03:00,22.88,22.88,22.83,22.83,191
Finam:AG,2020-07-23T17:37:00+03:00,22.84,22.88,22.83,22.88,161
Finam:AG,2020-07-23T17:38:00+03:00,22.88,22.95,22.87,22.94,627
Finam:AG,2020-07-23T17:39:00+03:00,22.94,22.98,22.92,22.98,660
Finam:AG,2020-07-23T17:40:00+03:00,22.97,23.03,22.95,23.01,812
Finam:AG,2020-07-23T17:41:00+03:00,23.01,23.02,22.94,22.95,644
Finam:AG,2020-07-23T17:42:00+03:00,22.96,22.96,22.91,22.93,486
Finam:AG,2020-07-23T17:43:00+03:00,22.93,22.96,22.92,22.95,276
Finam:AG,2020-07-23T17:44:00+03:00,22.95,22.97,22.94,22.96,185
Finam:AG,2020-07-23T17:45:00+03:00,22.96,22.97,22.90,22.91,247
Finam:AG,2020-07-23T17:46:00+03:00,22.91,22.94,22.91,22.94,232
Finam:AG,2020-07-23T17:47:00+03:00,22.94,22.96,22.93,22.96,232
Finam:AG,2020-07-23T17:48:00+03:00,22.96,22.96,22.93,22.94,141
Finam:AG,2020-07-23T17:49:00+03:00,22.94,22.95,22.93,22.93,88
Finam:AG,2020-07-23T17:50:00+03:00,22.94,22.95,22.92,22.92,147
Finam:AG,2020-07-23T17:51:00+03:00,22.93,22.93,22.91,22.91,96
Finam:AG,2020-07-23T17:52:00+03:00,22.92,22.94,22.91,22.94,189
Finam:AG,2020-07-23T17:53:00+03:00,22.93,22.96,22.93,22.94,139
Finam:AG,2020-07-23T17:54:00+03:00,22.94,22.94,22.92,22.92,149
Finam:AG,2020-07-23T17:55:00+03:00,22.92,23.00,22.92,22.98,364
Finam:AG,2020-07-23T17:56:00+03:00,22.98,23.01,22.97,23.01,248
Finam:AG,2020-07-23T17:57:00+03:00,23.01,23.01,22.98,22.99,216
Finam:AG,2020-07-23T17:58:00+03:00,22.99,23.00,22.95,22.97,144
Finam:AG,2020-07-23T17:59:00+03:00,22.97,22.98,22.96,22.97,93
Finam:AG,2020-07-23T18:00:00+03:00,22.97,22.97,22.93,22.94,170
Finam:AG,2020-07-23T18:01:00+03:00,22.95,22.96,22.94,22.95,86
Finam:AG,2020-07-23T18:02:00+03:00,22.95,22.97,22.94,22.94,116
Finam:AG,2020-07-23T18:03:00+03:00,22.94,22.96,22.93,22.93,120
Finam:AG,2020-07-23T18:04:00+03:00,22.94,22.95,22.92,22.93,141
Finam:AG,2020-07-23T18:05:00+03:00,22.93,22.94,22.90,22.94,219
Finam:AG,2020-07-23T18:06:00+03:00,22.94,22.97,22.94,22.97,162
Finam:AG,2020-07-23T18:07:00+03:00,22.97,23.01,22.97,23.01,282
Finam:AG,2020-07-23T18:08:00+03:00,23.00,23.01,22.98,23.00,209
Finam:AG,2020-07-23T18:09:00+03:00,23.01,23.02,22.99,23.02,262
Finam:AG,2020-07-23T18:10:00+03:00,23.02,23.07,23.01,23.07,727
Finam:AG,2020-07-23T18:11:00+03:00,23.07,23.07,23.04,23.05,205
Finam:AG,2020-07-23T18:12:00+03:00,23.06,23.08,23.05,23.08,205
Finam:AG,2020-07-23T18:13:00+03:00,23.08,23.09,23.07,23.07,234
Finam:AG,2020-07-23T18:14:00+03:00,23.08,23.10,23.07,23.08,239
Finam:AG,2020-07-23T18:15:00+03:00,23.08,23.09,23.04,23.05,231
Finam:AG,2020-07-23T18:16:00+03:00,23.05,23.11,23.05,23.11,309
Finam:AG,2020-07-23T18:17:00+03:00,23.11,23.15,23.10,23.13,385
Finam:AG,2020-07-23T18:18:00+03:00,23.13,23.19,23.12,23.16,594
Finam:AG,2020-07-23T18:19:00+03:00,23.16,23.19,23.13,23.15,561
Finam:AG,2020-07-23T18:20:00+03:00,23.15,23.16,23.12,23.12,436
Finam:AG,2020-07-23T18:21:00+03:00,23.13,23.17,23.12,23.15,233
Finam:AG,2020-07-23T18:22:00+03:00,23.14,23.14,23.12,23.12,175
Finam:AG,2020-07-23T18:23:00+03:00,23.13,23.14,23.11,23.14,152
Finam:AG,2020-07-23T18:24:00+03:00,23.13,23.14,23.12,23.13,188
Finam:AG,2020-07-23T18:25:00+03:00,23.13,23.17,23.12,23.16,282
Finam:AG,2020-07-23T18:26:00+03:00,23.16,23.19,23.15,23.18,249
Finam:AG,2020-07-23T18:27:00+03:00,23.18,23.21,23.16,23.20,358
Finam:AG,2020-07-23T18:28:00+03:00,23.19,23.20,23.16,23.20,237
Finam:AG,2020-07-23T18:29:00+03:00,23.20,23.26,23.19,23.25,526
Finam:AG,2020-07-23T18:30:00+03:00,23.25,23.26,23.19,23.19,494
Finam:AG,2020-07-23T18:31:00+03:00,23.20,23.22,23.17,23.19,490
Finam:AG,2020-07-23T18:32:00+03:00,23.19,23.23,23.17,23.23,384
Finam:AG,2020-07-23T18:33:00+03:00,23.22,23.23,23.20,23.21,450
Finam:AG,2020-07-23T18:34:00+03:00,23.21,23.23,23.21,23.22,298
Finam:AG,2020-07-23T18:35:00+03:00,23.22,23.23,23.19,23.21,268
Finam:AG,2020-07-23T18:36:00+03:00,23.21,23.26,23.21,23.24,327
Finam:AG,2020-07-23T18:37:00+03:00,23.24,23.27,23.23,23.26,331
Finam:AG,2020-07-23T18:38:00+03:00,23.25,23.30,23.24,23.27,373
Finam:AG,2020-07-23T18:39:00+03:00,23.26,23.32,23.25,23.31,494
Finam:AG,2020-07-23T18:40:00+03:00,23.32,23.33,23.26,23.27,527
Finam:AG,2020-07-23T18:41:00+03:00,23.27,23.28,23.24,23.24,305
Finam:AG,2020-07-23T18:42:00+03:00,23.25,23.30,23.24,23.30,329
Finam:AG,2020-07-23T18:43:00+03:00,23.29,23.30,23.25,23.28,260
Finam:AG,2020-07-23T18:44:00+03:00,23.28,23.29,23.25,23.25,189
Finam:AG,2020-07-23T18:45:00+03:00,23.25,23.27,23.20,23.21,422
Finam:AG,2020-07-23T18:46:00+03:00,23.21,23.21,23.16,23.17,630
Finam:AG,2020-07-23T18:47:00+03:00,23.18,23.21,23.17,23.21,368
Finam:AG,2020-07-23T18:48:00+03:00,23.20,23.24,23.19,23.23,330
Finam:AG,2020-07-23T18:49:00+03:00,23.23,23.25,23.22,23.25,291
Finam:AG,2020-07-23T18:50:00+03:00,23.24,23.24,23.19,23.21,318
Finam:AG,2020-07-23T18:51:00+03:00,23.22,23.24,23.19,23.19,216
Finam:AG,2020-07-23T18:52:00+03:00,23.19,23.20,23.15,23.19,571
Finam:AG,2020-07-23T18:53:00+03:00,23.19,23.20,23.18,23.19,160
Finam:AG,2020-07-23T18:54:00+03:00,23.19,23.20,23.18,23.19,144
Finam:AG,2020-07-23T18:55:00+03:00,23.19,23.23,23.19,23.22,351
Finam:AG,2020-07-23T18:56:00+03:00,23.21,23.23,23.18,23.18,164
Finam:AG,2020-07-23T18:57:00+03:00,23.19,23.20,23.16,23.17,219
Finam:AG,2020-07-23T18:58:00+03:00,23.17,23.18,23.16,23.17,92
Finam:AG,2020-07-23T18:59:00+03:00,23.17,23.18,23.15,23.18,163
Finam:AG,2020-07-23T19:00:00+03:00,23.18,23.18,23.10,23.11,508
Finam:AG,2020-07-23T19:01:00+03:00,23.11,23.13,23.08,23.12,352
Finam:AG,2020-07-23T19:02:00+03:00,23.12,23.14,23.10,23.10,261
Finam:AG,2020-07-23T19:03:00+03:00,23.10,23.10,23.02,23.05,588
Finam:AG,2020-07-23T19:04:00+03:00,23.06,23.07,23.03,23.03,460
Finam:AG,2020-07-23T19:05:00+03:00,23.03,23.05,22.99,23.04,629
Finam:AG,2020-07-23T19:06:00+03:00,23.03,23.05,23.02,23.04,230
Finam:AG,2020-07-23T19:07:00+03:00,23.04,23.04,22.97,23.00,396
Finam:AG,2020-07-23T19:08:00+03:00,23.01,23.02,22.99,22.99,248
Finam:AG,2020-07-23T19:09:00+03:00,23.00,23.01,22.95,22.98,253
Finam:AG,2020-07-23T19:10:00+03:00,22.98,23.01,22.96,22.99,557
Finam:AG,2020-07-23T19:11:00+03:00,22.99,23.03,22.98,23.02,256
Finam:AG,2020-07-23T19:12:00+03:00,23.01,23.02,22.98,22.99,166
Finam:AG,2020-07-23T19:13:00+03:00,22.99,23.06,22.99,23.05,236
Finam:AG,2020-07-23T19:14:00+03:00,23.04,23.06,23.02,23.06,178
Finam:AG,2020-07-23T19:15:00+03:00,23.06,23.06,23.04,23.05,162
Finam:AG,2020-07-23T19:16:00+03:00,23.05,23.05,23.02,23.03,180
Finam:AG,2020-07-23T19:17:00+03:00,23.03,23.03,23.02,23.02,152
Finam:AG,2020-07-23T19:18:00+03:00,23.02,23.02,22.99,22.99,155
Finam:AG,2020-07-23T19:19:00+03:00,23.00,23.04,23.00,23.03,143
Finam:AG,2020-07-23T19:20:00+03:00,23.03,23.08,23.03,23.08,317
Finam:AG,2020-07-23T19:21:00+03:00,23.07,23.09,23.06,23.08,161
Finam:AG,2020-07-23T19:22:00+03:00,23.09,23.10,23.08,23.08,152
Finam:AG,2020-07-23T19:23:00+03:00,23.08,23.09,23.04,23.05,225
Finam:AG,2020-07-23T19:24:00+03:00,23.06,23.08,23.06,23.07,104
Finam:AG,2020-07-23T19:25:00+03:00,23.07,23.09,23.06,23.08,106
Finam:AG,2020-07-23T19:26:00+03:00,23.07,23.09,23.06,23.06,130
Finam:AG,2020-07-23T19:27:00+03:00,23.07,23.11,23.07,23.10,143
Finam:AG,2020-07-23T19:28:00+03:00,23.10,23.12,23.10,23.12,146
Finam:AG,2020-07-23T19:29:00+03:00,23.11,23.11,23.09,23.10,123
Finam:AG,2020-07-23T19:30:00+03:00,23.10,23.12,23.08,23.10,121
Finam:AG,2020-07-23T19:31:00+03:00,23.09,23.10,23.07,23.08,115
Finam:AG,2020-07-23T19:32:00+03:00,23.08,23.10,23.08,23.10,67
Finam:AG,2020-07-23T19:33:00+03:00,23.09,23.10,23.06,23.07,105
Finam:AG,2020-07-23T19:34:00+03:00,23.08,23.09,23.05,23.06,137
Finam:AG,2020-07-23T19:35:00+03:00,23.06,23.08,23.04,23.04,143
Finam:AG,2020-07-23T19:36:00+03:00,23.04,23.05,23.01,23.02,226
Finam:AG,2020-07-23T19:37:00+03:00,23.01,23.02,22.99,23.01,257
Finam:AG,2020-07-23T19:38:00+03:00,23.01,23.02,22.98,23.01,207
Finam:AG,2020-07-23T19:39:00+03:00,23.02,23.05,23.01,23.04,111
Finam:AG,2020-07-23T19:40:00+03:00,23.04,23.06,23.04,23.06,112
Finam:AG,2020-07-23T19:41:00+03:00,23.06,23.08,23.06,23.07,151
Finam:AG,2020-07-23T19:42:00+03:00,23.07,23.08,23.05,23.05,119
Finam:AG,2020-07-23T19:43:00+03:00,23.06,23.06,23.04,23.04,63
Finam:AG,2020-07-23T19:44:00+03:00,23.04,23.05,23.03,23.03,89
Finam:AG,2020-07-23T19:45:00+03:00,23.04,23.05,23.03,23.03,92
Finam:AG,2020-07-23T19:46:00+03:00,23.03,23.05,23.02,23.05,41
Finam:AG,2020-07-23T19:47:00+03:00,23.05,23.06,23.05,23.05,75
Finam:AG,2020-07-23T19:48:00+03:00,23.05,23.06,23.02,23.03,115
Finam:AG,2020-07-23T19:49:00+03:00,23.03,23.04,23.02,23.04,85
Finam:AG,2020-07-23T19:50:00+03:00,23.04,23.05,23.03,23.05,57
Finam:AG,2020-07-23T19:51:00+03:00,23.04,23.04,23.02,23.02,47
Finam:AG,2020-07-23T19:52:00+03:00,23.03,23.03,23.01,23.01,64
Finam:AG,2020-07-23T19:53:00+03:00,23.01,23.02,22.96,22.97,197
Finam:AG,2020-07-23T19:54:00+03:00,22.97,22.98,22.91,22.92,562
Finam:AG,2020-07-23T19:55:00+03:00,22.92,22.94,22.86,22.88,753
Finam:AG,2020-07-23T19:56:00+03:00,22.89,22.91,22.86,22.88,393
Finam:AG,2020-07-23T19:57:00+03:00,22.90,22.94,22.90,22.92,275
Finam:AG,2020-07-23T19:58:00+03:00,22.92,22.97,22.91,22.96,333
Finam:AG,2020-07-23T19:59:00+03:00,22.95,22.99,22.94,22.98,173
Finam:AG,2020-07-23T20:00:00+03:00,22.98,22.99,22.96,22.97,136
Finam:AG,2020-07-23T20:01:00+03:00,22.96,23.02,22.96,23.01,311
Finam:AG,2020-07-23T20:02:00+03:00,23.01,23.04,23.00,23.04,166
Finam:AG,2020-07-23T20:03:00+03:00,23.03,23.03,23.01,23.02,233
Finam:AG,2020-07-23T20:04:00+03:00,23.02,23.03,23.01,23.03,96
Finam:AG,2020-07-23T20:05:00+03:00,23.03,23.06,23.01,23.05,272
Finam:AG,2020-07-23T20:06:00+03:00,23.05,23.05,23.04,23.04,88
Finam:AG,2020-07-23T20:07:00+03:00,23.04,23.05,23.02,23.02,169
Finam:AG,2020-07-23T20:08:00+03:00,23.03,23.04,23.00,23.01,150
Finam:AG,2020-07-23T20:09:00+03:00,23.01,23.03,23.00,23.03,86
Finam:AG,2020-07-23T20:10:00+03:00,23.02,23.02,22.96,22.98,289
Finam:AG,2020-07-23T20:11:00+03:00,22.99,23.01,22.98,23.01,90
Finam:AG,2020-07-23T20:12:00+03:00,23.01,23.02,23.00,23.02,87
Finam:AG,2020-07-23T20:13:00+03:00,23.01,23.04,23.00,23.03,139
Finam:AG,2020-07-23T20:14:00+03:00,23.02,23.03,23.01,23.01,98
Finam:AG,2020-07-23T20:15:00+03:00,23.02,23.03,22.99,23.01,109
Finam:AG,2020-07-23T20:16:00+03:00,23.01,23.03,23.00,23.00,106
Finam:AG,2020-07-23T20:17:00+03:00,23.00,23.01,22.97,22.98,157
Finam:AG,2020-07-23T20:18:00+03:00,22.99,23.00,22.99,23.00,86
Finam:AG,2020-07-23T20:19:00+03:00,23.00,23.00,22.95,22.99,303
Finam:AG,2020-07-23T20:20:00+03:00,22.99,22.99,22.96,22.97,124
Finam:AG,2020-07-23T20:21:00+03:00,22.97,22.98,22.96,22.98,92
Finam:AG,2020-07-23T20:22:00+03:00,22.98,23.00,22.96,23.00,104
Finam:AG,2020-07-23T20:23:00+03:00,22.99,23.00,22.97,22.98,153
Finam:AG,2020-07-23T20:24:00+03:00,22.98,23.00,22.97,22.97,665
Finam:AG,2020-07-23T20:25:00+03:00,22.98,23.02,22.98,23.02,195
Finam:AG,2020-07-23T20:26:00+03:00,23.01,23.04,23.01,23.03,118
Finam:AG,2020-07-23T20:27:00+03:00,23.03,23.03,23.02,23.02,97
Finam:AG,2020-07-23T20:28:00+03:00,23.02,23.03,23.00,23.01,67
Finam:AG,2020-07-23T20:29:00+03:00,23.00,23.01,22.99,22.99,69
Finam:AG,2020-07-23T20:30:00+03:00,22.99,23.00,22.98,23.00,88
Finam:AG,2020-07-23T20:31:00+03:00,22.98,22.99,22.96,22.96,80
Finam:AG,2020-07-23T20:32:00+03:00,22.97,22.97,22.93,22.95,230
Finam:AG,2020-07-23T20:33:00+03:00,22.95,22.96,22.93,22.96,111
Finam:AG,2020-07-23T20:34:00+03:00,22.95,22.96,22.93,22.94,71
Finam:AG,2020-07-23T20:35:00+03:00,22.94,22.95,22.92,22.94,93
Finam:AG,2020-07-23T20:36:00+03:00,22.94,22.95,22.93,22.93,52
Finam:AG,2020-07-23T20:37:00+03:00,22.93,22.95,22.92,22.92,80
Finam:AG,2020-07-23T20:38:00+03:00,22.93,22.96,22.92,22.96,144
Finam:AG,2020-07-23T20:39:00+03:00,22.96,22.97,22.95,22.95,71
Finam:AG,2020-07-23T20:40:00+03:00,22.95,22.95,22.94,22.94,41
Finam:AG,2020-07-23T20:41:00+03:00,22.94,22.94,22.89,22.91,327
Finam:AG,2020-07-23T20:42:00+03:00,22.92,22.93,22.90,22.91,105
Finam:AG,2020-07-23T20:43:00+03:00,22.91,22.92,22.89,22.90,109
Finam:AG,2020-07-23T20:44:00+03:00,22.90,22.90,22.86,22.88,348
Finam:AG,2020-07-23T20:45:00+03:00,22.88,22.88,22.86,22.87,280
Finam:AG,2020-07-23T20:46:00+03:00,22.88,22.89,22.84,22.88,224
Finam:AG,2020-07-23T20:47:00+03:00,22.88,22.89,22.86,22.87,183
Finam:AG,2020-07-23T20:48:00+03:00,22.87,22.88,22.83,22.83,157
Finam:AG,2020-07-23T20:49:00+03:00,22.83,22.86,22.82,22.82,247
Finam:AG,2020-07-23T20:50:00+03:00,22.82,22.82,22.78,22.80,476
Finam:AG,2020-07-23T20:51:00+03:00,22.81,22.83,22.78,22.81,275
Finam:AG,2020-07-23T20:52:00+03:00,22.82,22.83,22.77,22.78,278
Finam:AG,2020-07-23T20:53:00+03:00,22.78,22.81,22.77,22.81,224
Finam:AG,2020-07-23T20:54:00+03:00,22.80,22.83,22.80,22.82,278
Finam:AG,2020-07-23T20:55:00+03:00,22.81,22.81,22.76,22.80,272
Finam:AG,2020-07-23T20:56:00+03:00,22.80,22.86,22.80,22.86,175
Finam:AG,2020-07-23T20:57:00+03:00,22.85,22.88,22.84,22.87,261
Finam:AG,2020-07-23T20:58:00+03:00,22.87,22.88,22.86,22.87,155
Finam:AG,2020-07-23T20:59:00+03:00,22.87,22.88,22.84,22.86,213
Finam:AG,2020-07-23T21:00:00+03:00,22.86,22.89,22.85,22.87,223
Finam:AG,2020-07-23T21:01:00+03:00,22.86,22.89,22.85,22.88,104
Finam:AG,2020-07-23T21:02:00+03:00,22.87,22.87,22.83,22.83,122
Finam:AG,2020-07-23T21:03:00+03:00,22.83,22.83,22.80,22.82,128
Finam:AG,2020-07-23T21:04:00+03:00,22.82,22.83,22.80,22.80,146
Finam:AG,2020-07-23T21:05:00+03:00,22.81,22.83,22.79,22.79,139
Finam:AG,2020-07-23T21:06:00+03:00,22.79,22.79,22.70,22.74,731
Finam:AG,2020-07-23T21:07:00+03:00,22.75,22.78,22.71,22.72,324
Finam:AG,2020-07-23T21:08:00+03:00,22.73,22.75,22.71,22.72,288
Finam:AG,2020-07-23T21:09:00+03:00,22.73,22.77,22.73,22.75,203
Finam:AG,2020-07-23T21:10:00+03:00,22.74,22.75,22.71,22.71,199
Finam:AG,2020-07-23T21:11:00+03:00,22.72,22.73,22.68,22.68,314
Finam:AG,2020-07-23T21:12:00+03:00,22.68,22.70,22.66,22.67,239
Finam:AG,2020-07-23T21:13:00+03:00,22.67,22.68,22.62,22.63,689
Finam:AG,2020-07-23T21:14:00+03:00,22.62,22.64,22.59,22.61,375
Finam:AG,2020-07-23T21:15:00+03:00,22.62,22.62,22.51,22.51,854
Finam:AG,2020-07-23T21:16:00+03:00,22.51,22.60,22.48,22.57,861
Finam:AG,2020-07-23T21:17:00+03:00,22.56,22.60,22.55,22.59,332
Finam:AG,2020-07-23T21:18:00+03:00,22.58,22.68,22.58,22.66,480
Finam:AG,2020-07-23T21:19:00+03:00,22.66,22.69,22.65,22.67,417
Finam:AG,2020-07-23T21:20:00+03:00,22.66,22.70,22.63,22.67,372
Finam:AG,2020-07-23T21:21:00+03:00,22.67,22.68,22.62,22.65,675
Finam:AG,2020-07-23T21:22:00+03:00,22.65,22.71,22.64,22.71,370
Finam:AG,2020-07-23T21:23:00+03:00,22.70,22.72,22.68,22.69,241
Finam:AG,2020-07-23T21:24:00+03:00,22.70,22.74,22.69,22.72,277
Finam:AG,2020-07-23T21:25:00+03:00,22.72,22.73,22.69,22.71,197
Finam:AG,2020-07-23T21:26:00+03:00,22.71,22.75,22.71,22.74,190
Finam:AG,2020-07-23T21:27:00+03:00,22.73,22.78,22.71,22.77,283
Finam:AG,2020-07-23T21:28:00+03:00,22.77,22.80,22.77,22.80,134
Finam:AG,2020-07-23T21:29:00+03:00,22.80,22.81,22.77,22.78,229
Finam:AG,2020-07-23T21:30:00+03:00,22.79,22.79,22.75,22.76,265
Finam:AG,2020-07-23T21:31:00+03:00,22.76,22.76,22.72,22.73,242
Finam:AG,2020-07-23T21:32:00+03:00,22.74,22.81,22.73,22.81,235
Finam:AG,2020-07-23T21:33:00+03:00,22.81,22.84,22.79,22.83,239
Finam:AG,2020-07-23T21:34:00+03:00,22.82,22.84,22.81,22.84,125
Finam:AG,2020-07-23T21:35:00+03:00,22.84,22.86,22.81,22.86,157
Finam:AG,2020-07-23T21:36:00+03:00,22.85,22.89,22.84,22.87,112
Finam:AG,2020-07-23T21:37:00+03:00,22.86,22.86,22.83,22.83,141
Finam:AG,2020-07-23T21:38:00+03:00,22.84,22.86,22.82,22.85,156
Finam:AG,2020-07-23T21:39:00+03:00,22.84,22.85,22.80,22.80,101
Finam:AG,2020-07-23T21:40:00+03:00,22.81,22.84,22.81,22.82,114
Finam:AG,2020-07-23T21:41:00+03:00,22.82,22.85,22.82,22.83,105
Finam:AG,2020-07-23T21:42:00+03:00,22.83,22.85,22.82,22.84,70
Finam:AG,2020-07-23T21:43:00+03:00,22.83,22.83,22.79,22.81,112
Finam:AG,2020-07-23T21:44:00+03:00,22.82,22.83,22.80,22.83,80
Finam:AG,2020-07-23T21:45:00+03:00,22.82,22.82,22.75,22.75,183
Finam:AG,2020-07-23T21:46:00+03:00,22.76,22.77,22.74,22.75,119
Finam:AG,2020-07-23T21:47:00+03:00,22.75,22.75,22.73,22.74,97
Finam:AG,2020-07-23T21:48:00+03:00,22.75,22.78,22.75,22.77,128
Finam:AG,2020-07-23T21:49:00+03:00,22.77,22.78,22.75,22.75,95
Finam:AG,2020-07-23T21:50:00+03:00,22.76,22.78,22.74,22.77,70
Finam:AG,2020-07-23T21:51:00+03:00,22.77,22.79,22.76,22.79,70
Finam:AG,2020-07-23T21:52:00+03:00,22.79,22.82,22.78,22.81,181
Finam:AG,2020-07-23T21:53:00+03:00,22.81,22.82,22.80,22.82,71
Finam:AG,2020-07-23T21:54:00+03:00,22.82,22.84,22.82,22.84,79
Finam:AG,2020-07-23T21:55:00+03:00,22.84,22.85,22.81,22.81,143
Finam:AG,2020-07-23T21:56:00+03:00,22.82,22.82,22.80,22.80,102
Finam:AG,2020-07-23T21:57:00+03:00,22.80,22.82,22.79,22.80,35
Finam:AG,2020-07-23T21:58:00+03:00,22.80,22.85,22.79,22.83,98
Finam:AG,2020-07-23T21:59:00+03:00,22.84,22.85,22.83,22.84,56
Finam:AG,2020-07-23T22:00:00+03:00,22.84,22.87,22.84,22.86,98
Finam:AG,2020-07-23T22:01:00+03:00,22.86,22.88,22.86,22.86,92
Finam:AG,2020-07-23T22:02:00+03:00,22.86,22.88,22.84,22.85,82
Finam:AG,2020-07-23T22:03:00+03:00,22.85,22.87,22.84,22.84,38
Finam:AG,2020-07-23T22:04:00+03:00,22.85,22.86,22.82,22.84,101
Finam:AG,2020-07-23T22:05:00+03:00,22.84,22.87,22.83,22.87,145
Finam:AG,2020-07-23T22:06:00+03:00,22.87,22.88,22.81,22.83,125
Finam:AG,2020-07-23T22:07:00+03:00,22.83,22.83,22.80,22.82,108
Finam:AG,2020-07-23T22:08:00+03:00,22.83,22.84,22.81,22.81,42
Finam:AG,2020-07-23T22:09:00+03:00,22.81,22.85,22.81,22.83,51
Finam:AG,2020-07-23T22:10:00+03:00,22.82,22.84,22.79,22.80,90
Finam:AG,2020-07-23T22:11:00+03:00,22.80,22.81,22.79,22.79,37
Finam:AG,2020-07-23T22:12:00+03:00,22.79,22.82,22.79,22.82,77
Finam:AG,2020-07-23T22:13:00+03:00,22.82,22.83,22.80,22.81,48
Finam:AG,2020-07-23T22:14:00+03:00,22.81,22.84,22.80,22.81,65
Finam:AG,2020-07-23T22:15:00+03:00,22.80,22.82,22.78,22.81,97
Finam:AG,2020-07-23T22:16:00+03:00,22.81,22.81,22.79,22.79,44
Finam:AG,2020-07-23T22:17:00+03:00,22.79,22.81,22.78,22.81,79
Finam:AG,2020-07-23T22:18:00+03:00,22.80,22.82,22.79,22.82,26
Finam:AG,2020-07-23T22:19:00+03:00,22.81,22.82,22.80,22.80,42
Finam:AG,2020-07-23T22:20:00+03:00,22.81,22.81,22.79,22.80,55
Finam:AG,2020-07-23T22:21:00+03:00,22.81,22.82,22.80,22.82,50
Finam:AG,2020-07-23T22:22:00+03:00,22.83,22.83,22.81,22.82,33
Finam:AG,2020-07-23T22:23:00+03:00,22.83,22.83,22.80,22.80,54
Finam:AG,2020-07-23T22:24:00+03:00,22.80,22.82,22.75,22.76,102
Finam:AG,2020-07-23T22:25:00+03:00,22.76,22.77,22.74,22.75,130
Finam:AG,2020-07-23T22:26:00+03:00,22.74,22.74,22.71,22.72,98
Finam:AG,2020-07-23T22:27:00+03:00,22.72,22.74,22.72,22.73,76
Finam:AG,2020-07-23T22:28:00+03:00,22.72,22.74,22.68,22.68,203
Finam:AG,2020-07-23T22:29:00+03:00,22.69,22.70,22.66,22.66,124
Finam:AG,2020-07-23T22:30:00+03:00,22.67,22.67,22.61,22.62,116
Finam:AG,2020-07-23T22:31:00+03:00,22.62,22.63,22.61,22.63,70
Finam:AG,2020-07-23T22:32:00+03:00,22.62,22.64,22.60,22.62,113
Finam:AG,2020-07-23T22:33:00+03:00,22.62,22.65,22.59,22.60,130
Finam:AG,2020-07-23T22:34:00+03:00,22.61,22.65,22.60,22.64,121
Finam:AG,2020-07-23T22:35:00+03:00,22.63,22.65,22.60,22.60,120
Finam:AG,2020-07-23T22:36:00+03:00,22.61,22.67,22.61,22.67,140
Finam:AG,2020-07-23T22:37:00+03:00,22.67,22.70,22.67,22.70,93
Finam:AG,2020-07-23T22:38:00+03:00,22.70,22.71,22.69,22.69,106
Finam:AG,2020-07-23T22:39:00+03:00,22.69,22.70,22.68,22.68,46
Finam:AG,2020-07-23T22:40:00+03:00,22.68,22.70,22.67,22.70,50
Finam:AG,2020-07-23T22:41:00+03:00,22.69,22.72,22.67,22.71,66
Finam:AG,2020-07-23T22:42:00+03:00,22.72,22.73,22.71,22.72,46
Finam:AG,2020-07-23T22:43:00+03:00,22.71,22.71,22.70,22.70,43
Finam:AG,2020-07-23T22:44:00+03:00,22.71,22.71,22.69,22.70,64
Finam:AG,2020-07-23T22:45:00+03:00,22.70,22.76,22.69,22.74,225
Finam:AG,2020-07-23T22:46:00+03:00,22.74,22.75,22.73,22.73,28
Finam:AG,2020-07-23T22:47:00+03:00,22.73,22.75,22.72,22.75,60
Finam:AG,2020-07-23T22:48:00+03:00,22.75,22.80,22.75,22.77,175
Finam:AG,2020-07-23T22:49:00+03:00,22.76,22.79,22.76,22.77,80
Finam:AG,2020-07-23T22:50:00+03:00,22.77,22.77,22.73,22.73,165
Finam:AG,2020-07-23T22:51:00+03:00,22.73,22.73,22.71,22.72,63
Finam:AG,2020-07-23T22:52:00+03:00,22.72,22.73,22.71,22.72,61
Finam:AG,2020-07-23T22:53:00+03:00,22.73,22.74,22.71,22.72,54
Finam:AG,2020-07-23T22:54:00+03:00,22.72,22.73,22.71,22.72,49
Finam:AG,2020-07-23T22:55:00+03:00,22.73,22.76,22.73,22.76,89
Finam:AG,2020-07-23T22:56:00+03:00,22.76,22.77,22.75,22.76,59
Finam:AG,2020-07-23T22:57:00+03:00,22.75,22.77,22.75,22.76,98
Finam:AG,2020-07-23T22:58:00+03:00,22.76,22.77,22.74,22.75,22
Finam:AG,2020-07-23T22:59:00+03:00,22.75,22.78,22.75,22.76,106
Finam:AG,2020-07-23T23:00:00+03:00,22.76,22.79,22.75,22.75,59
Finam:AG,2020-07-23T23:01:00+03:00,22.75,22.76,22.74,22.76,23
Finam:AG,2020-07-23T23:02:00+03:00,22.75,22.76,22.75,22.75,12
Finam:AG,2020-07-23T23:03:00+03:00,22.74,22.75,22.73,22.73,17
Finam:AG,2020-07-23T23:04:00+03:00,22.73,22.74,22.72,22.74,27
Finam:AG,2020-07-23T23:06:00+03:00,22.73,22.74,22.72,22.74,13
Finam:AG,2020-07-23T23:07:00+03:00,22.75,22.76,22.74,22.75,24
Finam:AG,2020-07-23T23:08:00+03:00,22.75,22.76,22.74,22.74,18
Finam:AG,2020-07-23T23:09:00+03:00,22.74,22.76,22.74,22.75,4
Finam:AG,2020-07-23T23:10:00+03:00,22.75,22.75,22.74,22.74,6
Finam:AG,2020-07-23T23:11:00+03:00,22.75,22.76,22.73,22.73,47
Finam:AG,2020-07-23T23:12:00+03:00,22.73,22.73,22.70,22.71,60
Finam:AG,2020-07-23T23:13:00+03:00,22.71,22.72,22.71,22.72,14
Finam:AG,2020-07-23T23:14:00+03:00,22.72,22.72,22.70,22.71,13
Finam:AG,2020-07-23T23:15:00+03:00,22.71,22.71,22.68,22.68,31
Finam:AG,2020-07-23T23:16:00+03:00,22.68,22.68,22.65,22.65,29
Finam:AG,2020-07-23T23:17:00+03:00,22.66,22.67,22.66,22.67,14
Finam:AG,2020-07-23T23:18:00+03:00,22.66,22.66,22.63,22.63,26
Finam:AG,2020-07-23T23:19:00+03:00,22.64,22.66,22.64,22.66,16
Finam:AG,2020-07-23T23:20:00+03:00,22.66,22.66,22.64,22.64,23
Finam:AG,2020-07-23T23:21:00+03:00,22.65,22.68,22.64,22.68,77
Finam:AG,2020-07-23T23:22:00+03:00,22.68,22.70,22.68,22.69,23
Finam:AG,2020-07-23T23:23:00+03:00,22.68,22.68,22.67,22.67,13
Finam:AG,2020-07-23T23:25:00+03:00,22.68,22.69,22.68,22.69,9
Finam:AG,2020-07-23T23:26:00+03:00,22.68,22.70,22.67,22.69,42
Finam:AG,2020-07-23T23:27:00+03:00,22.69,22.70,22.69,22.69,14
Finam:AG,2020-07-23T23:28:00+03:00,22.69,22.70,22.69,22.70,13
Finam:AG,2020-07-23T23:29:00+03:00,22.70,22.71,22.70,22.71,27
Finam:AG,2020-07-23T23:30:00+03:00,22.71,22.76,22.71,22.75,80
Finam:AG,2020-07-23T23:31:00+03:00,22.74,22.74,22.73,22.73,7
Finam:AG,2020-07-23T23:32:00+03:00,22.73,22.75,22.72,22.75,13
Finam:AG,2020-07-23T23:33:00+03:00,22.75,22.76,22.74,22.74,9
Finam:AG,2020-07-23T23:34:00+03:00,22.73,22.73,22.71,22.71,11
Finam:AG,2020-07-23T23:35:00+03:00,22.73,22.74,22.73,22.73,7
Finam:AG,2020-07-23T23:37:00+03:00,22.73,22.73,22.71,22.71,9
Finam:AG,2020-07-23T23:38:00+03:00,22.72,22.73,22.71,22.73,8
Finam:AG,2020-07-23T23:39:00+03:00,22.73,22.75,22.73,22.75,20
Finam:AG,2020-07-23T23:40:00+03:00,22.75,22.77,22.75,22.77,13
Finam:AG,2020-07-23T23:41:00+03:00,22.77,22.78,22.76,22.77,19
Finam:AG,2020-07-23T23:42:00+03:00,22.76,22.76,22.75,22.75,9
Finam:AG,2020-07-23T23:43:00+03:00,22.76,22.77,22.75,22.76,11
Finam:AG,2020-07-23T23:44:00+03:00,22.76,22.77,22.75,22.75,12
Finam:AG,2020-07-23T23:45:00+03:00,22.75,22.75,22.75,22.75,8
Finam:AG,2020-07-23T23:46:00+03:00,22.75,22.75,22.75,22.75,2
Finam:AG,2020-07-23T23:47:00+03:00,22.74,22.74,22.74,22.74,1
Finam:AG,2020-07-23T23:48:00+03:00,22.74,22.75,22.73,22.73,15
Finam:AG,2020-07-23T23:49:00+03:00,22.73,22.74,22.73,22.73,8
Finam:AG,2020-07-23T23:50:00+03:00,22.74,22.75,22.72,22.72,11
Finam:AG,2020-07-23T23:51:00+03:00,22.73,22.73,22.72,22.72,16
Finam:AG,2020-07-23T23:52:00+03:00,22.73,22.73,22.72,22.72,13
Finam:AG,2020-07-23T23:53:00+03:00,22.72,22.72,22.71,22.72,9
Finam:AG,2020-07-23T23:54:00+03:00,22.72,22.74,22.72,22.74,12
Finam:AG,2020-07-23T23:55:00+03:00,22.74,22.76,22.74,22.76,13
Finam:AG,2020-07-23T23:56:00+03:00,22.76,22.78,22.76,22.78,31
Finam:AG,2020-07-23T23:57:00+03:00,22.77,22.78,22.76,22.78,32
Finam:AG,2020-07-23T23:58:00+03:00,22.78,22.80,22.78,22.78,17
Finam:AG,2020-07-23T23:59:00+03:00,22.79,22.79,22.76,22.76,29
