Finam:SP,2018-10-11T16:30:00+03:00,2776.8700,2777.7900,2774.4000,2777.6400,59
Finam:SP,2018-10-11T16:31:00+03:00,2777.5100,2784.0600,2777.5100,2783.2300,59
Finam:SP,2018-10-11T16:32:00+03:00,2783.1200,2783.1200,2780.1500,2780.6000,59
Finam:SP,2018-10-11T16:33:00+03:00,2780.3100,2783.0200,2777.6600,2777.7800,57
Finam:SP,2018-10-11T16:34:00+03:00,2777.8100,2782.1400,2777.8100,2777.8200,60
Finam:SP,2018-10-11T16:35:00+03:00,2777.9400,2778.8400,2775.2500,2776.0200,60
Finam:SP,2018-10-11T16:36:00+03:00,2775.7500,2775.7500,2771.2400,2774.9900,55
Finam:SP,2018-10-11T16:37:00+03:00,2774.3800,2775.6100,2773.7300,2775.3000,59
Finam:SP,2018-10-11T16:38:00+03:00,2775.1900,2775.5600,2771.8100,2771.9100,57
Finam:SP,2018-10-11T16:39:00+03:00,2771.8900,2772.1900,2770.1100,2770.4200,59
Finam:SP,2018-10-11T16:40:00+03:00,2770.5100,2771.2600,2769.5300,2770.5200,60
Finam:SP,2018-10-11T16:41:00+03:00,2770.4100,2770.4100,2768.0200,2768.2000,57
Finam:SP,2018-10-11T16:42:00+03:00,2768.2100,2771.5400,2767.8500,2770.6100,57
Finam:SP,2018-10-11T16:43:00+03:00,2770.4900,2771.5000,2769.6900,2771.4900,55
Finam:SP,2018-10-11T16:44:00+03:00,2772.5800,2772.6200,2770.3300,2770.8300,56
Finam:SP,2018-10-11T16:45:00+03:00,2770.5400,2776.7500,2768.8800,2776.3700,41
Finam:SP,2018-10-11T16:46:00+03:00,2776.4600,2779.3400,2776.4600,2779.3400,59
Finam:SP,2018-10-11T16:47:00+03:00,2779.4100,2780.5100,2777.1300,2780.1400,56
Finam:SP,2018-10-11T16:48:00+03:00,2780.3200,2781.6000,2778.6000,2779.5000,54
Finam:SP,2018-10-11T16:49:00+03:00,2779.3900,2784.2600,2778.9400,2784.2600,60
Finam:SP,2018-10-11T16:50:00+03:00,2784.3000,2784.3000,2782.5800,2783.3900,58
Finam:SP,2018-10-11T16:51:00+03:00,2783.5600,2789.1400,2783.5600,2789.1400,59
Finam:SP,2018-10-11T16:52:00+03:00,2789.1900,2789.1900,2787.2500,2787.5200,58
Finam:SP,2018-10-11T16:53:00+03:00,2787.8200,2789.1400,2786.4700,2789.0700,56
Finam:SP,2018-10-11T16:54:00+03:00,2789.1600,2791.3300,2788.9500,2789.7200,59
Finam:SP,2018-10-11T16:55:00+03:00,2789.7400,2789.9000,2787.9700,2788.7000,57
Finam:SP,2018-10-11T16:56:00+03:00,2788.6100,2788.8100,2787.4100,2788.4500,60
Finam:SP,2018-10-11T16:57:00+03:00,2788.6200,2791.9600,2787.9600,2791.8900,56
Finam:SP,2018-10-11T16:58:00+03:00,2791.9500,2794.0900,2791.7900,2794.0800,58
Finam:SP,2018-10-11T16:59:00+03:00,2794.0500,2795.1400,2793.4700,2794.0800,54
Finam:SP,2018-10-11T17:00:00+03:00,2794.0900,2794.0900,2790.2900,2790.5600,57
Finam:SP,2018-10-11T17:01:00+03:00,2790.7800,2792.6800,2790.6100,2790.8800,59
Finam:SP,2018-10-11T17:02:00+03:00,2790.5600,2790.9700,2788.6100,2790.4800,58
Finam:SP,2018-10-11T17:03:00+03:00,2790.4900,2791.2500,2789.1900,2790.3900,59
Finam:SP,2018-10-11T17:04:00+03:00,2790.1700,2791.0200,2784.8100,2784.9500,51
Finam:SP,2018-10-11T17:05:00+03:00,2785.1100,2786.2900,2782.2900,2782.2900,57
Finam:SP,2018-10-11T17:06:00+03:00,2782.0400,2785.0500,2782.0000,2785.0500,61
Finam:SP,2018-10-11T17:07:00+03:00,2785.0800,2785.8500,2783.8200,2784.1500,57
Finam:SP,2018-10-11T17:08:00+03:00,2784.2600,2788.2500,2784.2200,2786.9600,55
Finam:SP,2018-10-11T17:09:00+03:00,2787.0400,2790.4600,2787.0400,2790.2800,58
Finam:SP,2018-10-11T17:10:00+03:00,2790.1200,2790.5400,2787.1300,2787.4000,55
Finam:SP,2018-10-11T17:11:00+03:00,2787.5800,2788.0600,2786.1200,2787.1900,56
Finam:SP,2018-10-11T17:12:00+03:00,2787.2200,2787.2200,2782.4800,2782.4800,59
Finam:SP,2018-10-11T17:13:00+03:00,2782.4300,2783.9700,2782.3100,2783.3000,60
Finam:SP,2018-10-11T17:14:00+03:00,2783.3900,2784.8800,2782.7400,2782.7400,55
Finam:SP,2018-10-11T17:15:00+03:00,2782.6500,2782.9500,2780.9000,2782.9500,59
Finam:SP,2018-10-11T17:16:00+03:00,2782.8300,2783.0500,2778.4800,2779.4900,53
Finam:SP,2018-10-11T17:17:00+03:00,2779.0400,2779.5500,2778.1900,2778.8900,54
Finam:SP,2018-10-11T17:18:00+03:00,2778.7900,2778.7900,2774.2600,2774.3400,59
Finam:SP,2018-10-11T17:19:00+03:00,2774.2000,2778.1300,2774.1800,2778.0800,59
Finam:SP,2018-10-11T17:20:00+03:00,2778.1100,2780.4500,2776.8700,2780.3500,59
Finam:SP,2018-10-11T17:21:00+03:00,2780.2800,2780.4000,2776.6500,2776.6500,56
Finam:SP,2018-10-11T17:22:00+03:00,2776.8400,2777.4000,2774.5700,2775.7600,59
Finam:SP,2018-10-11T17:23:00+03:00,2775.8500,2776.8700,2775.8500,2775.9100,55
Finam:SP,2018-10-11T17:24:00+03:00,2775.8500,2775.9100,2772.7000,2772.7000,58
Finam:SP,2018-10-11T17:25:00+03:00,2772.5200,2774.6400,2772.2300,2774.6400,57
Finam:SP,2018-10-11T17:26:00+03:00,2774.7200,2776.2600,2773.0000,2776.0400,57
Finam:SP,2018-10-11T17:27:00+03:00,2776.1000,2778.6900,2776.1000,2778.2500,56
Finam:SP,2018-10-11T17:28:00+03:00,2778.3600,2780.2500,2776.2100,2776.7200,54
Finam:SP,2018-10-11T17:29:00+03:00,2776.6700,2777.7700,2775.7100,2777.7700,60
Finam:SP,2018-10-11T17:30:00+03:00,2778.3200,2779.2500,2776.7700,2779.2500,60
Finam:SP,2018-10-11T17:31:00+03:00,2779.4000,2783.1900,2779.2800,2781.4600,57
Finam:SP,2018-10-11T17:32:00+03:00,2781.3100,2782.4400,2780.4200,2780.4200,58
Finam:SP,2018-10-11T17:33:00+03:00,2780.6700,2780.6900,2777.9300,2778.6500,56
Finam:SP,2018-10-11T17:34:00+03:00,2778.6300,2778.6300,2775.8300,2776.6300,57
Finam:SP,2018-10-11T17:35:00+03:00,2776.6600,2779.6700,2776.6600,2778.8200,59
Finam:SP,2018-10-11T17:36:00+03:00,2778.9100,2779.4200,2777.0900,2778.6700,56
Finam:SP,2018-10-11T17:37:00+03:00,2778.7500,2781.1600,2778.0700,2779.8700,59
Finam:SP,2018-10-11T17:38:00+03:00,2779.8900,2779.8900,2775.1500,2775.3900,58
Finam:SP,2018-10-11T17:39:00+03:00,2775.2200,2776.1500,2773.9600,2776.1500,58
Finam:SP,2018-10-11T17:40:00+03:00,2776.1200,2776.1200,2773.7900,2773.9800,60
Finam:SP,2018-10-11T17:41:00+03:00,2774.2000,2777.5700,2773.9200,2776.9500,55
Finam:SP,2018-10-11T17:42:00+03:00,2776.8500,2777.0500,2775.0800,2775.4800,57
Finam:SP,2018-10-11T17:43:00+03:00,2775.4700,2776.4700,2773.1800,2773.1800,57
Finam:SP,2018-10-11T17:44:00+03:00,2773.1500,2775.4500,2773.0900,2774.9200,58
Finam:SP,2018-10-11T17:45:00+03:00,2774.8600,2776.3800,2771.0800,2771.4100,57
Finam:SP,2018-10-11T17:46:00+03:00,2771.3900,2771.4400,2769.2700,2770.0100,53
Finam:SP,2018-10-11T17:47:00+03:00,2769.9100,2771.2600,2769.4900,2771.2600,60
Finam:SP,2018-10-11T17:48:00+03:00,2771.4600,2772.3300,2770.5800,2771.8000,58
Finam:SP,2018-10-11T17:49:00+03:00,2771.7400,2771.7800,2766.6900,2766.7000,55
Finam:SP,2018-10-11T17:50:00+03:00,2766.5600,2771.3200,2765.7700,2771.0500,56
Finam:SP,2018-10-11T17:51:00+03:00,2770.8800,2770.9700,2769.4000,2769.8300,56
Finam:SP,2018-10-11T17:52:00+03:00,2769.9300,2770.1100,2766.7400,2767.2600,59
Finam:SP,2018-10-11T17:53:00+03:00,2767.4700,2768.8200,2764.7500,2764.7500,58
Finam:SP,2018-10-11T17:54:00+03:00,2764.8300,2767.2000,2764.7000,2766.9600,53
Finam:SP,2018-10-11T17:55:00+03:00,2767.0300,2769.3000,2766.9300,2768.6500,56
Finam:SP,2018-10-11T17:56:00+03:00,2768.5400,2769.5200,2768.4400,2768.8200,58
Finam:SP,2018-10-11T17:57:00+03:00,2768.7500,2768.7500,2766.3100,2766.5700,54
Finam:SP,2018-10-11T17:58:00+03:00,2766.5400,2768.4100,2766.5400,2768.1000,57
Finam:SP,2018-10-11T17:59:00+03:00,2768.2000,2768.2000,2763.5400,2764.1800,54
Finam:SP,2018-10-11T18:00:00+03:00,2764.1600,2764.6700,2761.4800,2762.5400,58
Finam:SP,2018-10-11T18:01:00+03:00,2762.0500,2762.4100,2761.5900,2761.6200,60
Finam:SP,2018-10-11T18:02:00+03:00,2761.5300,2762.2500,2760.7700,2760.8000,60
Finam:SP,2018-10-11T18:03:00+03:00,2760.7900,2761.0200,2759.5500,2759.5500,57
Finam:SP,2018-10-11T18:04:00+03:00,2759.4200,2759.4200,2749.0700,2750.1900,42
Finam:SP,2018-10-11T18:05:00+03:00,2750.1400,2753.4400,2750.1400,2752.4400,56
Finam:SP,2018-10-11T18:06:00+03:00,2752.5900,2755.7500,2752.5900,2755.1200,60
Finam:SP,2018-10-11T18:07:00+03:00,2754.9100,2757.5200,2754.7100,2756.6600,56
Finam:SP,2018-10-11T18:08:00+03:00,2756.9400,2756.9900,2753.9500,2754.0700,60
Finam:SP,2018-10-11T18:09:00+03:00,2753.9600,2754.6600,2753.2800,2754.5100,57
Finam:SP,2018-10-11T18:10:00+03:00,2754.4400,2754.6800,2749.9500,2749.9500,60
Finam:SP,2018-10-11T18:11:00+03:00,2749.9200,2750.4200,2748.2500,2749.2200,57
Finam:SP,2018-10-11T18:12:00+03:00,2749.1300,2749.6500,2745.6600,2745.6600,54
Finam:SP,2018-10-11T18:13:00+03:00,2745.5400,2748.6400,2745.4600,2748.6400,56
Finam:SP,2018-10-11T18:14:00+03:00,2748.9100,2749.2300,2746.0500,2746.5500,59
Finam:SP,2018-10-11T18:15:00+03:00,2746.6300,2748.0600,2745.7000,2748.0300,57
Finam:SP,2018-10-11T18:16:00+03:00,2748.3200,2750.8800,2748.3200,2750.3300,59
Finam:SP,2018-10-11T18:17:00+03:00,2750.3500,2755.7600,2750.3500,2754.9100,52
Finam:SP,2018-10-11T18:18:00+03:00,2755.2500,2755.2500,2752.3800,2753.0100,57
Finam:SP,2018-10-11T18:19:00+03:00,2752.8000,2752.8000,2751.0200,2751.9900,59
Finam:SP,2018-10-11T18:20:00+03:00,2752.1800,2755.9300,2752.1800,2755.5700,58
Finam:SP,2018-10-11T18:21:00+03:00,2755.5000,2757.4700,2754.6200,2756.5500,56
Finam:SP,2018-10-11T18:22:00+03:00,2756.5600,2758.9600,2755.4400,2758.9600,60
Finam:SP,2018-10-11T18:23:00+03:00,2759.0900,2762.3900,2759.0900,2762.2500,56
Finam:SP,2018-10-11T18:24:00+03:00,2762.4400,2763.0800,2759.9800,2760.4900,57
Finam:SP,2018-10-11T18:25:00+03:00,2760.4700,2760.9600,2759.1800,2759.4500,57
Finam:SP,2018-10-11T18:26:00+03:00,2759.4000,2759.9400,2757.8800,2757.9200,58
Finam:SP,2018-10-11T18:27:00+03:00,2757.9800,2760.6100,2757.6600,2760.6000,56
Finam:SP,2018-10-11T18:28:00+03:00,2760.2500,2761.6800,2758.8300,2758.8300,58
Finam:SP,2018-10-11T18:29:00+03:00,2757.8500,2758.0600,2756.7000,2757.9400,57
Finam:SP,2018-10-11T18:30:00+03:00,2758.2300,2758.6600,2755.6000,2755.7200,60
Finam:SP,2018-10-11T18:31:00+03:00,2755.6500,2756.2500,2754.3900,2755.0400,59
Finam:SP,2018-10-11T18:32:00+03:00,2755.1900,2755.9600,2754.3300,2754.8800,60
Finam:SP,2018-10-11T18:33:00+03:00,2754.9300,2757.6600,2754.9300,2757.1800,55
Finam:SP,2018-10-11T18:34:00+03:00,2757.2600,2760.1000,2756.5400,2759.7200,59
Finam:SP,2018-10-11T18:35:00+03:00,2759.8400,2759.9200,2756.1200,2756.3000,59
Finam:SP,2018-10-11T18:36:00+03:00,2756.3600,2756.4700,2751.8400,2752.2800,50
Finam:SP,2018-10-11T18:37:00+03:00,2752.3400,2755.2100,2752.3200,2754.3900,56
Finam:SP,2018-10-11T18:38:00+03:00,2754.1300,2754.1300,2751.3800,2753.2200,57
Finam:SP,2018-10-11T18:39:00+03:00,2753.4600,2755.6100,2752.2100,2754.8700,54
Finam:SP,2018-10-11T18:40:00+03:00,2754.8100,2760.0600,2754.8100,2759.8500,59
Finam:SP,2018-10-11T18:41:00+03:00,2759.8100,2762.1700,2759.6600,2760.8600,54
Finam:SP,2018-10-11T18:42:00+03:00,2760.9800,2761.7500,2758.9900,2760.2400,57
Finam:SP,2018-10-11T18:43:00+03:00,2760.3000,2760.6300,2759.7500,2759.8500,59
Finam:SP,2018-10-11T18:44:00+03:00,2759.8100,2760.3300,2757.9700,2760.3300,56
Finam:SP,2018-10-11T18:45:00+03:00,2760.4000,2760.6700,2758.4800,2759.3500,57
Finam:SP,2018-10-11T18:46:00+03:00,2759.3000,2763.1300,2759.3000,2762.7200,59
Finam:SP,2018-10-11T18:47:00+03:00,2762.9400,2764.2800,2762.4500,2763.8900,56
Finam:SP,2018-10-11T18:48:00+03:00,2763.9800,2764.0300,2762.8300,2762.9300,56
Finam:SP,2018-10-11T18:49:00+03:00,2762.9000,2769.5000,2762.9000,2769.3000,62
Finam:SP,2018-10-11T18:50:00+03:00,2769.3600,2769.6300,2766.8400,2766.9600,56
Finam:SP,2018-10-11T18:51:00+03:00,2766.8900,2767.5700,2766.0200,2766.0200,59
Finam:SP,2018-10-11T18:52:00+03:00,2765.7100,2770.4600,2765.7100,2770.4600,58
Finam:SP,2018-10-11T18:53:00+03:00,2770.5700,2773.4700,2770.4200,2772.7300,54
Finam:SP,2018-10-11T18:54:00+03:00,2772.7200,2773.1700,2770.6800,2770.6800,59
Finam:SP,2018-10-11T18:55:00+03:00,2770.6500,2770.8600,2769.1700,2769.5400,57
Finam:SP,2018-10-11T18:56:00+03:00,2769.6400,2772.0900,2769.4900,2771.4300,54
Finam:SP,2018-10-11T18:57:00+03:00,2771.4900,2772.2400,2770.5900,2771.7600,58
Finam:SP,2018-10-11T18:58:00+03:00,2771.6000,2771.6700,2768.3300,2768.3300,58
Finam:SP,2018-10-11T18:59:00+03:00,2768.2800,2768.6500,2766.3900,2766.9500,59
Finam:SP,2018-10-11T19:00:00+03:00,2767.0100,2767.7300,2765.5100,2767.3700,56
Finam:SP,2018-10-11T19:01:00+03:00,2767.4000,2769.8100,2767.2900,2769.4400,57
Finam:SP,2018-10-11T19:02:00+03:00,2769.4500,2770.7300,2767.5600,2767.5600,58
Finam:SP,2018-10-11T19:03:00+03:00,2767.5500,2768.4900,2766.3200,2766.3200,56
Finam:SP,2018-10-11T19:04:00+03:00,2766.3100,2766.8000,2764.9200,2766.7900,59
Finam:SP,2018-10-11T19:05:00+03:00,2766.9900,2767.3800,2765.2700,2765.4700,56
Finam:SP,2018-10-11T19:06:00+03:00,2765.4500,2768.9100,2765.2300,2767.3000,57
Finam:SP,2018-10-11T19:07:00+03:00,2767.3200,2768.3500,2766.7900,2766.9300,52
Finam:SP,2018-10-11T19:08:00+03:00,2766.8800,2768.2600,2766.5300,2767.7500,57
Finam:SP,2018-10-11T19:09:00+03:00,2767.6200,2769.3300,2764.6500,2764.6500,57
Finam:SP,2018-10-11T19:10:00+03:00,2764.8200,2767.6600,2764.8200,2766.3900,58
Finam:SP,2018-10-11T19:11:00+03:00,2766.4600,2767.5000,2766.4600,2767.1700,57
Finam:SP,2018-10-11T19:12:00+03:00,2767.3000,2768.1100,2767.2100,2767.3100,54
Finam:SP,2018-10-11T19:13:00+03:00,2767.0400,2769.2600,2765.8700,2769.2600,59
Finam:SP,2018-10-11T19:14:00+03:00,2769.2700,2771.5100,2769.2700,2771.3800,57
Finam:SP,2018-10-11T19:15:00+03:00,2771.2200,2772.9800,2771.0100,2771.9900,58
Finam:SP,2018-10-11T19:16:00+03:00,2771.9700,2773.5900,2771.5200,2773.5900,55
Finam:SP,2018-10-11T19:17:00+03:00,2773.4700,2773.9500,2772.8000,2772.8300,56
Finam:SP,2018-10-11T19:18:00+03:00,2772.6700,2773.0300,2771.6400,2771.6400,59
Finam:SP,2018-10-11T19:19:00+03:00,2771.6500,2774.4800,2771.6500,2774.1000,55
Finam:SP,2018-10-11T19:20:00+03:00,2773.9600,2777.6000,2773.9500,2777.6000,58
Finam:SP,2018-10-11T19:21:00+03:00,2777.6400,2779.3600,2777.5600,2778.8600,59
Finam:SP,2018-10-11T19:22:00+03:00,2778.8300,2779.7700,2778.4000,2778.7400,55
Finam:SP,2018-10-11T19:23:00+03:00,2778.7100,2780.4700,2778.2500,2780.4700,49
Finam:SP,2018-10-11T19:24:00+03:00,2780.4800,2783.8500,2780.2700,2783.2300,59
Finam:SP,2018-10-11T19:25:00+03:00,2783.4700,2784.1100,2781.4500,2781.5500,56
Finam:SP,2018-10-11T19:26:00+03:00,2781.7500,2783.4800,2781.7300,2783.4800,60
Finam:SP,2018-10-11T19:27:00+03:00,2783.1200,2783.5300,2782.0800,2782.2400,53
Finam:SP,2018-10-11T19:28:00+03:00,2781.8200,2781.8200,2779.9900,2780.6100,53
Finam:SP,2018-10-11T19:29:00+03:00,2780.6500,2780.6500,2778.8400,2778.9500,55
Finam:SP,2018-10-11T19:30:00+03:00,2778.9000,2778.9000,2776.7100,2777.0000,57
Finam:SP,2018-10-11T19:31:00+03:00,2777.0300,2777.1800,2775.8900,2776.0100,56
Finam:SP,2018-10-11T19:32:00+03:00,2776.2200,2777.7000,2776.0500,2777.5100,56
Finam:SP,2018-10-11T19:33:00+03:00,2777.5300,2778.4000,2776.4800,2776.5600,53
Finam:SP,2018-10-11T19:34:00+03:00,2776.3400,2776.4300,2774.8300,2775.6600,56
Finam:SP,2018-10-11T19:35:00+03:00,2775.7000,2777.7200,2775.3300,2776.1500,54
Finam:SP,2018-10-11T19:36:00+03:00,2776.0200,2776.4100,2775.2200,2775.5100,55
Finam:SP,2018-10-11T19:37:00+03:00,2775.5300,2775.8700,2774.5700,2774.8300,50
Finam:SP,2018-10-11T19:38:00+03:00,2772.9900,2774.1700,2772.9800,2773.3200,53
Finam:SP,2018-10-11T19:39:00+03:00,2773.1700,2773.6000,2771.4700,2771.8600,55
Finam:SP,2018-10-11T19:40:00+03:00,2771.6500,2772.6400,2771.1700,2772.6100,56
Finam:SP,2018-10-11T19:41:00+03:00,2772.6500,2774.3000,2771.6000,2774.0700,56
Finam:SP,2018-10-11T19:42:00+03:00,2773.7700,2773.7700,2771.8500,2772.4800,52
Finam:SP,2018-10-11T19:43:00+03:00,2772.4300,2774.2200,2772.1300,2774.1800,52
Finam:SP,2018-10-11T19:44:00+03:00,2774.2200,2775.4300,2774.2200,2774.9100,50
Finam:SP,2018-10-11T19:45:00+03:00,2775.0100,2775.2200,2774.0300,2774.0300,52
Finam:SP,2018-10-11T19:46:00+03:00,2774.0200,2774.8100,2771.8400,2772.3400,56
Finam:SP,2018-10-11T19:47:00+03:00,2772.3200,2773.4200,2772.0800,2773.3300,58
Finam:SP,2018-10-11T19:48:00+03:00,2773.3000,2773.5000,2768.7600,2768.9600,54
Finam:SP,2018-10-11T19:49:00+03:00,2768.9400,2769.8000,2768.2200,2769.1400,56
Finam:SP,2018-10-11T19:50:00+03:00,2769.2300,2769.8000,2766.3800,2768.0800,55
Finam:SP,2018-10-11T19:51:00+03:00,2768.0600,2769.0400,2767.6800,2768.9500,55
Finam:SP,2018-10-11T19:52:00+03:00,2768.9700,2770.2800,2768.6800,2769.3600,54
Finam:SP,2018-10-11T19:53:00+03:00,2769.3500,2769.9900,2769.2000,2769.9900,49
Finam:SP,2018-10-11T19:54:00+03:00,2770.3100,2771.7700,2770.3100,2770.8500,55
Finam:SP,2018-10-11T19:55:00+03:00,2770.9200,2771.2300,2767.8500,2769.9900,56
Finam:SP,2018-10-11T19:56:00+03:00,2770.0300,2771.4300,2770.0300,2771.1000,56
Finam:SP,2018-10-11T19:57:00+03:00,2771.0800,2771.9000,2770.3400,2770.3400,51
Finam:SP,2018-10-11T19:58:00+03:00,2770.2200,2770.8600,2769.5000,2769.5000,54
Finam:SP,2018-10-11T19:59:00+03:00,2769.5200,2770.4600,2769.1500,2770.0800,58
Finam:SP,2018-10-11T20:00:00+03:00,2770.0800,2770.0800,2767.0600,2767.8300,56
Finam:SP,2018-10-11T20:01:00+03:00,2767.8100,2768.2300,2767.4600,2768.0700,56
Finam:SP,2018-10-11T20:02:00+03:00,2768.0300,2768.0300,2765.7500,2766.2600,54
Finam:SP,2018-10-11T20:03:00+03:00,2766.2400,2766.2400,2764.0500,2764.0900,58
Finam:SP,2018-10-11T20:04:00+03:00,2763.9200,2763.9200,2761.5800,2761.6400,58
Finam:SP,2018-10-11T20:05:00+03:00,2761.6100,2763.7700,2761.5700,2762.6000,57
Finam:SP,2018-10-11T20:06:00+03:00,2762.7300,2763.0900,2761.9200,2762.1600,58
Finam:SP,2018-10-11T20:07:00+03:00,2762.2300,2764.6400,2762.0200,2764.6400,59
Finam:SP,2018-10-11T20:08:00+03:00,2764.5800,2765.0200,2763.4800,2763.8500,54
Finam:SP,2018-10-11T20:09:00+03:00,2763.8100,2765.1100,2763.6700,2764.2300,55
Finam:SP,2018-10-11T20:10:00+03:00,2764.2400,2764.3800,2761.9400,2763.6900,52
Finam:SP,2018-10-11T20:11:00+03:00,2763.7400,2764.3700,2763.2400,2763.7200,55
Finam:SP,2018-10-11T20:12:00+03:00,2763.6700,2766.5800,2763.4600,2766.2400,56
Finam:SP,2018-10-11T20:13:00+03:00,2766.2700,2768.8800,2765.9900,2768.8200,54
Finam:SP,2018-10-11T20:14:00+03:00,2768.9900,2771.1000,2768.9900,2771.0900,51
Finam:SP,2018-10-11T20:15:00+03:00,2771.1800,2771.7700,2771.0500,2771.2900,57
Finam:SP,2018-10-11T20:16:00+03:00,2771.3300,2774.5100,2771.3300,2774.5100,54
Finam:SP,2018-10-11T20:17:00+03:00,2774.5000,2774.7400,2773.6500,2774.7000,53
Finam:SP,2018-10-11T20:18:00+03:00,2774.2900,2774.5700,2773.4500,2774.1000,53
Finam:SP,2018-10-11T20:19:00+03:00,2774.0800,2774.2900,2772.9700,2773.0500,54
Finam:SP,2018-10-11T20:20:00+03:00,2773.0300,2773.2800,2771.8500,2772.1900,55
Finam:SP,2018-10-11T20:21:00+03:00,2772.2000,2774.7800,2772.1100,2773.2800,58
Finam:SP,2018-10-11T20:22:00+03:00,2773.2900,2773.9500,2772.7800,2773.2600,50
Finam:SP,2018-10-11T20:23:00+03:00,2773.1300,2774.1600,2771.8000,2771.8700,54
Finam:SP,2018-10-11T20:24:00+03:00,2771.9200,2771.9900,2769.4100,2769.4100,53
Finam:SP,2018-10-11T20:25:00+03:00,2769.4600,2771.1200,2769.2900,2770.7400,53
Finam:SP,2018-10-11T20:26:00+03:00,2770.7800,2770.7800,2767.4300,2767.7200,54
Finam:SP,2018-10-11T20:27:00+03:00,2767.6900,2768.3700,2766.7600,2768.1800,51
Finam:SP,2018-10-11T20:28:00+03:00,2768.1600,2769.5200,2768.1100,2769.4000,53
Finam:SP,2018-10-11T20:29:00+03:00,2769.3900,2769.8200,2767.7400,2769.8000,50
Finam:SP,2018-10-11T20:30:00+03:00,2769.8400,2772.9600,2769.8300,2772.5000,58
Finam:SP,2018-10-11T20:31:00+03:00,2772.5400,2772.6900,2770.0800,2770.0800,54
Finam:SP,2018-10-11T20:32:00+03:00,2770.1000,2770.1500,2767.2200,2768.3100,59
Finam:SP,2018-10-11T20:33:00+03:00,2768.3300,2768.3600,2767.0300,2767.6000,51
Finam:SP,2018-10-11T20:34:00+03:00,2767.5800,2767.6200,2766.8800,2767.0600,54
Finam:SP,2018-10-11T20:35:00+03:00,2767.0700,2767.2600,2765.1600,2765.6300,54
Finam:SP,2018-10-11T20:36:00+03:00,2765.8000,2767.4300,2765.5300,2766.6900,51
Finam:SP,2018-10-11T20:37:00+03:00,2766.7000,2766.7000,2764.7300,2764.7300,57
Finam:SP,2018-10-11T20:38:00+03:00,2764.6200,2765.8700,2764.3800,2765.7600,52
Finam:SP,2018-10-11T20:39:00+03:00,2765.8500,2767.3900,2765.5900,2767.3900,57
Finam:SP,2018-10-11T20:40:00+03:00,2767.4500,2768.5900,2767.1800,2768.3100,53
Finam:SP,2018-10-11T20:41:00+03:00,2768.3500,2768.5300,2767.5700,2767.5700,58
Finam:SP,2018-10-11T20:42:00+03:00,2767.5500,2767.6200,2764.6300,2764.6300,49
Finam:SP,2018-10-11T20:43:00+03:00,2764.4700,2764.8800,2762.7400,2762.9200,55
Finam:SP,2018-10-11T20:44:00+03:00,2762.8300,2764.1200,2762.7500,2764.1100,57
Finam:SP,2018-10-11T20:45:00+03:00,2764.1600,2764.1900,2761.9300,2763.9100,52
Finam:SP,2018-10-11T20:46:00+03:00,2763.9400,2765.0500,2763.2500,2763.4200,53
Finam:SP,2018-10-11T20:47:00+03:00,2763.4100,2764.5500,2763.2300,2764.1400,57
Finam:SP,2018-10-11T20:48:00+03:00,2764.0900,2764.3800,2761.9600,2763.4500,54
Finam:SP,2018-10-11T20:49:00+03:00,2763.4600,2763.5700,2760.3600,2760.3900,49
Finam:SP,2018-10-11T20:50:00+03:00,2760.4400,2760.4400,2758.3000,2758.9200,53
Finam:SP,2018-10-11T20:51:00+03:00,2759.0200,2759.2400,2755.5700,2757.1500,56
Finam:SP,2018-10-11T20:52:00+03:00,2757.2600,2757.5800,2756.7000,2757.5800,59
Finam:SP,2018-10-11T20:53:00+03:00,2757.5900,2759.9900,2757.5900,2759.2200,54
Finam:SP,2018-10-11T20:54:00+03:00,2759.2500,2760.7400,2758.0300,2760.7400,58
Finam:SP,2018-10-11T20:55:00+03:00,2760.6400,2761.5100,2760.3900,2760.6600,60
Finam:SP,2018-10-11T20:56:00+03:00,2760.5400,2760.5400,2758.8500,2760.1000,56
Finam:SP,2018-10-11T20:57:00+03:00,2760.0400,2762.9300,2760.0300,2762.9300,56
Finam:SP,2018-10-11T20:58:00+03:00,2762.9800,2765.1700,2762.9800,2764.4000,54
Finam:SP,2018-10-11T20:59:00+03:00,2764.4300,2766.2700,2764.3400,2765.7700,56
Finam:SP,2018-10-11T21:00:00+03:00,2765.7500,2766.5900,2764.3600,2766.5500,57
Finam:SP,2018-10-11T21:01:00+03:00,2766.2100,2766.9000,2765.6400,2765.6400,55
Finam:SP,2018-10-11T21:02:00+03:00,2765.5600,2765.5800,2762.8000,2763.6400,60
Finam:SP,2018-10-11T21:03:00+03:00,2763.6100,2763.6100,2761.3000,2763.1300,56
Finam:SP,2018-10-11T21:04:00+03:00,2763.1800,2765.0000,2763.0900,2764.9900,51
Finam:SP,2018-10-11T21:05:00+03:00,2764.9200,2766.8800,2764.3500,2766.5700,57
Finam:SP,2018-10-11T21:06:00+03:00,2766.5800,2766.5800,2764.1200,2764.1200,56
Finam:SP,2018-10-11T21:07:00+03:00,2764.1600,2764.3700,2763.1700,2764.0700,56
Finam:SP,2018-10-11T21:08:00+03:00,2763.7800,2763.7800,2760.7000,2760.8900,57
Finam:SP,2018-10-11T21:09:00+03:00,2760.8100,2760.8800,2759.9900,2760.3700,53
Finam:SP,2018-10-11T21:10:00+03:00,2760.3900,2760.8800,2759.9700,2760.0200,55
Finam:SP,2018-10-11T21:11:00+03:00,2760.6400,2760.6400,2755.9700,2756.1500,55
Finam:SP,2018-10-11T21:12:00+03:00,2756.1200,2756.6600,2754.0300,2754.6400,59
Finam:SP,2018-10-11T21:13:00+03:00,2754.7100,2756.1800,2752.9700,2753.4300,58
Finam:SP,2018-10-11T21:14:00+03:00,2753.4500,2754.8800,2752.5700,2754.8800,60
Finam:SP,2018-10-11T21:15:00+03:00,2754.8900,2756.2700,2754.0700,2756.2300,53
Finam:SP,2018-10-11T21:16:00+03:00,2755.9800,2755.9900,2754.3600,2754.5000,56
Finam:SP,2018-10-11T21:17:00+03:00,2754.3700,2754.3700,2753.1200,2753.7300,61
Finam:SP,2018-10-11T21:18:00+03:00,2753.7600,2753.7600,2750.8700,2752.8900,56
Finam:SP,2018-10-11T21:19:00+03:00,2752.8800,2754.3200,2752.8400,2754.0500,56
Finam:SP,2018-10-11T21:20:00+03:00,2754.0400,2755.2900,2752.6900,2755.1500,59
Finam:SP,2018-10-11T21:21:00+03:00,2755.0200,2757.9600,2755.0200,2757.7300,56
Finam:SP,2018-10-11T21:22:00+03:00,2757.8500,2759.2000,2757.6600,2758.3700,57
Finam:SP,2018-10-11T21:23:00+03:00,2758.2800,2758.3600,2756.1600,2756.3900,49
Finam:SP,2018-10-11T21:24:00+03:00,2756.4000,2756.5500,2752.0100,2752.0100,59
Finam:SP,2018-10-11T21:25:00+03:00,2752.1300,2752.4600,2751.0300,2751.7600,56
Finam:SP,2018-10-11T21:26:00+03:00,2751.8900,2752.6500,2749.5800,2751.5800,56
Finam:SP,2018-10-11T21:27:00+03:00,2751.2800,2754.5400,2750.8700,2754.5400,57
Finam:SP,2018-10-11T21:28:00+03:00,2754.5100,2755.8400,2754.0000,2755.8400,57
Finam:SP,2018-10-11T21:29:00+03:00,2755.7600,2755.8200,2752.2900,2752.3000,56
Finam:SP,2018-10-11T21:30:00+03:00,2751.8400,2751.8400,2749.1200,2749.1800,58
Finam:SP,2018-10-11T21:31:00+03:00,2748.9900,2750.3500,2748.8800,2749.8500,55
Finam:SP,2018-10-11T21:32:00+03:00,2749.8900,2749.9200,2747.5900,2748.4800,55
Finam:SP,2018-10-11T21:33:00+03:00,2748.5400,2749.3700,2747.4700,2749.3000,50
Finam:SP,2018-10-11T21:34:00+03:00,2749.2800,2749.2800,2746.7900,2746.8700,56
Finam:SP,2018-10-11T21:35:00+03:00,2746.7900,2746.7900,2740.7400,2743.4200,59
Finam:SP,2018-10-11T21:36:00+03:00,2743.2300,2743.2300,2738.2400,2738.8300,59
Finam:SP,2018-10-11T21:37:00+03:00,2738.5500,2739.8600,2737.2500,2739.4400,60
Finam:SP,2018-10-11T21:38:00+03:00,2739.2500,2742.2400,2739.1700,2739.1700,57
Finam:SP,2018-10-11T21:39:00+03:00,2739.1000,2741.4100,2737.9000,2739.5600,59
Finam:SP,2018-10-11T21:40:00+03:00,2739.8000,2739.8600,2736.9200,2737.4600,55
Finam:SP,2018-10-11T21:41:00+03:00,2737.4300,2738.1500,2730.2500,2731.4200,45
Finam:SP,2018-10-11T21:42:00+03:00,2731.3600,2731.5000,2727.3700,2727.3700,61
Finam:SP,2018-10-11T21:43:00+03:00,2727.1600,2729.2100,2724.9900,2724.9900,58
Finam:SP,2018-10-11T21:44:00+03:00,2725.0100,2725.8100,2722.9900,2723.7100,58
Finam:SP,2018-10-11T21:45:00+03:00,2723.5300,2723.5300,2714.8600,2714.8600,50
Finam:SP,2018-10-11T21:46:00+03:00,2713.0600,2718.5000,2710.5600,2716.7600,41
Finam:SP,2018-10-11T21:47:00+03:00,2716.8700,2727.1100,2716.4600,2726.2000,42
Finam:SP,2018-10-11T21:48:00+03:00,2726.0300,2728.7200,2722.4000,2728.7200,55
Finam:SP,2018-10-11T21:49:00+03:00,2729.6300,2730.8800,2727.2400,2727.3900,50
Finam:SP,2018-10-11T21:50:00+03:00,2727.3300,2729.2900,2726.1700,2728.9100,54
Finam:SP,2018-10-11T21:51:00+03:00,2727.3500,2729.7200,2724.0000,2729.5700,55
Finam:SP,2018-10-11T21:52:00+03:00,2730.5600,2736.8900,2730.5600,2736.7300,35
Finam:SP,2018-10-11T21:53:00+03:00,2736.0900,2736.0900,2731.7700,2732.7200,47
Finam:SP,2018-10-11T21:54:00+03:00,2732.9100,2734.7400,2732.3300,2732.9200,56
Finam:SP,2018-10-11T21:55:00+03:00,2732.8100,2732.8100,2728.6900,2729.0300,55
Finam:SP,2018-10-11T21:56:00+03:00,2728.8800,2729.8500,2726.0100,2729.8500,58
Finam:SP,2018-10-11T21:57:00+03:00,2730.3900,2730.6400,2725.4100,2727.6100,59
Finam:SP,2018-10-11T21:58:00+03:00,2727.3600,2727.8500,2725.0900,2727.6200,61
Finam:SP,2018-10-11T21:59:00+03:00,2727.8900,2733.1900,2727.8900,2731.2700,57
Finam:SP,2018-10-11T22:00:00+03:00,2731.3200,2732.5000,2727.8300,2731.7600,50
Finam:SP,2018-10-11T22:01:00+03:00,2730.9700,2730.9900,2726.7400,2729.8000,55
Finam:SP,2018-10-11T22:02:00+03:00,2729.9200,2733.7300,2729.9200,2733.7300,58
Finam:SP,2018-10-11T22:03:00+03:00,2733.8000,2735.4800,2732.8800,2734.8500,62
Finam:SP,2018-10-11T22:04:00+03:00,2734.9100,2740.1700,2734.8000,2740.0800,56
Finam:SP,2018-10-11T22:05:00+03:00,2740.0700,2740.2200,2737.3300,2737.3400,57
Finam:SP,2018-10-11T22:06:00+03:00,2737.2800,2737.4000,2735.4200,2736.3200,58
Finam:SP,2018-10-11T22:07:00+03:00,2736.4200,2737.1700,2734.6200,2734.6200,56
Finam:SP,2018-10-11T22:08:00+03:00,2734.6500,2735.1300,2733.4100,2734.0000,58
Finam:SP,2018-10-11T22:09:00+03:00,2733.7700,2734.0600,2730.5100,2731.3100,59
Finam:SP,2018-10-11T22:10:00+03:00,2731.3400,2731.3700,2727.2600,2728.4900,58
Finam:SP,2018-10-11T22:11:00+03:00,2728.5100,2729.3400,2727.1700,2729.3400,57
Finam:SP,2018-10-11T22:12:00+03:00,2729.3100,2729.7500,2726.9400,2727.5200,56
Finam:SP,2018-10-11T22:13:00+03:00,2727.4400,2739.3400,2727.3700,2739.3400,41
Finam:SP,2018-10-11T22:14:00+03:00,2739.2900,2745.2100,2739.2500,2743.4000,56
Finam:SP,2018-10-11T22:15:00+03:00,2742.7700,2746.3800,2741.9000,2746.3800,53
Finam:SP,2018-10-11T22:16:00+03:00,2746.1900,2753.0500,2744.9700,2752.0800,53
Finam:SP,2018-10-11T22:17:00+03:00,2752.0600,2759.1900,2749.9700,2756.0100,47
Finam:SP,2018-10-11T22:18:00+03:00,2755.7600,2756.1200,2752.6800,2753.1000,55
Finam:SP,2018-10-11T22:19:00+03:00,2754.9600,2758.4000,2753.6800,2756.6400,54
Finam:SP,2018-10-11T22:20:00+03:00,2759.2300,2759.7900,2754.5800,2754.6100,56
Finam:SP,2018-10-11T22:21:00+03:00,2754.4200,2759.6800,2753.2000,2759.6800,51
Finam:SP,2018-10-11T22:22:00+03:00,2761.3600,2762.0900,2758.8200,2758.8200,58
Finam:SP,2018-10-11T22:23:00+03:00,2758.7100,2760.7400,2754.9000,2755.1200,56
Finam:SP,2018-10-11T22:24:00+03:00,2754.9800,2758.7300,2753.9500,2757.5900,56
Finam:SP,2018-10-11T22:25:00+03:00,2757.6300,2759.9600,2756.0100,2757.5500,62
Finam:SP,2018-10-11T22:26:00+03:00,2757.2400,2758.4700,2755.5000,2756.2700,58
Finam:SP,2018-10-11T22:27:00+03:00,2756.0000,2756.0300,2753.8500,2753.8500,58
Finam:SP,2018-10-11T22:28:00+03:00,2753.7700,2756.3700,2752.9500,2753.1300,59
Finam:SP,2018-10-11T22:29:00+03:00,2753.3500,2754.5100,2752.1200,2753.0000,57
Finam:SP,2018-10-11T22:30:00+03:00,2752.9100,2752.9100,2749.4900,2750.3100,57
Finam:SP,2018-10-11T22:31:00+03:00,2750.4700,2753.9500,2750.3400,2752.5200,59
Finam:SP,2018-10-11T22:32:00+03:00,2752.9900,2757.0500,2752.3900,2756.8500,58
Finam:SP,2018-10-11T22:33:00+03:00,2756.2900,2757.5800,2753.5600,2754.0200,56
Finam:SP,2018-10-11T22:34:00+03:00,2754.0300,2754.3200,2750.8900,2752.1000,60
Finam:SP,2018-10-11T22:35:00+03:00,2751.6000,2751.6400,2744.6600,2746.3600,52
Finam:SP,2018-10-11T22:36:00+03:00,2746.1100,2746.2600,2742.0300,2743.3200,56
Finam:SP,2018-10-11T22:37:00+03:00,2742.8400,2744.9400,2741.9700,2744.9400,59
Finam:SP,2018-10-11T22:38:00+03:00,2745.4500,2753.3700,2744.3800,2752.0300,54
Finam:SP,2018-10-11T22:39:00+03:00,2751.6600,2751.6900,2747.6100,2750.4100,59
Finam:SP,2018-10-11T22:40:00+03:00,2750.0000,2750.0500,2745.5300,2745.5300,57
Finam:SP,2018-10-11T22:41:00+03:00,2745.6000,2747.7800,2743.8900,2744.7000,58
Finam:SP,2018-10-11T22:42:00+03:00,2744.6700,2748.0700,2744.6700,2747.0000,58
Finam:SP,2018-10-11T22:43:00+03:00,2746.9800,2750.4300,2746.7300,2746.7300,60
Finam:SP,2018-10-11T22:44:00+03:00,2746.5500,2746.5500,2741.2100,2741.8600,57
Finam:SP,2018-10-11T22:45:00+03:00,2741.9000,2743.2900,2738.5500,2743.1500,50
Finam:SP,2018-10-11T22:46:00+03:00,2743.2800,2744.7000,2742.4600,2742.7500,60
Finam:SP,2018-10-11T22:47:00+03:00,2743.1100,2743.1900,2736.9600,2736.9600,58
Finam:SP,2018-10-11T22:48:00+03:00,2736.7700,2738.0300,2732.7700,2732.7700,60
Finam:SP,2018-10-11T22:49:00+03:00,2732.1300,2734.5800,2730.7600,2731.5000,58
Finam:SP,2018-10-11T22:50:00+03:00,2731.3100,2734.5100,2729.4100,2734.5100,52
Finam:SP,2018-10-11T22:51:00+03:00,2734.2900,2740.8700,2732.2700,2740.8700,59
Finam:SP,2018-10-11T22:52:00+03:00,2740.8800,2741.1500,2736.1600,2736.1600,57
Finam:SP,2018-10-11T22:53:00+03:00,2736.1000,2740.0700,2736.1000,2739.5600,55
Finam:SP,2018-10-11T22:54:00+03:00,2739.3800,2739.6700,2734.3600,2734.3600,58
Finam:SP,2018-10-11T22:55:00+03:00,2734.3300,2738.3100,2734.2400,2738.0900,58
Finam:SP,2018-10-11T22:56:00+03:00,2737.9300,2737.9300,2733.9600,2734.1100,58
Finam:SP,2018-10-11T22:57:00+03:00,2734.0600,2736.3600,2731.9000,2732.2600,61
Finam:SP,2018-10-11T22:58:00+03:00,2732.4300,2733.2700,2730.0700,2730.9600,57
Finam:SP,2018-10-11T22:59:00+03:00,2731.1400,2731.1400,2728.4900,2728.8900,54
Finam:SP,2018-10-11T23:00:00+03:00,2728.3100,2728.3900,2728.2600,2728.3500,10
Finam:SP,2018-10-11T23:01:00+03:00,2728.3600,2728.3800,2728.3600,2728.3800,2
Finam:SP,2018-10-11T23:02:00+03:00,2728.3900,2728.3900,2728.3700,2728.3800,5
Finam:SP,2018-10-11T23:03:00+03:00,2728.3700,2728.3800,2728.3700,2728.3700,5
Finam:SP,2018-10-11T23:04:00+03:00,2728.3600,2728.3700,2728.3600,2728.3600,3
Finam:SP,2018-10-11T23:06:00+03:00,2728.3700,2728.3700,2728.3700,2728.3700,1
