MOEX:MGNT,2022-02-02T06:59:00+03:00,5102.5,5102.5,5102.5,5102.5,8
MOEX:MGNT,2022-02-02T07:00:00+03:00,5115.0,5150.0,5115.0,5150.0,2394
MOEX:MGNT,2022-02-02T07:01:00+03:00,5142.5,5148.0,5133.5,5145.5,617
MOEX:MGNT,2022-02-02T07:02:00+03:00,5146.0,5147.5,5135.5,5143.0,270
MOEX:MGNT,2022-02-02T07:03:00+03:00,5143.0,5143.0,5134.5,5136.0,49
MOEX:MGNT,2022-02-02T07:04:00+03:00,5142.0,5143.5,5135.5,5143.5,54
MOEX:MGNT,2022-02-02T07:05:00+03:00,5143.0,5150.0,5142.5,5143.0,1123
MOEX:MGNT,2022-02-02T07:06:00+03:00,5138.5,5143.0,5132.5,5136.5,536
MOEX:MGNT,2022-02-02T07:07:00+03:00,5133.5,5135.0,5129.0,5133.5,533
MOEX:MGNT,2022-02-02T07:08:00+03:00,5136.0,5137.5,5133.5,5135.0,52
MOEX:MGNT,2022-02-02T07:09:00+03:00,5133.5,5135.0,5133.0,5133.0,113
MOEX:MGNT,2022-02-02T07:10:00+03:00,5131.5,5133.0,5129.5,5130.5,189
MOEX:MGNT,2022-02-02T07:11:00+03:00,5133.0,5144.0,5133.0,5141.5,483
MOEX:MGNT,2022-02-02T07:12:00+03:00,5143.0,5168.5,5143.0,5162.0,3078
MOEX:MGNT,2022-02-02T07:13:00+03:00,5166.0,5168.5,5156.0,5161.0,549
MOEX:MGNT,2022-02-02T07:14:00+03:00,5157.5,5162.5,5157.0,5157.5,80
MOEX:MGNT,2022-02-02T07:15:00+03:00,5157.5,5159.0,5154.0,5154.0,459
MOEX:MGNT,2022-02-02T07:16:00+03:00,5157.5,5158.0,5154.0,5154.0,174
MOEX:MGNT,2022-02-02T07:17:00+03:00,5154.0,5157.5,5150.0,5153.5,245
MOEX:MGNT,2022-02-02T07:18:00+03:00,5150.0,5153.5,5150.0,5153.5,43
MOEX:MGNT,2022-02-02T07:19:00+03:00,5153.5,5157.0,5153.0,5155.0,302
MOEX:MGNT,2022-02-02T07:20:00+03:00,5157.0,5162.0,5157.0,5162.0,260
MOEX:MGNT,2022-02-02T07:21:00+03:00,5162.0,5165.0,5160.5,5165.0,135
MOEX:MGNT,2022-02-02T07:22:00+03:00,5164.0,5170.0,5164.0,5165.5,306
MOEX:MGNT,2022-02-02T07:23:00+03:00,5165.0,5167.0,5164.0,5164.0,105
MOEX:MGNT,2022-02-02T07:24:00+03:00,5164.0,5166.0,5161.0,5161.0,69
MOEX:MGNT,2022-02-02T07:25:00+03:00,5165.0,5165.0,5157.0,5163.5,139
MOEX:MGNT,2022-02-02T07:26:00+03:00,5162.0,5165.0,5161.5,5161.5,39
MOEX:MGNT,2022-02-02T07:27:00+03:00,5164.5,5167.0,5161.5,5167.0,104
MOEX:MGNT,2022-02-02T07:28:00+03:00,5164.5,5167.0,5161.5,5161.5,163
MOEX:MGNT,2022-02-02T07:29:00+03:00,5163.0,5166.0,5162.0,5162.5,69
MOEX:MGNT,2022-02-02T07:30:00+03:00,5162.0,5166.5,5162.0,5162.5,113
MOEX:MGNT,2022-02-02T07:31:00+03:00,5165.0,5165.0,5158.0,5158.0,224
MOEX:MGNT,2022-02-02T07:32:00+03:00,5157.5,5157.5,5155.0,5155.0,107
MOEX:MGNT,2022-02-02T07:33:00+03:00,5155.0,5160.0,5155.0,5160.0,53
MOEX:MGNT,2022-02-02T07:34:00+03:00,5157.0,5160.0,5152.0,5153.0,1158
MOEX:MGNT,2022-02-02T07:35:00+03:00,5157.5,5157.5,5142.5,5147.5,4212
MOEX:MGNT,2022-02-02T07:36:00+03:00,5148.5,5148.5,5142.5,5144.0,158
MOEX:MGNT,2022-02-02T07:37:00+03:00,5144.5,5148.0,5138.5,5138.5,630
MOEX:MGNT,2022-02-02T07:38:00+03:00,5140.0,5140.0,5125.0,5125.0,1507
MOEX:MGNT,2022-02-02T07:39:00+03:00,5133.0,5137.5,5125.0,5137.5,607
MOEX:MGNT,2022-02-02T07:40:00+03:00,5133.5,5143.5,5133.5,5143.0,115
MOEX:MGNT,2022-02-02T07:41:00+03:00,5145.0,5145.0,5139.0,5139.0,34
MOEX:MGNT,2022-02-02T07:42:00+03:00,5140.5,5142.0,5140.0,5140.0,147
MOEX:MGNT,2022-02-02T07:43:00+03:00,5141.5,5141.5,5140.0,5141.5,41
MOEX:MGNT,2022-02-02T07:44:00+03:00,5141.0,5141.5,5141.0,5141.5,6
MOEX:MGNT,2022-02-02T07:45:00+03:00,5142.5,5142.5,5141.0,5141.0,34
MOEX:MGNT,2022-02-02T07:46:00+03:00,5140.0,5142.5,5137.0,5137.0,117
MOEX:MGNT,2022-02-02T07:47:00+03:00,5139.5,5140.0,5137.0,5140.0,16
MOEX:MGNT,2022-02-02T07:48:00+03:00,5140.0,5142.5,5140.0,5140.5,172
MOEX:MGNT,2022-02-02T07:49:00+03:00,5140.0,5141.0,5137.5,5139.0,104
MOEX:MGNT,2022-02-02T07:50:00+03:00,5137.0,5139.0,5137.0,5137.0,7
MOEX:MGNT,2022-02-02T07:51:00+03:00,5137.0,5142.0,5137.0,5139.5,324
MOEX:MGNT,2022-02-02T07:52:00+03:00,5141.0,5145.5,5139.5,5140.0,254
MOEX:MGNT,2022-02-02T07:53:00+03:00,5145.0,5145.5,5140.5,5145.5,54
MOEX:MGNT,2022-02-02T07:54:00+03:00,5146.5,5147.0,5140.5,5144.0,387
MOEX:MGNT,2022-02-02T07:55:00+03:00,5144.0,5145.0,5140.5,5144.5,127
MOEX:MGNT,2022-02-02T07:56:00+03:00,5140.5,5141.5,5138.0,5141.5,117
MOEX:MGNT,2022-02-02T07:57:00+03:00,5138.0,5143.5,5138.0,5143.5,56
MOEX:MGNT,2022-02-02T07:58:00+03:00,5144.0,5144.5,5138.0,5138.0,95
MOEX:MGNT,2022-02-02T07:59:00+03:00,5136.0,5138.0,5135.0,5138.0,11
MOEX:MGNT,2022-02-02T08:00:00+03:00,5138.0,5138.0,5135.0,5135.0,152
MOEX:MGNT,2022-02-02T08:01:00+03:00,5138.0,5138.5,5131.0,5133.0,36
MOEX:MGNT,2022-02-02T08:02:00+03:00,5132.5,5141.0,5132.5,5137.5,52
MOEX:MGNT,2022-02-02T08:03:00+03:00,5137.5,5142.0,5137.5,5137.5,118
MOEX:MGNT,2022-02-02T08:04:00+03:00,5138.5,5142.0,5138.5,5142.0,8
MOEX:MGNT,2022-02-02T08:05:00+03:00,5142.0,5142.5,5139.5,5142.5,134
MOEX:MGNT,2022-02-02T08:06:00+03:00,5144.5,5145.0,5143.0,5145.0,33
MOEX:MGNT,2022-02-02T08:07:00+03:00,5145.0,5152.0,5144.5,5146.0,499
MOEX:MGNT,2022-02-02T08:08:00+03:00,5146.5,5147.5,5146.5,5147.5,4
MOEX:MGNT,2022-02-02T08:09:00+03:00,5142.5,5146.5,5142.5,5146.5,31
MOEX:MGNT,2022-02-02T08:10:00+03:00,5147.5,5148.0,5147.5,5148.0,19
MOEX:MGNT,2022-02-02T08:11:00+03:00,5146.0,5146.5,5145.5,5145.5,5
MOEX:MGNT,2022-02-02T08:12:00+03:00,5146.5,5147.0,5145.0,5145.0,86
MOEX:MGNT,2022-02-02T08:13:00+03:00,5142.5,5143.5,5141.0,5143.5,66
MOEX:MGNT,2022-02-02T08:14:00+03:00,5142.0,5142.0,5142.0,5142.0,4
MOEX:MGNT,2022-02-02T08:15:00+03:00,5142.0,5145.0,5142.0,5145.0,83
MOEX:MGNT,2022-02-02T08:16:00+03:00,5145.0,5145.5,5145.0,5145.0,3
MOEX:MGNT,2022-02-02T08:17:00+03:00,5142.0,5142.0,5142.0,5142.0,4
MOEX:MGNT,2022-02-02T08:18:00+03:00,5144.0,5144.0,5144.0,5144.0,2
MOEX:MGNT,2022-02-02T08:19:00+03:00,5142.5,5143.0,5137.5,5137.5,33
MOEX:MGNT,2022-02-02T08:20:00+03:00,5140.0,5141.0,5139.0,5139.0,27
MOEX:MGNT,2022-02-02T08:21:00+03:00,5140.0,5140.0,5140.0,5140.0,5
MOEX:MGNT,2022-02-02T08:22:00+03:00,5142.0,5142.0,5138.0,5139.5,10
MOEX:MGNT,2022-02-02T08:23:00+03:00,5137.5,5139.5,5135.5,5135.5,22
MOEX:MGNT,2022-02-02T08:24:00+03:00,5137.0,5137.0,5135.0,5135.0,3
MOEX:MGNT,2022-02-02T08:25:00+03:00,5138.5,5141.0,5138.5,5139.5,15
MOEX:MGNT,2022-02-02T08:26:00+03:00,5139.5,5139.5,5135.0,5135.5,64
MOEX:MGNT,2022-02-02T08:27:00+03:00,5136.0,5137.5,5135.0,5135.0,53
MOEX:MGNT,2022-02-02T08:28:00+03:00,5137.0,5140.0,5137.0,5140.0,56
MOEX:MGNT,2022-02-02T08:29:00+03:00,5137.0,5141.0,5137.0,5138.5,152
MOEX:MGNT,2022-02-02T08:30:00+03:00,5142.0,5147.0,5142.0,5147.0,172
MOEX:MGNT,2022-02-02T08:31:00+03:00,5147.0,5152.0,5144.5,5148.5,703
MOEX:MGNT,2022-02-02T08:32:00+03:00,5152.0,5153.0,5148.5,5153.0,221
MOEX:MGNT,2022-02-02T08:33:00+03:00,5152.0,5156.5,5152.0,5156.5,25
MOEX:MGNT,2022-02-02T08:34:00+03:00,5156.0,5158.0,5153.0,5158.0,151
MOEX:MGNT,2022-02-02T08:35:00+03:00,5159.5,5165.0,5154.0,5160.0,569
MOEX:MGNT,2022-02-02T08:36:00+03:00,5156.0,5160.0,5155.0,5155.0,161
MOEX:MGNT,2022-02-02T08:37:00+03:00,5160.5,5161.5,5157.0,5160.0,55
MOEX:MGNT,2022-02-02T08:38:00+03:00,5160.0,5161.5,5155.0,5161.5,61
MOEX:MGNT,2022-02-02T08:39:00+03:00,5161.0,5161.0,5156.5,5158.5,304
MOEX:MGNT,2022-02-02T08:40:00+03:00,5159.0,5159.5,5159.0,5159.5,9
MOEX:MGNT,2022-02-02T08:41:00+03:00,5157.5,5159.5,5157.5,5159.5,4
MOEX:MGNT,2022-02-02T08:42:00+03:00,5159.0,5161.0,5159.0,5161.0,22
MOEX:MGNT,2022-02-02T08:43:00+03:00,5159.5,5161.0,5159.0,5161.0,70
MOEX:MGNT,2022-02-02T08:44:00+03:00,5159.5,5161.0,5159.0,5160.5,163
MOEX:MGNT,2022-02-02T08:45:00+03:00,5160.0,5160.0,5159.5,5159.5,23
MOEX:MGNT,2022-02-02T08:46:00+03:00,5160.0,5161.0,5159.5,5160.0,44
MOEX:MGNT,2022-02-02T08:47:00+03:00,5158.5,5161.0,5158.5,5160.5,52
MOEX:MGNT,2022-02-02T08:48:00+03:00,5158.5,5160.0,5154.0,5155.0,61
MOEX:MGNT,2022-02-02T08:49:00+03:00,5154.5,5156.5,5154.5,5156.5,17
MOEX:MGNT,2022-02-02T08:50:00+03:00,5156.5,5156.5,5156.5,5156.5,1
MOEX:MGNT,2022-02-02T08:51:00+03:00,5156.5,5161.0,5156.5,5161.0,79
MOEX:MGNT,2022-02-02T08:52:00+03:00,5161.0,5161.0,5152.5,5152.5,207
MOEX:MGNT,2022-02-02T08:53:00+03:00,5155.0,5155.0,5152.5,5155.0,5
MOEX:MGNT,2022-02-02T08:54:00+03:00,5152.5,5155.0,5152.5,5154.0,12
MOEX:MGNT,2022-02-02T08:55:00+03:00,5155.5,5156.5,5153.0,5156.5,13
MOEX:MGNT,2022-02-02T08:56:00+03:00,5156.5,5158.0,5156.5,5158.0,59
MOEX:MGNT,2022-02-02T08:57:00+03:00,5156.5,5159.5,5156.5,5159.5,52
MOEX:MGNT,2022-02-02T08:58:00+03:00,5159.0,5160.0,5156.5,5160.0,43
MOEX:MGNT,2022-02-02T08:59:00+03:00,5160.0,5160.0,5159.5,5159.5,9
MOEX:MGNT,2022-02-02T09:00:00+03:00,5160.0,5160.0,5153.0,5156.0,64
MOEX:MGNT,2022-02-02T09:01:00+03:00,5155.5,5159.0,5155.5,5159.0,3
MOEX:MGNT,2022-02-02T09:02:00+03:00,5155.5,5157.5,5155.0,5157.5,13
MOEX:MGNT,2022-02-02T09:03:00+03:00,5156.0,5156.0,5153.5,5154.0,16
MOEX:MGNT,2022-02-02T09:04:00+03:00,5157.5,5157.5,5157.5,5157.5,1
MOEX:MGNT,2022-02-02T09:05:00+03:00,5157.5,5157.5,5153.0,5153.0,64
MOEX:MGNT,2022-02-02T09:06:00+03:00,5153.5,5153.5,5153.5,5153.5,5
MOEX:MGNT,2022-02-02T09:07:00+03:00,5157.5,5158.5,5154.0,5158.5,19
MOEX:MGNT,2022-02-02T09:08:00+03:00,5159.0,5160.0,5155.0,5155.0,86
MOEX:MGNT,2022-02-02T09:09:00+03:00,5153.5,5155.0,5153.5,5155.0,22
MOEX:MGNT,2022-02-02T09:10:00+03:00,5155.0,5157.5,5153.0,5153.0,15
MOEX:MGNT,2022-02-02T09:11:00+03:00,5153.0,5163.0,5153.0,5157.5,388
MOEX:MGNT,2022-02-02T09:12:00+03:00,5157.0,5163.0,5157.0,5163.0,100
MOEX:MGNT,2022-02-02T09:13:00+03:00,5162.5,5164.5,5160.0,5160.5,47
MOEX:MGNT,2022-02-02T09:14:00+03:00,5164.0,5165.0,5160.5,5164.0,47
MOEX:MGNT,2022-02-02T09:15:00+03:00,5164.0,5164.0,5161.0,5163.5,294
MOEX:MGNT,2022-02-02T09:16:00+03:00,5160.5,5164.0,5160.0,5160.5,72
MOEX:MGNT,2022-02-02T09:17:00+03:00,5164.0,5164.0,5161.0,5161.0,5
MOEX:MGNT,2022-02-02T09:18:00+03:00,5163.5,5164.0,5160.0,5163.5,22
MOEX:MGNT,2022-02-02T09:19:00+03:00,5163.5,5164.0,5161.0,5161.0,44
MOEX:MGNT,2022-02-02T09:20:00+03:00,5163.5,5163.5,5159.5,5162.5,47
MOEX:MGNT,2022-02-02T09:21:00+03:00,5159.5,5163.0,5159.5,5163.0,18
MOEX:MGNT,2022-02-02T09:22:00+03:00,5162.5,5163.0,5160.0,5160.0,77
MOEX:MGNT,2022-02-02T09:23:00+03:00,5162.5,5162.5,5159.5,5159.5,16
MOEX:MGNT,2022-02-02T09:24:00+03:00,5163.5,5163.5,5160.5,5160.5,13
MOEX:MGNT,2022-02-02T09:25:00+03:00,5163.0,5163.5,5163.0,5163.5,4
MOEX:MGNT,2022-02-02T09:26:00+03:00,5163.5,5168.0,5163.5,5168.0,282
MOEX:MGNT,2022-02-02T09:27:00+03:00,5168.0,5174.0,5167.5,5173.5,812
MOEX:MGNT,2022-02-02T09:28:00+03:00,5174.0,5178.5,5172.5,5175.5,479
MOEX:MGNT,2022-02-02T09:29:00+03:00,5175.5,5177.0,5165.5,5167.5,683
MOEX:MGNT,2022-02-02T09:30:00+03:00,5169.0,5169.5,5165.5,5169.5,10
MOEX:MGNT,2022-02-02T09:31:00+03:00,5167.5,5169.5,5166.5,5167.5,52
MOEX:MGNT,2022-02-02T09:32:00+03:00,5167.0,5169.5,5166.0,5169.5,205
MOEX:MGNT,2022-02-02T09:33:00+03:00,5169.0,5170.0,5168.0,5169.5,51
MOEX:MGNT,2022-02-02T09:34:00+03:00,5170.0,5170.0,5170.0,5170.0,10
MOEX:MGNT,2022-02-02T09:35:00+03:00,5168.5,5171.0,5166.0,5171.0,61
MOEX:MGNT,2022-02-02T09:36:00+03:00,5171.5,5173.5,5169.5,5169.5,34
MOEX:MGNT,2022-02-02T09:37:00+03:00,5170.0,5171.5,5170.0,5171.5,13
MOEX:MGNT,2022-02-02T09:38:00+03:00,5170.5,5170.5,5170.0,5170.0,4
MOEX:MGNT,2022-02-02T09:39:00+03:00,5170.0,5170.0,5166.5,5166.5,125
MOEX:MGNT,2022-02-02T09:40:00+03:00,5169.0,5172.0,5168.0,5171.5,57
MOEX:MGNT,2022-02-02T09:41:00+03:00,5171.5,5173.0,5170.0,5170.5,95
MOEX:MGNT,2022-02-02T09:42:00+03:00,5173.0,5173.5,5170.5,5172.5,202
MOEX:MGNT,2022-02-02T09:43:00+03:00,5172.5,5173.0,5172.5,5173.0,107
MOEX:MGNT,2022-02-02T09:44:00+03:00,5173.0,5174.0,5172.5,5172.5,38
MOEX:MGNT,2022-02-02T09:45:00+03:00,5173.5,5173.5,5170.5,5173.0,63
MOEX:MGNT,2022-02-02T09:46:00+03:00,5174.0,5174.5,5171.0,5171.0,111
MOEX:MGNT,2022-02-02T09:47:00+03:00,5174.5,5174.5,5171.0,5174.0,20
MOEX:MGNT,2022-02-02T09:48:00+03:00,5174.0,5174.0,5171.0,5171.0,50
MOEX:MGNT,2022-02-02T09:49:00+03:00,5174.0,5174.0,5171.0,5173.5,5
MOEX:MGNT,2022-02-02T09:50:00+03:00,5172.0,5173.0,5170.0,5170.0,85
MOEX:MGNT,2022-02-02T09:51:00+03:00,5173.0,5174.5,5171.0,5173.0,214
MOEX:MGNT,2022-02-02T09:52:00+03:00,5174.5,5176.0,5172.5,5176.0,108
MOEX:MGNT,2022-02-02T09:53:00+03:00,5176.0,5176.0,5172.5,5176.0,12
MOEX:MGNT,2022-02-02T09:54:00+03:00,5176.0,5176.0,5171.0,5173.0,24
MOEX:MGNT,2022-02-02T09:55:00+03:00,5174.5,5174.5,5170.5,5170.5,57
MOEX:MGNT,2022-02-02T09:56:00+03:00,5170.5,5170.5,5166.0,5166.0,255
MOEX:MGNT,2022-02-02T09:57:00+03:00,5166.5,5168.5,5165.5,5168.5,53
MOEX:MGNT,2022-02-02T09:58:00+03:00,5170.0,5170.0,5166.0,5169.5,41
MOEX:MGNT,2022-02-02T09:59:00+03:00,5170.0,5170.0,5169.5,5169.5,9
MOEX:MGNT,2022-02-02T10:00:00+03:00,5166.5,5167.5,5151.5,5152.0,1118
MOEX:MGNT,2022-02-02T10:01:00+03:00,5154.0,5154.5,5143.5,5150.0,1379
MOEX:MGNT,2022-02-02T10:02:00+03:00,5154.0,5164.0,5149.5,5156.5,1140
MOEX:MGNT,2022-02-02T10:03:00+03:00,5162.0,5162.0,5155.0,5155.5,301
MOEX:MGNT,2022-02-02T10:04:00+03:00,5155.5,5160.0,5154.0,5157.0,257
MOEX:MGNT,2022-02-02T10:05:00+03:00,5156.5,5166.5,5156.0,5166.5,567
MOEX:MGNT,2022-02-02T10:06:00+03:00,5164.0,5166.5,5161.0,5165.5,330
MOEX:MGNT,2022-02-02T10:07:00+03:00,5163.0,5169.5,5162.5,5169.5,711
MOEX:MGNT,2022-02-02T10:08:00+03:00,5166.5,5167.0,5162.0,5162.5,122
MOEX:MGNT,2022-02-02T10:09:00+03:00,5165.0,5165.0,5160.0,5163.5,179
MOEX:MGNT,2022-02-02T10:10:00+03:00,5161.0,5165.0,5159.0,5164.0,301
MOEX:MGNT,2022-02-02T10:11:00+03:00,5159.5,5164.5,5159.0,5160.0,13
MOEX:MGNT,2022-02-02T10:12:00+03:00,5164.5,5164.5,5158.5,5163.5,174
MOEX:MGNT,2022-02-02T10:13:00+03:00,5161.5,5164.5,5160.0,5161.5,931
MOEX:MGNT,2022-02-02T10:14:00+03:00,5164.0,5167.0,5161.5,5167.0,186
MOEX:MGNT,2022-02-02T10:15:00+03:00,5165.5,5174.0,5165.5,5168.5,618
MOEX:MGNT,2022-02-02T10:16:00+03:00,5171.0,5171.5,5166.5,5171.5,356
MOEX:MGNT,2022-02-02T10:17:00+03:00,5170.5,5171.0,5164.5,5164.5,127
MOEX:MGNT,2022-02-02T10:18:00+03:00,5163.0,5167.0,5162.0,5162.0,106
MOEX:MGNT,2022-02-02T10:19:00+03:00,5163.5,5166.0,5162.0,5166.0,118
MOEX:MGNT,2022-02-02T10:20:00+03:00,5168.5,5168.5,5162.0,5163.5,95
MOEX:MGNT,2022-02-02T10:21:00+03:00,5162.5,5164.0,5160.0,5164.0,224
MOEX:MGNT,2022-02-02T10:22:00+03:00,5163.0,5165.0,5158.0,5160.0,367
MOEX:MGNT,2022-02-02T10:23:00+03:00,5162.5,5162.5,5153.0,5159.0,366
MOEX:MGNT,2022-02-02T10:24:00+03:00,5161.5,5162.0,5159.0,5159.0,8
MOEX:MGNT,2022-02-02T10:25:00+03:00,5162.0,5163.5,5159.0,5162.0,141
MOEX:MGNT,2022-02-02T10:26:00+03:00,5162.0,5164.5,5159.0,5161.0,113
MOEX:MGNT,2022-02-02T10:27:00+03:00,5157.0,5158.0,5150.5,5158.0,319
MOEX:MGNT,2022-02-02T10:28:00+03:00,5155.5,5158.0,5155.0,5158.0,224
MOEX:MGNT,2022-02-02T10:29:00+03:00,5155.5,5158.5,5155.5,5158.5,23
MOEX:MGNT,2022-02-02T10:30:00+03:00,5155.5,5156.5,5150.5,5155.5,272
MOEX:MGNT,2022-02-02T10:31:00+03:00,5152.5,5155.0,5150.0,5153.0,606
MOEX:MGNT,2022-02-02T10:32:00+03:00,5150.0,5155.0,5148.5,5152.5,2338
MOEX:MGNT,2022-02-02T10:33:00+03:00,5155.0,5155.0,5149.5,5153.5,159
MOEX:MGNT,2022-02-02T10:34:00+03:00,5153.5,5155.0,5146.5,5146.5,608
MOEX:MGNT,2022-02-02T10:35:00+03:00,5146.5,5151.0,5146.0,5149.0,291
MOEX:MGNT,2022-02-02T10:36:00+03:00,5149.0,5155.0,5148.5,5152.0,77
MOEX:MGNT,2022-02-02T10:37:00+03:00,5152.0,5155.0,5148.5,5154.5,155
MOEX:MGNT,2022-02-02T10:38:00+03:00,5154.5,5155.0,5146.5,5149.0,377
MOEX:MGNT,2022-02-02T10:39:00+03:00,5148.5,5152.5,5148.5,5150.5,613
MOEX:MGNT,2022-02-02T10:40:00+03:00,5150.0,5154.5,5149.0,5152.0,261
MOEX:MGNT,2022-02-02T10:41:00+03:00,5152.0,5152.0,5150.0,5151.0,54
MOEX:MGNT,2022-02-02T10:42:00+03:00,5150.0,5152.0,5148.0,5150.0,71
MOEX:MGNT,2022-02-02T10:43:00+03:00,5150.0,5152.0,5147.5,5152.0,488
MOEX:MGNT,2022-02-02T10:44:00+03:00,5152.0,5155.0,5151.5,5151.5,4341
MOEX:MGNT,2022-02-02T10:45:00+03:00,5151.5,5151.5,5146.0,5147.0,376
MOEX:MGNT,2022-02-02T10:46:00+03:00,5149.0,5153.0,5149.0,5153.0,70
MOEX:MGNT,2022-02-02T10:47:00+03:00,5153.0,5154.0,5149.5,5152.0,132
MOEX:MGNT,2022-02-02T10:48:00+03:00,5154.0,5154.0,5147.0,5149.0,240
MOEX:MGNT,2022-02-02T10:49:00+03:00,5146.5,5152.5,5146.0,5146.0,389
MOEX:MGNT,2022-02-02T10:50:00+03:00,5146.5,5150.5,5146.0,5150.5,505
MOEX:MGNT,2022-02-02T10:51:00+03:00,5150.0,5151.5,5147.5,5150.0,98
MOEX:MGNT,2022-02-02T10:52:00+03:00,5150.0,5151.0,5147.0,5150.0,353
MOEX:MGNT,2022-02-02T10:53:00+03:00,5146.5,5150.5,5146.5,5147.0,480
MOEX:MGNT,2022-02-02T10:54:00+03:00,5148.5,5149.0,5147.5,5148.0,61
MOEX:MGNT,2022-02-02T10:55:00+03:00,5147.5,5155.0,5147.5,5148.5,649
MOEX:MGNT,2022-02-02T10:56:00+03:00,5150.0,5151.5,5148.5,5150.0,108
MOEX:MGNT,2022-02-02T10:57:00+03:00,5150.0,5153.5,5149.0,5149.0,108
MOEX:MGNT,2022-02-02T10:58:00+03:00,5150.0,5152.5,5149.5,5152.0,80
MOEX:MGNT,2022-02-02T10:59:00+03:00,5152.0,5152.5,5148.5,5148.5,154
MOEX:MGNT,2022-02-02T11:00:00+03:00,5148.0,5152.5,5148.0,5149.5,370
MOEX:MGNT,2022-02-02T11:01:00+03:00,5150.5,5153.5,5147.0,5149.5,986
MOEX:MGNT,2022-02-02T11:02:00+03:00,5150.0,5151.0,5146.5,5151.0,195
MOEX:MGNT,2022-02-02T11:03:00+03:00,5147.5,5147.5,5142.0,5146.0,575
MOEX:MGNT,2022-02-02T11:04:00+03:00,5144.5,5146.5,5139.5,5146.5,2824
MOEX:MGNT,2022-02-02T11:05:00+03:00,5144.0,5150.0,5144.0,5150.0,251
MOEX:MGNT,2022-02-02T11:06:00+03:00,5150.0,5154.0,5147.5,5148.0,783
MOEX:MGNT,2022-02-02T11:07:00+03:00,5149.5,5150.0,5144.0,5147.0,320
MOEX:MGNT,2022-02-02T11:08:00+03:00,5146.5,5147.0,5146.5,5146.5,13
MOEX:MGNT,2022-02-02T11:09:00+03:00,5146.5,5147.5,5143.5,5144.0,527
MOEX:MGNT,2022-02-02T11:10:00+03:00,5144.0,5146.5,5141.0,5146.5,304
MOEX:MGNT,2022-02-02T11:11:00+03:00,5144.0,5209.5,5141.5,5209.5,22170
MOEX:MGNT,2022-02-02T11:12:00+03:00,5208.5,5225.0,5173.0,5187.5,25592
MOEX:MGNT,2022-02-02T11:13:00+03:00,5184.0,5189.5,5177.0,5179.0,1596
MOEX:MGNT,2022-02-02T11:14:00+03:00,5179.5,5179.5,5168.0,5171.0,907
MOEX:MGNT,2022-02-02T11:15:00+03:00,5167.0,5179.5,5167.0,5172.5,1055
MOEX:MGNT,2022-02-02T11:16:00+03:00,5174.0,5175.0,5165.0,5167.5,736
MOEX:MGNT,2022-02-02T11:17:00+03:00,5167.5,5172.0,5164.5,5164.5,398
MOEX:MGNT,2022-02-02T11:18:00+03:00,5165.0,5168.5,5163.5,5168.0,222
MOEX:MGNT,2022-02-02T11:19:00+03:00,5165.5,5173.5,5165.5,5172.0,99
MOEX:MGNT,2022-02-02T11:20:00+03:00,5172.0,5172.0,5162.0,5171.5,326
MOEX:MGNT,2022-02-02T11:21:00+03:00,5171.0,5174.5,5165.5,5174.0,502
MOEX:MGNT,2022-02-02T11:22:00+03:00,5170.5,5174.0,5164.0,5168.0,299
MOEX:MGNT,2022-02-02T11:23:00+03:00,5168.0,5168.0,5164.0,5166.0,30
MOEX:MGNT,2022-02-02T11:24:00+03:00,5164.5,5167.5,5162.5,5165.0,110
MOEX:MGNT,2022-02-02T11:25:00+03:00,5168.0,5175.0,5165.0,5170.5,290
MOEX:MGNT,2022-02-02T11:26:00+03:00,5171.0,5174.5,5168.5,5170.5,48
MOEX:MGNT,2022-02-02T11:27:00+03:00,5170.5,5171.0,5170.0,5171.0,8
MOEX:MGNT,2022-02-02T11:28:00+03:00,5173.0,5174.0,5161.5,5162.5,826
MOEX:MGNT,2022-02-02T11:29:00+03:00,5161.5,5161.5,5154.0,5154.0,1489
MOEX:MGNT,2022-02-02T11:30:00+03:00,5156.0,5158.0,5149.5,5152.0,451
MOEX:MGNT,2022-02-02T11:31:00+03:00,5152.0,5152.0,5142.0,5144.0,1439
MOEX:MGNT,2022-02-02T11:32:00+03:00,5142.5,5149.0,5142.5,5149.0,411
MOEX:MGNT,2022-02-02T11:33:00+03:00,5144.5,5149.5,5144.5,5145.0,198
MOEX:MGNT,2022-02-02T11:34:00+03:00,5148.0,5149.0,5142.5,5148.0,237
MOEX:MGNT,2022-02-02T11:35:00+03:00,5148.0,5152.0,5145.0,5152.0,731
MOEX:MGNT,2022-02-02T11:36:00+03:00,5152.0,5154.0,5149.0,5153.5,229
MOEX:MGNT,2022-02-02T11:37:00+03:00,5149.5,5150.0,5146.0,5150.0,35
MOEX:MGNT,2022-02-02T11:38:00+03:00,5149.5,5149.5,5147.0,5149.5,23
MOEX:MGNT,2022-02-02T11:39:00+03:00,5149.5,5149.5,5142.0,5145.5,1109
MOEX:MGNT,2022-02-02T11:40:00+03:00,5146.0,5147.5,5146.0,5146.0,160
MOEX:MGNT,2022-02-02T11:41:00+03:00,5146.0,5149.0,5146.0,5146.0,357
MOEX:MGNT,2022-02-02T11:42:00+03:00,5147.0,5149.0,5147.0,5147.0,27
MOEX:MGNT,2022-02-02T11:43:00+03:00,5149.0,5149.0,5147.0,5149.0,24
MOEX:MGNT,2022-02-02T11:44:00+03:00,5148.0,5148.0,5145.5,5148.0,134
MOEX:MGNT,2022-02-02T11:45:00+03:00,5148.0,5152.0,5146.5,5150.5,339
MOEX:MGNT,2022-02-02T11:46:00+03:00,5150.0,5155.0,5149.5,5154.5,180
MOEX:MGNT,2022-02-02T11:47:00+03:00,5154.5,5163.0,5154.5,5159.5,1697
MOEX:MGNT,2022-02-02T11:48:00+03:00,5158.0,5158.0,5151.0,5155.5,450
MOEX:MGNT,2022-02-02T11:49:00+03:00,5158.0,5158.0,5155.5,5156.5,95
MOEX:MGNT,2022-02-02T11:50:00+03:00,5158.0,5158.5,5156.0,5158.0,118
MOEX:MGNT,2022-02-02T11:51:00+03:00,5158.5,5161.0,5156.0,5161.0,99
MOEX:MGNT,2022-02-02T11:52:00+03:00,5160.5,5162.0,5158.5,5158.5,82
MOEX:MGNT,2022-02-02T11:53:00+03:00,5158.0,5162.0,5158.0,5159.0,29
MOEX:MGNT,2022-02-02T11:54:00+03:00,5162.0,5162.0,5159.5,5160.5,26
MOEX:MGNT,2022-02-02T11:55:00+03:00,5160.5,5161.5,5155.5,5155.5,238
MOEX:MGNT,2022-02-02T11:56:00+03:00,5158.0,5158.0,5155.5,5156.0,208
MOEX:MGNT,2022-02-02T11:57:00+03:00,5156.0,5158.0,5155.5,5157.5,41
MOEX:MGNT,2022-02-02T11:58:00+03:00,5156.0,5162.0,5156.0,5158.0,310
MOEX:MGNT,2022-02-02T11:59:00+03:00,5158.0,5158.0,5155.5,5155.5,66
MOEX:MGNT,2022-02-02T12:00:00+03:00,5155.5,5157.5,5153.0,5153.0,293
MOEX:MGNT,2022-02-02T12:01:00+03:00,5153.0,5160.0,5153.0,5159.5,892
MOEX:MGNT,2022-02-02T12:02:00+03:00,5162.0,5167.5,5160.5,5160.5,113
MOEX:MGNT,2022-02-02T12:03:00+03:00,5160.0,5163.0,5157.5,5157.5,57
MOEX:MGNT,2022-02-02T12:04:00+03:00,5160.5,5160.5,5157.0,5160.0,11
MOEX:MGNT,2022-02-02T12:05:00+03:00,5160.0,5160.0,5156.5,5159.5,85
MOEX:MGNT,2022-02-02T12:06:00+03:00,5159.5,5169.0,5159.5,5166.0,125
MOEX:MGNT,2022-02-02T12:07:00+03:00,5161.5,5166.0,5161.5,5163.0,12
MOEX:MGNT,2022-02-02T12:08:00+03:00,5163.0,5164.0,5163.0,5163.0,19
MOEX:MGNT,2022-02-02T12:09:00+03:00,5163.0,5165.0,5162.5,5165.0,53
MOEX:MGNT,2022-02-02T12:10:00+03:00,5162.5,5169.0,5160.0,5168.5,528
MOEX:MGNT,2022-02-02T12:11:00+03:00,5166.0,5170.0,5166.0,5168.5,170
MOEX:MGNT,2022-02-02T12:12:00+03:00,5168.5,5170.0,5166.5,5167.5,94
MOEX:MGNT,2022-02-02T12:13:00+03:00,5169.0,5170.5,5168.0,5170.5,263
MOEX:MGNT,2022-02-02T12:14:00+03:00,5170.0,5172.0,5167.5,5167.5,83
MOEX:MGNT,2022-02-02T12:15:00+03:00,5167.0,5168.5,5167.0,5167.0,17
MOEX:MGNT,2022-02-02T12:16:00+03:00,5167.0,5169.5,5165.5,5169.5,91
MOEX:MGNT,2022-02-02T12:17:00+03:00,5167.5,5169.5,5167.5,5168.0,26
MOEX:MGNT,2022-02-02T12:18:00+03:00,5169.0,5172.0,5167.5,5170.0,74
MOEX:MGNT,2022-02-02T12:19:00+03:00,5170.0,5170.0,5165.0,5169.0,109
MOEX:MGNT,2022-02-02T12:20:00+03:00,5166.0,5167.0,5165.0,5165.0,13
MOEX:MGNT,2022-02-02T12:21:00+03:00,5167.0,5167.0,5160.5,5161.5,181
MOEX:MGNT,2022-02-02T12:22:00+03:00,5161.0,5163.0,5158.5,5161.0,401
MOEX:MGNT,2022-02-02T12:23:00+03:00,5159.5,5160.0,5150.5,5150.5,469
MOEX:MGNT,2022-02-02T12:24:00+03:00,5153.0,5156.0,5153.0,5156.0,23
MOEX:MGNT,2022-02-02T12:25:00+03:00,5153.0,5157.0,5153.0,5155.0,45
MOEX:MGNT,2022-02-02T12:26:00+03:00,5154.5,5156.0,5153.5,5153.5,34
MOEX:MGNT,2022-02-02T12:27:00+03:00,5153.0,5155.5,5153.0,5155.0,45
MOEX:MGNT,2022-02-02T12:28:00+03:00,5153.5,5155.0,5153.5,5155.0,7
MOEX:MGNT,2022-02-02T12:29:00+03:00,5155.0,5158.0,5155.0,5156.0,528
MOEX:MGNT,2022-02-02T12:30:00+03:00,5156.0,5160.0,5156.0,5157.5,420
MOEX:MGNT,2022-02-02T12:31:00+03:00,5159.5,5160.0,5157.5,5160.0,12
MOEX:MGNT,2022-02-02T12:32:00+03:00,5157.5,5159.5,5156.5,5159.5,27
MOEX:MGNT,2022-02-02T12:33:00+03:00,5159.0,5159.0,5156.5,5156.5,28
MOEX:MGNT,2022-02-02T12:34:00+03:00,5158.5,5158.5,5156.5,5156.5,104
MOEX:MGNT,2022-02-02T12:35:00+03:00,5156.5,5156.5,5155.0,5155.5,144
MOEX:MGNT,2022-02-02T12:36:00+03:00,5154.5,5157.5,5154.5,5157.5,27
MOEX:MGNT,2022-02-02T12:37:00+03:00,5157.5,5157.5,5152.5,5156.5,478
MOEX:MGNT,2022-02-02T12:38:00+03:00,5156.5,5157.5,5154.5,5154.5,32
MOEX:MGNT,2022-02-02T12:39:00+03:00,5157.0,5157.0,5154.5,5157.0,8
MOEX:MGNT,2022-02-02T12:40:00+03:00,5157.0,5157.0,5152.0,5153.5,103
MOEX:MGNT,2022-02-02T12:41:00+03:00,5152.5,5154.5,5152.5,5153.5,169
MOEX:MGNT,2022-02-02T12:42:00+03:00,5156.0,5156.0,5153.0,5155.5,11
MOEX:MGNT,2022-02-02T12:43:00+03:00,5153.5,5154.5,5145.5,5146.0,589
MOEX:MGNT,2022-02-02T12:44:00+03:00,5146.0,5148.0,5143.5,5143.5,453
MOEX:MGNT,2022-02-02T12:45:00+03:00,5144.0,5146.0,5142.0,5142.0,143
MOEX:MGNT,2022-02-02T12:46:00+03:00,5142.0,5144.0,5141.0,5144.0,128
MOEX:MGNT,2022-02-02T12:47:00+03:00,5143.0,5146.5,5142.5,5142.5,261
MOEX:MGNT,2022-02-02T12:48:00+03:00,5143.5,5149.0,5143.0,5148.0,338
MOEX:MGNT,2022-02-02T12:49:00+03:00,5148.0,5149.0,5147.0,5147.5,293
MOEX:MGNT,2022-02-02T12:50:00+03:00,5147.0,5148.5,5146.5,5148.5,12
MOEX:MGNT,2022-02-02T12:51:00+03:00,5148.5,5149.0,5147.0,5149.0,88
MOEX:MGNT,2022-02-02T12:52:00+03:00,5149.0,5154.0,5147.0,5149.0,566
MOEX:MGNT,2022-02-02T12:53:00+03:00,5151.0,5151.5,5146.5,5150.5,414
MOEX:MGNT,2022-02-02T12:54:00+03:00,5148.0,5149.5,5145.0,5145.0,187
MOEX:MGNT,2022-02-02T12:55:00+03:00,5145.0,5145.0,5144.5,5145.0,421
MOEX:MGNT,2022-02-02T12:56:00+03:00,5145.5,5149.0,5145.5,5147.0,48
MOEX:MGNT,2022-02-02T12:57:00+03:00,5148.5,5151.0,5148.5,5150.0,42
MOEX:MGNT,2022-02-02T12:58:00+03:00,5150.0,5151.0,5144.5,5144.5,135
MOEX:MGNT,2022-02-02T12:59:00+03:00,5145.0,5149.0,5142.5,5143.0,531
MOEX:MGNT,2022-02-02T13:00:00+03:00,5143.0,5145.0,5141.0,5141.0,715
MOEX:MGNT,2022-02-02T13:01:00+03:00,5141.5,5141.5,5129.0,5129.5,4932
MOEX:MGNT,2022-02-02T13:02:00+03:00,5130.0,5130.0,5121.0,5125.0,1901
MOEX:MGNT,2022-02-02T13:03:00+03:00,5125.0,5125.0,5120.0,5124.0,786
MOEX:MGNT,2022-02-02T13:04:00+03:00,5121.0,5127.0,5121.0,5127.0,310
MOEX:MGNT,2022-02-02T13:05:00+03:00,5126.0,5134.0,5126.0,5130.0,379
MOEX:MGNT,2022-02-02T13:06:00+03:00,5130.0,5132.5,5126.5,5129.5,441
MOEX:MGNT,2022-02-02T13:07:00+03:00,5129.5,5131.0,5128.5,5128.5,14
MOEX:MGNT,2022-02-02T13:08:00+03:00,5130.0,5130.0,5126.5,5128.0,90
MOEX:MGNT,2022-02-02T13:09:00+03:00,5127.0,5128.0,5116.0,5116.5,2036
MOEX:MGNT,2022-02-02T13:10:00+03:00,5116.5,5118.0,5111.0,5116.0,898
MOEX:MGNT,2022-02-02T13:11:00+03:00,5116.0,5124.0,5115.0,5117.5,1571
MOEX:MGNT,2022-02-02T13:12:00+03:00,5115.0,5117.0,5111.5,5114.0,693
MOEX:MGNT,2022-02-02T13:13:00+03:00,5114.0,5117.0,5112.5,5115.0,298
MOEX:MGNT,2022-02-02T13:14:00+03:00,5112.5,5114.0,5107.5,5109.5,734
MOEX:MGNT,2022-02-02T13:15:00+03:00,5111.0,5115.0,5107.0,5114.0,555
MOEX:MGNT,2022-02-02T13:16:00+03:00,5114.0,5128.0,5106.0,5128.0,2278
MOEX:MGNT,2022-02-02T13:17:00+03:00,5129.5,5131.0,5126.0,5130.0,2021
MOEX:MGNT,2022-02-02T13:18:00+03:00,5127.5,5130.0,5127.5,5129.5,90
MOEX:MGNT,2022-02-02T13:19:00+03:00,5128.0,5128.0,5125.5,5126.0,152
MOEX:MGNT,2022-02-02T13:20:00+03:00,5126.5,5128.0,5125.5,5125.5,52
MOEX:MGNT,2022-02-02T13:21:00+03:00,5125.0,5125.5,5121.5,5122.0,242
MOEX:MGNT,2022-02-02T13:22:00+03:00,5122.0,5127.0,5121.0,5123.5,183
MOEX:MGNT,2022-02-02T13:23:00+03:00,5124.0,5124.5,5122.5,5122.5,67
MOEX:MGNT,2022-02-02T13:24:00+03:00,5122.5,5128.0,5122.5,5127.5,72
MOEX:MGNT,2022-02-02T13:25:00+03:00,5127.5,5129.5,5126.5,5129.0,119
MOEX:MGNT,2022-02-02T13:26:00+03:00,5129.0,5132.0,5129.0,5130.0,70
MOEX:MGNT,2022-02-02T13:27:00+03:00,5130.0,5131.5,5129.0,5131.5,30
MOEX:MGNT,2022-02-02T13:28:00+03:00,5131.5,5138.0,5130.0,5137.5,281
MOEX:MGNT,2022-02-02T13:29:00+03:00,5138.5,5140.0,5137.0,5140.0,187
MOEX:MGNT,2022-02-02T13:30:00+03:00,5138.0,5142.0,5138.0,5138.5,260
MOEX:MGNT,2022-02-02T13:31:00+03:00,5137.5,5141.0,5137.0,5138.5,113
MOEX:MGNT,2022-02-02T13:32:00+03:00,5138.5,5139.0,5132.5,5133.0,319
MOEX:MGNT,2022-02-02T13:33:00+03:00,5132.5,5144.0,5132.5,5142.0,217
MOEX:MGNT,2022-02-02T13:34:00+03:00,5140.0,5143.5,5140.0,5141.5,172
MOEX:MGNT,2022-02-02T13:35:00+03:00,5143.0,5151.5,5141.5,5151.0,731
MOEX:MGNT,2022-02-02T13:36:00+03:00,5148.5,5148.5,5141.5,5143.0,538
MOEX:MGNT,2022-02-02T13:37:00+03:00,5143.0,5143.0,5140.5,5140.5,68
MOEX:MGNT,2022-02-02T13:38:00+03:00,5140.5,5146.5,5140.5,5143.0,152
MOEX:MGNT,2022-02-02T13:39:00+03:00,5144.0,5144.0,5141.5,5142.0,39
MOEX:MGNT,2022-02-02T13:40:00+03:00,5142.0,5142.0,5139.5,5141.5,343
MOEX:MGNT,2022-02-02T13:41:00+03:00,5141.5,5143.0,5139.5,5139.5,132
MOEX:MGNT,2022-02-02T13:42:00+03:00,5139.0,5139.5,5137.0,5138.5,123
MOEX:MGNT,2022-02-02T13:43:00+03:00,5137.0,5140.0,5137.0,5139.5,247
MOEX:MGNT,2022-02-02T13:44:00+03:00,5138.0,5140.0,5138.0,5139.0,91
MOEX:MGNT,2022-02-02T13:45:00+03:00,5141.0,5142.0,5139.0,5140.0,36
MOEX:MGNT,2022-02-02T13:46:00+03:00,5142.0,5143.0,5142.0,5143.0,36
MOEX:MGNT,2022-02-02T13:47:00+03:00,5142.5,5144.5,5140.5,5140.5,316
MOEX:MGNT,2022-02-02T13:48:00+03:00,5142.5,5142.5,5141.0,5141.5,71
MOEX:MGNT,2022-02-02T13:49:00+03:00,5142.5,5148.5,5141.0,5145.0,1266
MOEX:MGNT,2022-02-02T13:50:00+03:00,5145.5,5148.0,5145.5,5147.5,250
MOEX:MGNT,2022-02-02T13:51:00+03:00,5146.5,5148.5,5146.5,5146.5,195
MOEX:MGNT,2022-02-02T13:52:00+03:00,5149.0,5150.0,5148.0,5148.0,15
MOEX:MGNT,2022-02-02T13:53:00+03:00,5150.0,5156.0,5150.0,5154.0,345
MOEX:MGNT,2022-02-02T13:54:00+03:00,5154.0,5155.5,5146.5,5147.0,519
MOEX:MGNT,2022-02-02T13:55:00+03:00,5148.0,5153.0,5148.0,5152.0,338
MOEX:MGNT,2022-02-02T13:56:00+03:00,5150.5,5153.5,5148.5,5148.5,260
MOEX:MGNT,2022-02-02T13:57:00+03:00,5149.0,5149.0,5141.5,5141.5,220
MOEX:MGNT,2022-02-02T13:58:00+03:00,5142.0,5145.0,5142.0,5143.0,220
MOEX:MGNT,2022-02-02T13:59:00+03:00,5145.0,5146.5,5143.0,5144.0,191
MOEX:MGNT,2022-02-02T14:00:00+03:00,5145.5,5147.0,5144.0,5145.0,118
MOEX:MGNT,2022-02-02T14:01:00+03:00,5147.0,5147.0,5144.5,5144.5,77
MOEX:MGNT,2022-02-02T14:02:00+03:00,5147.0,5147.0,5144.5,5144.5,4
MOEX:MGNT,2022-02-02T14:03:00+03:00,5147.0,5147.0,5144.5,5146.0,55
MOEX:MGNT,2022-02-02T14:04:00+03:00,5146.0,5146.0,5144.5,5146.0,7
MOEX:MGNT,2022-02-02T14:05:00+03:00,5146.0,5146.0,5135.5,5139.5,892
MOEX:MGNT,2022-02-02T14:06:00+03:00,5141.5,5141.5,5140.0,5140.0,77
MOEX:MGNT,2022-02-02T14:07:00+03:00,5142.5,5142.5,5135.0,5136.5,360
MOEX:MGNT,2022-02-02T14:08:00+03:00,5137.0,5138.0,5135.5,5135.5,443
MOEX:MGNT,2022-02-02T14:09:00+03:00,5135.0,5139.0,5133.5,5135.0,81
MOEX:MGNT,2022-02-02T14:10:00+03:00,5136.0,5137.5,5134.5,5135.0,281
MOEX:MGNT,2022-02-02T14:11:00+03:00,5135.5,5138.5,5135.5,5136.0,135
MOEX:MGNT,2022-02-02T14:12:00+03:00,5136.5,5139.0,5136.5,5136.5,4
MOEX:MGNT,2022-02-02T14:13:00+03:00,5136.5,5139.0,5135.0,5135.5,380
MOEX:MGNT,2022-02-02T14:14:00+03:00,5138.0,5138.0,5134.5,5135.0,145
MOEX:MGNT,2022-02-02T14:15:00+03:00,5135.0,5135.5,5132.0,5133.5,395
MOEX:MGNT,2022-02-02T14:16:00+03:00,5132.0,5134.0,5130.0,5131.0,209
MOEX:MGNT,2022-02-02T14:17:00+03:00,5131.5,5134.0,5130.0,5130.0,305
MOEX:MGNT,2022-02-02T14:18:00+03:00,5132.5,5132.5,5128.0,5130.0,285
MOEX:MGNT,2022-02-02T14:19:00+03:00,5128.5,5131.0,5127.0,5130.0,138
MOEX:MGNT,2022-02-02T14:20:00+03:00,5130.0,5131.5,5128.5,5129.0,169
MOEX:MGNT,2022-02-02T14:21:00+03:00,5128.5,5133.0,5123.5,5132.5,471
MOEX:MGNT,2022-02-02T14:22:00+03:00,5130.0,5133.0,5129.0,5130.0,205
MOEX:MGNT,2022-02-02T14:23:00+03:00,5131.5,5133.0,5129.5,5131.5,101
MOEX:MGNT,2022-02-02T14:24:00+03:00,5131.5,5133.0,5127.0,5128.0,234
MOEX:MGNT,2022-02-02T14:25:00+03:00,5129.0,5129.0,5127.5,5128.5,124
MOEX:MGNT,2022-02-02T14:26:00+03:00,5127.5,5129.0,5127.5,5127.5,50
MOEX:MGNT,2022-02-02T14:27:00+03:00,5128.5,5129.0,5126.5,5126.5,65
MOEX:MGNT,2022-02-02T14:28:00+03:00,5127.0,5129.0,5127.0,5127.0,6
MOEX:MGNT,2022-02-02T14:29:00+03:00,5128.5,5132.5,5128.5,5132.0,133
MOEX:MGNT,2022-02-02T14:30:00+03:00,5132.0,5133.0,5131.0,5131.0,31
MOEX:MGNT,2022-02-02T14:31:00+03:00,5133.5,5136.5,5133.0,5136.5,123
MOEX:MGNT,2022-02-02T14:32:00+03:00,5136.5,5136.5,5136.0,5136.5,21
MOEX:MGNT,2022-02-02T14:33:00+03:00,5137.0,5141.5,5136.0,5141.5,596
MOEX:MGNT,2022-02-02T14:34:00+03:00,5138.5,5144.0,5137.0,5142.5,203
MOEX:MGNT,2022-02-02T14:35:00+03:00,5142.5,5144.0,5141.0,5141.0,144
MOEX:MGNT,2022-02-02T14:36:00+03:00,5143.0,5143.0,5141.0,5141.0,6
MOEX:MGNT,2022-02-02T14:37:00+03:00,5143.0,5143.0,5143.0,5143.0,1
MOEX:MGNT,2022-02-02T14:38:00+03:00,5141.0,5141.5,5135.5,5138.0,306
MOEX:MGNT,2022-02-02T14:39:00+03:00,5140.5,5140.5,5140.5,5140.5,5
MOEX:MGNT,2022-02-02T14:40:00+03:00,5138.0,5140.5,5138.0,5138.0,18
MOEX:MGNT,2022-02-02T14:41:00+03:00,5140.0,5140.0,5138.0,5138.0,10
MOEX:MGNT,2022-02-02T14:42:00+03:00,5140.0,5141.5,5140.0,5140.0,176
MOEX:MGNT,2022-02-02T14:43:00+03:00,5143.0,5143.0,5142.0,5142.0,25
MOEX:MGNT,2022-02-02T14:44:00+03:00,5143.0,5149.0,5143.0,5145.0,1355
MOEX:MGNT,2022-02-02T14:45:00+03:00,5147.5,5147.5,5145.0,5147.0,291
MOEX:MGNT,2022-02-02T14:46:00+03:00,5147.0,5150.0,5145.0,5149.0,394
MOEX:MGNT,2022-02-02T14:47:00+03:00,5150.5,5158.0,5150.5,5156.0,935
MOEX:MGNT,2022-02-02T14:48:00+03:00,5156.5,5180.0,5156.5,5168.0,8308
MOEX:MGNT,2022-02-02T14:49:00+03:00,5169.0,5169.0,5161.5,5168.0,324
MOEX:MGNT,2022-02-02T14:50:00+03:00,5168.0,5179.0,5167.0,5173.5,767
MOEX:MGNT,2022-02-02T14:51:00+03:00,5174.0,5176.5,5166.0,5172.5,268
MOEX:MGNT,2022-02-02T14:52:00+03:00,5176.0,5177.0,5172.5,5172.5,43
MOEX:MGNT,2022-02-02T14:53:00+03:00,5172.5,5172.5,5168.5,5169.0,94
MOEX:MGNT,2022-02-02T14:54:00+03:00,5169.0,5170.0,5168.5,5170.0,72
MOEX:MGNT,2022-02-02T14:55:00+03:00,5169.5,5172.0,5169.5,5172.0,50
MOEX:MGNT,2022-02-02T14:56:00+03:00,5170.5,5172.5,5169.5,5169.5,115
MOEX:MGNT,2022-02-02T14:57:00+03:00,5172.5,5172.5,5165.0,5166.5,146
MOEX:MGNT,2022-02-02T14:58:00+03:00,5166.5,5168.5,5165.0,5167.5,138
MOEX:MGNT,2022-02-02T14:59:00+03:00,5168.5,5169.0,5166.5,5167.5,136
MOEX:MGNT,2022-02-02T15:00:00+03:00,5167.5,5170.0,5167.5,5169.0,154
MOEX:MGNT,2022-02-02T15:01:00+03:00,5169.0,5170.0,5166.5,5169.0,140
MOEX:MGNT,2022-02-02T15:02:00+03:00,5168.0,5169.5,5166.0,5166.5,166
MOEX:MGNT,2022-02-02T15:03:00+03:00,5169.0,5173.5,5167.5,5171.0,341
MOEX:MGNT,2022-02-02T15:04:00+03:00,5175.0,5184.5,5173.0,5179.0,1182
MOEX:MGNT,2022-02-02T15:05:00+03:00,5177.0,5186.0,5177.0,5185.5,553
MOEX:MGNT,2022-02-02T15:06:00+03:00,5185.5,5190.5,5184.0,5187.0,1684
MOEX:MGNT,2022-02-02T15:07:00+03:00,5184.0,5191.5,5183.0,5191.0,244
MOEX:MGNT,2022-02-02T15:08:00+03:00,5190.5,5193.0,5184.0,5184.5,190
MOEX:MGNT,2022-02-02T15:09:00+03:00,5182.5,5184.5,5181.5,5181.5,179
MOEX:MGNT,2022-02-02T15:10:00+03:00,5182.0,5189.5,5182.0,5185.0,612
MOEX:MGNT,2022-02-02T15:11:00+03:00,5185.0,5185.0,5180.5,5182.5,201
MOEX:MGNT,2022-02-02T15:12:00+03:00,5184.5,5185.5,5182.5,5185.5,132
MOEX:MGNT,2022-02-02T15:13:00+03:00,5185.5,5189.0,5185.0,5186.0,725
MOEX:MGNT,2022-02-02T15:14:00+03:00,5188.0,5188.0,5180.5,5185.0,908
MOEX:MGNT,2022-02-02T15:15:00+03:00,5186.0,5188.5,5181.0,5181.5,1395
MOEX:MGNT,2022-02-02T15:16:00+03:00,5180.0,5180.5,5174.5,5174.5,757
MOEX:MGNT,2022-02-02T15:17:00+03:00,5173.5,5177.5,5172.0,5173.5,392
MOEX:MGNT,2022-02-02T15:18:00+03:00,5173.5,5173.5,5171.5,5171.5,284
MOEX:MGNT,2022-02-02T15:19:00+03:00,5173.5,5173.5,5171.5,5173.0,93
MOEX:MGNT,2022-02-02T15:20:00+03:00,5172.0,5173.5,5171.0,5172.0,107
MOEX:MGNT,2022-02-02T15:21:00+03:00,5172.0,5172.0,5167.0,5168.0,524
MOEX:MGNT,2022-02-02T15:22:00+03:00,5169.5,5189.5,5169.5,5181.0,4031
MOEX:MGNT,2022-02-02T15:23:00+03:00,5182.5,5183.0,5175.0,5176.0,465
MOEX:MGNT,2022-02-02T15:24:00+03:00,5176.0,5177.5,5174.5,5174.5,108
MOEX:MGNT,2022-02-02T15:25:00+03:00,5177.0,5180.5,5175.5,5179.0,518
MOEX:MGNT,2022-02-02T15:26:00+03:00,5179.0,5179.0,5177.0,5177.0,73
MOEX:MGNT,2022-02-02T15:27:00+03:00,5179.5,5190.0,5179.5,5186.0,3039
MOEX:MGNT,2022-02-02T15:28:00+03:00,5184.0,5184.0,5178.0,5180.0,397
MOEX:MGNT,2022-02-02T15:29:00+03:00,5177.0,5179.0,5174.5,5176.5,236
MOEX:MGNT,2022-02-02T15:30:00+03:00,5177.5,5178.5,5176.0,5178.5,12
MOEX:MGNT,2022-02-02T15:31:00+03:00,5176.0,5176.5,5174.5,5174.5,129
MOEX:MGNT,2022-02-02T15:32:00+03:00,5176.0,5178.5,5175.0,5175.0,126
MOEX:MGNT,2022-02-02T15:33:00+03:00,5175.0,5175.0,5164.0,5165.5,203
MOEX:MGNT,2022-02-02T15:34:00+03:00,5165.5,5167.5,5164.0,5166.0,28
MOEX:MGNT,2022-02-02T15:35:00+03:00,5164.0,5166.0,5162.5,5165.0,86
MOEX:MGNT,2022-02-02T15:36:00+03:00,5162.5,5163.5,5160.5,5161.0,73
MOEX:MGNT,2022-02-02T15:37:00+03:00,5163.0,5166.5,5163.0,5163.5,29
MOEX:MGNT,2022-02-02T15:38:00+03:00,5166.0,5166.0,5163.0,5163.0,213
MOEX:MGNT,2022-02-02T15:39:00+03:00,5163.0,5163.0,5155.0,5155.5,556
MOEX:MGNT,2022-02-02T15:40:00+03:00,5156.0,5162.0,5155.0,5157.0,1848
MOEX:MGNT,2022-02-02T15:41:00+03:00,5155.5,5157.5,5155.0,5155.0,114
MOEX:MGNT,2022-02-02T15:42:00+03:00,5156.5,5156.5,5155.0,5156.5,6
MOEX:MGNT,2022-02-02T15:43:00+03:00,5155.0,5155.0,5148.5,5149.0,643
MOEX:MGNT,2022-02-02T15:44:00+03:00,5149.0,5153.5,5148.5,5151.5,140
MOEX:MGNT,2022-02-02T15:45:00+03:00,5153.0,5156.5,5153.0,5156.0,100
MOEX:MGNT,2022-02-02T15:46:00+03:00,5155.0,5166.0,5154.5,5162.0,182
MOEX:MGNT,2022-02-02T15:47:00+03:00,5165.5,5167.5,5162.0,5162.0,650
MOEX:MGNT,2022-02-02T15:48:00+03:00,5161.5,5163.0,5153.0,5157.0,4670
MOEX:MGNT,2022-02-02T15:49:00+03:00,5153.0,5157.0,5153.0,5153.5,356
MOEX:MGNT,2022-02-02T15:50:00+03:00,5156.5,5157.0,5153.0,5155.0,174
MOEX:MGNT,2022-02-02T15:51:00+03:00,5153.5,5154.5,5151.5,5151.5,506
MOEX:MGNT,2022-02-02T15:52:00+03:00,5151.5,5154.0,5151.5,5154.0,11
MOEX:MGNT,2022-02-02T15:53:00+03:00,5154.0,5156.0,5150.0,5151.0,316
MOEX:MGNT,2022-02-02T15:54:00+03:00,5153.0,5163.0,5153.0,5159.0,315
MOEX:MGNT,2022-02-02T15:55:00+03:00,5159.0,5162.5,5157.5,5158.0,153
MOEX:MGNT,2022-02-02T15:56:00+03:00,5160.0,5160.5,5158.0,5160.5,53
MOEX:MGNT,2022-02-02T15:57:00+03:00,5160.0,5160.0,5152.0,5152.5,982
MOEX:MGNT,2022-02-02T15:58:00+03:00,5152.5,5155.0,5152.0,5153.0,35
MOEX:MGNT,2022-02-02T15:59:00+03:00,5155.0,5156.5,5150.0,5156.0,557
MOEX:MGNT,2022-02-02T16:00:00+03:00,5155.5,5163.5,5152.0,5160.0,1046
MOEX:MGNT,2022-02-02T16:01:00+03:00,5160.0,5160.0,5153.0,5153.0,311
MOEX:MGNT,2022-02-02T16:02:00+03:00,5153.0,5155.5,5152.0,5155.0,43
MOEX:MGNT,2022-02-02T16:03:00+03:00,5152.0,5152.5,5151.0,5152.5,44
MOEX:MGNT,2022-02-02T16:04:00+03:00,5152.5,5152.5,5151.0,5151.0,11
MOEX:MGNT,2022-02-02T16:05:00+03:00,5152.5,5154.0,5151.0,5152.0,78
MOEX:MGNT,2022-02-02T16:06:00+03:00,5152.0,5156.5,5151.0,5154.5,196
MOEX:MGNT,2022-02-02T16:07:00+03:00,5154.5,5156.5,5152.0,5152.0,115
MOEX:MGNT,2022-02-02T16:08:00+03:00,5151.0,5152.0,5147.5,5148.5,1073
MOEX:MGNT,2022-02-02T16:09:00+03:00,5150.0,5150.5,5145.0,5147.0,340
MOEX:MGNT,2022-02-02T16:10:00+03:00,5147.0,5149.5,5147.0,5148.0,118
MOEX:MGNT,2022-02-02T16:11:00+03:00,5148.0,5149.0,5147.5,5149.0,87
MOEX:MGNT,2022-02-02T16:12:00+03:00,5149.0,5149.5,5146.5,5147.0,146
MOEX:MGNT,2022-02-02T16:13:00+03:00,5147.0,5148.0,5146.0,5146.0,31
MOEX:MGNT,2022-02-02T16:14:00+03:00,5146.0,5147.5,5143.5,5147.5,388
MOEX:MGNT,2022-02-02T16:15:00+03:00,5145.5,5145.5,5142.0,5144.0,265
MOEX:MGNT,2022-02-02T16:16:00+03:00,5142.5,5142.5,5139.0,5140.0,1260
MOEX:MGNT,2022-02-02T16:17:00+03:00,5140.0,5143.5,5140.0,5141.5,104
MOEX:MGNT,2022-02-02T16:18:00+03:00,5143.0,5146.5,5139.0,5141.0,195
MOEX:MGNT,2022-02-02T16:19:00+03:00,5141.0,5142.5,5138.0,5140.0,86
MOEX:MGNT,2022-02-02T16:20:00+03:00,5141.5,5145.0,5140.0,5143.0,492
MOEX:MGNT,2022-02-02T16:21:00+03:00,5144.5,5144.5,5140.5,5143.0,79
MOEX:MGNT,2022-02-02T16:22:00+03:00,5143.0,5143.0,5140.0,5142.5,1111
MOEX:MGNT,2022-02-02T16:23:00+03:00,5142.5,5146.0,5142.5,5142.5,137
MOEX:MGNT,2022-02-02T16:24:00+03:00,5142.5,5144.5,5142.5,5142.5,125
MOEX:MGNT,2022-02-02T16:25:00+03:00,5144.5,5144.5,5142.5,5142.5,39
MOEX:MGNT,2022-02-02T16:26:00+03:00,5144.0,5144.0,5127.0,5133.5,4929
MOEX:MGNT,2022-02-02T16:27:00+03:00,5132.0,5134.0,5131.0,5131.5,366
MOEX:MGNT,2022-02-02T16:28:00+03:00,5131.0,5138.0,5130.0,5133.5,1111
MOEX:MGNT,2022-02-02T16:29:00+03:00,5133.5,5134.5,5131.0,5134.0,78
MOEX:MGNT,2022-02-02T16:30:00+03:00,5134.0,5137.0,5133.5,5136.0,72
MOEX:MGNT,2022-02-02T16:31:00+03:00,5137.0,5139.0,5136.0,5136.0,142
MOEX:MGNT,2022-02-02T16:32:00+03:00,5136.0,5138.0,5134.5,5135.0,82
MOEX:MGNT,2022-02-02T16:33:00+03:00,5135.0,5138.5,5135.0,5138.0,105
MOEX:MGNT,2022-02-02T16:34:00+03:00,5138.0,5147.5,5135.0,5145.0,1898
MOEX:MGNT,2022-02-02T16:35:00+03:00,5142.0,5144.5,5142.0,5142.0,19
MOEX:MGNT,2022-02-02T16:36:00+03:00,5142.0,5144.5,5141.0,5141.0,37
MOEX:MGNT,2022-02-02T16:37:00+03:00,5140.5,5143.5,5140.0,5141.0,310
MOEX:MGNT,2022-02-02T16:38:00+03:00,5141.0,5143.5,5141.0,5143.5,146
MOEX:MGNT,2022-02-02T16:39:00+03:00,5141.5,5144.0,5140.0,5141.0,442
MOEX:MGNT,2022-02-02T16:40:00+03:00,5143.0,5143.0,5140.0,5140.0,66
MOEX:MGNT,2022-02-02T16:41:00+03:00,5140.5,5154.0,5140.5,5147.0,978
MOEX:MGNT,2022-02-02T16:42:00+03:00,5147.0,5149.0,5147.0,5149.0,4
MOEX:MGNT,2022-02-02T16:43:00+03:00,5147.0,5147.5,5145.0,5147.5,140
MOEX:MGNT,2022-02-02T16:44:00+03:00,5146.5,5148.5,5145.5,5148.0,28
MOEX:MGNT,2022-02-02T16:45:00+03:00,5146.0,5148.5,5146.0,5148.0,19
MOEX:MGNT,2022-02-02T16:46:00+03:00,5148.0,5151.0,5148.0,5151.0,140
MOEX:MGNT,2022-02-02T16:47:00+03:00,5151.5,5154.0,5151.5,5154.0,12
MOEX:MGNT,2022-02-02T16:48:00+03:00,5153.5,5159.0,5151.0,5156.0,797
MOEX:MGNT,2022-02-02T16:49:00+03:00,5155.0,5158.0,5154.5,5156.5,164
MOEX:MGNT,2022-02-02T16:50:00+03:00,5154.0,5160.0,5153.0,5155.5,173
MOEX:MGNT,2022-02-02T16:51:00+03:00,5159.0,5159.0,5155.0,5155.5,73
MOEX:MGNT,2022-02-02T16:52:00+03:00,5155.0,5158.0,5153.0,5153.0,62
MOEX:MGNT,2022-02-02T16:53:00+03:00,5153.0,5155.5,5150.5,5152.0,150
MOEX:MGNT,2022-02-02T16:54:00+03:00,5155.0,5155.0,5149.5,5154.5,96
MOEX:MGNT,2022-02-02T16:55:00+03:00,5150.5,5167.0,5150.5,5167.0,3147
MOEX:MGNT,2022-02-02T16:56:00+03:00,5164.5,5166.5,5159.0,5163.0,259
MOEX:MGNT,2022-02-02T16:57:00+03:00,5161.0,5161.5,5157.0,5159.5,174
MOEX:MGNT,2022-02-02T16:58:00+03:00,5157.0,5160.5,5154.0,5157.0,1014
MOEX:MGNT,2022-02-02T16:59:00+03:00,5154.0,5156.5,5154.0,5156.5,53
MOEX:MGNT,2022-02-02T17:00:00+03:00,5156.0,5156.0,5152.0,5152.0,146
MOEX:MGNT,2022-02-02T17:01:00+03:00,5152.0,5153.5,5149.5,5151.5,152
MOEX:MGNT,2022-02-02T17:02:00+03:00,5151.5,5154.5,5150.0,5153.0,92
MOEX:MGNT,2022-02-02T17:03:00+03:00,5150.5,5153.0,5147.0,5150.0,365
MOEX:MGNT,2022-02-02T17:04:00+03:00,5152.0,5152.5,5149.5,5152.5,202
MOEX:MGNT,2022-02-02T17:05:00+03:00,5150.5,5153.5,5150.5,5152.5,109
MOEX:MGNT,2022-02-02T17:06:00+03:00,5150.5,5152.5,5150.0,5150.0,34
MOEX:MGNT,2022-02-02T17:07:00+03:00,5150.0,5156.0,5150.0,5154.5,1910
MOEX:MGNT,2022-02-02T17:08:00+03:00,5152.0,5154.5,5150.5,5151.0,33
MOEX:MGNT,2022-02-02T17:09:00+03:00,5150.5,5154.5,5150.0,5151.5,121
MOEX:MGNT,2022-02-02T17:10:00+03:00,5153.0,5153.5,5150.0,5151.5,575
MOEX:MGNT,2022-02-02T17:11:00+03:00,5150.0,5156.5,5150.0,5154.5,1371
MOEX:MGNT,2022-02-02T17:12:00+03:00,5152.5,5155.5,5147.0,5150.0,3284
MOEX:MGNT,2022-02-02T17:13:00+03:00,5150.0,5153.0,5146.5,5149.0,3650
MOEX:MGNT,2022-02-02T17:14:00+03:00,5146.5,5149.0,5143.0,5143.0,408
MOEX:MGNT,2022-02-02T17:15:00+03:00,5146.0,5149.0,5143.5,5146.5,207
MOEX:MGNT,2022-02-02T17:16:00+03:00,5148.5,5152.5,5145.0,5152.0,267
MOEX:MGNT,2022-02-02T17:17:00+03:00,5149.0,5152.0,5145.0,5147.0,1135
MOEX:MGNT,2022-02-02T17:18:00+03:00,5147.0,5152.0,5147.0,5152.0,619
MOEX:MGNT,2022-02-02T17:19:00+03:00,5149.5,5157.0,5149.5,5157.0,525
MOEX:MGNT,2022-02-02T17:20:00+03:00,5154.5,5156.5,5152.5,5152.5,117
MOEX:MGNT,2022-02-02T17:21:00+03:00,5154.0,5155.0,5152.5,5153.0,191
MOEX:MGNT,2022-02-02T17:22:00+03:00,5155.0,5157.0,5154.0,5156.0,131
MOEX:MGNT,2022-02-02T17:23:00+03:00,5156.0,5156.5,5152.5,5154.5,574
MOEX:MGNT,2022-02-02T17:24:00+03:00,5154.5,5156.0,5152.0,5155.5,249
MOEX:MGNT,2022-02-02T17:25:00+03:00,5152.5,5155.5,5152.0,5152.0,317
MOEX:MGNT,2022-02-02T17:26:00+03:00,5151.5,5154.5,5151.0,5152.0,823
MOEX:MGNT,2022-02-02T17:27:00+03:00,5152.0,5153.0,5151.0,5151.0,48
MOEX:MGNT,2022-02-02T17:28:00+03:00,5151.0,5155.5,5149.0,5155.0,1848
MOEX:MGNT,2022-02-02T17:29:00+03:00,5154.5,5156.0,5153.5,5155.0,283
MOEX:MGNT,2022-02-02T17:30:00+03:00,5154.5,5157.0,5153.0,5157.0,1760
MOEX:MGNT,2022-02-02T17:31:00+03:00,5157.5,5157.5,5150.0,5151.5,253
MOEX:MGNT,2022-02-02T17:32:00+03:00,5150.0,5152.0,5143.0,5143.5,710
MOEX:MGNT,2022-02-02T17:33:00+03:00,5141.0,5142.0,5135.5,5136.5,690
MOEX:MGNT,2022-02-02T17:34:00+03:00,5136.5,5138.0,5130.0,5130.0,830
MOEX:MGNT,2022-02-02T17:35:00+03:00,5130.0,5140.0,5129.0,5133.0,689
MOEX:MGNT,2022-02-02T17:36:00+03:00,5131.5,5158.0,5129.0,5158.0,12065
MOEX:MGNT,2022-02-02T17:37:00+03:00,5158.0,5177.0,5154.5,5173.5,4689
MOEX:MGNT,2022-02-02T17:38:00+03:00,5175.5,5178.5,5173.5,5177.5,500
MOEX:MGNT,2022-02-02T17:39:00+03:00,5174.5,5177.0,5170.0,5176.5,1315
MOEX:MGNT,2022-02-02T17:40:00+03:00,5173.0,5175.5,5170.0,5174.5,3619
MOEX:MGNT,2022-02-02T17:41:00+03:00,5172.5,5174.5,5171.5,5171.5,301
MOEX:MGNT,2022-02-02T17:42:00+03:00,5171.5,5174.0,5170.5,5170.5,533
MOEX:MGNT,2022-02-02T17:43:00+03:00,5170.5,5177.0,5170.5,5170.5,1169
MOEX:MGNT,2022-02-02T17:44:00+03:00,5171.5,5183.0,5170.5,5182.0,1544
MOEX:MGNT,2022-02-02T17:45:00+03:00,5180.5,5180.5,5173.0,5176.5,401
MOEX:MGNT,2022-02-02T17:46:00+03:00,5176.5,5176.5,5172.5,5172.5,497
MOEX:MGNT,2022-02-02T17:47:00+03:00,5175.0,5178.5,5173.5,5178.0,365
MOEX:MGNT,2022-02-02T17:48:00+03:00,5176.0,5177.5,5172.5,5172.5,420
MOEX:MGNT,2022-02-02T17:49:00+03:00,5172.5,5172.5,5170.5,5170.5,95
MOEX:MGNT,2022-02-02T17:50:00+03:00,5170.0,5184.5,5170.0,5179.5,3801
MOEX:MGNT,2022-02-02T17:51:00+03:00,5179.0,5183.0,5174.5,5181.0,1469
MOEX:MGNT,2022-02-02T17:52:00+03:00,5180.5,5180.5,5177.5,5177.5,360
MOEX:MGNT,2022-02-02T17:53:00+03:00,5176.5,5183.5,5176.5,5179.5,414
MOEX:MGNT,2022-02-02T17:54:00+03:00,5180.0,5181.5,5176.5,5179.5,229
MOEX:MGNT,2022-02-02T17:55:00+03:00,5179.5,5185.0,5176.5,5181.0,779
MOEX:MGNT,2022-02-02T17:56:00+03:00,5180.5,5183.5,5179.5,5181.0,549
MOEX:MGNT,2022-02-02T17:57:00+03:00,5181.0,5184.0,5181.0,5182.0,382
MOEX:MGNT,2022-02-02T17:58:00+03:00,5184.0,5185.0,5181.5,5181.5,282
MOEX:MGNT,2022-02-02T17:59:00+03:00,5181.5,5183.0,5180.5,5183.0,286
MOEX:MGNT,2022-02-02T18:00:00+03:00,5182.5,5183.5,5172.5,5174.5,859
MOEX:MGNT,2022-02-02T18:01:00+03:00,5173.0,5184.5,5172.5,5180.0,1354
MOEX:MGNT,2022-02-02T18:02:00+03:00,5180.5,5182.0,5177.0,5177.0,288
MOEX:MGNT,2022-02-02T18:03:00+03:00,5177.0,5179.0,5174.0,5175.5,329
MOEX:MGNT,2022-02-02T18:04:00+03:00,5175.5,5184.0,5173.0,5176.0,1980
MOEX:MGNT,2022-02-02T18:05:00+03:00,5175.0,5180.0,5173.5,5177.5,336
MOEX:MGNT,2022-02-02T18:06:00+03:00,5179.0,5180.0,5176.5,5176.5,735
MOEX:MGNT,2022-02-02T18:07:00+03:00,5178.0,5178.0,5174.0,5174.0,189
MOEX:MGNT,2022-02-02T18:08:00+03:00,5173.5,5176.5,5170.0,5173.5,6536
MOEX:MGNT,2022-02-02T18:09:00+03:00,5173.0,5174.0,5170.0,5174.0,570
MOEX:MGNT,2022-02-02T18:10:00+03:00,5171.5,5174.0,5170.0,5171.5,2080
MOEX:MGNT,2022-02-02T18:11:00+03:00,5171.5,5175.5,5171.5,5174.0,96
MOEX:MGNT,2022-02-02T18:12:00+03:00,5174.0,5174.0,5170.0,5170.0,605
MOEX:MGNT,2022-02-02T18:13:00+03:00,5170.0,5178.5,5157.0,5162.5,8364
MOEX:MGNT,2022-02-02T18:14:00+03:00,5161.0,5161.0,5156.0,5158.0,248
MOEX:MGNT,2022-02-02T18:15:00+03:00,5157.0,5157.0,5152.0,5155.5,255
MOEX:MGNT,2022-02-02T18:16:00+03:00,5155.5,5165.5,5154.0,5161.0,577
MOEX:MGNT,2022-02-02T18:17:00+03:00,5161.0,5163.0,5158.5,5159.0,83
MOEX:MGNT,2022-02-02T18:18:00+03:00,5161.0,5161.0,5154.5,5155.0,405
MOEX:MGNT,2022-02-02T18:19:00+03:00,5157.0,5171.0,5157.0,5165.0,514
MOEX:MGNT,2022-02-02T18:20:00+03:00,5165.5,5169.5,5159.0,5164.0,650
MOEX:MGNT,2022-02-02T18:21:00+03:00,5164.0,5168.5,5163.0,5163.0,270
MOEX:MGNT,2022-02-02T18:22:00+03:00,5162.5,5162.5,5162.0,5162.5,21
MOEX:MGNT,2022-02-02T18:23:00+03:00,5162.5,5164.5,5158.0,5162.5,306
MOEX:MGNT,2022-02-02T18:24:00+03:00,5162.5,5164.5,5161.0,5161.0,338
MOEX:MGNT,2022-02-02T18:25:00+03:00,5161.0,5167.0,5157.5,5167.0,426
MOEX:MGNT,2022-02-02T18:26:00+03:00,5162.5,5166.5,5162.0,5162.0,133
MOEX:MGNT,2022-02-02T18:27:00+03:00,5163.0,5165.5,5162.0,5162.0,453
MOEX:MGNT,2022-02-02T18:28:00+03:00,5162.0,5164.0,5162.0,5164.0,262
MOEX:MGNT,2022-02-02T18:29:00+03:00,5163.5,5167.0,5163.0,5163.0,487
MOEX:MGNT,2022-02-02T18:30:00+03:00,5163.0,5169.5,5163.0,5164.0,397
MOEX:MGNT,2022-02-02T18:31:00+03:00,5164.0,5165.5,5161.0,5162.0,591
MOEX:MGNT,2022-02-02T18:32:00+03:00,5162.0,5170.0,5162.0,5167.0,982
MOEX:MGNT,2022-02-02T18:33:00+03:00,5167.0,5169.5,5164.5,5165.0,281
MOEX:MGNT,2022-02-02T18:34:00+03:00,5163.5,5166.0,5161.5,5161.5,113
MOEX:MGNT,2022-02-02T18:35:00+03:00,5160.5,5163.0,5150.5,5150.5,1551
MOEX:MGNT,2022-02-02T18:36:00+03:00,5150.5,5156.0,5149.0,5149.0,1135
MOEX:MGNT,2022-02-02T18:37:00+03:00,5149.0,5154.5,5144.5,5150.0,2075
MOEX:MGNT,2022-02-02T18:38:00+03:00,5153.5,5154.0,5140.0,5141.5,1724
MOEX:MGNT,2022-02-02T18:39:00+03:00,5142.0,5156.0,5140.5,5153.0,1377
MOEX:MGNT,2022-02-02T18:45:00+03:00,5155.0,5155.0,5155.0,5155.0,1644
MOEX:MGNT,2022-02-02T18:46:00+03:00,5155.0,5155.0,5155.0,5155.0,22
MOEX:MGNT,2022-02-02T18:47:00+03:00,5155.0,5155.0,5155.0,5155.0,2
MOEX:MGNT,2022-02-02T18:48:00+03:00,5155.0,5155.0,5155.0,5155.0,122
MOEX:MGNT,2022-02-02T18:49:00+03:00,5155.0,5155.0,5155.0,5155.0,1
MOEX:MGNT,2022-02-02T19:04:00+03:00,5155.0,5155.0,5155.0,5155.0,1
MOEX:MGNT,2022-02-02T19:05:00+03:00,5155.0,5162.5,5137.5,5146.5,725
MOEX:MGNT,2022-02-02T19:06:00+03:00,5141.0,5163.0,5139.0,5157.5,543
MOEX:MGNT,2022-02-02T19:07:00+03:00,5157.5,5166.0,5156.5,5166.0,333
MOEX:MGNT,2022-02-02T19:08:00+03:00,5160.0,5164.5,5159.0,5161.5,78
MOEX:MGNT,2022-02-02T19:09:00+03:00,5161.5,5168.0,5161.5,5162.5,23
MOEX:MGNT,2022-02-02T19:10:00+03:00,5169.0,5173.0,5163.5,5172.5,292
MOEX:MGNT,2022-02-02T19:11:00+03:00,5170.0,5171.5,5162.0,5167.0,320
MOEX:MGNT,2022-02-02T19:12:00+03:00,5160.0,5160.0,5152.5,5156.5,224
MOEX:MGNT,2022-02-02T19:13:00+03:00,5150.5,5156.0,5150.5,5156.0,130
MOEX:MGNT,2022-02-02T19:14:00+03:00,5155.0,5156.0,5149.0,5154.5,100
MOEX:MGNT,2022-02-02T19:15:00+03:00,5152.0,5154.5,5151.0,5153.0,75
MOEX:MGNT,2022-02-02T19:16:00+03:00,5155.5,5162.0,5155.0,5161.5,59
MOEX:MGNT,2022-02-02T19:17:00+03:00,5161.5,5165.0,5161.5,5165.0,24
MOEX:MGNT,2022-02-02T19:18:00+03:00,5160.0,5164.0,5158.0,5159.0,164
MOEX:MGNT,2022-02-02T19:19:00+03:00,5161.5,5164.0,5158.5,5163.0,12
MOEX:MGNT,2022-02-02T19:20:00+03:00,5163.0,5165.0,5161.5,5161.5,10
MOEX:MGNT,2022-02-02T19:21:00+03:00,5164.5,5168.5,5163.5,5167.5,21
MOEX:MGNT,2022-02-02T19:22:00+03:00,5167.5,5167.5,5164.0,5166.0,59
MOEX:MGNT,2022-02-02T19:23:00+03:00,5166.0,5166.0,5162.5,5165.5,21
MOEX:MGNT,2022-02-02T19:24:00+03:00,5167.0,5167.5,5164.0,5166.0,41
MOEX:MGNT,2022-02-02T19:25:00+03:00,5168.0,5168.0,5166.0,5166.0,2
MOEX:MGNT,2022-02-02T19:26:00+03:00,5168.5,5168.5,5164.0,5165.0,76
MOEX:MGNT,2022-02-02T19:27:00+03:00,5163.5,5163.5,5163.0,5163.0,20
MOEX:MGNT,2022-02-02T19:28:00+03:00,5163.5,5165.5,5162.0,5165.5,43
MOEX:MGNT,2022-02-02T19:29:00+03:00,5164.5,5164.5,5164.5,5164.5,1
MOEX:MGNT,2022-02-02T19:30:00+03:00,5164.5,5164.5,5156.5,5159.5,92
MOEX:MGNT,2022-02-02T19:31:00+03:00,5159.0,5159.0,5153.0,5153.0,98
MOEX:MGNT,2022-02-02T19:32:00+03:00,5153.0,5153.0,5149.5,5151.0,650
MOEX:MGNT,2022-02-02T19:33:00+03:00,5148.5,5148.5,5148.0,5148.0,85
MOEX:MGNT,2022-02-02T19:34:00+03:00,5148.0,5150.0,5147.0,5147.0,65
MOEX:MGNT,2022-02-02T19:35:00+03:00,5146.5,5149.0,5146.0,5148.5,150
MOEX:MGNT,2022-02-02T19:36:00+03:00,5148.5,5152.0,5148.0,5148.0,455
MOEX:MGNT,2022-02-02T19:37:00+03:00,5148.0,5148.0,5147.5,5147.5,12
MOEX:MGNT,2022-02-02T19:38:00+03:00,5148.0,5149.0,5145.0,5145.0,51
MOEX:MGNT,2022-02-02T19:40:00+03:00,5147.5,5147.5,5147.5,5147.5,2
MOEX:MGNT,2022-02-02T19:41:00+03:00,5147.5,5152.0,5147.5,5151.0,317
MOEX:MGNT,2022-02-02T19:42:00+03:00,5150.5,5152.0,5149.5,5150.0,12
MOEX:MGNT,2022-02-02T19:43:00+03:00,5147.5,5150.0,5146.5,5150.0,22
MOEX:MGNT,2022-02-02T19:44:00+03:00,5145.5,5148.5,5145.0,5145.5,91
MOEX:MGNT,2022-02-02T19:45:00+03:00,5145.5,5150.0,5145.0,5150.0,269
MOEX:MGNT,2022-02-02T19:46:00+03:00,5150.0,5152.0,5150.0,5152.0,105
MOEX:MGNT,2022-02-02T19:47:00+03:00,5152.0,5152.0,5149.0,5149.0,36
MOEX:MGNT,2022-02-02T19:48:00+03:00,5150.0,5150.0,5148.5,5148.5,3
MOEX:MGNT,2022-02-02T19:49:00+03:00,5151.5,5153.5,5148.5,5153.5,279
MOEX:MGNT,2022-02-02T19:50:00+03:00,5151.5,5161.0,5151.5,5158.5,53
MOEX:MGNT,2022-02-02T19:51:00+03:00,5155.5,5157.5,5155.0,5155.0,14
MOEX:MGNT,2022-02-02T19:52:00+03:00,5155.0,5160.0,5154.5,5157.0,8
MOEX:MGNT,2022-02-02T19:53:00+03:00,5157.0,5160.0,5156.0,5156.0,31
MOEX:MGNT,2022-02-02T19:54:00+03:00,5157.0,5157.5,5157.0,5157.5,55
MOEX:MGNT,2022-02-02T19:55:00+03:00,5157.0,5157.0,5155.0,5156.0,58
MOEX:MGNT,2022-02-02T19:56:00+03:00,5157.0,5157.0,5155.5,5157.0,62
MOEX:MGNT,2022-02-02T19:57:00+03:00,5156.0,5159.5,5156.0,5159.5,27
MOEX:MGNT,2022-02-02T19:58:00+03:00,5157.0,5161.0,5157.0,5157.5,4
MOEX:MGNT,2022-02-02T19:59:00+03:00,5158.0,5164.5,5158.0,5164.5,32
MOEX:MGNT,2022-02-02T20:00:00+03:00,5163.0,5163.0,5158.5,5158.5,100
MOEX:MGNT,2022-02-02T20:01:00+03:00,5157.5,5162.5,5157.5,5162.5,10
MOEX:MGNT,2022-02-02T20:02:00+03:00,5163.0,5164.5,5161.0,5161.5,67
MOEX:MGNT,2022-02-02T20:03:00+03:00,5164.0,5164.0,5164.0,5164.0,25
MOEX:MGNT,2022-02-02T20:04:00+03:00,5164.0,5164.0,5161.5,5161.5,3
MOEX:MGNT,2022-02-02T20:05:00+03:00,5163.0,5163.0,5161.5,5161.5,6
MOEX:MGNT,2022-02-02T20:06:00+03:00,5161.5,5163.0,5161.5,5163.0,4
MOEX:MGNT,2022-02-02T20:07:00+03:00,5160.0,5161.5,5160.0,5161.5,2
MOEX:MGNT,2022-02-02T20:08:00+03:00,5161.5,5170.0,5161.5,5164.5,610
MOEX:MGNT,2022-02-02T20:09:00+03:00,5165.0,5165.0,5165.0,5165.0,10
MOEX:MGNT,2022-02-02T20:10:00+03:00,5172.0,5172.0,5165.0,5167.0,460
MOEX:MGNT,2022-02-02T20:11:00+03:00,5164.0,5167.5,5164.0,5165.0,140
MOEX:MGNT,2022-02-02T20:12:00+03:00,5163.5,5166.0,5163.5,5166.0,21
MOEX:MGNT,2022-02-02T20:13:00+03:00,5166.0,5166.0,5166.0,5166.0,2
MOEX:MGNT,2022-02-02T20:14:00+03:00,5165.5,5165.5,5165.0,5165.0,52
MOEX:MGNT,2022-02-02T20:15:00+03:00,5161.0,5161.0,5161.0,5161.0,3
MOEX:MGNT,2022-02-02T20:16:00+03:00,5164.0,5164.0,5161.5,5161.5,65
MOEX:MGNT,2022-02-02T20:17:00+03:00,5164.0,5164.5,5164.0,5164.0,21
MOEX:MGNT,2022-02-02T20:18:00+03:00,5162.0,5162.0,5162.0,5162.0,11
MOEX:MGNT,2022-02-02T20:19:00+03:00,5163.5,5163.5,5161.0,5161.0,17
MOEX:MGNT,2022-02-02T20:21:00+03:00,5160.5,5162.5,5160.5,5162.5,11
MOEX:MGNT,2022-02-02T20:22:00+03:00,5160.5,5162.0,5158.5,5162.0,63
MOEX:MGNT,2022-02-02T20:23:00+03:00,5162.0,5162.0,5162.0,5162.0,5
MOEX:MGNT,2022-02-02T20:24:00+03:00,5159.5,5161.5,5159.5,5161.5,5
MOEX:MGNT,2022-02-02T20:25:00+03:00,5162.5,5163.5,5159.5,5163.5,28
MOEX:MGNT,2022-02-02T20:26:00+03:00,5164.0,5165.0,5163.0,5165.0,21
MOEX:MGNT,2022-02-02T20:27:00+03:00,5165.0,5167.5,5164.5,5165.5,860
MOEX:MGNT,2022-02-02T20:28:00+03:00,5165.5,5165.5,5163.0,5163.0,31
MOEX:MGNT,2022-02-02T20:29:00+03:00,5162.5,5162.5,5162.5,5162.5,4
MOEX:MGNT,2022-02-02T20:30:00+03:00,5159.0,5159.0,5159.0,5159.0,1
MOEX:MGNT,2022-02-02T20:31:00+03:00,5160.0,5160.0,5158.5,5160.0,51
MOEX:MGNT,2022-02-02T20:32:00+03:00,5161.0,5163.5,5160.0,5163.5,47
MOEX:MGNT,2022-02-02T20:33:00+03:00,5163.5,5163.5,5163.5,5163.5,10
MOEX:MGNT,2022-02-02T20:34:00+03:00,5160.5,5160.5,5159.0,5159.0,5
MOEX:MGNT,2022-02-02T20:35:00+03:00,5163.5,5163.5,5162.0,5162.0,21
MOEX:MGNT,2022-02-02T20:36:00+03:00,5161.5,5161.5,5158.5,5161.5,17
MOEX:MGNT,2022-02-02T20:37:00+03:00,5161.5,5161.5,5159.5,5159.5,102
MOEX:MGNT,2022-02-02T20:38:00+03:00,5158.0,5158.0,5156.5,5156.5,17
MOEX:MGNT,2022-02-02T20:39:00+03:00,5156.5,5158.0,5156.5,5158.0,17
MOEX:MGNT,2022-02-02T20:40:00+03:00,5157.0,5160.0,5157.0,5160.0,9
MOEX:MGNT,2022-02-02T20:41:00+03:00,5159.0,5159.0,5158.5,5158.5,13
MOEX:MGNT,2022-02-02T20:42:00+03:00,5159.5,5160.0,5159.5,5160.0,2
MOEX:MGNT,2022-02-02T20:43:00+03:00,5158.0,5158.0,5158.0,5158.0,11
MOEX:MGNT,2022-02-02T20:44:00+03:00,5158.0,5158.0,5158.0,5158.0,28
MOEX:MGNT,2022-02-02T20:45:00+03:00,5160.0,5163.5,5158.0,5163.5,211
MOEX:MGNT,2022-02-02T20:47:00+03:00,5162.0,5163.5,5161.5,5163.5,31
MOEX:MGNT,2022-02-02T20:48:00+03:00,5164.0,5168.0,5164.0,5168.0,417
MOEX:MGNT,2022-02-02T20:49:00+03:00,5166.5,5169.0,5165.5,5168.5,94
MOEX:MGNT,2022-02-02T20:50:00+03:00,5166.0,5168.0,5166.0,5166.0,4
MOEX:MGNT,2022-02-02T20:51:00+03:00,5166.0,5167.5,5165.0,5165.0,4
MOEX:MGNT,2022-02-02T20:52:00+03:00,5166.0,5166.0,5165.0,5165.0,4
MOEX:MGNT,2022-02-02T20:53:00+03:00,5165.0,5165.0,5165.0,5165.0,5
MOEX:MGNT,2022-02-02T20:55:00+03:00,5165.5,5165.5,5162.0,5162.0,12
MOEX:MGNT,2022-02-02T20:58:00+03:00,5165.0,5165.0,5165.0,5165.0,19
MOEX:MGNT,2022-02-02T20:59:00+03:00,5165.0,5165.0,5165.0,5165.0,8
MOEX:MGNT,2022-02-02T21:00:00+03:00,5166.5,5167.0,5164.5,5167.0,37
MOEX:MGNT,2022-02-02T21:01:00+03:00,5166.5,5166.5,5164.5,5166.5,34
MOEX:MGNT,2022-02-02T21:02:00+03:00,5163.0,5163.0,5162.0,5162.0,20
MOEX:MGNT,2022-02-02T21:03:00+03:00,5165.0,5165.0,5165.0,5165.0,1
MOEX:MGNT,2022-02-02T21:04:00+03:00,5163.5,5167.0,5163.5,5167.0,115
MOEX:MGNT,2022-02-02T21:05:00+03:00,5166.5,5166.5,5166.5,5166.5,3
MOEX:MGNT,2022-02-02T21:06:00+03:00,5163.0,5163.0,5163.0,5163.0,3
MOEX:MGNT,2022-02-02T21:07:00+03:00,5163.0,5163.0,5163.0,5163.0,1
MOEX:MGNT,2022-02-02T21:08:00+03:00,5162.5,5163.0,5162.5,5163.0,22
MOEX:MGNT,2022-02-02T21:09:00+03:00,5164.5,5166.5,5162.5,5166.5,87
MOEX:MGNT,2022-02-02T21:10:00+03:00,5162.5,5162.5,5158.5,5158.5,39
MOEX:MGNT,2022-02-02T21:11:00+03:00,5162.5,5162.5,5162.5,5162.5,3
MOEX:MGNT,2022-02-02T21:12:00+03:00,5166.0,5166.0,5164.5,5164.5,2
MOEX:MGNT,2022-02-02T21:13:00+03:00,5166.5,5166.5,5163.0,5163.0,29
MOEX:MGNT,2022-02-02T21:14:00+03:00,5163.0,5163.5,5163.0,5163.0,14
MOEX:MGNT,2022-02-02T21:15:00+03:00,5163.0,5163.0,5163.0,5163.0,6
MOEX:MGNT,2022-02-02T21:16:00+03:00,5164.0,5165.5,5164.0,5165.5,21
MOEX:MGNT,2022-02-02T21:17:00+03:00,5166.0,5166.0,5166.0,5166.0,30
MOEX:MGNT,2022-02-02T21:18:00+03:00,5166.0,5166.0,5166.0,5166.0,40
MOEX:MGNT,2022-02-02T21:19:00+03:00,5163.0,5164.5,5162.0,5164.5,68
MOEX:MGNT,2022-02-02T21:20:00+03:00,5164.5,5164.5,5163.0,5163.0,3
MOEX:MGNT,2022-02-02T21:21:00+03:00,5163.0,5163.0,5162.5,5162.5,3
MOEX:MGNT,2022-02-02T21:22:00+03:00,5162.5,5162.5,5162.5,5162.5,3
MOEX:MGNT,2022-02-02T21:23:00+03:00,5162.5,5162.5,5162.5,5162.5,2
MOEX:MGNT,2022-02-02T21:24:00+03:00,5165.5,5165.5,5162.0,5162.0,34
MOEX:MGNT,2022-02-02T21:25:00+03:00,5164.0,5164.0,5164.0,5164.0,7
MOEX:MGNT,2022-02-02T21:26:00+03:00,5164.0,5164.0,5164.0,5164.0,1
MOEX:MGNT,2022-02-02T21:27:00+03:00,5163.5,5164.0,5163.5,5164.0,23
MOEX:MGNT,2022-02-02T21:28:00+03:00,5163.5,5164.0,5163.5,5164.0,40
MOEX:MGNT,2022-02-02T21:29:00+03:00,5164.0,5164.0,5162.0,5162.0,25
MOEX:MGNT,2022-02-02T21:30:00+03:00,5162.0,5164.0,5162.0,5164.0,38
MOEX:MGNT,2022-02-02T21:31:00+03:00,5164.0,5166.0,5164.0,5164.0,31
MOEX:MGNT,2022-02-02T21:33:00+03:00,5166.0,5166.0,5164.0,5164.0,7
MOEX:MGNT,2022-02-02T21:34:00+03:00,5166.0,5166.0,5164.5,5165.0,11
MOEX:MGNT,2022-02-02T21:35:00+03:00,5166.0,5168.0,5166.0,5167.5,281
MOEX:MGNT,2022-02-02T21:36:00+03:00,5169.0,5170.0,5169.0,5170.0,111
MOEX:MGNT,2022-02-02T21:37:00+03:00,5170.0,5171.0,5170.0,5171.0,30
MOEX:MGNT,2022-02-02T21:39:00+03:00,5169.0,5175.0,5169.0,5175.0,565
MOEX:MGNT,2022-02-02T21:40:00+03:00,5175.0,5175.0,5175.0,5175.0,10
MOEX:MGNT,2022-02-02T21:41:00+03:00,5175.0,5176.0,5175.0,5175.0,58
MOEX:MGNT,2022-02-02T21:42:00+03:00,5176.0,5177.0,5176.0,5177.0,5
MOEX:MGNT,2022-02-02T21:43:00+03:00,5177.0,5180.0,5177.0,5178.0,81
MOEX:MGNT,2022-02-02T21:44:00+03:00,5177.0,5177.0,5176.5,5176.5,21
MOEX:MGNT,2022-02-02T21:45:00+03:00,5180.0,5183.0,5178.0,5178.0,348
MOEX:MGNT,2022-02-02T21:46:00+03:00,5180.0,5180.0,5178.0,5180.0,9
MOEX:MGNT,2022-02-02T21:47:00+03:00,5180.5,5180.5,5175.0,5175.0,26
MOEX:MGNT,2022-02-02T21:48:00+03:00,5176.5,5176.5,5175.0,5176.5,13
MOEX:MGNT,2022-02-02T21:49:00+03:00,5175.0,5175.5,5173.5,5173.5,81
MOEX:MGNT,2022-02-02T21:50:00+03:00,5176.0,5179.0,5174.0,5178.5,158
MOEX:MGNT,2022-02-02T21:51:00+03:00,5178.5,5178.5,5174.0,5177.0,18
MOEX:MGNT,2022-02-02T21:52:00+03:00,5173.5,5176.5,5173.5,5176.5,2
MOEX:MGNT,2022-02-02T21:53:00+03:00,5176.0,5178.0,5176.0,5178.0,5
MOEX:MGNT,2022-02-02T21:55:00+03:00,5178.0,5178.0,5177.0,5177.0,5
MOEX:MGNT,2022-02-02T21:56:00+03:00,5178.0,5178.0,5174.5,5175.0,82
MOEX:MGNT,2022-02-02T21:57:00+03:00,5177.0,5190.0,5177.0,5184.0,1048
MOEX:MGNT,2022-02-02T21:58:00+03:00,5182.0,5183.0,5176.5,5176.5,160
MOEX:MGNT,2022-02-02T21:59:00+03:00,5178.0,5181.0,5178.0,5181.0,3
MOEX:MGNT,2022-02-02T22:00:00+03:00,5181.5,5181.5,5177.0,5178.5,23
MOEX:MGNT,2022-02-02T22:01:00+03:00,5179.0,5179.0,5175.5,5175.5,7
MOEX:MGNT,2022-02-02T22:02:00+03:00,5177.5,5177.5,5177.5,5177.5,1
MOEX:MGNT,2022-02-02T22:03:00+03:00,5177.5,5177.5,5177.5,5177.5,1
MOEX:MGNT,2022-02-02T22:04:00+03:00,5181.0,5181.0,5181.0,5181.0,101
MOEX:MGNT,2022-02-02T22:05:00+03:00,5181.5,5181.5,5181.5,5181.5,25
MOEX:MGNT,2022-02-02T22:06:00+03:00,5178.0,5179.5,5177.5,5179.5,33
MOEX:MGNT,2022-02-02T22:07:00+03:00,5178.0,5179.5,5178.0,5179.5,8
MOEX:MGNT,2022-02-02T22:08:00+03:00,5178.0,5182.0,5177.0,5177.0,25
MOEX:MGNT,2022-02-02T22:09:00+03:00,5176.0,5179.5,5176.0,5176.0,12
MOEX:MGNT,2022-02-02T22:10:00+03:00,5177.5,5177.5,5177.5,5177.5,2
MOEX:MGNT,2022-02-02T22:11:00+03:00,5181.5,5181.5,5178.0,5178.0,21
MOEX:MGNT,2022-02-02T22:12:00+03:00,5177.5,5178.0,5177.5,5178.0,2
MOEX:MGNT,2022-02-02T22:13:00+03:00,5178.0,5178.0,5178.0,5178.0,2
MOEX:MGNT,2022-02-02T22:14:00+03:00,5178.0,5181.0,5176.0,5181.0,26
MOEX:MGNT,2022-02-02T22:15:00+03:00,5179.5,5180.0,5176.0,5176.0,25
MOEX:MGNT,2022-02-02T22:16:00+03:00,5176.0,5178.5,5175.0,5177.0,62
MOEX:MGNT,2022-02-02T22:17:00+03:00,5173.0,5176.5,5173.0,5176.5,16
MOEX:MGNT,2022-02-02T22:18:00+03:00,5176.5,5178.0,5173.0,5176.0,34
MOEX:MGNT,2022-02-02T22:19:00+03:00,5177.5,5179.5,5177.5,5179.5,3
MOEX:MGNT,2022-02-02T22:20:00+03:00,5177.0,5177.0,5173.0,5173.0,3
MOEX:MGNT,2022-02-02T22:21:00+03:00,5174.0,5174.0,5174.0,5174.0,15
MOEX:MGNT,2022-02-02T22:23:00+03:00,5173.5,5173.5,5171.5,5171.5,69
MOEX:MGNT,2022-02-02T22:24:00+03:00,5174.0,5174.0,5171.0,5171.0,217
MOEX:MGNT,2022-02-02T22:25:00+03:00,5174.5,5174.5,5172.5,5172.5,2
MOEX:MGNT,2022-02-02T22:26:00+03:00,5176.0,5178.0,5175.5,5178.0,14
MOEX:MGNT,2022-02-02T22:27:00+03:00,5176.5,5176.5,5176.5,5176.5,19
MOEX:MGNT,2022-02-02T22:28:00+03:00,5177.5,5179.0,5177.5,5179.0,25
MOEX:MGNT,2022-02-02T22:30:00+03:00,5179.5,5179.5,5179.5,5179.5,1
MOEX:MGNT,2022-02-02T22:31:00+03:00,5178.0,5178.0,5178.0,5178.0,1
MOEX:MGNT,2022-02-02T22:32:00+03:00,5179.0,5179.0,5179.0,5179.0,27
MOEX:MGNT,2022-02-02T22:33:00+03:00,5179.0,5179.5,5179.0,5179.5,4
MOEX:MGNT,2022-02-02T22:34:00+03:00,5179.0,5180.0,5178.0,5180.0,17
MOEX:MGNT,2022-02-02T22:35:00+03:00,5180.0,5180.0,5179.5,5179.5,11
MOEX:MGNT,2022-02-02T22:36:00+03:00,5180.0,5182.5,5180.0,5182.0,34
MOEX:MGNT,2022-02-02T22:37:00+03:00,5182.5,5182.5,5180.5,5180.5,6
MOEX:MGNT,2022-02-02T22:38:00+03:00,5180.5,5180.5,5180.5,5180.5,5
MOEX:MGNT,2022-02-02T22:40:00+03:00,5180.5,5183.0,5180.5,5183.0,8
MOEX:MGNT,2022-02-02T22:41:00+03:00,5183.0,5183.0,5183.0,5183.0,3
MOEX:MGNT,2022-02-02T22:42:00+03:00,5183.0,5187.5,5182.5,5186.0,172
MOEX:MGNT,2022-02-02T22:43:00+03:00,5183.0,5183.5,5182.5,5183.5,59
MOEX:MGNT,2022-02-02T22:44:00+03:00,5181.0,5181.0,5181.0,5181.0,22
MOEX:MGNT,2022-02-02T22:46:00+03:00,5183.5,5183.5,5181.0,5183.5,12
MOEX:MGNT,2022-02-02T22:47:00+03:00,5185.0,5185.0,5181.5,5181.5,4
MOEX:MGNT,2022-02-02T22:48:00+03:00,5184.0,5185.0,5182.0,5182.0,20
MOEX:MGNT,2022-02-02T22:49:00+03:00,5185.5,5185.5,5185.0,5185.0,16
MOEX:MGNT,2022-02-02T22:50:00+03:00,5185.0,5185.0,5184.0,5184.0,10
MOEX:MGNT,2022-02-02T22:51:00+03:00,5185.5,5188.0,5185.0,5185.0,252
MOEX:MGNT,2022-02-02T22:52:00+03:00,5188.0,5188.0,5186.0,5187.5,58
MOEX:MGNT,2022-02-02T22:53:00+03:00,5188.0,5188.0,5187.0,5188.0,41
MOEX:MGNT,2022-02-02T22:54:00+03:00,5188.0,5188.0,5185.0,5185.0,49
MOEX:MGNT,2022-02-02T22:55:00+03:00,5185.0,5186.5,5185.0,5186.5,3
MOEX:MGNT,2022-02-02T22:56:00+03:00,5186.0,5187.5,5186.0,5187.5,101
MOEX:MGNT,2022-02-02T22:57:00+03:00,5187.5,5187.5,5185.0,5185.0,65
MOEX:MGNT,2022-02-02T22:58:00+03:00,5186.5,5186.5,5186.5,5186.5,1
MOEX:MGNT,2022-02-02T22:59:00+03:00,5186.5,5186.5,5186.5,5186.5,5
MOEX:MGNT,2022-02-02T23:00:00+03:00,5185.0,5185.5,5184.5,5185.5,188
MOEX:MGNT,2022-02-02T23:01:00+03:00,5183.0,5183.0,5181.5,5181.5,4
MOEX:MGNT,2022-02-02T23:02:00+03:00,5179.5,5179.5,5178.5,5178.5,2
MOEX:MGNT,2022-02-02T23:03:00+03:00,5179.5,5183.0,5178.5,5183.0,76
MOEX:MGNT,2022-02-02T23:04:00+03:00,5183.0,5183.0,5182.0,5183.0,4
MOEX:MGNT,2022-02-02T23:05:00+03:00,5183.0,5185.5,5183.0,5185.5,59
MOEX:MGNT,2022-02-02T23:06:00+03:00,5185.5,5185.5,5183.5,5184.0,36
MOEX:MGNT,2022-02-02T23:07:00+03:00,5182.5,5187.0,5182.5,5186.0,130
MOEX:MGNT,2022-02-02T23:08:00+03:00,5186.0,5188.0,5185.0,5187.5,26
MOEX:MGNT,2022-02-02T23:09:00+03:00,5183.5,5187.0,5183.5,5187.0,11
MOEX:MGNT,2022-02-02T23:10:00+03:00,5187.0,5187.0,5187.0,5187.0,1
MOEX:MGNT,2022-02-02T23:11:00+03:00,5187.5,5187.5,5187.5,5187.5,2
MOEX:MGNT,2022-02-02T23:12:00+03:00,5187.5,5187.5,5187.5,5187.5,1
MOEX:MGNT,2022-02-02T23:13:00+03:00,5186.0,5187.5,5185.5,5187.5,20
MOEX:MGNT,2022-02-02T23:14:00+03:00,5187.0,5189.0,5187.0,5189.0,621
MOEX:MGNT,2022-02-02T23:15:00+03:00,5190.0,5196.5,5190.0,5195.0,1477
MOEX:MGNT,2022-02-02T23:16:00+03:00,5196.0,5196.0,5190.5,5194.5,200
MOEX:MGNT,2022-02-02T23:17:00+03:00,5193.0,5197.0,5192.5,5197.0,435
MOEX:MGNT,2022-02-02T23:18:00+03:00,5196.0,5198.5,5196.0,5198.5,363
MOEX:MGNT,2022-02-02T23:19:00+03:00,5199.0,5200.0,5197.0,5197.0,375
MOEX:MGNT,2022-02-02T23:20:00+03:00,5199.0,5200.0,5194.5,5197.0,243
MOEX:MGNT,2022-02-02T23:21:00+03:00,5197.0,5197.0,5195.0,5195.0,23
MOEX:MGNT,2022-02-02T23:22:00+03:00,5192.5,5192.5,5192.5,5192.5,5
MOEX:MGNT,2022-02-02T23:23:00+03:00,5195.5,5199.0,5195.5,5195.5,78
MOEX:MGNT,2022-02-02T23:24:00+03:00,5199.0,5199.0,5196.5,5196.5,34
MOEX:MGNT,2022-02-02T23:25:00+03:00,5199.0,5199.5,5199.0,5199.5,5
MOEX:MGNT,2022-02-02T23:26:00+03:00,5199.5,5200.0,5199.5,5199.5,208
MOEX:MGNT,2022-02-02T23:27:00+03:00,5199.5,5199.5,5197.5,5198.0,72
MOEX:MGNT,2022-02-02T23:28:00+03:00,5195.5,5195.5,5192.0,5192.0,25
MOEX:MGNT,2022-02-02T23:29:00+03:00,5196.5,5196.5,5196.5,5196.5,20
MOEX:MGNT,2022-02-02T23:30:00+03:00,5195.5,5195.5,5195.5,5195.5,1
MOEX:MGNT,2022-02-02T23:31:00+03:00,5196.5,5198.0,5196.5,5198.0,6
MOEX:MGNT,2022-02-02T23:32:00+03:00,5198.0,5198.0,5197.0,5197.0,31
MOEX:MGNT,2022-02-02T23:33:00+03:00,5199.0,5199.0,5197.0,5197.0,2
MOEX:MGNT,2022-02-02T23:34:00+03:00,5199.5,5199.5,5199.0,5199.0,3
MOEX:MGNT,2022-02-02T23:35:00+03:00,5197.5,5200.0,5197.5,5200.0,32
MOEX:MGNT,2022-02-02T23:36:00+03:00,5200.0,5200.0,5199.5,5199.5,130
MOEX:MGNT,2022-02-02T23:37:00+03:00,5200.0,5207.0,5200.0,5200.0,1017
MOEX:MGNT,2022-02-02T23:38:00+03:00,5204.0,5205.0,5199.5,5199.5,180
MOEX:MGNT,2022-02-02T23:39:00+03:00,5200.0,5200.0,5198.0,5198.0,49
MOEX:MGNT,2022-02-02T23:40:00+03:00,5198.0,5199.0,5193.0,5198.0,66
MOEX:MGNT,2022-02-02T23:41:00+03:00,5198.0,5198.0,5198.0,5198.0,1
MOEX:MGNT,2022-02-02T23:42:00+03:00,5198.0,5198.0,5198.0,5198.0,1
MOEX:MGNT,2022-02-02T23:43:00+03:00,5196.5,5196.5,5195.0,5195.0,12
MOEX:MGNT,2022-02-02T23:44:00+03:00,5194.5,5195.0,5192.5,5195.0,31
MOEX:MGNT,2022-02-02T23:45:00+03:00,5195.0,5197.0,5194.0,5197.0,33
MOEX:MGNT,2022-02-02T23:46:00+03:00,5192.5,5192.5,5192.5,5192.5,9
MOEX:MGNT,2022-02-02T23:47:00+03:00,5197.0,5197.5,5197.0,5197.5,51
MOEX:MGNT,2022-02-02T23:48:00+03:00,5193.5,5197.5,5193.5,5197.5,28
MOEX:MGNT,2022-02-02T23:49:00+03:00,5193.5,5200.0,5193.5,5200.0,198
