MOEX:LKOH,2022-12-14T10:00:00+03:00,4579.0,4582.0,4577.5,4580.0,1471
MOEX:LKOH,2022-12-14T10:01:00+03:00,4579.0,4580.0,4577.5,4580.0,618
MOEX:LKOH,2022-12-14T10:02:00+03:00,4579.0,4580.0,4578.5,4578.5,550
MOEX:LKOH,2022-12-14T10:03:00+03:00,4578.5,4579.0,4577.5,4577.5,815
MOEX:LKOH,2022-12-14T10:04:00+03:00,4578.5,4578.5,4575.0,4575.0,3158
MOEX:LKOH,2022-12-14T10:05:00+03:00,4575.5,4575.5,4572.5,4574.0,593
MOEX:LKOH,2022-12-14T10:06:00+03:00,4574.5,4575.0,4567.0,4569.0,1380
MOEX:LKOH,2022-12-14T10:07:00+03:00,4569.0,4571.5,4567.0,4571.5,205
MOEX:LKOH,2022-12-14T10:08:00+03:00,4572.0,4574.5,4570.0,4573.0,1261
MOEX:LKOH,2022-12-14T10:09:00+03:00,4572.5,4573.0,4572.0,4572.0,48
MOEX:LKOH,2022-12-14T10:10:00+03:00,4571.5,4572.0,4566.0,4566.5,1707
MOEX:LKOH,2022-12-14T10:11:00+03:00,4566.5,4571.0,4566.5,4570.0,249
MOEX:LKOH,2022-12-14T10:12:00+03:00,4570.0,4570.5,4569.5,4570.0,67
MOEX:LKOH,2022-12-14T10:13:00+03:00,4570.0,4570.0,4569.0,4569.0,328
MOEX:LKOH,2022-12-14T10:14:00+03:00,4569.5,4569.5,4568.5,4569.5,64
MOEX:LKOH,2022-12-14T10:15:00+03:00,4569.5,4570.0,4569.5,4570.0,494
MOEX:LKOH,2022-12-14T10:16:00+03:00,4569.5,4570.0,4569.0,4569.5,1065
MOEX:LKOH,2022-12-14T10:17:00+03:00,4569.5,4570.0,4569.0,4569.5,496
MOEX:LKOH,2022-12-14T10:18:00+03:00,4570.0,4571.5,4569.5,4571.5,375
MOEX:LKOH,2022-12-14T10:19:00+03:00,4572.0,4573.0,4571.5,4573.0,269
MOEX:LKOH,2022-12-14T10:20:00+03:00,4572.5,4573.0,4571.5,4572.0,700
MOEX:LKOH,2022-12-14T10:21:00+03:00,4572.0,4572.0,4571.5,4572.0,511
MOEX:LKOH,2022-12-14T10:22:00+03:00,4572.0,4572.0,4571.5,4571.5,258
MOEX:LKOH,2022-12-14T10:23:00+03:00,4571.5,4571.5,4569.0,4569.5,2942
MOEX:LKOH,2022-12-14T10:24:00+03:00,4569.0,4569.5,4568.5,4569.0,876
MOEX:LKOH,2022-12-14T10:25:00+03:00,4569.0,4569.0,4568.0,4568.5,905
MOEX:LKOH,2022-12-14T10:26:00+03:00,4568.0,4569.0,4568.0,4569.0,287
MOEX:LKOH,2022-12-14T10:27:00+03:00,4568.5,4569.0,4565.5,4566.0,1361
MOEX:LKOH,2022-12-14T10:28:00+03:00,4566.0,4566.0,4564.0,4564.5,1243
MOEX:LKOH,2022-12-14T10:29:00+03:00,4564.5,4564.5,4564.0,4564.5,241
MOEX:LKOH,2022-12-14T10:30:00+03:00,4564.5,4565.0,4564.0,4565.0,998
MOEX:LKOH,2022-12-14T10:31:00+03:00,4564.5,4565.5,4564.5,4565.5,750
MOEX:LKOH,2022-12-14T10:32:00+03:00,4565.5,4568.0,4565.5,4568.0,476
MOEX:LKOH,2022-12-14T10:33:00+03:00,4567.5,4568.0,4567.0,4568.0,283
MOEX:LKOH,2022-12-14T10:34:00+03:00,4567.5,4568.5,4566.0,4568.5,1065
MOEX:LKOH,2022-12-14T10:35:00+03:00,4568.5,4569.0,4568.0,4569.0,675
MOEX:LKOH,2022-12-14T10:36:00+03:00,4569.0,4569.0,4565.0,4565.5,5249
MOEX:LKOH,2022-12-14T10:37:00+03:00,4565.0,4565.5,4565.0,4565.5,4038
MOEX:LKOH,2022-12-14T10:38:00+03:00,4565.0,4566.0,4563.0,4563.5,7178
MOEX:LKOH,2022-12-14T10:39:00+03:00,4563.5,4564.0,4563.0,4563.5,1079
MOEX:LKOH,2022-12-14T10:40:00+03:00,4563.5,4566.0,4563.0,4565.5,1269
MOEX:LKOH,2022-12-14T10:41:00+03:00,4566.0,4567.0,4565.0,4565.0,1835
MOEX:LKOH,2022-12-14T10:42:00+03:00,4565.0,4566.0,4564.5,4566.0,680
MOEX:LKOH,2022-12-14T10:43:00+03:00,4566.0,4566.5,4565.0,4565.5,1463
MOEX:LKOH,2022-12-14T10:44:00+03:00,4566.0,4567.0,4565.0,4566.5,478
MOEX:LKOH,2022-12-14T10:45:00+03:00,4566.5,4567.0,4565.0,4565.5,802
MOEX:LKOH,2022-12-14T10:46:00+03:00,4566.0,4567.0,4565.0,4566.5,402
MOEX:LKOH,2022-12-14T10:47:00+03:00,4566.5,4567.0,4565.5,4567.0,473
MOEX:LKOH,2022-12-14T10:48:00+03:00,4567.0,4568.0,4566.5,4568.0,600
MOEX:LKOH,2022-12-14T10:49:00+03:00,4567.5,4569.0,4567.5,4569.0,234
MOEX:LKOH,2022-12-14T10:50:00+03:00,4569.0,4569.0,4567.0,4568.0,372
MOEX:LKOH,2022-12-14T10:51:00+03:00,4568.0,4568.0,4567.0,4567.5,107
MOEX:LKOH,2022-12-14T10:52:00+03:00,4567.0,4567.0,4565.5,4566.0,752
MOEX:LKOH,2022-12-14T10:53:00+03:00,4566.5,4567.0,4565.5,4565.5,1700
MOEX:LKOH,2022-12-14T10:54:00+03:00,4565.5,4566.0,4565.5,4566.0,193
MOEX:LKOH,2022-12-14T10:55:00+03:00,4565.5,4566.0,4565.5,4566.0,66
MOEX:LKOH,2022-12-14T10:56:00+03:00,4566.0,4566.0,4565.5,4566.0,483
MOEX:LKOH,2022-12-14T10:57:00+03:00,4565.5,4566.0,4564.5,4565.0,640
MOEX:LKOH,2022-12-14T10:58:00+03:00,4564.5,4565.0,4564.5,4564.5,361
MOEX:LKOH,2022-12-14T10:59:00+03:00,4564.5,4564.5,4564.0,4564.0,494
MOEX:LKOH,2022-12-14T11:00:00+03:00,4564.0,4564.5,4564.0,4564.5,274
MOEX:LKOH,2022-12-14T11:01:00+03:00,4564.5,4564.5,4564.0,4564.5,109
MOEX:LKOH,2022-12-14T11:02:00+03:00,4564.0,4564.5,4564.0,4564.0,234
MOEX:LKOH,2022-12-14T11:03:00+03:00,4564.0,4564.5,4563.5,4564.5,339
MOEX:LKOH,2022-12-14T11:04:00+03:00,4564.5,4566.0,4564.0,4564.5,1593
MOEX:LKOH,2022-12-14T11:05:00+03:00,4565.0,4568.5,4565.0,4565.5,1711
MOEX:LKOH,2022-12-14T11:06:00+03:00,4565.5,4567.0,4564.5,4564.5,482
MOEX:LKOH,2022-12-14T11:07:00+03:00,4565.0,4565.0,4564.0,4564.5,1171
MOEX:LKOH,2022-12-14T11:08:00+03:00,4564.5,4565.0,4564.0,4564.5,738
MOEX:LKOH,2022-12-14T11:09:00+03:00,4564.5,4565.0,4561.0,4561.5,4241
MOEX:LKOH,2022-12-14T11:10:00+03:00,4561.5,4565.0,4561.5,4564.0,1162
MOEX:LKOH,2022-12-14T11:11:00+03:00,4564.0,4564.0,4562.5,4563.0,165
MOEX:LKOH,2022-12-14T11:12:00+03:00,4563.0,4565.0,4563.0,4565.0,785
MOEX:LKOH,2022-12-14T11:13:00+03:00,4565.0,4565.0,4563.5,4564.5,149
MOEX:LKOH,2022-12-14T11:14:00+03:00,4564.5,4565.0,4564.0,4565.0,341
MOEX:LKOH,2022-12-14T11:15:00+03:00,4565.0,4565.0,4565.0,4565.0,32
MOEX:LKOH,2022-12-14T11:16:00+03:00,4565.0,4565.0,4565.0,4565.0,287
MOEX:LKOH,2022-12-14T11:17:00+03:00,4565.0,4565.0,4564.5,4565.0,45
MOEX:LKOH,2022-12-14T11:18:00+03:00,4565.0,4565.0,4564.0,4564.0,40
MOEX:LKOH,2022-12-14T11:19:00+03:00,4564.5,4565.0,4564.0,4564.0,383
MOEX:LKOH,2022-12-14T11:20:00+03:00,4564.5,4565.0,4564.5,4565.0,1118
MOEX:LKOH,2022-12-14T11:21:00+03:00,4565.0,4565.0,4560.0,4561.5,5857
MOEX:LKOH,2022-12-14T11:22:00+03:00,4561.5,4563.5,4561.0,4563.5,228
MOEX:LKOH,2022-12-14T11:23:00+03:00,4563.5,4565.0,4562.0,4565.0,1551
MOEX:LKOH,2022-12-14T11:24:00+03:00,4564.5,4565.0,4561.0,4563.5,1886
MOEX:LKOH,2022-12-14T11:25:00+03:00,4563.5,4565.0,4563.5,4565.0,639
MOEX:LKOH,2022-12-14T11:26:00+03:00,4565.0,4565.0,4563.5,4563.5,684
MOEX:LKOH,2022-12-14T11:27:00+03:00,4563.5,4565.5,4563.5,4565.5,1240
MOEX:LKOH,2022-12-14T11:28:00+03:00,4565.5,4568.0,4565.0,4566.5,569
MOEX:LKOH,2022-12-14T11:29:00+03:00,4567.5,4568.0,4566.0,4567.0,492
MOEX:LKOH,2022-12-14T11:30:00+03:00,4566.0,4568.0,4566.0,4567.0,215
MOEX:LKOH,2022-12-14T11:31:00+03:00,4567.0,4567.5,4566.0,4566.5,269
MOEX:LKOH,2022-12-14T11:32:00+03:00,4566.5,4569.0,4566.5,4568.5,698
MOEX:LKOH,2022-12-14T11:33:00+03:00,4568.5,4569.5,4567.5,4569.5,402
MOEX:LKOH,2022-12-14T11:34:00+03:00,4569.5,4570.0,4568.0,4569.5,712
MOEX:LKOH,2022-12-14T11:35:00+03:00,4569.5,4571.5,4568.5,4570.5,879
MOEX:LKOH,2022-12-14T11:36:00+03:00,4571.0,4572.5,4570.5,4572.0,1256
MOEX:LKOH,2022-12-14T11:37:00+03:00,4572.0,4572.0,4571.5,4571.5,231
MOEX:LKOH,2022-12-14T11:38:00+03:00,4571.5,4572.0,4571.0,4571.5,468
MOEX:LKOH,2022-12-14T11:39:00+03:00,4571.5,4572.0,4569.5,4570.0,991
MOEX:LKOH,2022-12-14T11:40:00+03:00,4570.0,4570.0,4569.0,4569.5,131
MOEX:LKOH,2022-12-14T11:41:00+03:00,4570.0,4570.0,4565.0,4569.0,961
MOEX:LKOH,2022-12-14T11:42:00+03:00,4569.0,4569.5,4568.0,4568.5,177
MOEX:LKOH,2022-12-14T11:43:00+03:00,4568.5,4568.5,4568.0,4568.0,124
MOEX:LKOH,2022-12-14T11:44:00+03:00,4568.0,4569.0,4568.0,4568.5,897
MOEX:LKOH,2022-12-14T11:45:00+03:00,4568.5,4568.5,4565.5,4568.0,855
MOEX:LKOH,2022-12-14T11:46:00+03:00,4567.5,4568.0,4565.5,4566.0,1116
MOEX:LKOH,2022-12-14T11:47:00+03:00,4566.0,4567.5,4565.5,4567.0,2150
MOEX:LKOH,2022-12-14T11:48:00+03:00,4567.0,4568.5,4566.5,4568.5,912
MOEX:LKOH,2022-12-14T11:49:00+03:00,4567.5,4568.0,4567.0,4568.0,152
MOEX:LKOH,2022-12-14T11:50:00+03:00,4567.0,4569.0,4567.0,4569.0,667
MOEX:LKOH,2022-12-14T11:51:00+03:00,4568.0,4569.0,4567.0,4569.0,427
MOEX:LKOH,2022-12-14T11:52:00+03:00,4569.0,4569.0,4569.0,4569.0,60
MOEX:LKOH,2022-12-14T11:53:00+03:00,4569.5,4570.0,4569.0,4569.5,1327
MOEX:LKOH,2022-12-14T11:54:00+03:00,4570.5,4571.0,4569.5,4571.0,575
MOEX:LKOH,2022-12-14T11:55:00+03:00,4570.5,4572.0,4570.5,4572.0,598
MOEX:LKOH,2022-12-14T11:56:00+03:00,4572.0,4572.0,4571.0,4571.5,299
MOEX:LKOH,2022-12-14T11:57:00+03:00,4571.0,4572.0,4571.0,4572.0,419
MOEX:LKOH,2022-12-14T11:58:00+03:00,4572.0,4572.0,4571.5,4572.0,648
MOEX:LKOH,2022-12-14T11:59:00+03:00,4572.0,4572.0,4569.0,4569.0,3747
MOEX:LKOH,2022-12-14T12:00:00+03:00,4569.0,4570.0,4569.0,4570.0,828
MOEX:LKOH,2022-12-14T12:01:00+03:00,4570.0,4570.0,4569.0,4570.0,51
MOEX:LKOH,2022-12-14T12:02:00+03:00,4570.0,4572.0,4569.0,4570.0,522
MOEX:LKOH,2022-12-14T12:03:00+03:00,4571.0,4572.0,4570.0,4572.0,170
MOEX:LKOH,2022-12-14T12:04:00+03:00,4571.5,4572.0,4571.5,4571.5,194
MOEX:LKOH,2022-12-14T12:05:00+03:00,4572.0,4572.0,4571.0,4572.0,1766
MOEX:LKOH,2022-12-14T12:06:00+03:00,4571.5,4571.5,4571.0,4571.5,527
MOEX:LKOH,2022-12-14T12:07:00+03:00,4571.0,4571.5,4571.0,4571.0,95
MOEX:LKOH,2022-12-14T12:08:00+03:00,4571.5,4571.5,4571.0,4571.5,74
MOEX:LKOH,2022-12-14T12:09:00+03:00,4571.0,4571.5,4571.0,4571.5,193
MOEX:LKOH,2022-12-14T12:10:00+03:00,4571.5,4572.0,4571.0,4572.0,1767
MOEX:LKOH,2022-12-14T12:11:00+03:00,4571.5,4571.5,4571.0,4571.5,343
MOEX:LKOH,2022-12-14T12:12:00+03:00,4571.0,4572.0,4571.0,4571.5,621
MOEX:LKOH,2022-12-14T12:13:00+03:00,4571.5,4571.5,4571.0,4571.5,218
MOEX:LKOH,2022-12-14T12:14:00+03:00,4571.5,4572.0,4570.5,4571.5,596
MOEX:LKOH,2022-12-14T12:15:00+03:00,4572.0,4573.0,4571.0,4573.0,836
MOEX:LKOH,2022-12-14T12:16:00+03:00,4573.0,4574.0,4571.5,4573.5,1263
MOEX:LKOH,2022-12-14T12:17:00+03:00,4573.0,4574.0,4572.5,4573.0,287
MOEX:LKOH,2022-12-14T12:18:00+03:00,4573.5,4576.0,4573.5,4576.0,2896
MOEX:LKOH,2022-12-14T12:19:00+03:00,4575.5,4585.0,4574.5,4584.5,18854
MOEX:LKOH,2022-12-14T12:20:00+03:00,4584.5,4585.0,4567.0,4584.5,26361
MOEX:LKOH,2022-12-14T12:21:00+03:00,4584.5,4589.0,4584.5,4589.0,6929
MOEX:LKOH,2022-12-14T12:22:00+03:00,4588.5,4597.0,4588.5,4596.0,7926
MOEX:LKOH,2022-12-14T12:23:00+03:00,4597.0,4600.0,4592.0,4592.5,11684
MOEX:LKOH,2022-12-14T12:24:00+03:00,4592.5,4598.0,4591.0,4594.0,4828
MOEX:LKOH,2022-12-14T12:25:00+03:00,4593.5,4598.0,4592.5,4596.5,5180
MOEX:LKOH,2022-12-14T12:26:00+03:00,4596.5,4599.0,4596.0,4596.0,7912
MOEX:LKOH,2022-12-14T12:27:00+03:00,4596.5,4598.0,4595.5,4597.5,4652
MOEX:LKOH,2022-12-14T12:28:00+03:00,4597.0,4598.0,4595.5,4597.0,2650
MOEX:LKOH,2022-12-14T12:29:00+03:00,4596.5,4598.0,4594.0,4595.0,4320
MOEX:LKOH,2022-12-14T12:30:00+03:00,4595.0,4596.0,4594.0,4594.0,1175
MOEX:LKOH,2022-12-14T12:31:00+03:00,4594.5,4594.5,4590.5,4594.0,4505
MOEX:LKOH,2022-12-14T12:32:00+03:00,4593.5,4595.0,4593.0,4594.0,3271
MOEX:LKOH,2022-12-14T12:33:00+03:00,4594.0,4594.0,4593.0,4593.0,1042
MOEX:LKOH,2022-12-14T12:34:00+03:00,4593.5,4594.0,4593.0,4594.0,528
MOEX:LKOH,2022-12-14T12:35:00+03:00,4594.0,4594.0,4593.5,4594.0,519
MOEX:LKOH,2022-12-14T12:36:00+03:00,4594.0,4595.0,4594.0,4595.0,943
MOEX:LKOH,2022-12-14T12:37:00+03:00,4595.0,4596.0,4594.5,4596.0,2083
MOEX:LKOH,2022-12-14T12:38:00+03:00,4596.0,4596.5,4595.0,4596.0,763
MOEX:LKOH,2022-12-14T12:39:00+03:00,4597.0,4598.0,4596.0,4598.0,2102
MOEX:LKOH,2022-12-14T12:40:00+03:00,4598.0,4598.0,4596.5,4597.0,1492
MOEX:LKOH,2022-12-14T12:41:00+03:00,4598.0,4599.0,4597.5,4599.0,2769
MOEX:LKOH,2022-12-14T12:42:00+03:00,4598.5,4599.0,4598.0,4598.5,1094
MOEX:LKOH,2022-12-14T12:43:00+03:00,4599.0,4600.0,4598.0,4599.0,3807
MOEX:LKOH,2022-12-14T12:44:00+03:00,4599.0,4599.0,4595.0,4595.5,1689
MOEX:LKOH,2022-12-14T12:45:00+03:00,4595.5,4598.5,4595.0,4598.0,907
MOEX:LKOH,2022-12-14T12:46:00+03:00,4598.5,4599.0,4598.0,4599.0,632
MOEX:LKOH,2022-12-14T12:47:00+03:00,4598.5,4599.0,4598.0,4599.0,3145
MOEX:LKOH,2022-12-14T12:48:00+03:00,4598.5,4599.0,4596.5,4597.0,2091
MOEX:LKOH,2022-12-14T12:49:00+03:00,4597.0,4598.0,4597.0,4597.5,649
MOEX:LKOH,2022-12-14T12:50:00+03:00,4598.0,4599.0,4597.0,4597.5,1012
MOEX:LKOH,2022-12-14T12:51:00+03:00,4597.5,4599.0,4597.5,4599.0,1019
MOEX:LKOH,2022-12-14T12:52:00+03:00,4599.0,4599.0,4596.0,4597.5,1206
MOEX:LKOH,2022-12-14T12:53:00+03:00,4597.0,4597.5,4595.5,4595.5,438
MOEX:LKOH,2022-12-14T12:54:00+03:00,4596.0,4596.5,4595.0,4596.0,892
MOEX:LKOH,2022-12-14T12:55:00+03:00,4595.5,4597.0,4595.5,4597.0,619
MOEX:LKOH,2022-12-14T12:56:00+03:00,4596.5,4597.5,4595.0,4597.0,1258
MOEX:LKOH,2022-12-14T12:57:00+03:00,4597.0,4597.5,4596.0,4597.0,676
MOEX:LKOH,2022-12-14T12:58:00+03:00,4596.5,4597.0,4596.5,4597.0,340
MOEX:LKOH,2022-12-14T12:59:00+03:00,4597.0,4597.0,4593.5,4593.5,1360
MOEX:LKOH,2022-12-14T13:00:00+03:00,4593.5,4594.5,4590.5,4594.5,2423
MOEX:LKOH,2022-12-14T13:01:00+03:00,4594.5,4598.0,4591.0,4592.0,5178
MOEX:LKOH,2022-12-14T13:02:00+03:00,4591.0,4592.0,4590.0,4591.0,1286
MOEX:LKOH,2022-12-14T13:03:00+03:00,4592.0,4594.0,4591.0,4593.0,338
MOEX:LKOH,2022-12-14T13:04:00+03:00,4594.0,4595.0,4593.0,4594.5,364
MOEX:LKOH,2022-12-14T13:05:00+03:00,4594.5,4596.5,4594.5,4596.5,220
MOEX:LKOH,2022-12-14T13:06:00+03:00,4596.5,4596.5,4596.0,4596.5,186
MOEX:LKOH,2022-12-14T13:07:00+03:00,4596.5,4598.0,4595.0,4596.0,725
MOEX:LKOH,2022-12-14T13:08:00+03:00,4596.5,4597.0,4596.0,4597.0,157
MOEX:LKOH,2022-12-14T13:09:00+03:00,4596.5,4597.5,4595.0,4595.0,847
MOEX:LKOH,2022-12-14T13:10:00+03:00,4596.5,4598.0,4595.5,4597.0,1100
MOEX:LKOH,2022-12-14T13:11:00+03:00,4597.5,4598.0,4596.0,4597.0,701
MOEX:LKOH,2022-12-14T13:12:00+03:00,4598.0,4598.0,4597.0,4598.0,270
MOEX:LKOH,2022-12-14T13:13:00+03:00,4598.0,4598.5,4597.5,4598.5,735
MOEX:LKOH,2022-12-14T13:14:00+03:00,4598.0,4599.0,4597.5,4598.5,819
MOEX:LKOH,2022-12-14T13:15:00+03:00,4598.0,4599.0,4597.5,4598.5,1739
MOEX:LKOH,2022-12-14T13:16:00+03:00,4598.5,4600.0,4598.0,4599.0,3469
MOEX:LKOH,2022-12-14T13:17:00+03:00,4599.0,4603.0,4598.5,4602.0,3408
MOEX:LKOH,2022-12-14T13:18:00+03:00,4602.0,4602.5,4599.0,4600.0,1331
MOEX:LKOH,2022-12-14T13:19:00+03:00,4601.0,4604.0,4601.0,4601.5,2411
MOEX:LKOH,2022-12-14T13:20:00+03:00,4601.5,4602.0,4601.0,4602.0,1092
MOEX:LKOH,2022-12-14T13:21:00+03:00,4602.0,4602.0,4600.0,4601.5,3011
MOEX:LKOH,2022-12-14T13:22:00+03:00,4602.0,4602.0,4600.5,4601.0,741
MOEX:LKOH,2022-12-14T13:23:00+03:00,4601.0,4601.0,4600.0,4600.5,635
MOEX:LKOH,2022-12-14T13:24:00+03:00,4600.5,4602.0,4599.5,4599.5,2192
MOEX:LKOH,2022-12-14T13:25:00+03:00,4599.0,4600.0,4598.0,4600.0,4045
MOEX:LKOH,2022-12-14T13:26:00+03:00,4599.5,4600.0,4599.5,4600.0,532
MOEX:LKOH,2022-12-14T13:27:00+03:00,4600.0,4600.0,4599.5,4600.0,405
MOEX:LKOH,2022-12-14T13:28:00+03:00,4599.5,4600.0,4599.0,4599.0,1113
MOEX:LKOH,2022-12-14T13:29:00+03:00,4599.5,4600.0,4599.0,4599.5,300
MOEX:LKOH,2022-12-14T13:30:00+03:00,4600.0,4600.0,4597.0,4597.0,3139
MOEX:LKOH,2022-12-14T13:31:00+03:00,4597.0,4597.0,4596.0,4596.5,303
MOEX:LKOH,2022-12-14T13:32:00+03:00,4596.5,4598.0,4595.5,4596.0,1196
MOEX:LKOH,2022-12-14T13:33:00+03:00,4597.0,4600.0,4597.0,4598.0,1134
MOEX:LKOH,2022-12-14T13:34:00+03:00,4599.0,4600.0,4598.0,4598.5,1187
MOEX:LKOH,2022-12-14T13:35:00+03:00,4598.5,4600.0,4598.5,4599.5,334
MOEX:LKOH,2022-12-14T13:36:00+03:00,4599.0,4599.0,4598.5,4599.0,342
MOEX:LKOH,2022-12-14T13:37:00+03:00,4599.0,4599.0,4598.5,4599.0,382
MOEX:LKOH,2022-12-14T13:38:00+03:00,4598.5,4599.5,4598.5,4599.5,652
MOEX:LKOH,2022-12-14T13:39:00+03:00,4599.5,4600.0,4599.0,4600.0,241
MOEX:LKOH,2022-12-14T13:40:00+03:00,4599.5,4600.0,4599.5,4600.0,343
MOEX:LKOH,2022-12-14T13:41:00+03:00,4600.0,4600.0,4600.0,4600.0,1116
MOEX:LKOH,2022-12-14T13:42:00+03:00,4600.0,4600.0,4599.5,4600.0,1056
MOEX:LKOH,2022-12-14T13:43:00+03:00,4600.0,4600.0,4599.0,4599.5,1749
MOEX:LKOH,2022-12-14T13:44:00+03:00,4599.5,4599.5,4599.0,4599.0,273
MOEX:LKOH,2022-12-14T13:45:00+03:00,4599.0,4599.0,4597.5,4598.5,627
MOEX:LKOH,2022-12-14T13:46:00+03:00,4598.5,4598.5,4597.5,4598.0,232
MOEX:LKOH,2022-12-14T13:47:00+03:00,4597.5,4599.0,4597.5,4598.5,534
MOEX:LKOH,2022-12-14T13:48:00+03:00,4599.0,4599.0,4597.5,4597.5,143
MOEX:LKOH,2022-12-14T13:49:00+03:00,4598.0,4599.0,4598.0,4599.0,385
MOEX:LKOH,2022-12-14T13:50:00+03:00,4599.0,4599.0,4598.0,4598.5,238
MOEX:LKOH,2022-12-14T13:51:00+03:00,4599.0,4599.0,4597.5,4597.5,253
MOEX:LKOH,2022-12-14T13:52:00+03:00,4599.0,4600.0,4598.0,4599.0,734
MOEX:LKOH,2022-12-14T13:53:00+03:00,4599.0,4600.0,4599.0,4599.5,1102
MOEX:LKOH,2022-12-14T13:54:00+03:00,4600.0,4600.0,4600.0,4600.0,716
MOEX:LKOH,2022-12-14T13:55:00+03:00,4600.0,4600.0,4599.0,4600.0,1341
MOEX:LKOH,2022-12-14T13:56:00+03:00,4600.0,4600.0,4599.0,4600.0,482
MOEX:LKOH,2022-12-14T13:57:00+03:00,4599.5,4600.0,4598.0,4599.5,769
MOEX:LKOH,2022-12-14T13:58:00+03:00,4599.5,4600.0,4598.5,4599.5,226
MOEX:LKOH,2022-12-14T13:59:00+03:00,4599.5,4600.0,4599.0,4599.0,296
MOEX:LKOH,2022-12-14T14:00:00+03:00,4599.0,4600.0,4598.0,4599.0,621
MOEX:LKOH,2022-12-14T14:01:00+03:00,4599.5,4599.5,4599.0,4599.0,184
MOEX:LKOH,2022-12-14T14:02:00+03:00,4599.5,4599.5,4599.0,4599.0,66
MOEX:LKOH,2022-12-14T14:03:00+03:00,4599.0,4599.0,4594.5,4594.5,3656
MOEX:LKOH,2022-12-14T14:04:00+03:00,4595.0,4595.0,4594.5,4595.0,174
MOEX:LKOH,2022-12-14T14:05:00+03:00,4595.0,4595.5,4590.0,4592.5,3847
MOEX:LKOH,2022-12-14T14:06:00+03:00,4593.0,4597.0,4593.0,4595.0,484
MOEX:LKOH,2022-12-14T14:07:00+03:00,4594.5,4595.0,4592.5,4592.5,428
MOEX:LKOH,2022-12-14T14:08:00+03:00,4592.5,4593.5,4585.5,4586.0,4604
MOEX:LKOH,2022-12-14T14:09:00+03:00,4586.0,4591.5,4586.0,4591.5,822
MOEX:LKOH,2022-12-14T14:10:00+03:00,4591.0,4593.5,4590.5,4593.0,887
MOEX:LKOH,2022-12-14T14:11:00+03:00,4592.5,4595.0,4591.5,4594.5,574
MOEX:LKOH,2022-12-14T14:12:00+03:00,4594.5,4596.5,4594.0,4596.0,224
MOEX:LKOH,2022-12-14T14:13:00+03:00,4596.0,4596.5,4595.0,4596.5,530
MOEX:LKOH,2022-12-14T14:14:00+03:00,4596.5,4596.5,4595.0,4595.0,316
MOEX:LKOH,2022-12-14T14:15:00+03:00,4595.5,4595.5,4591.5,4593.0,492
MOEX:LKOH,2022-12-14T14:16:00+03:00,4595.0,4595.0,4591.5,4593.0,576
MOEX:LKOH,2022-12-14T14:17:00+03:00,4592.0,4593.5,4591.5,4593.5,192
MOEX:LKOH,2022-12-14T14:18:00+03:00,4592.5,4593.5,4591.5,4593.5,98
MOEX:LKOH,2022-12-14T14:19:00+03:00,4593.5,4593.5,4591.5,4591.5,114
MOEX:LKOH,2022-12-14T14:20:00+03:00,4592.0,4593.0,4591.5,4593.0,112
MOEX:LKOH,2022-12-14T14:21:00+03:00,4593.0,4593.0,4592.0,4592.0,89
MOEX:LKOH,2022-12-14T14:22:00+03:00,4592.5,4594.0,4592.0,4593.0,179
MOEX:LKOH,2022-12-14T14:23:00+03:00,4593.0,4594.0,4592.5,4593.5,60
MOEX:LKOH,2022-12-14T14:24:00+03:00,4593.5,4593.5,4592.0,4592.0,52
MOEX:LKOH,2022-12-14T14:25:00+03:00,4592.0,4594.0,4592.0,4592.0,373
MOEX:LKOH,2022-12-14T14:26:00+03:00,4593.5,4595.0,4593.5,4593.5,565
MOEX:LKOH,2022-12-14T14:27:00+03:00,4593.5,4595.0,4593.5,4594.5,236
MOEX:LKOH,2022-12-14T14:28:00+03:00,4594.0,4595.0,4593.0,4595.0,46
MOEX:LKOH,2022-12-14T14:29:00+03:00,4594.5,4595.0,4594.0,4595.0,223
MOEX:LKOH,2022-12-14T14:30:00+03:00,4594.5,4594.5,4592.5,4593.0,1071
MOEX:LKOH,2022-12-14T14:31:00+03:00,4593.0,4594.0,4592.0,4594.0,516
MOEX:LKOH,2022-12-14T14:32:00+03:00,4593.5,4594.5,4592.5,4594.5,891
MOEX:LKOH,2022-12-14T14:33:00+03:00,4594.0,4595.0,4592.0,4592.0,1723
MOEX:LKOH,2022-12-14T14:34:00+03:00,4592.0,4593.5,4591.5,4593.5,1323
MOEX:LKOH,2022-12-14T14:35:00+03:00,4592.5,4593.5,4591.5,4592.0,250
MOEX:LKOH,2022-12-14T14:36:00+03:00,4592.0,4596.5,4591.5,4593.5,1508
MOEX:LKOH,2022-12-14T14:37:00+03:00,4593.0,4596.0,4593.0,4596.0,465
MOEX:LKOH,2022-12-14T14:38:00+03:00,4595.0,4596.0,4594.0,4594.5,192
MOEX:LKOH,2022-12-14T14:39:00+03:00,4594.5,4595.5,4594.5,4595.0,84
MOEX:LKOH,2022-12-14T14:40:00+03:00,4595.5,4597.0,4594.5,4595.0,914
MOEX:LKOH,2022-12-14T14:41:00+03:00,4595.0,4595.0,4594.0,4594.5,566
MOEX:LKOH,2022-12-14T14:42:00+03:00,4594.5,4594.5,4594.5,4594.5,105
MOEX:LKOH,2022-12-14T14:43:00+03:00,4594.5,4595.0,4594.0,4595.0,324
MOEX:LKOH,2022-12-14T14:44:00+03:00,4595.0,4595.0,4594.0,4595.0,232
MOEX:LKOH,2022-12-14T14:45:00+03:00,4594.0,4595.0,4594.0,4594.5,117
MOEX:LKOH,2022-12-14T14:46:00+03:00,4594.0,4595.0,4594.0,4595.0,333
MOEX:LKOH,2022-12-14T14:47:00+03:00,4594.5,4594.5,4594.0,4594.5,134
MOEX:LKOH,2022-12-14T14:48:00+03:00,4594.0,4595.0,4594.0,4595.0,279
MOEX:LKOH,2022-12-14T14:49:00+03:00,4594.5,4594.5,4591.0,4592.0,1675
MOEX:LKOH,2022-12-14T14:50:00+03:00,4592.0,4594.5,4591.5,4594.5,271
MOEX:LKOH,2022-12-14T14:51:00+03:00,4594.0,4595.0,4594.0,4595.0,140
MOEX:LKOH,2022-12-14T14:52:00+03:00,4594.5,4595.0,4594.0,4595.0,106
MOEX:LKOH,2022-12-14T14:53:00+03:00,4595.0,4595.0,4593.0,4593.0,278
MOEX:LKOH,2022-12-14T14:54:00+03:00,4594.0,4594.0,4593.0,4593.5,25
MOEX:LKOH,2022-12-14T14:55:00+03:00,4594.0,4595.5,4594.0,4595.5,124
MOEX:LKOH,2022-12-14T14:56:00+03:00,4595.5,4595.5,4593.0,4593.5,416
MOEX:LKOH,2022-12-14T14:57:00+03:00,4593.5,4594.5,4593.0,4594.0,213
MOEX:LKOH,2022-12-14T14:58:00+03:00,4594.0,4595.0,4593.0,4594.5,340
MOEX:LKOH,2022-12-14T14:59:00+03:00,4594.0,4596.5,4594.0,4596.0,398
MOEX:LKOH,2022-12-14T15:00:00+03:00,4596.5,4597.0,4593.0,4597.0,1288
MOEX:LKOH,2022-12-14T15:01:00+03:00,4597.0,4597.0,4595.0,4595.5,491
MOEX:LKOH,2022-12-14T15:02:00+03:00,4595.5,4596.0,4595.5,4596.0,346
MOEX:LKOH,2022-12-14T15:03:00+03:00,4596.0,4597.0,4595.0,4597.0,580
MOEX:LKOH,2022-12-14T15:04:00+03:00,4596.0,4596.5,4595.0,4596.5,256
MOEX:LKOH,2022-12-14T15:05:00+03:00,4596.5,4596.5,4595.5,4596.5,159
MOEX:LKOH,2022-12-14T15:06:00+03:00,4596.5,4597.5,4596.0,4596.0,395
MOEX:LKOH,2022-12-14T15:07:00+03:00,4596.0,4597.0,4596.0,4597.0,269
MOEX:LKOH,2022-12-14T15:08:00+03:00,4596.0,4597.5,4595.5,4597.0,233
MOEX:LKOH,2022-12-14T15:09:00+03:00,4597.5,4597.5,4596.5,4597.0,302
MOEX:LKOH,2022-12-14T15:10:00+03:00,4597.0,4597.0,4596.0,4597.0,279
MOEX:LKOH,2022-12-14T15:11:00+03:00,4597.0,4597.0,4596.0,4596.0,236
MOEX:LKOH,2022-12-14T15:12:00+03:00,4596.0,4597.0,4595.5,4596.5,258
MOEX:LKOH,2022-12-14T15:13:00+03:00,4596.5,4597.0,4595.5,4597.0,849
MOEX:LKOH,2022-12-14T15:14:00+03:00,4597.0,4597.0,4595.0,4596.5,719
MOEX:LKOH,2022-12-14T15:15:00+03:00,4596.5,4597.0,4595.5,4597.0,239
MOEX:LKOH,2022-12-14T15:16:00+03:00,4597.0,4597.0,4596.5,4597.0,319
MOEX:LKOH,2022-12-14T15:17:00+03:00,4597.0,4597.0,4595.5,4596.0,550
MOEX:LKOH,2022-12-14T15:18:00+03:00,4596.0,4597.0,4595.5,4595.5,649
MOEX:LKOH,2022-12-14T15:19:00+03:00,4595.0,4596.5,4594.5,4594.5,733
MOEX:LKOH,2022-12-14T15:20:00+03:00,4594.5,4594.5,4594.0,4594.0,73
MOEX:LKOH,2022-12-14T15:21:00+03:00,4594.5,4595.0,4594.0,4594.5,178
MOEX:LKOH,2022-12-14T15:22:00+03:00,4595.0,4595.0,4594.5,4595.0,373
MOEX:LKOH,2022-12-14T15:23:00+03:00,4595.0,4595.0,4594.0,4594.0,307
MOEX:LKOH,2022-12-14T15:24:00+03:00,4594.0,4594.0,4592.5,4594.0,420
MOEX:LKOH,2022-12-14T15:25:00+03:00,4593.5,4593.5,4592.0,4592.0,285
MOEX:LKOH,2022-12-14T15:26:00+03:00,4592.5,4594.0,4592.0,4593.0,618
MOEX:LKOH,2022-12-14T15:27:00+03:00,4593.0,4594.5,4593.0,4594.0,233
MOEX:LKOH,2022-12-14T15:28:00+03:00,4594.0,4595.0,4593.0,4595.0,306
MOEX:LKOH,2022-12-14T15:29:00+03:00,4595.0,4595.0,4594.5,4594.5,510
MOEX:LKOH,2022-12-14T15:30:00+03:00,4594.5,4595.0,4594.0,4594.0,2356
MOEX:LKOH,2022-12-14T15:31:00+03:00,4594.5,4595.0,4594.0,4595.0,464
MOEX:LKOH,2022-12-14T15:32:00+03:00,4595.0,4595.0,4594.0,4594.5,1398
MOEX:LKOH,2022-12-14T15:33:00+03:00,4594.5,4595.0,4594.0,4594.5,975
MOEX:LKOH,2022-12-14T15:34:00+03:00,4595.0,4595.0,4594.5,4594.5,563
MOEX:LKOH,2022-12-14T15:35:00+03:00,4594.5,4595.0,4593.0,4594.0,687
MOEX:LKOH,2022-12-14T15:36:00+03:00,4593.0,4594.5,4593.0,4593.5,412
MOEX:LKOH,2022-12-14T15:37:00+03:00,4593.5,4595.0,4593.0,4593.5,2925
MOEX:LKOH,2022-12-14T15:38:00+03:00,4593.5,4595.0,4592.5,4594.0,1169
MOEX:LKOH,2022-12-14T15:39:00+03:00,4594.0,4594.0,4593.0,4594.0,106
MOEX:LKOH,2022-12-14T15:40:00+03:00,4594.0,4597.0,4591.5,4592.5,5524
MOEX:LKOH,2022-12-14T15:41:00+03:00,4592.5,4594.0,4592.0,4593.5,337
MOEX:LKOH,2022-12-14T15:42:00+03:00,4593.5,4597.0,4593.0,4595.5,3071
MOEX:LKOH,2022-12-14T15:43:00+03:00,4595.5,4596.0,4593.5,4593.5,204
MOEX:LKOH,2022-12-14T15:44:00+03:00,4593.0,4594.0,4593.0,4593.0,536
MOEX:LKOH,2022-12-14T15:45:00+03:00,4592.5,4593.5,4592.0,4593.5,241
MOEX:LKOH,2022-12-14T15:46:00+03:00,4593.5,4595.0,4593.0,4594.0,1729
MOEX:LKOH,2022-12-14T15:47:00+03:00,4594.0,4594.0,4593.0,4593.5,274
MOEX:LKOH,2022-12-14T15:48:00+03:00,4593.0,4593.5,4592.0,4592.0,213
MOEX:LKOH,2022-12-14T15:49:00+03:00,4592.0,4593.0,4591.5,4593.0,240
MOEX:LKOH,2022-12-14T15:50:00+03:00,4593.0,4594.0,4592.5,4594.0,1660
MOEX:LKOH,2022-12-14T15:51:00+03:00,4593.5,4594.0,4592.0,4593.0,751
MOEX:LKOH,2022-12-14T15:52:00+03:00,4593.0,4593.5,4592.5,4593.5,148
MOEX:LKOH,2022-12-14T15:53:00+03:00,4593.0,4593.5,4592.5,4592.5,423
MOEX:LKOH,2022-12-14T15:54:00+03:00,4593.0,4594.0,4592.0,4593.5,314
MOEX:LKOH,2022-12-14T15:55:00+03:00,4593.5,4594.0,4592.0,4592.5,1394
MOEX:LKOH,2022-12-14T15:56:00+03:00,4593.0,4593.5,4591.0,4592.0,746
MOEX:LKOH,2022-12-14T15:57:00+03:00,4593.0,4593.0,4591.0,4592.5,425
MOEX:LKOH,2022-12-14T15:58:00+03:00,4592.0,4593.5,4592.0,4592.5,348
MOEX:LKOH,2022-12-14T15:59:00+03:00,4593.0,4593.5,4592.0,4593.0,316
MOEX:LKOH,2022-12-14T16:00:00+03:00,4593.0,4593.5,4592.0,4593.0,1057
MOEX:LKOH,2022-12-14T16:01:00+03:00,4593.0,4593.5,4592.5,4593.5,687
MOEX:LKOH,2022-12-14T16:02:00+03:00,4593.0,4593.0,4592.0,4592.5,309
MOEX:LKOH,2022-12-14T16:03:00+03:00,4592.5,4593.5,4592.0,4592.5,221
MOEX:LKOH,2022-12-14T16:04:00+03:00,4592.0,4593.0,4592.0,4593.0,126
MOEX:LKOH,2022-12-14T16:05:00+03:00,4593.0,4593.5,4592.5,4593.5,222
MOEX:LKOH,2022-12-14T16:06:00+03:00,4593.0,4594.0,4593.0,4594.0,1390
MOEX:LKOH,2022-12-14T16:07:00+03:00,4593.0,4593.5,4592.0,4592.0,910
MOEX:LKOH,2022-12-14T16:08:00+03:00,4592.5,4592.5,4592.0,4592.5,398
MOEX:LKOH,2022-12-14T16:09:00+03:00,4593.0,4593.0,4592.5,4593.0,100
MOEX:LKOH,2022-12-14T16:10:00+03:00,4593.0,4593.5,4592.0,4593.0,1177
MOEX:LKOH,2022-12-14T16:11:00+03:00,4592.5,4595.0,4592.0,4595.0,3606
MOEX:LKOH,2022-12-14T16:12:00+03:00,4593.5,4595.0,4593.5,4595.0,467
MOEX:LKOH,2022-12-14T16:13:00+03:00,4594.0,4595.0,4593.5,4594.5,302
MOEX:LKOH,2022-12-14T16:14:00+03:00,4594.5,4594.5,4594.0,4594.0,158
MOEX:LKOH,2022-12-14T16:15:00+03:00,4594.0,4595.0,4594.0,4594.5,543
MOEX:LKOH,2022-12-14T16:16:00+03:00,4595.0,4595.0,4594.5,4595.0,340
MOEX:LKOH,2022-12-14T16:17:00+03:00,4595.0,4595.0,4594.0,4594.5,192
MOEX:LKOH,2022-12-14T16:18:00+03:00,4594.0,4594.5,4593.5,4594.0,174
MOEX:LKOH,2022-12-14T16:19:00+03:00,4594.0,4594.5,4593.5,4594.0,1162
MOEX:LKOH,2022-12-14T16:20:00+03:00,4594.5,4594.5,4593.5,4594.0,122
MOEX:LKOH,2022-12-14T16:21:00+03:00,4594.0,4594.5,4593.5,4594.5,165
MOEX:LKOH,2022-12-14T16:22:00+03:00,4594.5,4594.5,4593.5,4594.0,211
MOEX:LKOH,2022-12-14T16:23:00+03:00,4594.5,4594.5,4594.0,4594.5,121
MOEX:LKOH,2022-12-14T16:24:00+03:00,4594.0,4594.5,4593.5,4593.5,275
MOEX:LKOH,2022-12-14T16:25:00+03:00,4593.0,4595.0,4593.0,4595.0,1003
MOEX:LKOH,2022-12-14T16:26:00+03:00,4595.0,4595.0,4593.5,4595.0,643
MOEX:LKOH,2022-12-14T16:27:00+03:00,4595.0,4595.0,4594.5,4595.0,388
MOEX:LKOH,2022-12-14T16:28:00+03:00,4594.5,4595.0,4594.5,4594.5,1216
MOEX:LKOH,2022-12-14T16:29:00+03:00,4594.0,4594.5,4594.0,4594.5,79
MOEX:LKOH,2022-12-14T16:30:00+03:00,4594.5,4594.5,4594.0,4594.0,65
MOEX:LKOH,2022-12-14T16:31:00+03:00,4593.5,4594.0,4593.5,4594.0,243
MOEX:LKOH,2022-12-14T16:32:00+03:00,4593.5,4594.0,4593.0,4594.0,240
MOEX:LKOH,2022-12-14T16:33:00+03:00,4594.5,4594.5,4594.0,4594.5,62
MOEX:LKOH,2022-12-14T16:34:00+03:00,4594.5,4595.0,4594.5,4595.0,173
MOEX:LKOH,2022-12-14T16:35:00+03:00,4594.5,4595.0,4594.5,4595.0,118
MOEX:LKOH,2022-12-14T16:36:00+03:00,4595.0,4595.0,4594.5,4594.5,75
MOEX:LKOH,2022-12-14T16:37:00+03:00,4595.0,4595.0,4594.5,4595.0,395
MOEX:LKOH,2022-12-14T16:38:00+03:00,4595.0,4595.0,4592.0,4592.0,771
MOEX:LKOH,2022-12-14T16:39:00+03:00,4592.0,4593.0,4592.0,4593.0,149
MOEX:LKOH,2022-12-14T16:40:00+03:00,4592.5,4593.5,4592.5,4593.5,45
MOEX:LKOH,2022-12-14T16:41:00+03:00,4593.0,4595.0,4592.5,4593.0,327
MOEX:LKOH,2022-12-14T16:42:00+03:00,4593.0,4593.0,4591.5,4593.0,315
MOEX:LKOH,2022-12-14T16:43:00+03:00,4592.5,4593.0,4592.5,4593.0,119
MOEX:LKOH,2022-12-14T16:44:00+03:00,4593.0,4593.0,4591.5,4593.0,94
MOEX:LKOH,2022-12-14T16:45:00+03:00,4593.0,4593.5,4591.0,4591.5,627
MOEX:LKOH,2022-12-14T16:46:00+03:00,4592.5,4592.5,4590.0,4590.0,1254
MOEX:LKOH,2022-12-14T16:47:00+03:00,4590.5,4590.5,4588.0,4589.5,2000
MOEX:LKOH,2022-12-14T16:48:00+03:00,4589.5,4592.0,4589.5,4591.5,198
MOEX:LKOH,2022-12-14T16:49:00+03:00,4591.5,4592.0,4589.5,4590.0,424
MOEX:LKOH,2022-12-14T16:50:00+03:00,4590.5,4591.0,4589.0,4590.0,421
MOEX:LKOH,2022-12-14T16:51:00+03:00,4589.0,4591.0,4589.0,4591.0,227
MOEX:LKOH,2022-12-14T16:52:00+03:00,4591.0,4592.0,4590.5,4592.0,370
MOEX:LKOH,2022-12-14T16:53:00+03:00,4591.0,4592.0,4590.0,4590.5,314
MOEX:LKOH,2022-12-14T16:54:00+03:00,4591.5,4593.0,4590.0,4593.0,524
MOEX:LKOH,2022-12-14T16:55:00+03:00,4593.0,4593.5,4593.0,4593.5,237
MOEX:LKOH,2022-12-14T16:56:00+03:00,4593.5,4595.0,4593.0,4593.5,2382
MOEX:LKOH,2022-12-14T16:57:00+03:00,4593.5,4597.0,4593.0,4595.5,842
MOEX:LKOH,2022-12-14T16:58:00+03:00,4594.5,4596.5,4594.0,4595.0,269
MOEX:LKOH,2022-12-14T16:59:00+03:00,4596.0,4596.5,4593.0,4594.5,1515
MOEX:LKOH,2022-12-14T17:00:00+03:00,4594.5,4595.0,4593.0,4595.0,427
MOEX:LKOH,2022-12-14T17:01:00+03:00,4593.5,4594.5,4593.0,4594.5,121
MOEX:LKOH,2022-12-14T17:02:00+03:00,4594.0,4596.0,4593.5,4595.5,406
MOEX:LKOH,2022-12-14T17:03:00+03:00,4595.5,4595.5,4593.5,4593.5,247
MOEX:LKOH,2022-12-14T17:04:00+03:00,4594.5,4595.5,4594.5,4594.5,118
MOEX:LKOH,2022-12-14T17:05:00+03:00,4594.5,4595.0,4594.5,4595.0,16
MOEX:LKOH,2022-12-14T17:06:00+03:00,4594.5,4595.0,4594.0,4594.5,165
MOEX:LKOH,2022-12-14T17:07:00+03:00,4594.5,4594.5,4594.5,4594.5,29
MOEX:LKOH,2022-12-14T17:08:00+03:00,4594.5,4594.5,4593.5,4593.5,232
MOEX:LKOH,2022-12-14T17:09:00+03:00,4593.5,4594.0,4593.5,4594.0,94
MOEX:LKOH,2022-12-14T17:10:00+03:00,4594.0,4594.0,4593.0,4593.5,410
MOEX:LKOH,2022-12-14T17:11:00+03:00,4593.5,4594.5,4593.5,4594.5,357
MOEX:LKOH,2022-12-14T17:12:00+03:00,4594.0,4594.0,4580.5,4584.0,14283
MOEX:LKOH,2022-12-14T17:13:00+03:00,4584.0,4593.5,4583.5,4591.0,1728
MOEX:LKOH,2022-12-14T17:14:00+03:00,4591.0,4591.0,4590.0,4590.0,263
MOEX:LKOH,2022-12-14T17:15:00+03:00,4590.5,4593.0,4589.5,4592.0,854
MOEX:LKOH,2022-12-14T17:16:00+03:00,4591.0,4593.0,4590.5,4592.0,563
MOEX:LKOH,2022-12-14T17:17:00+03:00,4592.0,4593.0,4590.5,4591.5,202
MOEX:LKOH,2022-12-14T17:18:00+03:00,4592.0,4593.5,4591.5,4591.5,134
MOEX:LKOH,2022-12-14T17:19:00+03:00,4592.5,4593.5,4591.5,4591.5,340
MOEX:LKOH,2022-12-14T17:20:00+03:00,4592.0,4592.5,4590.5,4591.5,199
MOEX:LKOH,2022-12-14T17:21:00+03:00,4591.5,4591.5,4589.5,4589.5,290
MOEX:LKOH,2022-12-14T17:22:00+03:00,4589.0,4590.0,4589.0,4589.5,73
MOEX:LKOH,2022-12-14T17:23:00+03:00,4589.5,4589.5,4588.0,4588.0,229
MOEX:LKOH,2022-12-14T17:24:00+03:00,4588.0,4589.0,4588.0,4588.0,153
MOEX:LKOH,2022-12-14T17:25:00+03:00,4588.0,4588.5,4586.0,4587.0,326
MOEX:LKOH,2022-12-14T17:26:00+03:00,4587.0,4589.5,4586.5,4589.0,508
MOEX:LKOH,2022-12-14T17:27:00+03:00,4589.0,4589.5,4588.0,4588.0,200
MOEX:LKOH,2022-12-14T17:28:00+03:00,4588.0,4589.0,4587.0,4588.5,179
MOEX:LKOH,2022-12-14T17:29:00+03:00,4588.5,4589.5,4586.0,4588.0,561
MOEX:LKOH,2022-12-14T17:30:00+03:00,4587.0,4590.0,4586.5,4589.0,524
MOEX:LKOH,2022-12-14T17:31:00+03:00,4589.0,4590.0,4588.5,4589.5,184
MOEX:LKOH,2022-12-14T17:32:00+03:00,4589.0,4589.0,4583.0,4584.0,2366
MOEX:LKOH,2022-12-14T17:33:00+03:00,4585.0,4586.0,4583.0,4586.0,331
MOEX:LKOH,2022-12-14T17:34:00+03:00,4586.5,4587.0,4585.0,4586.0,148
MOEX:LKOH,2022-12-14T17:35:00+03:00,4586.0,4587.0,4585.0,4587.0,266
MOEX:LKOH,2022-12-14T17:36:00+03:00,4586.5,4589.5,4584.0,4588.0,619
MOEX:LKOH,2022-12-14T17:37:00+03:00,4589.0,4590.0,4589.0,4590.0,824
MOEX:LKOH,2022-12-14T17:38:00+03:00,4590.0,4590.0,4585.0,4585.0,586
MOEX:LKOH,2022-12-14T17:39:00+03:00,4584.5,4585.5,4583.0,4584.5,222
MOEX:LKOH,2022-12-14T17:40:00+03:00,4585.5,4586.0,4584.5,4585.0,115
MOEX:LKOH,2022-12-14T17:41:00+03:00,4584.5,4586.0,4584.5,4586.0,89
MOEX:LKOH,2022-12-14T17:42:00+03:00,4584.5,4586.0,4583.5,4584.5,288
MOEX:LKOH,2022-12-14T17:43:00+03:00,4585.0,4586.5,4585.0,4586.5,163
MOEX:LKOH,2022-12-14T17:44:00+03:00,4586.0,4586.0,4585.0,4586.0,20
MOEX:LKOH,2022-12-14T17:45:00+03:00,4587.0,4588.0,4586.0,4587.0,78
MOEX:LKOH,2022-12-14T17:46:00+03:00,4588.0,4589.0,4587.0,4588.0,193
MOEX:LKOH,2022-12-14T17:47:00+03:00,4588.0,4590.0,4588.0,4588.0,1357
MOEX:LKOH,2022-12-14T17:48:00+03:00,4588.0,4588.0,4588.0,4588.0,78
MOEX:LKOH,2022-12-14T17:49:00+03:00,4588.0,4588.0,4587.0,4587.0,36
MOEX:LKOH,2022-12-14T17:50:00+03:00,4588.0,4589.5,4588.0,4589.5,284
MOEX:LKOH,2022-12-14T17:51:00+03:00,4588.5,4590.0,4588.5,4589.5,222
MOEX:LKOH,2022-12-14T17:52:00+03:00,4589.5,4590.0,4589.0,4590.0,369
MOEX:LKOH,2022-12-14T17:53:00+03:00,4589.5,4590.0,4589.5,4590.0,125
MOEX:LKOH,2022-12-14T17:54:00+03:00,4590.0,4590.0,4589.0,4590.0,2223
MOEX:LKOH,2022-12-14T17:55:00+03:00,4590.0,4590.0,4589.5,4590.0,795
MOEX:LKOH,2022-12-14T17:56:00+03:00,4590.0,4590.0,4589.5,4590.0,250
MOEX:LKOH,2022-12-14T17:57:00+03:00,4590.0,4590.0,4589.5,4590.0,254
MOEX:LKOH,2022-12-14T17:58:00+03:00,4589.5,4590.0,4589.5,4589.5,56
MOEX:LKOH,2022-12-14T17:59:00+03:00,4590.0,4590.0,4588.0,4588.5,347
MOEX:LKOH,2022-12-14T18:00:00+03:00,4588.5,4590.0,4588.5,4590.0,687
MOEX:LKOH,2022-12-14T18:01:00+03:00,4590.0,4590.0,4588.5,4590.0,855
MOEX:LKOH,2022-12-14T18:02:00+03:00,4590.0,4590.0,4589.0,4590.0,2446
MOEX:LKOH,2022-12-14T18:03:00+03:00,4589.0,4589.5,4588.5,4588.5,127
MOEX:LKOH,2022-12-14T18:04:00+03:00,4589.0,4590.0,4589.0,4590.0,264
MOEX:LKOH,2022-12-14T18:05:00+03:00,4590.0,4590.0,4589.5,4590.0,655
MOEX:LKOH,2022-12-14T18:06:00+03:00,4590.0,4590.0,4589.5,4590.0,201
MOEX:LKOH,2022-12-14T18:07:00+03:00,4590.0,4590.0,4589.0,4589.5,559
MOEX:LKOH,2022-12-14T18:08:00+03:00,4589.5,4589.5,4589.0,4589.5,304
MOEX:LKOH,2022-12-14T18:09:00+03:00,4589.5,4589.5,4587.0,4587.5,847
MOEX:LKOH,2022-12-14T18:10:00+03:00,4587.5,4587.5,4585.0,4585.5,1380
MOEX:LKOH,2022-12-14T18:11:00+03:00,4585.5,4587.5,4585.5,4586.5,194
MOEX:LKOH,2022-12-14T18:12:00+03:00,4587.0,4588.0,4586.5,4586.5,206
MOEX:LKOH,2022-12-14T18:13:00+03:00,4587.0,4588.0,4585.5,4586.0,261
MOEX:LKOH,2022-12-14T18:14:00+03:00,4587.5,4588.0,4587.5,4588.0,35
MOEX:LKOH,2022-12-14T18:15:00+03:00,4588.0,4588.5,4587.5,4588.5,308
MOEX:LKOH,2022-12-14T18:16:00+03:00,4588.5,4589.0,4587.5,4589.0,95
MOEX:LKOH,2022-12-14T18:17:00+03:00,4589.0,4589.5,4588.0,4588.0,59
MOEX:LKOH,2022-12-14T18:18:00+03:00,4588.5,4588.5,4587.5,4588.5,91
MOEX:LKOH,2022-12-14T18:19:00+03:00,4588.5,4589.0,4585.5,4586.0,438
MOEX:LKOH,2022-12-14T18:20:00+03:00,4586.0,4589.0,4586.0,4587.5,257
MOEX:LKOH,2022-12-14T18:21:00+03:00,4588.5,4589.5,4588.5,4589.5,234
MOEX:LKOH,2022-12-14T18:22:00+03:00,4589.5,4589.5,4588.0,4589.0,143
MOEX:LKOH,2022-12-14T18:23:00+03:00,4589.0,4589.0,4588.0,4588.0,56
MOEX:LKOH,2022-12-14T18:24:00+03:00,4589.0,4589.0,4589.0,4589.0,207
MOEX:LKOH,2022-12-14T18:25:00+03:00,4589.5,4589.5,4589.0,4589.5,378
MOEX:LKOH,2022-12-14T18:26:00+03:00,4589.5,4589.5,4588.5,4588.5,173
MOEX:LKOH,2022-12-14T18:27:00+03:00,4588.5,4589.5,4588.0,4589.5,351
MOEX:LKOH,2022-12-14T18:28:00+03:00,4589.5,4589.5,4588.5,4589.5,820
MOEX:LKOH,2022-12-14T18:29:00+03:00,4589.5,4589.5,4589.0,4589.5,242
MOEX:LKOH,2022-12-14T18:30:00+03:00,4589.0,4589.5,4589.0,4589.5,194
MOEX:LKOH,2022-12-14T18:31:00+03:00,4589.5,4589.5,4589.5,4589.5,434
MOEX:LKOH,2022-12-14T18:32:00+03:00,4589.0,4589.5,4589.0,4589.5,288
MOEX:LKOH,2022-12-14T18:33:00+03:00,4589.5,4589.5,4588.5,4589.0,714
MOEX:LKOH,2022-12-14T18:34:00+03:00,4588.5,4589.0,4588.5,4588.5,198
MOEX:LKOH,2022-12-14T18:35:00+03:00,4589.0,4589.5,4585.0,4585.5,2123
MOEX:LKOH,2022-12-14T18:36:00+03:00,4585.5,4589.5,4585.5,4589.0,1547
MOEX:LKOH,2022-12-14T18:37:00+03:00,4588.5,4589.5,4587.5,4589.5,565
MOEX:LKOH,2022-12-14T18:38:00+03:00,4589.5,4589.5,4589.0,4589.5,165
MOEX:LKOH,2022-12-14T18:39:00+03:00,4589.5,4589.5,4589.0,4589.5,784
MOEX:LKOH,2022-12-14T18:45:00+03:00,4589.0,4589.0,4589.0,4589.0,234
MOEX:LKOH,2022-12-14T18:46:00+03:00,4589.0,4589.0,4589.0,4589.0,271
MOEX:LKOH,2022-12-14T18:47:00+03:00,4589.0,4589.0,4589.0,4589.0,54
MOEX:LKOH,2022-12-14T18:48:00+03:00,4589.0,4589.0,4589.0,4589.0,74
MOEX:LKOH,2022-12-14T18:49:00+03:00,4589.0,4589.0,4589.0,4589.0,120
MOEX:LKOH,2022-12-14T19:04:00+03:00,4590.0,4590.0,4590.0,4590.0,239
MOEX:LKOH,2022-12-14T19:05:00+03:00,4592.0,4593.5,4589.0,4589.5,1184
MOEX:LKOH,2022-12-14T19:06:00+03:00,4589.5,4589.5,4589.0,4589.0,211
MOEX:LKOH,2022-12-14T19:07:00+03:00,4589.5,4590.0,4581.0,4581.5,1501
MOEX:LKOH,2022-12-14T19:08:00+03:00,4581.5,4583.5,4581.0,4582.0,519
MOEX:LKOH,2022-12-14T19:09:00+03:00,4582.0,4582.5,4580.5,4581.0,1216
MOEX:LKOH,2022-12-14T19:10:00+03:00,4581.0,4582.0,4581.0,4582.0,464
MOEX:LKOH,2022-12-14T19:11:00+03:00,4582.0,4583.5,4580.5,4583.5,1614
MOEX:LKOH,2022-12-14T19:12:00+03:00,4583.5,4584.5,4582.5,4584.0,282
MOEX:LKOH,2022-12-14T19:13:00+03:00,4584.5,4585.5,4584.5,4585.0,102
MOEX:LKOH,2022-12-14T19:14:00+03:00,4585.5,4585.5,4584.5,4585.0,122
MOEX:LKOH,2022-12-14T19:15:00+03:00,4585.0,4585.0,4584.5,4585.0,64
MOEX:LKOH,2022-12-14T19:16:00+03:00,4585.0,4586.5,4584.0,4585.0,312
MOEX:LKOH,2022-12-14T19:17:00+03:00,4584.5,4586.0,4584.0,4586.0,90
MOEX:LKOH,2022-12-14T19:18:00+03:00,4585.0,4586.0,4582.0,4583.0,610
MOEX:LKOH,2022-12-14T19:19:00+03:00,4582.0,4584.5,4581.5,4582.0,671
MOEX:LKOH,2022-12-14T19:20:00+03:00,4582.5,4584.0,4582.0,4582.0,340
MOEX:LKOH,2022-12-14T19:21:00+03:00,4581.5,4582.0,4581.0,4582.0,571
MOEX:LKOH,2022-12-14T19:22:00+03:00,4583.0,4583.5,4580.5,4581.0,645
MOEX:LKOH,2022-12-14T19:23:00+03:00,4581.0,4584.5,4581.0,4584.5,126
MOEX:LKOH,2022-12-14T19:24:00+03:00,4584.5,4584.5,4581.0,4581.0,260
MOEX:LKOH,2022-12-14T19:25:00+03:00,4581.0,4582.0,4581.0,4582.0,322
MOEX:LKOH,2022-12-14T19:26:00+03:00,4582.0,4588.0,4581.5,4588.0,1593
MOEX:LKOH,2022-12-14T19:27:00+03:00,4588.0,4588.0,4585.0,4586.5,522
MOEX:LKOH,2022-12-14T19:28:00+03:00,4587.0,4587.0,4585.0,4586.0,232
MOEX:LKOH,2022-12-14T19:29:00+03:00,4585.0,4586.0,4584.0,4585.0,320
MOEX:LKOH,2022-12-14T19:30:00+03:00,4585.0,4587.0,4585.0,4587.0,105
MOEX:LKOH,2022-12-14T19:31:00+03:00,4587.0,4587.5,4585.0,4585.0,103
MOEX:LKOH,2022-12-14T19:32:00+03:00,4586.5,4587.0,4585.0,4585.0,186
MOEX:LKOH,2022-12-14T19:33:00+03:00,4586.0,4586.5,4586.0,4586.5,51
MOEX:LKOH,2022-12-14T19:34:00+03:00,4586.5,4587.0,4586.5,4587.0,93
MOEX:LKOH,2022-12-14T19:35:00+03:00,4587.5,4587.5,4586.0,4587.0,185
MOEX:LKOH,2022-12-14T19:36:00+03:00,4586.5,4588.0,4586.5,4588.0,443
MOEX:LKOH,2022-12-14T19:37:00+03:00,4588.0,4588.5,4587.5,4588.0,135
MOEX:LKOH,2022-12-14T19:38:00+03:00,4588.5,4588.5,4586.5,4587.5,292
MOEX:LKOH,2022-12-14T19:39:00+03:00,4588.0,4588.5,4588.0,4588.0,158
MOEX:LKOH,2022-12-14T19:40:00+03:00,4588.5,4588.5,4586.5,4586.5,320
MOEX:LKOH,2022-12-14T19:41:00+03:00,4587.0,4588.5,4583.5,4583.5,895
MOEX:LKOH,2022-12-14T19:42:00+03:00,4583.5,4585.5,4583.0,4583.0,222
MOEX:LKOH,2022-12-14T19:43:00+03:00,4584.5,4586.0,4584.0,4584.0,628
MOEX:LKOH,2022-12-14T19:44:00+03:00,4584.0,4584.0,4583.5,4583.5,141
MOEX:LKOH,2022-12-14T19:45:00+03:00,4583.5,4585.0,4582.5,4585.0,565
MOEX:LKOH,2022-12-14T19:46:00+03:00,4584.5,4584.5,4582.0,4582.5,526
MOEX:LKOH,2022-12-14T19:47:00+03:00,4584.0,4584.5,4582.0,4584.5,766
MOEX:LKOH,2022-12-14T19:48:00+03:00,4585.0,4585.0,4582.5,4583.0,517
MOEX:LKOH,2022-12-14T19:49:00+03:00,4582.5,4583.0,4582.5,4583.0,452
MOEX:LKOH,2022-12-14T19:50:00+03:00,4582.5,4583.0,4582.5,4583.0,54
MOEX:LKOH,2022-12-14T19:51:00+03:00,4583.0,4583.0,4582.0,4582.0,92
MOEX:LKOH,2022-12-14T19:52:00+03:00,4583.0,4583.0,4581.0,4581.5,241
MOEX:LKOH,2022-12-14T19:53:00+03:00,4581.0,4582.0,4580.5,4582.0,886
MOEX:LKOH,2022-12-14T19:54:00+03:00,4581.5,4582.5,4580.5,4581.0,201
MOEX:LKOH,2022-12-14T19:55:00+03:00,4581.5,4582.5,4580.5,4580.5,383
MOEX:LKOH,2022-12-14T19:56:00+03:00,4580.5,4582.0,4580.5,4581.0,484
MOEX:LKOH,2022-12-14T19:57:00+03:00,4580.5,4581.0,4580.0,4580.5,839
MOEX:LKOH,2022-12-14T19:58:00+03:00,4580.5,4581.0,4580.0,4580.0,182
MOEX:LKOH,2022-12-14T19:59:00+03:00,4580.5,4580.5,4580.0,4580.0,445
MOEX:LKOH,2022-12-14T20:00:00+03:00,4581.0,4581.0,4580.0,4580.5,42
MOEX:LKOH,2022-12-14T20:01:00+03:00,4580.5,4581.0,4580.0,4581.0,181
MOEX:LKOH,2022-12-14T20:02:00+03:00,4581.0,4582.5,4581.0,4582.5,70
MOEX:LKOH,2022-12-14T20:03:00+03:00,4582.5,4582.5,4581.0,4582.5,70
MOEX:LKOH,2022-12-14T20:04:00+03:00,4582.5,4582.5,4582.0,4582.5,49
MOEX:LKOH,2022-12-14T20:05:00+03:00,4582.5,4582.5,4582.0,4582.0,197
MOEX:LKOH,2022-12-14T20:06:00+03:00,4582.0,4582.5,4581.5,4582.5,254
MOEX:LKOH,2022-12-14T20:07:00+03:00,4583.0,4585.0,4583.0,4585.0,159
MOEX:LKOH,2022-12-14T20:08:00+03:00,4585.0,4586.0,4581.0,4581.0,738
MOEX:LKOH,2022-12-14T20:09:00+03:00,4582.5,4582.5,4582.5,4582.5,2
MOEX:LKOH,2022-12-14T20:10:00+03:00,4582.5,4582.5,4582.5,4582.5,3
MOEX:LKOH,2022-12-14T20:11:00+03:00,4582.0,4584.0,4581.5,4583.0,121
MOEX:LKOH,2022-12-14T20:12:00+03:00,4585.0,4585.5,4583.5,4585.5,34
MOEX:LKOH,2022-12-14T20:13:00+03:00,4585.5,4585.5,4583.5,4585.0,37
MOEX:LKOH,2022-12-14T20:14:00+03:00,4585.0,4585.5,4585.0,4585.5,19
MOEX:LKOH,2022-12-14T20:15:00+03:00,4585.5,4587.0,4584.0,4584.5,136
MOEX:LKOH,2022-12-14T20:16:00+03:00,4586.5,4586.5,4585.0,4585.5,31
MOEX:LKOH,2022-12-14T20:17:00+03:00,4585.5,4586.5,4585.5,4586.5,23
MOEX:LKOH,2022-12-14T20:18:00+03:00,4586.5,4587.5,4586.0,4586.0,236
MOEX:LKOH,2022-12-14T20:19:00+03:00,4587.5,4587.5,4587.0,4587.5,17
MOEX:LKOH,2022-12-14T20:20:00+03:00,4587.5,4588.0,4587.0,4588.0,19
MOEX:LKOH,2022-12-14T20:21:00+03:00,4588.0,4588.0,4586.0,4586.0,101
MOEX:LKOH,2022-12-14T20:22:00+03:00,4587.5,4588.0,4587.5,4588.0,48
MOEX:LKOH,2022-12-14T20:23:00+03:00,4588.0,4589.0,4588.0,4588.5,207
MOEX:LKOH,2022-12-14T20:24:00+03:00,4588.5,4588.5,4588.5,4588.5,51
MOEX:LKOH,2022-12-14T20:25:00+03:00,4588.5,4588.5,4588.5,4588.5,14
MOEX:LKOH,2022-12-14T20:26:00+03:00,4588.0,4588.5,4587.0,4587.0,186
MOEX:LKOH,2022-12-14T20:27:00+03:00,4587.0,4588.0,4586.5,4586.5,159
MOEX:LKOH,2022-12-14T20:28:00+03:00,4586.5,4588.0,4586.0,4588.0,68
MOEX:LKOH,2022-12-14T20:29:00+03:00,4587.5,4587.5,4585.5,4585.5,54
MOEX:LKOH,2022-12-14T20:30:00+03:00,4587.0,4587.0,4585.5,4585.5,16
MOEX:LKOH,2022-12-14T20:31:00+03:00,4586.0,4586.0,4586.0,4586.0,14
MOEX:LKOH,2022-12-14T20:32:00+03:00,4586.0,4586.5,4586.0,4586.0,93
MOEX:LKOH,2022-12-14T20:33:00+03:00,4586.0,4586.5,4585.0,4586.5,234
MOEX:LKOH,2022-12-14T20:34:00+03:00,4586.5,4586.5,4585.5,4586.5,37
MOEX:LKOH,2022-12-14T20:35:00+03:00,4586.5,4588.5,4586.5,4588.0,338
MOEX:LKOH,2022-12-14T20:36:00+03:00,4587.5,4587.5,4586.0,4586.0,56
MOEX:LKOH,2022-12-14T20:37:00+03:00,4587.0,4587.0,4585.5,4585.5,152
MOEX:LKOH,2022-12-14T20:38:00+03:00,4587.0,4587.0,4587.0,4587.0,10
MOEX:LKOH,2022-12-14T20:39:00+03:00,4587.0,4587.5,4587.0,4587.5,32
MOEX:LKOH,2022-12-14T20:40:00+03:00,4587.5,4587.5,4586.5,4587.5,141
MOEX:LKOH,2022-12-14T20:41:00+03:00,4587.5,4587.5,4586.0,4587.5,94
MOEX:LKOH,2022-12-14T20:42:00+03:00,4587.5,4587.5,4587.5,4587.5,5
MOEX:LKOH,2022-12-14T20:43:00+03:00,4587.5,4587.5,4587.0,4587.5,117
MOEX:LKOH,2022-12-14T20:44:00+03:00,4588.0,4589.5,4588.0,4589.0,652
MOEX:LKOH,2022-12-14T20:45:00+03:00,4589.0,4590.0,4588.5,4590.0,570
MOEX:LKOH,2022-12-14T20:46:00+03:00,4589.5,4590.0,4588.5,4588.5,135
MOEX:LKOH,2022-12-14T20:47:00+03:00,4589.0,4590.0,4588.5,4589.5,69
MOEX:LKOH,2022-12-14T20:48:00+03:00,4589.5,4589.5,4588.5,4589.0,66
MOEX:LKOH,2022-12-14T20:49:00+03:00,4589.0,4589.0,4588.5,4588.5,21
MOEX:LKOH,2022-12-14T20:50:00+03:00,4589.0,4589.0,4588.5,4589.0,4
MOEX:LKOH,2022-12-14T20:51:00+03:00,4589.0,4589.0,4588.5,4589.0,8
MOEX:LKOH,2022-12-14T20:52:00+03:00,4589.0,4589.0,4588.0,4589.0,63
MOEX:LKOH,2022-12-14T20:53:00+03:00,4589.0,4589.0,4589.0,4589.0,8
MOEX:LKOH,2022-12-14T20:54:00+03:00,4589.0,4589.0,4589.0,4589.0,30
MOEX:LKOH,2022-12-14T20:55:00+03:00,4589.0,4589.0,4589.0,4589.0,19
MOEX:LKOH,2022-12-14T20:56:00+03:00,4589.0,4589.0,4589.0,4589.0,14
MOEX:LKOH,2022-12-14T20:57:00+03:00,4588.5,4589.0,4588.5,4588.5,38
MOEX:LKOH,2022-12-14T20:58:00+03:00,4589.0,4589.5,4588.5,4589.5,86
MOEX:LKOH,2022-12-14T20:59:00+03:00,4589.5,4589.5,4589.5,4589.5,21
MOEX:LKOH,2022-12-14T21:00:00+03:00,4589.5,4590.0,4589.0,4590.0,72
MOEX:LKOH,2022-12-14T21:01:00+03:00,4590.0,4590.0,4590.0,4590.0,140
MOEX:LKOH,2022-12-14T21:02:00+03:00,4590.0,4590.0,4590.0,4590.0,123
MOEX:LKOH,2022-12-14T21:03:00+03:00,4590.0,4590.0,4589.0,4589.5,24
MOEX:LKOH,2022-12-14T21:04:00+03:00,4589.0,4589.5,4588.5,4589.5,47
MOEX:LKOH,2022-12-14T21:05:00+03:00,4589.5,4589.5,4588.5,4589.5,48
MOEX:LKOH,2022-12-14T21:06:00+03:00,4589.5,4589.5,4589.0,4589.0,28
MOEX:LKOH,2022-12-14T21:07:00+03:00,4589.5,4590.0,4589.0,4590.0,104
MOEX:LKOH,2022-12-14T21:08:00+03:00,4590.0,4590.0,4590.0,4590.0,102
MOEX:LKOH,2022-12-14T21:09:00+03:00,4590.0,4590.0,4589.5,4590.0,222
MOEX:LKOH,2022-12-14T21:10:00+03:00,4590.0,4590.0,4589.5,4589.5,29
MOEX:LKOH,2022-12-14T21:11:00+03:00,4590.0,4590.0,4589.5,4589.5,115
MOEX:LKOH,2022-12-14T21:12:00+03:00,4589.5,4589.5,4589.5,4589.5,4
MOEX:LKOH,2022-12-14T21:13:00+03:00,4589.5,4590.0,4589.5,4590.0,172
MOEX:LKOH,2022-12-14T21:14:00+03:00,4589.0,4589.5,4589.0,4589.0,188
MOEX:LKOH,2022-12-14T21:15:00+03:00,4589.5,4590.0,4589.5,4590.0,80
MOEX:LKOH,2022-12-14T21:16:00+03:00,4590.0,4590.0,4589.0,4590.0,67
MOEX:LKOH,2022-12-14T21:17:00+03:00,4590.0,4590.0,4590.0,4590.0,8
MOEX:LKOH,2022-12-14T21:18:00+03:00,4590.0,4590.0,4589.5,4589.5,8
MOEX:LKOH,2022-12-14T21:19:00+03:00,4590.0,4590.0,4589.5,4590.0,178
MOEX:LKOH,2022-12-14T21:20:00+03:00,4590.0,4590.0,4590.0,4590.0,340
MOEX:LKOH,2022-12-14T21:21:00+03:00,4590.0,4590.0,4590.0,4590.0,21
MOEX:LKOH,2022-12-14T21:22:00+03:00,4589.5,4589.5,4589.5,4589.5,10
MOEX:LKOH,2022-12-14T21:23:00+03:00,4590.0,4590.0,4590.0,4590.0,8
MOEX:LKOH,2022-12-14T21:24:00+03:00,4590.0,4590.0,4590.0,4590.0,6
MOEX:LKOH,2022-12-14T21:25:00+03:00,4590.0,4590.0,4590.0,4590.0,74
MOEX:LKOH,2022-12-14T21:26:00+03:00,4589.5,4590.0,4589.5,4590.0,7
MOEX:LKOH,2022-12-14T21:27:00+03:00,4589.5,4590.0,4589.5,4590.0,531
MOEX:LKOH,2022-12-14T21:28:00+03:00,4590.0,4590.0,4590.0,4590.0,84
MOEX:LKOH,2022-12-14T21:29:00+03:00,4590.5,4590.5,4590.0,4590.5,34
MOEX:LKOH,2022-12-14T21:30:00+03:00,4590.5,4590.5,4590.0,4590.5,10
MOEX:LKOH,2022-12-14T21:31:00+03:00,4590.5,4590.5,4590.0,4590.0,42
MOEX:LKOH,2022-12-14T21:32:00+03:00,4590.5,4591.0,4590.0,4591.0,258
MOEX:LKOH,2022-12-14T21:33:00+03:00,4590.5,4591.0,4590.5,4591.0,245
MOEX:LKOH,2022-12-14T21:34:00+03:00,4590.5,4590.5,4590.0,4590.5,359
MOEX:LKOH,2022-12-14T21:35:00+03:00,4590.0,4591.0,4590.0,4591.0,139
MOEX:LKOH,2022-12-14T21:36:00+03:00,4590.5,4591.0,4590.5,4591.0,52
MOEX:LKOH,2022-12-14T21:38:00+03:00,4590.5,4591.0,4590.5,4591.0,43
MOEX:LKOH,2022-12-14T21:39:00+03:00,4591.0,4591.0,4591.0,4591.0,30
MOEX:LKOH,2022-12-14T21:40:00+03:00,4591.0,4591.0,4591.0,4591.0,9
MOEX:LKOH,2022-12-14T21:41:00+03:00,4591.0,4591.0,4591.0,4591.0,18
MOEX:LKOH,2022-12-14T21:42:00+03:00,4591.0,4591.0,4591.0,4591.0,54
MOEX:LKOH,2022-12-14T21:43:00+03:00,4591.0,4591.0,4590.5,4591.0,208
MOEX:LKOH,2022-12-14T21:44:00+03:00,4591.0,4591.0,4590.5,4591.0,64
MOEX:LKOH,2022-12-14T21:45:00+03:00,4591.0,4591.0,4591.0,4591.0,265
MOEX:LKOH,2022-12-14T21:46:00+03:00,4591.0,4591.0,4590.5,4591.0,50
MOEX:LKOH,2022-12-14T21:47:00+03:00,4591.0,4591.0,4590.5,4591.0,83
MOEX:LKOH,2022-12-14T21:48:00+03:00,4591.0,4591.0,4590.5,4591.0,46
MOEX:LKOH,2022-12-14T21:49:00+03:00,4590.5,4591.0,4590.5,4590.5,101
MOEX:LKOH,2022-12-14T21:50:00+03:00,4591.0,4591.0,4590.0,4590.5,98
MOEX:LKOH,2022-12-14T21:51:00+03:00,4590.5,4590.5,4590.5,4590.5,43
MOEX:LKOH,2022-12-14T21:52:00+03:00,4590.5,4590.5,4590.0,4590.0,39
MOEX:LKOH,2022-12-14T21:53:00+03:00,4590.0,4590.5,4590.0,4590.5,221
MOEX:LKOH,2022-12-14T21:54:00+03:00,4590.5,4590.5,4590.5,4590.5,3
MOEX:LKOH,2022-12-14T21:55:00+03:00,4590.0,4590.5,4590.0,4590.5,65
MOEX:LKOH,2022-12-14T21:56:00+03:00,4590.0,4590.5,4590.0,4590.5,5
MOEX:LKOH,2022-12-14T21:57:00+03:00,4590.5,4590.5,4590.5,4590.5,2
MOEX:LKOH,2022-12-14T21:58:00+03:00,4590.0,4590.5,4590.0,4590.5,36
MOEX:LKOH,2022-12-14T21:59:00+03:00,4590.5,4590.5,4590.5,4590.5,86
MOEX:LKOH,2022-12-14T22:00:00+03:00,4590.0,4590.0,4590.0,4590.0,151
MOEX:LKOH,2022-12-14T22:01:00+03:00,4590.5,4590.5,4588.0,4588.0,1276
MOEX:LKOH,2022-12-14T22:02:00+03:00,4587.5,4588.0,4587.5,4588.0,50
MOEX:LKOH,2022-12-14T22:03:00+03:00,4588.0,4588.0,4587.5,4587.5,113
MOEX:LKOH,2022-12-14T22:04:00+03:00,4588.0,4588.5,4587.0,4587.5,366
MOEX:LKOH,2022-12-14T22:05:00+03:00,4587.0,4587.0,4587.0,4587.0,27
MOEX:LKOH,2022-12-14T22:06:00+03:00,4587.0,4588.0,4586.5,4587.5,398
MOEX:LKOH,2022-12-14T22:07:00+03:00,4587.5,4587.5,4585.5,4587.5,146
MOEX:LKOH,2022-12-14T22:08:00+03:00,4585.5,4587.5,4585.5,4587.0,51
MOEX:LKOH,2022-12-14T22:09:00+03:00,4587.0,4587.0,4585.5,4587.0,34
MOEX:LKOH,2022-12-14T22:10:00+03:00,4587.0,4587.0,4585.5,4585.5,164
MOEX:LKOH,2022-12-14T22:11:00+03:00,4585.0,4585.5,4585.0,4585.5,52
MOEX:LKOH,2022-12-14T22:12:00+03:00,4585.5,4586.0,4585.5,4585.5,201
MOEX:LKOH,2022-12-14T22:13:00+03:00,4585.5,4586.0,4585.5,4586.0,29
MOEX:LKOH,2022-12-14T22:14:00+03:00,4586.0,4588.0,4586.0,4588.0,243
MOEX:LKOH,2022-12-14T22:15:00+03:00,4588.0,4588.0,4588.0,4588.0,48
MOEX:LKOH,2022-12-14T22:16:00+03:00,4587.5,4588.0,4586.0,4586.0,55
MOEX:LKOH,2022-12-14T22:17:00+03:00,4586.0,4588.0,4586.0,4586.0,63
MOEX:LKOH,2022-12-14T22:18:00+03:00,4588.0,4588.0,4588.0,4588.0,4
MOEX:LKOH,2022-12-14T22:19:00+03:00,4588.0,4588.0,4588.0,4588.0,97
MOEX:LKOH,2022-12-14T22:20:00+03:00,4588.0,4588.5,4588.0,4588.5,7
MOEX:LKOH,2022-12-14T22:21:00+03:00,4588.5,4588.5,4587.5,4588.0,633
MOEX:LKOH,2022-12-14T22:22:00+03:00,4588.0,4588.0,4587.5,4587.5,46
MOEX:LKOH,2022-12-14T22:23:00+03:00,4588.0,4588.5,4587.5,4588.0,152
MOEX:LKOH,2022-12-14T22:24:00+03:00,4588.0,4589.0,4588.0,4589.0,119
MOEX:LKOH,2022-12-14T22:25:00+03:00,4589.0,4590.5,4588.0,4589.5,408
MOEX:LKOH,2022-12-14T22:26:00+03:00,4589.5,4590.5,4588.5,4590.5,129
MOEX:LKOH,2022-12-14T22:27:00+03:00,4590.0,4591.0,4590.0,4590.5,720
MOEX:LKOH,2022-12-14T22:28:00+03:00,4591.0,4591.5,4591.0,4591.0,287
MOEX:LKOH,2022-12-14T22:29:00+03:00,4591.5,4591.5,4590.0,4590.5,116
MOEX:LKOH,2022-12-14T22:30:00+03:00,4590.0,4590.0,4589.0,4589.0,262
MOEX:LKOH,2022-12-14T22:31:00+03:00,4589.0,4590.0,4588.5,4589.5,146
MOEX:LKOH,2022-12-14T22:32:00+03:00,4589.0,4590.0,4589.0,4590.0,402
MOEX:LKOH,2022-12-14T22:33:00+03:00,4590.0,4590.0,4590.0,4590.0,512
MOEX:LKOH,2022-12-14T22:34:00+03:00,4589.5,4590.0,4588.0,4588.5,608
MOEX:LKOH,2022-12-14T22:35:00+03:00,4588.5,4588.5,4588.0,4588.0,21
MOEX:LKOH,2022-12-14T22:36:00+03:00,4588.0,4588.0,4587.5,4588.0,21
MOEX:LKOH,2022-12-14T22:37:00+03:00,4588.0,4588.0,4587.5,4588.0,610
MOEX:LKOH,2022-12-14T22:38:00+03:00,4588.0,4588.5,4587.5,4588.5,74
MOEX:LKOH,2022-12-14T22:39:00+03:00,4587.5,4589.5,4587.5,4589.5,648
MOEX:LKOH,2022-12-14T22:40:00+03:00,4589.5,4591.0,4588.5,4589.5,380
MOEX:LKOH,2022-12-14T22:41:00+03:00,4589.5,4590.5,4589.0,4589.5,44
MOEX:LKOH,2022-12-14T22:42:00+03:00,4590.0,4591.0,4589.5,4590.0,135
MOEX:LKOH,2022-12-14T22:43:00+03:00,4590.5,4591.0,4590.0,4590.0,937
MOEX:LKOH,2022-12-14T22:44:00+03:00,4591.0,4591.0,4590.5,4590.5,16
MOEX:LKOH,2022-12-14T22:45:00+03:00,4590.5,4591.0,4590.0,4590.5,716
MOEX:LKOH,2022-12-14T22:46:00+03:00,4590.0,4590.0,4590.0,4590.0,40
MOEX:LKOH,2022-12-14T22:47:00+03:00,4590.5,4590.5,4590.0,4590.5,105
MOEX:LKOH,2022-12-14T22:48:00+03:00,4590.0,4590.0,4587.5,4588.5,191
MOEX:LKOH,2022-12-14T22:49:00+03:00,4588.5,4589.0,4587.5,4589.0,135
MOEX:LKOH,2022-12-14T22:50:00+03:00,4588.5,4589.5,4588.5,4588.5,38
MOEX:LKOH,2022-12-14T22:51:00+03:00,4588.5,4590.0,4588.5,4590.0,212
MOEX:LKOH,2022-12-14T22:52:00+03:00,4590.0,4590.0,4589.0,4589.0,6
MOEX:LKOH,2022-12-14T22:53:00+03:00,4590.0,4590.5,4588.5,4589.5,395
MOEX:LKOH,2022-12-14T22:54:00+03:00,4589.5,4590.0,4588.5,4590.0,124
MOEX:LKOH,2022-12-14T22:55:00+03:00,4589.5,4590.5,4588.5,4589.5,115
MOEX:LKOH,2022-12-14T22:56:00+03:00,4589.0,4589.0,4588.0,4588.0,108
MOEX:LKOH,2022-12-14T22:57:00+03:00,4588.0,4590.0,4588.0,4590.0,358
MOEX:LKOH,2022-12-14T22:58:00+03:00,4588.0,4588.0,4588.0,4588.0,4
MOEX:LKOH,2022-12-14T22:59:00+03:00,4589.5,4589.5,4588.0,4589.5,106
MOEX:LKOH,2022-12-14T23:00:00+03:00,4589.5,4590.0,4589.5,4589.5,59
MOEX:LKOH,2022-12-14T23:01:00+03:00,4589.5,4590.0,4588.0,4589.0,177
MOEX:LKOH,2022-12-14T23:02:00+03:00,4588.0,4590.0,4588.0,4590.0,6
MOEX:LKOH,2022-12-14T23:03:00+03:00,4588.5,4590.0,4588.5,4590.0,102
MOEX:LKOH,2022-12-14T23:04:00+03:00,4589.5,4590.0,4589.5,4589.5,250
MOEX:LKOH,2022-12-14T23:05:00+03:00,4589.5,4589.5,4588.0,4588.0,111
MOEX:LKOH,2022-12-14T23:06:00+03:00,4589.5,4590.5,4589.0,4590.5,159
MOEX:LKOH,2022-12-14T23:07:00+03:00,4589.0,4590.5,4589.0,4590.5,344
MOEX:LKOH,2022-12-14T23:08:00+03:00,4590.5,4591.0,4589.5,4590.5,157
MOEX:LKOH,2022-12-14T23:09:00+03:00,4590.5,4591.0,4590.0,4590.5,48
MOEX:LKOH,2022-12-14T23:10:00+03:00,4590.5,4590.5,4589.5,4589.5,43
MOEX:LKOH,2022-12-14T23:11:00+03:00,4590.0,4590.5,4589.0,4589.5,44
MOEX:LKOH,2022-12-14T23:12:00+03:00,4590.0,4590.5,4590.0,4590.5,75
MOEX:LKOH,2022-12-14T23:13:00+03:00,4590.0,4591.0,4589.0,4590.5,231
MOEX:LKOH,2022-12-14T23:14:00+03:00,4590.5,4591.0,4590.0,4590.0,109
MOEX:LKOH,2022-12-14T23:15:00+03:00,4590.0,4590.5,4589.5,4589.5,62
MOEX:LKOH,2022-12-14T23:16:00+03:00,4590.5,4590.5,4589.5,4590.5,52
MOEX:LKOH,2022-12-14T23:17:00+03:00,4590.5,4590.5,4590.0,4590.0,34
MOEX:LKOH,2022-12-14T23:18:00+03:00,4590.5,4590.5,4589.0,4590.0,62
MOEX:LKOH,2022-12-14T23:19:00+03:00,4589.0,4590.0,4589.0,4589.0,79
MOEX:LKOH,2022-12-14T23:20:00+03:00,4590.0,4590.0,4590.0,4590.0,11
MOEX:LKOH,2022-12-14T23:21:00+03:00,4590.0,4590.5,4589.0,4590.5,157
MOEX:LKOH,2022-12-14T23:22:00+03:00,4590.0,4591.0,4589.5,4591.0,179
MOEX:LKOH,2022-12-14T23:23:00+03:00,4590.0,4591.0,4590.0,4591.0,42
MOEX:LKOH,2022-12-14T23:24:00+03:00,4590.0,4591.0,4590.0,4591.0,237
MOEX:LKOH,2022-12-14T23:25:00+03:00,4591.0,4591.0,4589.5,4589.5,27
MOEX:LKOH,2022-12-14T23:26:00+03:00,4590.5,4591.0,4589.5,4590.5,103
MOEX:LKOH,2022-12-14T23:27:00+03:00,4590.5,4591.0,4589.5,4590.0,780
MOEX:LKOH,2022-12-14T23:28:00+03:00,4590.5,4590.5,4590.5,4590.5,15
MOEX:LKOH,2022-12-14T23:29:00+03:00,4590.0,4590.5,4590.0,4590.5,25
MOEX:LKOH,2022-12-14T23:30:00+03:00,4590.5,4590.5,4590.0,4590.0,4
MOEX:LKOH,2022-12-14T23:31:00+03:00,4590.0,4590.5,4590.0,4590.0,24
MOEX:LKOH,2022-12-14T23:32:00+03:00,4590.5,4590.5,4589.0,4589.0,63
MOEX:LKOH,2022-12-14T23:33:00+03:00,4589.0,4590.0,4589.0,4590.0,261
MOEX:LKOH,2022-12-14T23:34:00+03:00,4590.0,4590.0,4589.0,4589.5,77
MOEX:LKOH,2022-12-14T23:35:00+03:00,4589.5,4590.0,4589.0,4589.0,30
MOEX:LKOH,2022-12-14T23:36:00+03:00,4589.0,4590.0,4589.0,4590.0,312
MOEX:LKOH,2022-12-14T23:37:00+03:00,4590.0,4590.0,4590.0,4590.0,87
MOEX:LKOH,2022-12-14T23:38:00+03:00,4589.5,4590.0,4589.5,4590.0,86
MOEX:LKOH,2022-12-14T23:39:00+03:00,4589.5,4589.5,4589.0,4589.0,29
MOEX:LKOH,2022-12-14T23:40:00+03:00,4589.5,4590.0,4589.0,4590.0,36
MOEX:LKOH,2022-12-14T23:41:00+03:00,4589.5,4589.5,4589.5,4589.5,3
MOEX:LKOH,2022-12-14T23:42:00+03:00,4590.0,4590.0,4590.0,4590.0,11
MOEX:LKOH,2022-12-14T23:43:00+03:00,4590.0,4590.5,4590.0,4590.5,170
MOEX:LKOH,2022-12-14T23:44:00+03:00,4590.5,4591.0,4590.5,4590.5,200
MOEX:LKOH,2022-12-14T23:45:00+03:00,4590.5,4591.0,4590.5,4591.0,547
MOEX:LKOH,2022-12-14T23:46:00+03:00,4591.0,4591.0,4590.5,4590.5,950
MOEX:LKOH,2022-12-14T23:47:00+03:00,4590.5,4590.5,4590.0,4590.0,303
MOEX:LKOH,2022-12-14T23:48:00+03:00,4590.5,4590.5,4590.0,4590.5,480
MOEX:LKOH,2022-12-14T23:49:00+03:00,4590.5,4591.0,4589.5,4590.5,196
