Finam:DX,2022-06-20T02:00:00+03:00,104.50,104.50,104.46,104.47,9
Finam:DX,2022-06-20T02:02:00+03:00,104.48,104.50,104.48,104.50,26
Finam:DX,2022-06-20T02:03:00+03:00,104.50,104.52,104.50,104.52,43
Finam:DX,2022-06-20T02:04:00+03:00,104.53,104.55,104.53,104.55,30
Finam:DX,2022-06-20T02:05:00+03:00,104.55,104.58,104.55,104.58,57
Finam:DX,2022-06-20T02:06:00+03:00,104.58,104.58,104.58,104.58,5
Finam:DX,2022-06-20T02:07:00+03:00,104.59,104.59,104.59,104.59,2
Finam:DX,2022-06-20T02:08:00+03:00,104.59,104.59,104.59,104.59,4
Finam:DX,2022-06-20T02:09:00+03:00,104.57,104.57,104.57,104.57,2
Finam:DX,2022-06-20T02:10:00+03:00,104.55,104.55,104.55,104.55,1
Finam:DX,2022-06-20T02:13:00+03:00,104.51,104.51,104.51,104.51,2
Finam:DX,2022-06-20T02:14:00+03:00,104.50,104.50,104.50,104.50,1
Finam:DX,2022-06-20T02:20:00+03:00,104.51,104.51,104.51,104.51,1
Finam:DX,2022-06-20T02:22:00+03:00,104.52,104.52,104.52,104.52,1
Finam:DX,2022-06-20T02:28:00+03:00,104.50,104.51,104.50,104.51,4
Finam:DX,2022-06-20T02:29:00+03:00,104.51,104.51,104.50,104.50,7
Finam:DX,2022-06-20T02:30:00+03:00,104.51,104.51,104.51,104.51,2
Finam:DX,2022-06-20T02:31:00+03:00,104.51,104.51,104.51,104.51,4
Finam:DX,2022-06-20T02:33:00+03:00,104.49,104.49,104.46,104.46,20
Finam:DX,2022-06-20T02:35:00+03:00,104.49,104.49,104.46,104.46,2
Finam:DX,2022-06-20T02:36:00+03:00,104.48,104.48,104.48,104.48,1
Finam:DX,2022-06-20T02:38:00+03:00,104.48,104.48,104.47,104.47,7
Finam:DX,2022-06-20T02:40:00+03:00,104.46,104.46,104.46,104.46,2
Finam:DX,2022-06-20T02:41:00+03:00,104.46,104.46,104.46,104.46,1
Finam:DX,2022-06-20T02:42:00+03:00,104.46,104.46,104.46,104.46,1
Finam:DX,2022-06-20T02:43:00+03:00,104.45,104.47,104.45,104.47,2
Finam:DX,2022-06-20T02:44:00+03:00,104.46,104.46,104.46,104.46,2
Finam:DX,2022-06-20T02:45:00+03:00,104.46,104.47,104.46,104.46,5
Finam:DX,2022-06-20T02:48:00+03:00,104.46,104.47,104.46,104.47,9
Finam:DX,2022-06-20T02:49:00+03:00,104.46,104.46,104.45,104.45,100
Finam:DX,2022-06-20T02:51:00+03:00,104.44,104.44,104.44,104.44,1
Finam:DX,2022-06-20T02:52:00+03:00,104.45,104.45,104.45,104.45,2
Finam:DX,2022-06-20T02:53:00+03:00,104.45,104.45,104.45,104.45,5
Finam:DX,2022-06-20T02:55:00+03:00,104.44,104.44,104.44,104.44,1
Finam:DX,2022-06-20T02:56:00+03:00,104.46,104.47,104.46,104.47,3
Finam:DX,2022-06-20T02:57:00+03:00,104.47,104.47,104.47,104.47,2
Finam:DX,2022-06-20T02:58:00+03:00,104.46,104.46,104.45,104.45,3
Finam:DX,2022-06-20T03:00:00+03:00,104.46,104.47,104.46,104.47,19
Finam:DX,2022-06-20T03:02:00+03:00,104.47,104.47,104.46,104.46,34
Finam:DX,2022-06-20T03:04:00+03:00,104.47,104.47,104.47,104.47,1
Finam:DX,2022-06-20T03:05:00+03:00,104.46,104.46,104.46,104.46,1
Finam:DX,2022-06-20T03:07:00+03:00,104.48,104.48,104.48,104.48,1
Finam:DX,2022-06-20T03:08:00+03:00,104.49,104.51,104.49,104.51,4
Finam:DX,2022-06-20T03:09:00+03:00,104.49,104.49,104.47,104.47,12
Finam:DX,2022-06-20T03:10:00+03:00,104.47,104.47,104.47,104.47,5
Finam:DX,2022-06-20T03:11:00+03:00,104.48,104.49,104.48,104.49,2
Finam:DX,2022-06-20T03:14:00+03:00,104.49,104.49,104.48,104.48,2
Finam:DX,2022-06-20T03:15:00+03:00,104.49,104.49,104.48,104.48,2
Finam:DX,2022-06-20T03:16:00+03:00,104.49,104.49,104.49,104.49,1
Finam:DX,2022-06-20T03:17:00+03:00,104.49,104.49,104.49,104.49,2
Finam:DX,2022-06-20T03:18:00+03:00,104.50,104.50,104.50,104.50,8
Finam:DX,2022-06-20T03:19:00+03:00,104.49,104.51,104.49,104.51,5
Finam:DX,2022-06-20T03:20:00+03:00,104.51,104.51,104.51,104.51,3
Finam:DX,2022-06-20T03:21:00+03:00,104.51,104.53,104.51,104.53,12
Finam:DX,2022-06-20T03:23:00+03:00,104.52,104.53,104.52,104.53,3
Finam:DX,2022-06-20T03:24:00+03:00,104.51,104.51,104.51,104.51,3
Finam:DX,2022-06-20T03:25:00+03:00,104.50,104.50,104.50,104.50,2
Finam:DX,2022-06-20T03:27:00+03:00,104.50,104.51,104.50,104.51,3
Finam:DX,2022-06-20T03:28:00+03:00,104.49,104.49,104.49,104.49,2
Finam:DX,2022-06-20T03:30:00+03:00,104.50,104.50,104.49,104.49,4
Finam:DX,2022-06-20T03:31:00+03:00,104.49,104.49,104.49,104.49,2
Finam:DX,2022-06-20T03:32:00+03:00,104.48,104.48,104.48,104.48,3
Finam:DX,2022-06-20T03:33:00+03:00,104.48,104.48,104.48,104.48,10
Finam:DX,2022-06-20T03:35:00+03:00,104.48,104.49,104.48,104.49,4
Finam:DX,2022-06-20T03:36:00+03:00,104.49,104.49,104.49,104.49,5
Finam:DX,2022-06-20T03:37:00+03:00,104.49,104.49,104.49,104.49,3
Finam:DX,2022-06-20T03:38:00+03:00,104.50,104.50,104.50,104.50,3
Finam:DX,2022-06-20T03:40:00+03:00,104.48,104.48,104.47,104.48,11
Finam:DX,2022-06-20T03:41:00+03:00,104.45,104.45,104.45,104.45,1
Finam:DX,2022-06-20T03:42:00+03:00,104.46,104.46,104.46,104.46,1
Finam:DX,2022-06-20T03:43:00+03:00,104.45,104.45,104.45,104.45,8
Finam:DX,2022-06-20T03:44:00+03:00,104.45,104.45,104.44,104.44,19
Finam:DX,2022-06-20T03:45:00+03:00,104.45,104.46,104.45,104.46,14
Finam:DX,2022-06-20T03:46:00+03:00,104.45,104.47,104.45,104.47,10
Finam:DX,2022-06-20T03:48:00+03:00,104.48,104.48,104.48,104.48,3
Finam:DX,2022-06-20T03:49:00+03:00,104.47,104.48,104.47,104.48,2
Finam:DX,2022-06-20T03:50:00+03:00,104.46,104.46,104.46,104.46,1
Finam:DX,2022-06-20T03:51:00+03:00,104.47,104.48,104.47,104.48,3
Finam:DX,2022-06-20T03:52:00+03:00,104.45,104.45,104.45,104.45,1
Finam:DX,2022-06-20T03:53:00+03:00,104.45,104.45,104.45,104.45,1
Finam:DX,2022-06-20T03:54:00+03:00,104.47,104.47,104.47,104.47,1
Finam:DX,2022-06-20T03:57:00+03:00,104.45,104.45,104.44,104.45,4
Finam:DX,2022-06-20T04:00:00+03:00,104.46,104.46,104.45,104.46,10
Finam:DX,2022-06-20T04:01:00+03:00,104.46,104.51,104.46,104.50,9
Finam:DX,2022-06-20T04:02:00+03:00,104.51,104.51,104.50,104.50,4
Finam:DX,2022-06-20T04:03:00+03:00,104.50,104.50,104.47,104.47,11
Finam:DX,2022-06-20T04:04:00+03:00,104.46,104.46,104.44,104.44,16
Finam:DX,2022-06-20T04:05:00+03:00,104.47,104.47,104.47,104.47,1
Finam:DX,2022-06-20T04:06:00+03:00,104.47,104.47,104.46,104.46,2
Finam:DX,2022-06-20T04:07:00+03:00,104.47,104.47,104.47,104.47,1
Finam:DX,2022-06-20T04:08:00+03:00,104.45,104.46,104.45,104.46,3
Finam:DX,2022-06-20T04:10:00+03:00,104.47,104.47,104.46,104.46,4
Finam:DX,2022-06-20T04:11:00+03:00,104.48,104.50,104.48,104.50,8
Finam:DX,2022-06-20T04:12:00+03:00,104.50,104.51,104.50,104.51,6
Finam:DX,2022-06-20T04:13:00+03:00,104.50,104.50,104.49,104.49,6
Finam:DX,2022-06-20T04:14:00+03:00,104.49,104.49,104.47,104.47,9
Finam:DX,2022-06-20T04:15:00+03:00,104.47,104.47,104.45,104.46,18
Finam:DX,2022-06-20T04:16:00+03:00,104.45,104.46,104.44,104.45,14
Finam:DX,2022-06-20T04:17:00+03:00,104.46,104.48,104.46,104.47,6
Finam:DX,2022-06-20T04:18:00+03:00,104.45,104.45,104.43,104.43,21
Finam:DX,2022-06-20T04:19:00+03:00,104.43,104.45,104.43,104.45,6
Finam:DX,2022-06-20T04:20:00+03:00,104.45,104.45,104.45,104.45,1
Finam:DX,2022-06-20T04:22:00+03:00,104.46,104.46,104.46,104.46,1
Finam:DX,2022-06-20T04:23:00+03:00,104.44,104.45,104.44,104.45,7
Finam:DX,2022-06-20T04:24:00+03:00,104.44,104.45,104.43,104.43,7
Finam:DX,2022-06-20T04:25:00+03:00,104.44,104.45,104.44,104.45,3
Finam:DX,2022-06-20T04:26:00+03:00,104.45,104.46,104.45,104.46,6
Finam:DX,2022-06-20T04:27:00+03:00,104.44,104.44,104.44,104.44,1
Finam:DX,2022-06-20T04:29:00+03:00,104.46,104.46,104.46,104.46,1
Finam:DX,2022-06-20T04:30:00+03:00,104.47,104.47,104.46,104.46,3
Finam:DX,2022-06-20T04:31:00+03:00,104.48,104.48,104.47,104.47,4
Finam:DX,2022-06-20T04:32:00+03:00,104.47,104.47,104.47,104.47,3
Finam:DX,2022-06-20T04:34:00+03:00,104.45,104.45,104.44,104.44,6
Finam:DX,2022-06-20T04:35:00+03:00,104.44,104.44,104.44,104.44,1
Finam:DX,2022-06-20T04:36:00+03:00,104.44,104.45,104.44,104.45,2
Finam:DX,2022-06-20T04:38:00+03:00,104.45,104.45,104.45,104.45,1
Finam:DX,2022-06-20T04:41:00+03:00,104.46,104.46,104.46,104.46,1
Finam:DX,2022-06-20T04:42:00+03:00,104.45,104.45,104.44,104.44,2
Finam:DX,2022-06-20T04:43:00+03:00,104.44,104.45,104.44,104.45,8
Finam:DX,2022-06-20T04:46:00+03:00,104.47,104.49,104.47,104.48,33
Finam:DX,2022-06-20T04:47:00+03:00,104.49,104.50,104.49,104.50,3
Finam:DX,2022-06-20T04:48:00+03:00,104.50,104.50,104.48,104.48,16
Finam:DX,2022-06-20T04:49:00+03:00,104.47,104.47,104.47,104.47,21
Finam:DX,2022-06-20T04:50:00+03:00,104.45,104.45,104.45,104.45,8
Finam:DX,2022-06-20T04:51:00+03:00,104.45,104.45,104.45,104.45,4
Finam:DX,2022-06-20T04:52:00+03:00,104.45,104.45,104.44,104.44,9
Finam:DX,2022-06-20T04:53:00+03:00,104.44,104.44,104.42,104.43,8
Finam:DX,2022-06-20T04:54:00+03:00,104.44,104.45,104.44,104.45,11
Finam:DX,2022-06-20T04:55:00+03:00,104.45,104.45,104.43,104.43,37
Finam:DX,2022-06-20T04:56:00+03:00,104.44,104.45,104.44,104.45,4
Finam:DX,2022-06-20T04:57:00+03:00,104.44,104.44,104.43,104.43,8
Finam:DX,2022-06-20T04:58:00+03:00,104.44,104.44,104.44,104.44,4
Finam:DX,2022-06-20T04:59:00+03:00,104.44,104.44,104.43,104.44,3
Finam:DX,2022-06-20T05:00:00+03:00,104.42,104.43,104.41,104.41,9
Finam:DX,2022-06-20T05:01:00+03:00,104.41,104.42,104.41,104.42,8
Finam:DX,2022-06-20T05:02:00+03:00,104.42,104.43,104.42,104.43,14
Finam:DX,2022-06-20T05:03:00+03:00,104.43,104.43,104.42,104.42,8
Finam:DX,2022-06-20T05:04:00+03:00,104.42,104.42,104.41,104.41,9
Finam:DX,2022-06-20T05:05:00+03:00,104.42,104.43,104.42,104.43,8
Finam:DX,2022-06-20T05:07:00+03:00,104.43,104.45,104.43,104.45,11
Finam:DX,2022-06-20T05:10:00+03:00,104.42,104.42,104.42,104.42,1
Finam:DX,2022-06-20T05:11:00+03:00,104.41,104.41,104.40,104.40,7
Finam:DX,2022-06-20T05:12:00+03:00,104.42,104.42,104.41,104.41,2
Finam:DX,2022-06-20T05:13:00+03:00,104.41,104.41,104.40,104.40,2
Finam:DX,2022-06-20T05:14:00+03:00,104.40,104.41,104.40,104.41,7
Finam:DX,2022-06-20T05:15:00+03:00,104.42,104.42,104.40,104.41,13
Finam:DX,2022-06-20T05:16:00+03:00,104.41,104.43,104.41,104.42,32
Finam:DX,2022-06-20T05:17:00+03:00,104.42,104.43,104.42,104.43,2
Finam:DX,2022-06-20T05:18:00+03:00,104.43,104.45,104.43,104.45,39
Finam:DX,2022-06-20T05:19:00+03:00,104.43,104.43,104.43,104.43,3
Finam:DX,2022-06-20T05:20:00+03:00,104.43,104.43,104.42,104.42,8
Finam:DX,2022-06-20T05:21:00+03:00,104.42,104.42,104.42,104.42,3
Finam:DX,2022-06-20T05:22:00+03:00,104.42,104.43,104.41,104.43,6
Finam:DX,2022-06-20T05:23:00+03:00,104.42,104.45,104.42,104.44,122
Finam:DX,2022-06-20T05:24:00+03:00,104.46,104.46,104.45,104.45,5
Finam:DX,2022-06-20T05:25:00+03:00,104.45,104.45,104.44,104.44,6
Finam:DX,2022-06-20T05:26:00+03:00,104.43,104.43,104.43,104.43,4
Finam:DX,2022-06-20T05:27:00+03:00,104.43,104.44,104.43,104.44,4
Finam:DX,2022-06-20T05:28:00+03:00,104.42,104.42,104.40,104.42,13
Finam:DX,2022-06-20T05:29:00+03:00,104.44,104.44,104.43,104.44,4
Finam:DX,2022-06-20T05:30:00+03:00,104.45,104.46,104.45,104.45,43
Finam:DX,2022-06-20T05:31:00+03:00,104.45,104.48,104.45,104.48,32
Finam:DX,2022-06-20T05:32:00+03:00,104.47,104.47,104.45,104.45,11
Finam:DX,2022-06-20T05:33:00+03:00,104.46,104.46,104.43,104.43,9
Finam:DX,2022-06-20T05:34:00+03:00,104.44,104.44,104.43,104.43,7
Finam:DX,2022-06-20T05:35:00+03:00,104.44,104.44,104.42,104.42,28
Finam:DX,2022-06-20T05:36:00+03:00,104.42,104.42,104.41,104.42,6
Finam:DX,2022-06-20T05:37:00+03:00,104.43,104.43,104.43,104.43,1
Finam:DX,2022-06-20T05:38:00+03:00,104.44,104.44,104.43,104.43,8
Finam:DX,2022-06-20T05:40:00+03:00,104.45,104.45,104.43,104.44,7
Finam:DX,2022-06-20T05:41:00+03:00,104.43,104.43,104.42,104.42,14
Finam:DX,2022-06-20T05:42:00+03:00,104.42,104.42,104.42,104.42,2
Finam:DX,2022-06-20T05:43:00+03:00,104.44,104.44,104.43,104.43,3
Finam:DX,2022-06-20T05:44:00+03:00,104.44,104.45,104.44,104.45,3
Finam:DX,2022-06-20T05:46:00+03:00,104.45,104.47,104.45,104.46,4
Finam:DX,2022-06-20T05:47:00+03:00,104.46,104.47,104.46,104.47,3
Finam:DX,2022-06-20T05:48:00+03:00,104.46,104.46,104.45,104.45,5
Finam:DX,2022-06-20T05:49:00+03:00,104.45,104.45,104.44,104.44,17
Finam:DX,2022-06-20T05:50:00+03:00,104.46,104.47,104.46,104.47,9
Finam:DX,2022-06-20T05:51:00+03:00,104.46,104.46,104.45,104.45,2
Finam:DX,2022-06-20T05:52:00+03:00,104.46,104.46,104.45,104.45,8
Finam:DX,2022-06-20T05:53:00+03:00,104.47,104.47,104.47,104.47,9
Finam:DX,2022-06-20T05:54:00+03:00,104.47,104.48,104.46,104.46,20
Finam:DX,2022-06-20T05:55:00+03:00,104.46,104.47,104.46,104.47,8
Finam:DX,2022-06-20T05:56:00+03:00,104.47,104.48,104.46,104.46,72
Finam:DX,2022-06-20T05:57:00+03:00,104.46,104.47,104.45,104.45,14
Finam:DX,2022-06-20T05:58:00+03:00,104.46,104.47,104.46,104.47,4
Finam:DX,2022-06-20T05:59:00+03:00,104.45,104.46,104.45,104.46,3
Finam:DX,2022-06-20T06:00:00+03:00,104.47,104.48,104.45,104.45,15
Finam:DX,2022-06-20T06:01:00+03:00,104.45,104.46,104.45,104.46,3
Finam:DX,2022-06-20T06:02:00+03:00,104.46,104.47,104.46,104.47,2
Finam:DX,2022-06-20T06:03:00+03:00,104.46,104.46,104.45,104.45,10
Finam:DX,2022-06-20T06:04:00+03:00,104.45,104.46,104.45,104.46,12
Finam:DX,2022-06-20T06:05:00+03:00,104.45,104.45,104.45,104.45,4
Finam:DX,2022-06-20T06:06:00+03:00,104.45,104.45,104.45,104.45,3
Finam:DX,2022-06-20T06:07:00+03:00,104.44,104.44,104.43,104.43,5
Finam:DX,2022-06-20T06:08:00+03:00,104.43,104.44,104.42,104.44,10
Finam:DX,2022-06-20T06:09:00+03:00,104.43,104.43,104.41,104.41,6
Finam:DX,2022-06-20T06:10:00+03:00,104.41,104.41,104.40,104.40,16
Finam:DX,2022-06-20T06:12:00+03:00,104.40,104.41,104.40,104.41,9
Finam:DX,2022-06-20T06:13:00+03:00,104.39,104.39,104.39,104.39,6
Finam:DX,2022-06-20T06:14:00+03:00,104.38,104.40,104.37,104.40,13
Finam:DX,2022-06-20T06:15:00+03:00,104.40,104.40,104.40,104.40,1
Finam:DX,2022-06-20T06:16:00+03:00,104.40,104.40,104.38,104.38,10
Finam:DX,2022-06-20T06:17:00+03:00,104.38,104.39,104.37,104.37,13
Finam:DX,2022-06-20T06:18:00+03:00,104.37,104.38,104.36,104.38,12
Finam:DX,2022-06-20T06:19:00+03:00,104.38,104.38,104.37,104.37,19
Finam:DX,2022-06-20T06:20:00+03:00,104.38,104.38,104.36,104.36,20
Finam:DX,2022-06-20T06:21:00+03:00,104.36,104.37,104.36,104.37,3
Finam:DX,2022-06-20T06:22:00+03:00,104.38,104.38,104.38,104.38,1
Finam:DX,2022-06-20T06:24:00+03:00,104.40,104.40,104.40,104.40,1
Finam:DX,2022-06-20T06:25:00+03:00,104.39,104.39,104.39,104.39,3
Finam:DX,2022-06-20T06:26:00+03:00,104.39,104.40,104.39,104.40,2
Finam:DX,2022-06-20T06:27:00+03:00,104.39,104.40,104.39,104.40,4
Finam:DX,2022-06-20T06:29:00+03:00,104.40,104.40,104.39,104.39,9
Finam:DX,2022-06-20T06:30:00+03:00,104.38,104.38,104.38,104.38,1
Finam:DX,2022-06-20T06:31:00+03:00,104.36,104.36,104.35,104.36,5
Finam:DX,2022-06-20T06:32:00+03:00,104.35,104.35,104.34,104.34,12
Finam:DX,2022-06-20T06:33:00+03:00,104.35,104.35,104.34,104.35,5
Finam:DX,2022-06-20T06:34:00+03:00,104.34,104.34,104.32,104.32,4
Finam:DX,2022-06-20T06:35:00+03:00,104.33,104.34,104.32,104.32,13
Finam:DX,2022-06-20T06:36:00+03:00,104.32,104.32,104.31,104.31,14
Finam:DX,2022-06-20T06:37:00+03:00,104.32,104.33,104.32,104.33,7
Finam:DX,2022-06-20T06:38:00+03:00,104.33,104.33,104.32,104.33,7
Finam:DX,2022-06-20T06:39:00+03:00,104.31,104.32,104.29,104.30,31
Finam:DX,2022-06-20T06:40:00+03:00,104.29,104.30,104.27,104.28,24
Finam:DX,2022-06-20T06:41:00+03:00,104.29,104.29,104.27,104.27,32
Finam:DX,2022-06-20T06:42:00+03:00,104.26,104.30,104.25,104.26,24
Finam:DX,2022-06-20T06:43:00+03:00,104.27,104.28,104.25,104.27,41
Finam:DX,2022-06-20T06:44:00+03:00,104.27,104.27,104.25,104.25,7
Finam:DX,2022-06-20T06:45:00+03:00,104.25,104.26,104.25,104.26,2
Finam:DX,2022-06-20T06:46:00+03:00,104.25,104.25,104.25,104.25,1
Finam:DX,2022-06-20T06:47:00+03:00,104.26,104.26,104.26,104.26,1
Finam:DX,2022-06-20T06:48:00+03:00,104.26,104.27,104.26,104.27,3
Finam:DX,2022-06-20T06:49:00+03:00,104.26,104.26,104.26,104.26,2
Finam:DX,2022-06-20T06:50:00+03:00,104.24,104.25,104.23,104.23,7
Finam:DX,2022-06-20T06:51:00+03:00,104.22,104.23,104.22,104.23,3
Finam:DX,2022-06-20T06:52:00+03:00,104.23,104.23,104.22,104.22,9
Finam:DX,2022-06-20T06:53:00+03:00,104.22,104.22,104.21,104.21,6
Finam:DX,2022-06-20T06:54:00+03:00,104.21,104.21,104.21,104.21,2
Finam:DX,2022-06-20T06:55:00+03:00,104.22,104.22,104.20,104.20,119
Finam:DX,2022-06-20T06:56:00+03:00,104.19,104.20,104.18,104.20,18
Finam:DX,2022-06-20T06:57:00+03:00,104.21,104.22,104.21,104.22,7
Finam:DX,2022-06-20T06:58:00+03:00,104.23,104.23,104.22,104.22,8
Finam:DX,2022-06-20T06:59:00+03:00,104.23,104.24,104.23,104.24,8
Finam:DX,2022-06-20T07:00:00+03:00,104.23,104.23,104.19,104.20,48
Finam:DX,2022-06-20T07:01:00+03:00,104.20,104.22,104.20,104.22,6
Finam:DX,2022-06-20T07:02:00+03:00,104.21,104.21,104.20,104.21,10
Finam:DX,2022-06-20T07:03:00+03:00,104.22,104.22,104.22,104.22,1
Finam:DX,2022-06-20T07:04:00+03:00,104.20,104.20,104.20,104.20,4
Finam:DX,2022-06-20T07:05:00+03:00,104.21,104.21,104.20,104.20,6
Finam:DX,2022-06-20T07:06:00+03:00,104.21,104.21,104.21,104.21,3
Finam:DX,2022-06-20T07:07:00+03:00,104.20,104.21,104.20,104.20,7
Finam:DX,2022-06-20T07:08:00+03:00,104.20,104.22,104.20,104.22,6
Finam:DX,2022-06-20T07:10:00+03:00,104.21,104.21,104.20,104.20,3
Finam:DX,2022-06-20T07:11:00+03:00,104.21,104.21,104.21,104.21,6
Finam:DX,2022-06-20T07:12:00+03:00,104.21,104.21,104.21,104.21,4
Finam:DX,2022-06-20T07:13:00+03:00,104.20,104.21,104.19,104.19,17
Finam:DX,2022-06-20T07:14:00+03:00,104.19,104.19,104.17,104.17,10
Finam:DX,2022-06-20T07:15:00+03:00,104.17,104.18,104.17,104.18,17
Finam:DX,2022-06-20T07:16:00+03:00,104.19,104.19,104.19,104.19,2
Finam:DX,2022-06-20T07:17:00+03:00,104.20,104.21,104.20,104.21,5
Finam:DX,2022-06-20T07:18:00+03:00,104.21,104.22,104.21,104.21,26
Finam:DX,2022-06-20T07:20:00+03:00,104.19,104.19,104.19,104.19,3
Finam:DX,2022-06-20T07:21:00+03:00,104.22,104.22,104.22,104.22,2
Finam:DX,2022-06-20T07:22:00+03:00,104.22,104.24,104.22,104.24,12
Finam:DX,2022-06-20T07:23:00+03:00,104.24,104.24,104.24,104.24,5
Finam:DX,2022-06-20T07:24:00+03:00,104.25,104.25,104.24,104.24,3
Finam:DX,2022-06-20T07:25:00+03:00,104.25,104.25,104.25,104.25,2
Finam:DX,2022-06-20T07:26:00+03:00,104.23,104.24,104.23,104.24,3
Finam:DX,2022-06-20T07:27:00+03:00,104.26,104.26,104.26,104.26,3
Finam:DX,2022-06-20T07:28:00+03:00,104.25,104.25,104.25,104.25,1
Finam:DX,2022-06-20T07:29:00+03:00,104.25,104.25,104.25,104.25,1
Finam:DX,2022-06-20T07:30:00+03:00,104.25,104.26,104.24,104.24,6
Finam:DX,2022-06-20T07:31:00+03:00,104.23,104.23,104.21,104.21,6
Finam:DX,2022-06-20T07:33:00+03:00,104.21,104.22,104.21,104.21,4
Finam:DX,2022-06-20T07:34:00+03:00,104.21,104.21,104.20,104.20,4
Finam:DX,2022-06-20T07:35:00+03:00,104.20,104.20,104.18,104.18,11
Finam:DX,2022-06-20T07:36:00+03:00,104.18,104.19,104.17,104.17,26
Finam:DX,2022-06-20T07:37:00+03:00,104.16,104.16,104.15,104.15,6
Finam:DX,2022-06-20T07:38:00+03:00,104.16,104.17,104.16,104.17,6
Finam:DX,2022-06-20T07:39:00+03:00,104.15,104.17,104.15,104.17,6
Finam:DX,2022-06-20T07:40:00+03:00,104.16,104.17,104.16,104.17,3
Finam:DX,2022-06-20T07:41:00+03:00,104.18,104.19,104.18,104.19,4
Finam:DX,2022-06-20T07:42:00+03:00,104.18,104.18,104.18,104.18,4
Finam:DX,2022-06-20T07:43:00+03:00,104.18,104.18,104.18,104.18,16
Finam:DX,2022-06-20T07:44:00+03:00,104.19,104.19,104.19,104.19,15
Finam:DX,2022-06-20T07:45:00+03:00,104.19,104.19,104.19,104.19,2
Finam:DX,2022-06-20T07:46:00+03:00,104.19,104.20,104.19,104.20,12
Finam:DX,2022-06-20T07:47:00+03:00,104.19,104.20,104.19,104.20,11
Finam:DX,2022-06-20T07:48:00+03:00,104.19,104.19,104.18,104.18,4
Finam:DX,2022-06-20T07:50:00+03:00,104.17,104.17,104.16,104.16,13
Finam:DX,2022-06-20T07:51:00+03:00,104.17,104.17,104.15,104.15,24
Finam:DX,2022-06-20T07:52:00+03:00,104.17,104.17,104.17,104.17,1
Finam:DX,2022-06-20T07:54:00+03:00,104.16,104.16,104.16,104.16,1
Finam:DX,2022-06-20T07:55:00+03:00,104.16,104.16,104.16,104.16,1
Finam:DX,2022-06-20T07:56:00+03:00,104.16,104.16,104.15,104.15,2
Finam:DX,2022-06-20T07:57:00+03:00,104.15,104.15,104.14,104.14,3
Finam:DX,2022-06-20T07:58:00+03:00,104.15,104.18,104.15,104.17,5
Finam:DX,2022-06-20T08:00:00+03:00,104.17,104.17,104.17,104.17,2
Finam:DX,2022-06-20T08:03:00+03:00,104.21,104.21,104.21,104.21,1
Finam:DX,2022-06-20T08:04:00+03:00,104.21,104.21,104.21,104.21,1
Finam:DX,2022-06-20T08:05:00+03:00,104.20,104.21,104.20,104.21,22
Finam:DX,2022-06-20T08:06:00+03:00,104.18,104.18,104.18,104.18,1
Finam:DX,2022-06-20T08:07:00+03:00,104.19,104.19,104.18,104.18,20
Finam:DX,2022-06-20T08:08:00+03:00,104.18,104.18,104.18,104.18,1
Finam:DX,2022-06-20T08:09:00+03:00,104.18,104.18,104.18,104.18,1
Finam:DX,2022-06-20T08:10:00+03:00,104.18,104.18,104.18,104.18,1
Finam:DX,2022-06-20T08:15:00+03:00,104.18,104.18,104.18,104.18,2
Finam:DX,2022-06-20T08:16:00+03:00,104.18,104.18,104.17,104.17,5
Finam:DX,2022-06-20T08:17:00+03:00,104.19,104.19,104.19,104.19,2
Finam:DX,2022-06-20T08:18:00+03:00,104.19,104.19,104.17,104.17,4
Finam:DX,2022-06-20T08:19:00+03:00,104.17,104.17,104.17,104.17,2
Finam:DX,2022-06-20T08:22:00+03:00,104.16,104.16,104.15,104.15,3
Finam:DX,2022-06-20T08:23:00+03:00,104.16,104.16,104.16,104.16,1
Finam:DX,2022-06-20T08:24:00+03:00,104.17,104.19,104.17,104.19,5
Finam:DX,2022-06-20T08:25:00+03:00,104.18,104.18,104.17,104.17,3
Finam:DX,2022-06-20T08:26:00+03:00,104.17,104.17,104.16,104.16,2
Finam:DX,2022-06-20T08:29:00+03:00,104.16,104.16,104.15,104.15,4
Finam:DX,2022-06-20T08:30:00+03:00,104.16,104.17,104.15,104.15,6
Finam:DX,2022-06-20T08:31:00+03:00,104.16,104.16,104.16,104.16,3
Finam:DX,2022-06-20T08:32:00+03:00,104.17,104.17,104.17,104.17,4
Finam:DX,2022-06-20T08:38:00+03:00,104.16,104.16,104.16,104.16,1
Finam:DX,2022-06-20T08:40:00+03:00,104.18,104.18,104.18,104.18,1
Finam:DX,2022-06-20T08:41:00+03:00,104.18,104.18,104.18,104.18,2
Finam:DX,2022-06-20T08:43:00+03:00,104.19,104.19,104.18,104.18,3
Finam:DX,2022-06-20T08:44:00+03:00,104.18,104.18,104.18,104.18,1
Finam:DX,2022-06-20T08:45:00+03:00,104.18,104.18,104.18,104.18,3
Finam:DX,2022-06-20T08:46:00+03:00,104.17,104.17,104.17,104.17,1
Finam:DX,2022-06-20T08:47:00+03:00,104.17,104.17,104.17,104.17,1
Finam:DX,2022-06-20T08:51:00+03:00,104.20,104.21,104.20,104.21,5
Finam:DX,2022-06-20T08:52:00+03:00,104.20,104.20,104.20,104.20,1
Finam:DX,2022-06-20T08:53:00+03:00,104.19,104.19,104.19,104.19,2
Finam:DX,2022-06-20T08:54:00+03:00,104.20,104.20,104.19,104.19,8
Finam:DX,2022-06-20T08:56:00+03:00,104.21,104.21,104.21,104.21,1
Finam:DX,2022-06-20T08:57:00+03:00,104.22,104.23,104.22,104.23,18
Finam:DX,2022-06-20T08:58:00+03:00,104.22,104.22,104.22,104.22,2
Finam:DX,2022-06-20T08:59:00+03:00,104.23,104.23,104.23,104.23,1
Finam:DX,2022-06-20T09:00:00+03:00,104.23,104.23,104.22,104.22,7
Finam:DX,2022-06-20T09:01:00+03:00,104.22,104.22,104.22,104.22,2
Finam:DX,2022-06-20T09:02:00+03:00,104.22,104.22,104.21,104.21,2
Finam:DX,2022-06-20T09:03:00+03:00,104.21,104.22,104.21,104.22,4
Finam:DX,2022-06-20T09:04:00+03:00,104.22,104.22,104.21,104.21,2
Finam:DX,2022-06-20T09:05:00+03:00,104.21,104.21,104.20,104.20,7
Finam:DX,2022-06-20T09:06:00+03:00,104.21,104.22,104.21,104.22,5
Finam:DX,2022-06-20T09:09:00+03:00,104.18,104.18,104.18,104.18,1
Finam:DX,2022-06-20T09:10:00+03:00,104.19,104.19,104.19,104.19,16
Finam:DX,2022-06-20T09:11:00+03:00,104.18,104.18,104.17,104.17,2
Finam:DX,2022-06-20T09:12:00+03:00,104.18,104.18,104.17,104.17,12
Finam:DX,2022-06-20T09:14:00+03:00,104.18,104.18,104.18,104.18,1
Finam:DX,2022-06-20T09:16:00+03:00,104.17,104.17,104.16,104.16,6
Finam:DX,2022-06-20T09:17:00+03:00,104.17,104.18,104.17,104.18,11
Finam:DX,2022-06-20T09:18:00+03:00,104.17,104.17,104.17,104.17,1
Finam:DX,2022-06-20T09:20:00+03:00,104.20,104.21,104.18,104.18,24
Finam:DX,2022-06-20T09:24:00+03:00,104.21,104.23,104.21,104.22,31
Finam:DX,2022-06-20T09:25:00+03:00,104.21,104.22,104.21,104.21,6
Finam:DX,2022-06-20T09:28:00+03:00,104.22,104.23,104.22,104.22,5
Finam:DX,2022-06-20T09:29:00+03:00,104.22,104.22,104.22,104.22,2
Finam:DX,2022-06-20T09:30:00+03:00,104.23,104.24,104.22,104.22,8
Finam:DX,2022-06-20T09:31:00+03:00,104.22,104.22,104.21,104.21,4
Finam:DX,2022-06-20T09:33:00+03:00,104.22,104.22,104.22,104.22,1
Finam:DX,2022-06-20T09:34:00+03:00,104.22,104.22,104.22,104.22,2
Finam:DX,2022-06-20T09:35:00+03:00,104.22,104.22,104.22,104.22,1
Finam:DX,2022-06-20T09:36:00+03:00,104.22,104.23,104.22,104.23,7
Finam:DX,2022-06-20T09:37:00+03:00,104.23,104.23,104.22,104.22,16
Finam:DX,2022-06-20T09:38:00+03:00,104.22,104.22,104.22,104.22,1
Finam:DX,2022-06-20T09:39:00+03:00,104.24,104.24,104.24,104.24,3
Finam:DX,2022-06-20T09:40:00+03:00,104.23,104.23,104.21,104.21,18
Finam:DX,2022-06-20T09:41:00+03:00,104.22,104.23,104.22,104.23,2
Finam:DX,2022-06-20T09:43:00+03:00,104.21,104.22,104.21,104.22,3
Finam:DX,2022-06-20T09:44:00+03:00,104.21,104.21,104.19,104.19,5
Finam:DX,2022-06-20T09:45:00+03:00,104.18,104.18,104.18,104.18,1
Finam:DX,2022-06-20T09:46:00+03:00,104.18,104.18,104.18,104.18,15
Finam:DX,2022-06-20T09:47:00+03:00,104.17,104.17,104.17,104.17,1
Finam:DX,2022-06-20T09:48:00+03:00,104.17,104.17,104.15,104.15,9
Finam:DX,2022-06-20T09:49:00+03:00,104.17,104.17,104.16,104.16,2
Finam:DX,2022-06-20T09:50:00+03:00,104.15,104.15,104.15,104.15,1
Finam:DX,2022-06-20T09:51:00+03:00,104.15,104.15,104.15,104.15,1
Finam:DX,2022-06-20T09:52:00+03:00,104.15,104.15,104.15,104.15,1
Finam:DX,2022-06-20T09:56:00+03:00,104.17,104.18,104.15,104.15,7
Finam:DX,2022-06-20T09:58:00+03:00,104.17,104.17,104.16,104.16,10
Finam:DX,2022-06-20T09:59:00+03:00,104.18,104.19,104.18,104.19,28
Finam:DX,2022-06-20T10:00:00+03:00,104.19,104.20,104.19,104.20,25
Finam:DX,2022-06-20T10:01:00+03:00,104.21,104.23,104.21,104.23,8
Finam:DX,2022-06-20T10:02:00+03:00,104.23,104.23,104.21,104.21,2
Finam:DX,2022-06-20T10:03:00+03:00,104.20,104.22,104.20,104.22,2
Finam:DX,2022-06-20T10:04:00+03:00,104.20,104.20,104.19,104.19,7
Finam:DX,2022-06-20T10:05:00+03:00,104.20,104.20,104.20,104.20,2
Finam:DX,2022-06-20T10:06:00+03:00,104.20,104.20,104.17,104.17,20
Finam:DX,2022-06-20T10:07:00+03:00,104.16,104.16,104.15,104.15,8
Finam:DX,2022-06-20T10:09:00+03:00,104.15,104.15,104.14,104.15,11
Finam:DX,2022-06-20T10:10:00+03:00,104.15,104.16,104.15,104.16,4
Finam:DX,2022-06-20T10:11:00+03:00,104.16,104.18,104.15,104.17,31
Finam:DX,2022-06-20T10:12:00+03:00,104.17,104.17,104.17,104.17,1
Finam:DX,2022-06-20T10:13:00+03:00,104.16,104.16,104.16,104.16,1
Finam:DX,2022-06-20T10:14:00+03:00,104.16,104.16,104.14,104.14,10
Finam:DX,2022-06-20T10:15:00+03:00,104.13,104.13,104.08,104.08,71
Finam:DX,2022-06-20T10:16:00+03:00,104.10,104.10,104.06,104.06,78
Finam:DX,2022-06-20T10:17:00+03:00,104.07,104.09,104.06,104.09,35
Finam:DX,2022-06-20T10:18:00+03:00,104.08,104.09,104.08,104.09,7
Finam:DX,2022-06-20T10:19:00+03:00,104.08,104.10,104.08,104.10,25
Finam:DX,2022-06-20T10:20:00+03:00,104.09,104.10,104.09,104.10,183
Finam:DX,2022-06-20T10:21:00+03:00,104.10,104.11,104.09,104.10,33
Finam:DX,2022-06-20T10:22:00+03:00,104.10,104.10,104.08,104.08,17
Finam:DX,2022-06-20T10:23:00+03:00,104.09,104.10,104.08,104.08,9
Finam:DX,2022-06-20T10:24:00+03:00,104.09,104.11,104.09,104.11,2
Finam:DX,2022-06-20T10:25:00+03:00,104.11,104.13,104.11,104.13,13
Finam:DX,2022-06-20T10:26:00+03:00,104.13,104.13,104.12,104.13,20
Finam:DX,2022-06-20T10:27:00+03:00,104.13,104.13,104.12,104.12,18
Finam:DX,2022-06-20T10:28:00+03:00,104.13,104.15,104.12,104.12,7
Finam:DX,2022-06-20T10:29:00+03:00,104.14,104.16,104.14,104.16,18
Finam:DX,2022-06-20T10:30:00+03:00,104.16,104.18,104.16,104.18,13
Finam:DX,2022-06-20T10:31:00+03:00,104.18,104.19,104.17,104.19,14
Finam:DX,2022-06-20T10:32:00+03:00,104.18,104.18,104.16,104.17,4
Finam:DX,2022-06-20T10:33:00+03:00,104.17,104.18,104.16,104.18,16
Finam:DX,2022-06-20T10:34:00+03:00,104.18,104.19,104.18,104.19,20
Finam:DX,2022-06-20T10:35:00+03:00,104.19,104.19,104.17,104.17,11
Finam:DX,2022-06-20T10:36:00+03:00,104.17,104.17,104.16,104.16,10
Finam:DX,2022-06-20T10:37:00+03:00,104.16,104.18,104.16,104.18,20
Finam:DX,2022-06-20T10:38:00+03:00,104.17,104.17,104.15,104.15,12
Finam:DX,2022-06-20T10:39:00+03:00,104.15,104.16,104.15,104.16,4
Finam:DX,2022-06-20T10:40:00+03:00,104.16,104.18,104.16,104.17,10
Finam:DX,2022-06-20T10:41:00+03:00,104.16,104.17,104.16,104.17,2
Finam:DX,2022-06-20T10:42:00+03:00,104.14,104.14,104.14,104.14,1
Finam:DX,2022-06-20T10:43:00+03:00,104.14,104.15,104.14,104.15,2
Finam:DX,2022-06-20T10:44:00+03:00,104.15,104.15,104.15,104.15,1
Finam:DX,2022-06-20T10:45:00+03:00,104.15,104.15,104.14,104.15,25
Finam:DX,2022-06-20T10:46:00+03:00,104.13,104.15,104.13,104.15,8
Finam:DX,2022-06-20T10:47:00+03:00,104.15,104.16,104.15,104.16,20
Finam:DX,2022-06-20T10:48:00+03:00,104.15,104.15,104.15,104.15,1
Finam:DX,2022-06-20T10:49:00+03:00,104.16,104.16,104.15,104.15,10
Finam:DX,2022-06-20T10:50:00+03:00,104.16,104.16,104.16,104.16,12
Finam:DX,2022-06-20T10:51:00+03:00,104.16,104.16,104.16,104.16,25
Finam:DX,2022-06-20T10:52:00+03:00,104.17,104.17,104.15,104.15,10
Finam:DX,2022-06-20T10:53:00+03:00,104.15,104.15,104.15,104.15,3
Finam:DX,2022-06-20T10:54:00+03:00,104.14,104.14,104.13,104.13,4
Finam:DX,2022-06-20T10:55:00+03:00,104.13,104.15,104.13,104.15,14
Finam:DX,2022-06-20T10:56:00+03:00,104.13,104.13,104.13,104.13,8
Finam:DX,2022-06-20T10:57:00+03:00,104.15,104.17,104.15,104.17,9
Finam:DX,2022-06-20T10:58:00+03:00,104.16,104.17,104.16,104.17,25
Finam:DX,2022-06-20T10:59:00+03:00,104.16,104.17,104.16,104.17,7
Finam:DX,2022-06-20T11:00:00+03:00,104.18,104.19,104.16,104.17,33
Finam:DX,2022-06-20T11:01:00+03:00,104.15,104.16,104.15,104.16,6
Finam:DX,2022-06-20T11:02:00+03:00,104.15,104.15,104.12,104.13,18
Finam:DX,2022-06-20T11:03:00+03:00,104.13,104.18,104.13,104.18,12
Finam:DX,2022-06-20T11:04:00+03:00,104.18,104.18,104.17,104.17,5
Finam:DX,2022-06-20T11:05:00+03:00,104.18,104.19,104.18,104.19,12
Finam:DX,2022-06-20T11:06:00+03:00,104.18,104.19,104.17,104.17,25
Finam:DX,2022-06-20T11:07:00+03:00,104.18,104.21,104.18,104.21,13
Finam:DX,2022-06-20T11:08:00+03:00,104.20,104.20,104.17,104.18,14
Finam:DX,2022-06-20T11:09:00+03:00,104.20,104.20,104.20,104.20,5
Finam:DX,2022-06-20T11:10:00+03:00,104.21,104.21,104.21,104.21,6
Finam:DX,2022-06-20T11:11:00+03:00,104.21,104.22,104.20,104.21,19
Finam:DX,2022-06-20T11:12:00+03:00,104.21,104.24,104.21,104.21,147
Finam:DX,2022-06-20T11:13:00+03:00,104.20,104.22,104.19,104.21,63
Finam:DX,2022-06-20T11:14:00+03:00,104.22,104.24,104.22,104.24,17
Finam:DX,2022-06-20T11:15:00+03:00,104.22,104.25,104.22,104.24,47
Finam:DX,2022-06-20T11:16:00+03:00,104.25,104.25,104.22,104.23,26
Finam:DX,2022-06-20T11:17:00+03:00,104.22,104.22,104.20,104.20,10
Finam:DX,2022-06-20T11:18:00+03:00,104.22,104.22,104.21,104.22,24
Finam:DX,2022-06-20T11:19:00+03:00,104.23,104.25,104.23,104.25,2
Finam:DX,2022-06-20T11:20:00+03:00,104.25,104.26,104.24,104.26,18
Finam:DX,2022-06-20T11:21:00+03:00,104.24,104.24,104.23,104.23,5
Finam:DX,2022-06-20T11:22:00+03:00,104.23,104.24,104.23,104.24,8
Finam:DX,2022-06-20T11:23:00+03:00,104.24,104.24,104.22,104.22,14
Finam:DX,2022-06-20T11:24:00+03:00,104.21,104.22,104.20,104.20,14
Finam:DX,2022-06-20T11:25:00+03:00,104.20,104.20,104.19,104.19,4
Finam:DX,2022-06-20T11:26:00+03:00,104.20,104.20,104.17,104.17,21
Finam:DX,2022-06-20T11:27:00+03:00,104.18,104.18,104.17,104.18,33
Finam:DX,2022-06-20T11:28:00+03:00,104.18,104.18,104.18,104.18,4
Finam:DX,2022-06-20T11:29:00+03:00,104.19,104.21,104.19,104.21,9
Finam:DX,2022-06-20T11:30:00+03:00,104.21,104.22,104.21,104.22,18
Finam:DX,2022-06-20T11:31:00+03:00,104.21,104.21,104.20,104.20,5
Finam:DX,2022-06-20T11:32:00+03:00,104.21,104.23,104.21,104.23,2
Finam:DX,2022-06-20T11:33:00+03:00,104.23,104.23,104.22,104.22,9
Finam:DX,2022-06-20T11:34:00+03:00,104.23,104.23,104.22,104.23,7
Finam:DX,2022-06-20T11:35:00+03:00,104.22,104.24,104.21,104.23,14
Finam:DX,2022-06-20T11:36:00+03:00,104.23,104.23,104.23,104.23,1
Finam:DX,2022-06-20T11:37:00+03:00,104.23,104.23,104.21,104.21,4
Finam:DX,2022-06-20T11:38:00+03:00,104.21,104.21,104.19,104.19,10
Finam:DX,2022-06-20T11:39:00+03:00,104.18,104.18,104.17,104.17,5
Finam:DX,2022-06-20T11:40:00+03:00,104.18,104.19,104.18,104.18,12
Finam:DX,2022-06-20T11:41:00+03:00,104.19,104.19,104.19,104.19,11
Finam:DX,2022-06-20T11:42:00+03:00,104.20,104.20,104.19,104.19,10
Finam:DX,2022-06-20T11:43:00+03:00,104.20,104.21,104.19,104.19,4
Finam:DX,2022-06-20T11:44:00+03:00,104.21,104.21,104.18,104.18,5
Finam:DX,2022-06-20T11:46:00+03:00,104.19,104.19,104.18,104.18,6
Finam:DX,2022-06-20T11:47:00+03:00,104.17,104.17,104.16,104.16,3
Finam:DX,2022-06-20T11:48:00+03:00,104.18,104.20,104.18,104.19,45
Finam:DX,2022-06-20T11:49:00+03:00,104.19,104.19,104.17,104.18,26
Finam:DX,2022-06-20T11:50:00+03:00,104.20,104.21,104.19,104.20,23
Finam:DX,2022-06-20T11:51:00+03:00,104.21,104.23,104.21,104.22,17
Finam:DX,2022-06-20T11:52:00+03:00,104.22,104.25,104.22,104.25,4
Finam:DX,2022-06-20T11:53:00+03:00,104.25,104.27,104.25,104.26,9
Finam:DX,2022-06-20T11:54:00+03:00,104.26,104.28,104.26,104.27,24
Finam:DX,2022-06-20T11:55:00+03:00,104.27,104.29,104.27,104.29,10
Finam:DX,2022-06-20T11:56:00+03:00,104.28,104.29,104.27,104.27,8
Finam:DX,2022-06-20T11:57:00+03:00,104.26,104.27,104.26,104.26,7
Finam:DX,2022-06-20T11:58:00+03:00,104.26,104.26,104.24,104.24,9
Finam:DX,2022-06-20T11:59:00+03:00,104.23,104.23,104.23,104.23,7
Finam:DX,2022-06-20T12:00:00+03:00,104.24,104.25,104.23,104.25,4
Finam:DX,2022-06-20T12:01:00+03:00,104.24,104.26,104.23,104.26,12
Finam:DX,2022-06-20T12:02:00+03:00,104.26,104.27,104.26,104.26,6
Finam:DX,2022-06-20T12:04:00+03:00,104.25,104.27,104.25,104.27,7
Finam:DX,2022-06-20T12:05:00+03:00,104.26,104.26,104.25,104.25,6
Finam:DX,2022-06-20T12:06:00+03:00,104.23,104.23,104.22,104.22,6
Finam:DX,2022-06-20T12:07:00+03:00,104.23,104.25,104.23,104.25,7
Finam:DX,2022-06-20T12:08:00+03:00,104.24,104.24,104.23,104.23,5
Finam:DX,2022-06-20T12:09:00+03:00,104.24,104.24,104.24,104.24,6
Finam:DX,2022-06-20T12:10:00+03:00,104.24,104.25,104.24,104.25,9
Finam:DX,2022-06-20T12:11:00+03:00,104.25,104.25,104.22,104.22,13
Finam:DX,2022-06-20T12:12:00+03:00,104.21,104.21,104.21,104.21,1
Finam:DX,2022-06-20T12:13:00+03:00,104.23,104.23,104.23,104.23,2
Finam:DX,2022-06-20T12:14:00+03:00,104.22,104.25,104.22,104.24,70
Finam:DX,2022-06-20T12:15:00+03:00,104.23,104.23,104.23,104.23,1
Finam:DX,2022-06-20T12:16:00+03:00,104.23,104.23,104.22,104.22,7
Finam:DX,2022-06-20T12:17:00+03:00,104.22,104.22,104.20,104.20,10
Finam:DX,2022-06-20T12:18:00+03:00,104.21,104.22,104.21,104.22,15
Finam:DX,2022-06-20T12:19:00+03:00,104.20,104.21,104.19,104.21,6
Finam:DX,2022-06-20T12:20:00+03:00,104.22,104.22,104.21,104.21,10
Finam:DX,2022-06-20T12:21:00+03:00,104.23,104.24,104.23,104.23,8
Finam:DX,2022-06-20T12:22:00+03:00,104.22,104.23,104.21,104.23,4
Finam:DX,2022-06-20T12:23:00+03:00,104.22,104.22,104.18,104.19,12
Finam:DX,2022-06-20T12:24:00+03:00,104.20,104.21,104.20,104.21,7
Finam:DX,2022-06-20T12:25:00+03:00,104.21,104.21,104.20,104.20,6
Finam:DX,2022-06-20T12:26:00+03:00,104.21,104.22,104.21,104.22,8
Finam:DX,2022-06-20T12:27:00+03:00,104.22,104.25,104.22,104.24,6
Finam:DX,2022-06-20T12:28:00+03:00,104.23,104.24,104.23,104.24,5
Finam:DX,2022-06-20T12:29:00+03:00,104.24,104.25,104.24,104.24,4
Finam:DX,2022-06-20T12:30:00+03:00,104.22,104.22,104.22,104.22,3
Finam:DX,2022-06-20T12:31:00+03:00,104.24,104.25,104.23,104.23,17
Finam:DX,2022-06-20T12:32:00+03:00,104.24,104.24,104.23,104.23,4
Finam:DX,2022-06-20T12:33:00+03:00,104.25,104.26,104.25,104.25,10
Finam:DX,2022-06-20T12:34:00+03:00,104.24,104.24,104.23,104.23,2
Finam:DX,2022-06-20T12:35:00+03:00,104.24,104.25,104.23,104.25,7
Finam:DX,2022-06-20T12:36:00+03:00,104.24,104.24,104.22,104.22,2
Finam:DX,2022-06-20T12:37:00+03:00,104.22,104.24,104.22,104.24,13
Finam:DX,2022-06-20T12:38:00+03:00,104.23,104.23,104.22,104.22,4
Finam:DX,2022-06-20T12:39:00+03:00,104.22,104.24,104.22,104.24,4
Finam:DX,2022-06-20T12:40:00+03:00,104.24,104.24,104.23,104.24,4
Finam:DX,2022-06-20T12:41:00+03:00,104.24,104.25,104.24,104.25,21
Finam:DX,2022-06-20T12:42:00+03:00,104.24,104.24,104.23,104.23,9
Finam:DX,2022-06-20T12:43:00+03:00,104.24,104.25,104.23,104.23,10
Finam:DX,2022-06-20T12:44:00+03:00,104.23,104.23,104.23,104.23,1
Finam:DX,2022-06-20T12:45:00+03:00,104.23,104.24,104.22,104.22,26
Finam:DX,2022-06-20T12:46:00+03:00,104.23,104.23,104.21,104.22,8
Finam:DX,2022-06-20T12:47:00+03:00,104.22,104.23,104.22,104.22,6
Finam:DX,2022-06-20T12:48:00+03:00,104.22,104.22,104.22,104.22,2
Finam:DX,2022-06-20T12:50:00+03:00,104.20,104.20,104.19,104.20,9
Finam:DX,2022-06-20T12:51:00+03:00,104.20,104.20,104.19,104.19,14
Finam:DX,2022-06-20T12:52:00+03:00,104.20,104.20,104.20,104.20,1
Finam:DX,2022-06-20T12:53:00+03:00,104.21,104.21,104.21,104.21,5
Finam:DX,2022-06-20T12:54:00+03:00,104.20,104.20,104.19,104.19,33
Finam:DX,2022-06-20T12:55:00+03:00,104.18,104.18,104.17,104.18,3
Finam:DX,2022-06-20T12:56:00+03:00,104.19,104.19,104.17,104.17,14
Finam:DX,2022-06-20T12:57:00+03:00,104.19,104.19,104.15,104.16,31
Finam:DX,2022-06-20T12:58:00+03:00,104.17,104.17,104.16,104.16,8
Finam:DX,2022-06-20T12:59:00+03:00,104.17,104.19,104.16,104.19,45
Finam:DX,2022-06-20T13:00:00+03:00,104.18,104.18,104.16,104.16,13
Finam:DX,2022-06-20T13:01:00+03:00,104.15,104.16,104.15,104.16,14
Finam:DX,2022-06-20T13:02:00+03:00,104.16,104.16,104.16,104.16,5
Finam:DX,2022-06-20T13:03:00+03:00,104.15,104.15,104.12,104.12,20
Finam:DX,2022-06-20T13:04:00+03:00,104.12,104.14,104.11,104.14,20
Finam:DX,2022-06-20T13:05:00+03:00,104.13,104.14,104.13,104.14,3
Finam:DX,2022-06-20T13:06:00+03:00,104.12,104.12,104.09,104.09,31
Finam:DX,2022-06-20T13:07:00+03:00,104.09,104.09,104.06,104.06,19
Finam:DX,2022-06-20T13:08:00+03:00,104.07,104.08,104.07,104.07,19
Finam:DX,2022-06-20T13:09:00+03:00,104.07,104.07,104.05,104.05,32
Finam:DX,2022-06-20T13:10:00+03:00,104.07,104.07,104.05,104.05,13
Finam:DX,2022-06-20T13:11:00+03:00,104.06,104.07,104.04,104.04,247
Finam:DX,2022-06-20T13:12:00+03:00,104.03,104.04,104.01,104.01,38
Finam:DX,2022-06-20T13:13:00+03:00,104.02,104.08,104.02,104.08,17
Finam:DX,2022-06-20T13:14:00+03:00,104.06,104.08,104.05,104.07,16
Finam:DX,2022-06-20T13:15:00+03:00,104.07,104.07,104.06,104.06,12
Finam:DX,2022-06-20T13:16:00+03:00,104.07,104.07,104.06,104.06,8
Finam:DX,2022-06-20T13:17:00+03:00,104.07,104.07,104.07,104.07,1
Finam:DX,2022-06-20T13:19:00+03:00,104.06,104.06,104.06,104.06,1
Finam:DX,2022-06-20T13:20:00+03:00,104.05,104.05,104.05,104.05,6
Finam:DX,2022-06-20T13:21:00+03:00,104.06,104.06,104.06,104.06,2
Finam:DX,2022-06-20T13:22:00+03:00,104.07,104.07,104.06,104.06,2
Finam:DX,2022-06-20T13:23:00+03:00,104.06,104.06,104.05,104.05,5
Finam:DX,2022-06-20T13:24:00+03:00,104.05,104.06,104.03,104.03,17
Finam:DX,2022-06-20T13:25:00+03:00,104.04,104.06,104.04,104.06,7
Finam:DX,2022-06-20T13:26:00+03:00,104.04,104.04,104.03,104.04,8
Finam:DX,2022-06-20T13:27:00+03:00,104.04,104.06,104.04,104.06,2
Finam:DX,2022-06-20T13:28:00+03:00,104.05,104.06,104.05,104.06,14
Finam:DX,2022-06-20T13:29:00+03:00,104.05,104.06,104.04,104.04,5
Finam:DX,2022-06-20T13:30:00+03:00,104.05,104.08,104.05,104.08,8
Finam:DX,2022-06-20T13:31:00+03:00,104.06,104.06,104.06,104.06,1
Finam:DX,2022-06-20T13:32:00+03:00,104.06,104.08,104.06,104.08,8
Finam:DX,2022-06-20T13:33:00+03:00,104.08,104.09,104.08,104.09,9
Finam:DX,2022-06-20T13:34:00+03:00,104.10,104.11,104.10,104.11,2
Finam:DX,2022-06-20T13:35:00+03:00,104.10,104.11,104.10,104.11,2
Finam:DX,2022-06-20T13:36:00+03:00,104.10,104.10,104.10,104.10,1
Finam:DX,2022-06-20T13:37:00+03:00,104.11,104.11,104.10,104.10,7
Finam:DX,2022-06-20T13:38:00+03:00,104.12,104.12,104.12,104.12,2
Finam:DX,2022-06-20T13:40:00+03:00,104.11,104.11,104.09,104.09,9
Finam:DX,2022-06-20T13:41:00+03:00,104.09,104.10,104.09,104.10,5
Finam:DX,2022-06-20T13:42:00+03:00,104.10,104.10,104.10,104.10,3
Finam:DX,2022-06-20T13:43:00+03:00,104.10,104.11,104.09,104.11,3
Finam:DX,2022-06-20T13:44:00+03:00,104.10,104.10,104.09,104.09,9
Finam:DX,2022-06-20T13:45:00+03:00,104.09,104.09,104.08,104.09,13
Finam:DX,2022-06-20T13:46:00+03:00,104.09,104.09,104.08,104.08,8
Finam:DX,2022-06-20T13:47:00+03:00,104.09,104.13,104.09,104.13,13
Finam:DX,2022-06-20T13:48:00+03:00,104.11,104.11,104.11,104.11,2
Finam:DX,2022-06-20T13:49:00+03:00,104.11,104.12,104.11,104.12,12
Finam:DX,2022-06-20T13:50:00+03:00,104.11,104.11,104.10,104.10,12
Finam:DX,2022-06-20T13:51:00+03:00,104.10,104.11,104.10,104.11,5
Finam:DX,2022-06-20T13:52:00+03:00,104.10,104.10,104.10,104.10,6
Finam:DX,2022-06-20T13:53:00+03:00,104.10,104.11,104.10,104.11,3
Finam:DX,2022-06-20T13:54:00+03:00,104.10,104.11,104.10,104.11,3
Finam:DX,2022-06-20T13:55:00+03:00,104.10,104.10,104.09,104.09,3
Finam:DX,2022-06-20T13:56:00+03:00,104.09,104.10,104.08,104.10,6
Finam:DX,2022-06-20T13:57:00+03:00,104.10,104.10,104.10,104.10,1
Finam:DX,2022-06-20T13:58:00+03:00,104.10,104.10,104.09,104.09,10
Finam:DX,2022-06-20T13:59:00+03:00,104.10,104.10,104.10,104.10,3
Finam:DX,2022-06-20T14:00:00+03:00,104.10,104.10,104.09,104.10,8
Finam:DX,2022-06-20T14:01:00+03:00,104.10,104.12,104.10,104.11,24
Finam:DX,2022-06-20T14:02:00+03:00,104.10,104.11,104.10,104.10,6
Finam:DX,2022-06-20T14:03:00+03:00,104.11,104.12,104.11,104.12,4
Finam:DX,2022-06-20T14:04:00+03:00,104.12,104.13,104.12,104.13,11
Finam:DX,2022-06-20T14:05:00+03:00,104.13,104.13,104.13,104.13,6
Finam:DX,2022-06-20T14:06:00+03:00,104.13,104.13,104.13,104.13,1
Finam:DX,2022-06-20T14:07:00+03:00,104.14,104.16,104.14,104.15,7
Finam:DX,2022-06-20T14:08:00+03:00,104.16,104.17,104.16,104.16,20
Finam:DX,2022-06-20T14:09:00+03:00,104.15,104.17,104.15,104.17,21
Finam:DX,2022-06-20T14:10:00+03:00,104.17,104.18,104.16,104.16,17
Finam:DX,2022-06-20T14:11:00+03:00,104.15,104.15,104.15,104.15,9
Finam:DX,2022-06-20T14:12:00+03:00,104.16,104.17,104.16,104.17,3
Finam:DX,2022-06-20T14:13:00+03:00,104.16,104.16,104.15,104.15,8
Finam:DX,2022-06-20T14:14:00+03:00,104.15,104.16,104.15,104.16,3
Finam:DX,2022-06-20T14:15:00+03:00,104.15,104.15,104.13,104.14,9
Finam:DX,2022-06-20T14:16:00+03:00,104.14,104.15,104.14,104.15,4
Finam:DX,2022-06-20T14:17:00+03:00,104.12,104.12,104.12,104.12,1
Finam:DX,2022-06-20T14:18:00+03:00,104.12,104.12,104.12,104.12,1
Finam:DX,2022-06-20T14:19:00+03:00,104.14,104.15,104.14,104.15,4
Finam:DX,2022-06-20T14:20:00+03:00,104.15,104.17,104.14,104.17,11
Finam:DX,2022-06-20T14:22:00+03:00,104.17,104.17,104.17,104.17,2
Finam:DX,2022-06-20T14:23:00+03:00,104.16,104.16,104.15,104.15,10
Finam:DX,2022-06-20T14:24:00+03:00,104.15,104.15,104.15,104.15,1
Finam:DX,2022-06-20T14:25:00+03:00,104.15,104.15,104.13,104.13,9
Finam:DX,2022-06-20T14:27:00+03:00,104.13,104.14,104.13,104.14,14
Finam:DX,2022-06-20T14:28:00+03:00,104.14,104.15,104.12,104.12,4
Finam:DX,2022-06-20T14:29:00+03:00,104.14,104.14,104.14,104.14,1
Finam:DX,2022-06-20T14:30:00+03:00,104.14,104.14,104.13,104.13,8
Finam:DX,2022-06-20T14:31:00+03:00,104.13,104.14,104.13,104.13,8
Finam:DX,2022-06-20T14:32:00+03:00,104.15,104.16,104.15,104.15,4
Finam:DX,2022-06-20T14:34:00+03:00,104.15,104.15,104.14,104.14,5
Finam:DX,2022-06-20T14:36:00+03:00,104.14,104.14,104.14,104.14,3
Finam:DX,2022-06-20T14:38:00+03:00,104.13,104.13,104.10,104.11,8
Finam:DX,2022-06-20T14:39:00+03:00,104.10,104.10,104.09,104.10,5
Finam:DX,2022-06-20T14:40:00+03:00,104.09,104.10,104.09,104.09,25
Finam:DX,2022-06-20T14:41:00+03:00,104.09,104.09,104.08,104.08,4
Finam:DX,2022-06-20T14:42:00+03:00,104.08,104.08,104.06,104.06,4
Finam:DX,2022-06-20T14:43:00+03:00,104.07,104.07,104.07,104.07,2
Finam:DX,2022-06-20T14:46:00+03:00,104.09,104.10,104.09,104.10,8
Finam:DX,2022-06-20T14:47:00+03:00,104.12,104.12,104.11,104.11,2
Finam:DX,2022-06-20T14:48:00+03:00,104.12,104.12,104.12,104.12,4
Finam:DX,2022-06-20T14:49:00+03:00,104.14,104.15,104.14,104.15,12
Finam:DX,2022-06-20T14:50:00+03:00,104.13,104.13,104.13,104.13,1
Finam:DX,2022-06-20T14:51:00+03:00,104.15,104.15,104.14,104.15,8
Finam:DX,2022-06-20T14:52:00+03:00,104.14,104.14,104.13,104.13,8
Finam:DX,2022-06-20T14:53:00+03:00,104.13,104.13,104.13,104.13,4
Finam:DX,2022-06-20T14:54:00+03:00,104.13,104.13,104.13,104.13,1
Finam:DX,2022-06-20T14:55:00+03:00,104.12,104.12,104.11,104.11,2
Finam:DX,2022-06-20T14:56:00+03:00,104.11,104.11,104.10,104.10,5
Finam:DX,2022-06-20T14:57:00+03:00,104.11,104.11,104.10,104.10,5
Finam:DX,2022-06-20T14:59:00+03:00,104.13,104.13,104.12,104.12,2
Finam:DX,2022-06-20T15:00:00+03:00,104.11,104.12,104.10,104.10,12
Finam:DX,2022-06-20T15:01:00+03:00,104.10,104.10,104.10,104.10,1
Finam:DX,2022-06-20T15:04:00+03:00,104.14,104.15,104.14,104.15,9
Finam:DX,2022-06-20T15:05:00+03:00,104.16,104.16,104.15,104.15,13
Finam:DX,2022-06-20T15:06:00+03:00,104.16,104.16,104.16,104.16,5
Finam:DX,2022-06-20T15:07:00+03:00,104.15,104.16,104.15,104.16,9
Finam:DX,2022-06-20T15:08:00+03:00,104.17,104.18,104.17,104.17,36
Finam:DX,2022-06-20T15:09:00+03:00,104.16,104.16,104.15,104.15,7
Finam:DX,2022-06-20T15:10:00+03:00,104.16,104.16,104.15,104.15,15
Finam:DX,2022-06-20T15:11:00+03:00,104.16,104.18,104.16,104.18,14
Finam:DX,2022-06-20T15:12:00+03:00,104.18,104.18,104.18,104.18,6
Finam:DX,2022-06-20T15:13:00+03:00,104.19,104.20,104.18,104.18,6
Finam:DX,2022-06-20T15:14:00+03:00,104.19,104.20,104.19,104.20,19
Finam:DX,2022-06-20T15:15:00+03:00,104.19,104.20,104.16,104.16,12
Finam:DX,2022-06-20T15:16:00+03:00,104.16,104.17,104.16,104.17,15
Finam:DX,2022-06-20T15:17:00+03:00,104.17,104.20,104.17,104.18,123
Finam:DX,2022-06-20T15:18:00+03:00,104.17,104.19,104.17,104.17,21
Finam:DX,2022-06-20T15:19:00+03:00,104.18,104.19,104.17,104.17,6
Finam:DX,2022-06-20T15:20:00+03:00,104.16,104.17,104.15,104.15,13
Finam:DX,2022-06-20T15:21:00+03:00,104.16,104.16,104.15,104.16,8
Finam:DX,2022-06-20T15:22:00+03:00,104.16,104.16,104.15,104.15,2
Finam:DX,2022-06-20T15:23:00+03:00,104.16,104.16,104.15,104.15,4
Finam:DX,2022-06-20T15:24:00+03:00,104.17,104.17,104.17,104.17,1
Finam:DX,2022-06-20T15:25:00+03:00,104.16,104.16,104.16,104.16,1
Finam:DX,2022-06-20T15:26:00+03:00,104.17,104.17,104.17,104.17,2
Finam:DX,2022-06-20T15:27:00+03:00,104.17,104.17,104.17,104.17,2
Finam:DX,2022-06-20T15:28:00+03:00,104.16,104.16,104.15,104.15,14
Finam:DX,2022-06-20T15:29:00+03:00,104.15,104.16,104.15,104.16,3
Finam:DX,2022-06-20T15:30:00+03:00,104.16,104.18,104.15,104.15,26
Finam:DX,2022-06-20T15:31:00+03:00,104.14,104.14,104.12,104.12,14
Finam:DX,2022-06-20T15:32:00+03:00,104.12,104.12,104.11,104.11,9
Finam:DX,2022-06-20T15:33:00+03:00,104.12,104.12,104.12,104.12,4
Finam:DX,2022-06-20T15:34:00+03:00,104.12,104.12,104.10,104.10,11
Finam:DX,2022-06-20T15:35:00+03:00,104.09,104.10,104.08,104.09,111
Finam:DX,2022-06-20T15:36:00+03:00,104.09,104.10,104.09,104.10,11
Finam:DX,2022-06-20T15:37:00+03:00,104.11,104.11,104.10,104.10,10
Finam:DX,2022-06-20T15:38:00+03:00,104.09,104.09,104.09,104.09,1
Finam:DX,2022-06-20T15:39:00+03:00,104.10,104.10,104.10,104.10,5
Finam:DX,2022-06-20T15:40:00+03:00,104.10,104.10,104.09,104.09,2
Finam:DX,2022-06-20T15:41:00+03:00,104.09,104.09,104.08,104.08,12
Finam:DX,2022-06-20T15:42:00+03:00,104.08,104.09,104.08,104.08,12
Finam:DX,2022-06-20T15:43:00+03:00,104.08,104.11,104.07,104.11,27
Finam:DX,2022-06-20T15:44:00+03:00,104.09,104.09,104.07,104.07,4
Finam:DX,2022-06-20T15:45:00+03:00,104.08,104.10,104.08,104.10,18
Finam:DX,2022-06-20T15:46:00+03:00,104.12,104.12,104.11,104.11,27
Finam:DX,2022-06-20T15:47:00+03:00,104.12,104.12,104.12,104.12,5
Finam:DX,2022-06-20T15:48:00+03:00,104.13,104.15,104.13,104.15,48
Finam:DX,2022-06-20T15:49:00+03:00,104.14,104.14,104.13,104.13,13
Finam:DX,2022-06-20T15:50:00+03:00,104.15,104.15,104.15,104.15,2
Finam:DX,2022-06-20T15:51:00+03:00,104.14,104.14,104.13,104.13,5
Finam:DX,2022-06-20T15:52:00+03:00,104.14,104.14,104.12,104.12,9
Finam:DX,2022-06-20T15:53:00+03:00,104.13,104.14,104.13,104.14,2
Finam:DX,2022-06-20T15:54:00+03:00,104.14,104.14,104.13,104.13,5
Finam:DX,2022-06-20T15:55:00+03:00,104.13,104.13,104.13,104.13,7
Finam:DX,2022-06-20T15:56:00+03:00,104.14,104.15,104.14,104.14,20
Finam:DX,2022-06-20T15:57:00+03:00,104.14,104.14,104.14,104.14,2
Finam:DX,2022-06-20T15:58:00+03:00,104.15,104.17,104.15,104.17,13
Finam:DX,2022-06-20T15:59:00+03:00,104.16,104.17,104.15,104.16,14
Finam:DX,2022-06-20T16:00:00+03:00,104.16,104.17,104.14,104.16,28
Finam:DX,2022-06-20T16:01:00+03:00,104.16,104.17,104.16,104.17,22
Finam:DX,2022-06-20T16:02:00+03:00,104.18,104.19,104.18,104.18,14
Finam:DX,2022-06-20T16:03:00+03:00,104.18,104.20,104.18,104.19,18
Finam:DX,2022-06-20T16:04:00+03:00,104.20,104.20,104.20,104.20,1
Finam:DX,2022-06-20T16:05:00+03:00,104.19,104.19,104.18,104.18,3
Finam:DX,2022-06-20T16:06:00+03:00,104.19,104.19,104.19,104.19,3
Finam:DX,2022-06-20T16:07:00+03:00,104.18,104.18,104.18,104.18,3
Finam:DX,2022-06-20T16:08:00+03:00,104.19,104.19,104.17,104.17,5
Finam:DX,2022-06-20T16:09:00+03:00,104.19,104.19,104.18,104.18,7
Finam:DX,2022-06-20T16:10:00+03:00,104.19,104.20,104.19,104.20,17
Finam:DX,2022-06-20T16:11:00+03:00,104.19,104.19,104.18,104.18,8
Finam:DX,2022-06-20T16:12:00+03:00,104.19,104.20,104.18,104.18,8
Finam:DX,2022-06-20T16:14:00+03:00,104.19,104.21,104.19,104.20,36
Finam:DX,2022-06-20T16:15:00+03:00,104.20,104.21,104.18,104.19,17
Finam:DX,2022-06-20T16:16:00+03:00,104.21,104.22,104.21,104.22,5
Finam:DX,2022-06-20T16:17:00+03:00,104.21,104.22,104.21,104.22,5
Finam:DX,2022-06-20T16:18:00+03:00,104.22,104.22,104.21,104.21,5
Finam:DX,2022-06-20T16:19:00+03:00,104.22,104.22,104.21,104.21,6
Finam:DX,2022-06-20T16:20:00+03:00,104.21,104.21,104.19,104.19,10
Finam:DX,2022-06-20T16:21:00+03:00,104.19,104.19,104.19,104.19,1
Finam:DX,2022-06-20T16:22:00+03:00,104.20,104.20,104.19,104.19,12
Finam:DX,2022-06-20T16:23:00+03:00,104.19,104.19,104.19,104.19,3
Finam:DX,2022-06-20T16:24:00+03:00,104.19,104.19,104.19,104.19,2
Finam:DX,2022-06-20T16:25:00+03:00,104.19,104.20,104.18,104.20,10
Finam:DX,2022-06-20T16:26:00+03:00,104.20,104.21,104.19,104.21,11
Finam:DX,2022-06-20T16:27:00+03:00,104.20,104.20,104.20,104.20,4
Finam:DX,2022-06-20T16:28:00+03:00,104.20,104.20,104.18,104.18,6
Finam:DX,2022-06-20T16:29:00+03:00,104.19,104.19,104.17,104.17,14
Finam:DX,2022-06-20T16:30:00+03:00,104.17,104.17,104.16,104.16,2
Finam:DX,2022-06-20T16:31:00+03:00,104.17,104.18,104.16,104.18,4
Finam:DX,2022-06-20T16:32:00+03:00,104.18,104.18,104.16,104.16,15
Finam:DX,2022-06-20T16:33:00+03:00,104.17,104.17,104.17,104.17,1
Finam:DX,2022-06-20T16:34:00+03:00,104.16,104.18,104.16,104.18,3
Finam:DX,2022-06-20T16:35:00+03:00,104.17,104.17,104.16,104.16,2
Finam:DX,2022-06-20T16:36:00+03:00,104.17,104.19,104.17,104.19,7
Finam:DX,2022-06-20T16:37:00+03:00,104.19,104.20,104.19,104.20,4
Finam:DX,2022-06-20T16:38:00+03:00,104.20,104.20,104.20,104.20,1
Finam:DX,2022-06-20T16:39:00+03:00,104.20,104.20,104.20,104.20,7
Finam:DX,2022-06-20T16:40:00+03:00,104.21,104.21,104.20,104.21,16
Finam:DX,2022-06-20T16:41:00+03:00,104.21,104.21,104.21,104.21,8
Finam:DX,2022-06-20T16:42:00+03:00,104.21,104.22,104.21,104.22,2
Finam:DX,2022-06-20T16:43:00+03:00,104.21,104.22,104.21,104.22,6
Finam:DX,2022-06-20T16:44:00+03:00,104.21,104.22,104.21,104.22,4
Finam:DX,2022-06-20T16:45:00+03:00,104.21,104.21,104.20,104.20,12
Finam:DX,2022-06-20T16:46:00+03:00,104.21,104.21,104.20,104.20,4
Finam:DX,2022-06-20T16:47:00+03:00,104.19,104.19,104.18,104.18,5
Finam:DX,2022-06-20T16:48:00+03:00,104.18,104.18,104.17,104.17,8
Finam:DX,2022-06-20T16:49:00+03:00,104.17,104.18,104.17,104.18,2
Finam:DX,2022-06-20T16:50:00+03:00,104.18,104.18,104.17,104.17,7
Finam:DX,2022-06-20T16:51:00+03:00,104.17,104.19,104.17,104.19,9
Finam:DX,2022-06-20T16:52:00+03:00,104.19,104.20,104.19,104.20,2
Finam:DX,2022-06-20T16:53:00+03:00,104.20,104.21,104.20,104.21,5
Finam:DX,2022-06-20T16:54:00+03:00,104.21,104.21,104.20,104.20,14
Finam:DX,2022-06-20T16:55:00+03:00,104.20,104.20,104.19,104.19,7
Finam:DX,2022-06-20T16:56:00+03:00,104.19,104.20,104.19,104.20,10
Finam:DX,2022-06-20T16:57:00+03:00,104.21,104.22,104.20,104.20,16
Finam:DX,2022-06-20T16:58:00+03:00,104.20,104.20,104.20,104.20,13
Finam:DX,2022-06-20T16:59:00+03:00,104.21,104.21,104.21,104.21,8
Finam:DX,2022-06-20T17:00:00+03:00,104.22,104.22,104.22,104.22,11
Finam:DX,2022-06-20T17:01:00+03:00,104.22,104.23,104.21,104.23,3
Finam:DX,2022-06-20T17:02:00+03:00,104.21,104.23,104.20,104.23,9
Finam:DX,2022-06-20T17:03:00+03:00,104.24,104.27,104.24,104.27,61
Finam:DX,2022-06-20T17:04:00+03:00,104.28,104.28,104.27,104.27,18
Finam:DX,2022-06-20T17:05:00+03:00,104.27,104.27,104.25,104.25,30
Finam:DX,2022-06-20T17:06:00+03:00,104.27,104.27,104.26,104.26,14
Finam:DX,2022-06-20T17:07:00+03:00,104.26,104.27,104.26,104.26,19
Finam:DX,2022-06-20T17:08:00+03:00,104.26,104.26,104.26,104.26,3
Finam:DX,2022-06-20T17:09:00+03:00,104.28,104.32,104.28,104.32,25
Finam:DX,2022-06-20T17:10:00+03:00,104.31,104.32,104.29,104.32,152
Finam:DX,2022-06-20T17:11:00+03:00,104.31,104.31,104.30,104.30,27
Finam:DX,2022-06-20T17:12:00+03:00,104.32,104.35,104.32,104.35,187
Finam:DX,2022-06-20T17:13:00+03:00,104.34,104.35,104.33,104.35,18
Finam:DX,2022-06-20T17:14:00+03:00,104.33,104.33,104.30,104.30,159
Finam:DX,2022-06-20T17:15:00+03:00,104.30,104.30,104.28,104.28,119
Finam:DX,2022-06-20T17:16:00+03:00,104.28,104.28,104.26,104.28,30
Finam:DX,2022-06-20T17:17:00+03:00,104.29,104.29,104.27,104.27,41
Finam:DX,2022-06-20T17:18:00+03:00,104.28,104.28,104.27,104.27,17
Finam:DX,2022-06-20T17:19:00+03:00,104.27,104.27,104.26,104.26,26
Finam:DX,2022-06-20T17:20:00+03:00,104.26,104.26,104.22,104.22,38
Finam:DX,2022-06-20T17:21:00+03:00,104.23,104.23,104.23,104.23,1
Finam:DX,2022-06-20T17:22:00+03:00,104.23,104.23,104.22,104.22,10
Finam:DX,2022-06-20T17:23:00+03:00,104.23,104.25,104.23,104.25,28
Finam:DX,2022-06-20T17:24:00+03:00,104.24,104.24,104.23,104.23,5
Finam:DX,2022-06-20T17:25:00+03:00,104.25,104.25,104.25,104.25,13
Finam:DX,2022-06-20T17:26:00+03:00,104.27,104.27,104.26,104.26,30
Finam:DX,2022-06-20T17:27:00+03:00,104.26,104.26,104.25,104.25,27
Finam:DX,2022-06-20T17:28:00+03:00,104.25,104.25,104.24,104.24,5
Finam:DX,2022-06-20T17:29:00+03:00,104.24,104.25,104.24,104.25,4
Finam:DX,2022-06-20T17:30:00+03:00,104.25,104.27,104.25,104.27,31
Finam:DX,2022-06-20T17:31:00+03:00,104.26,104.29,104.26,104.29,190
Finam:DX,2022-06-20T17:32:00+03:00,104.29,104.30,104.28,104.28,14
Finam:DX,2022-06-20T17:33:00+03:00,104.26,104.29,104.26,104.28,14
Finam:DX,2022-06-20T17:34:00+03:00,104.27,104.28,104.27,104.27,9
Finam:DX,2022-06-20T17:35:00+03:00,104.27,104.27,104.24,104.24,24
Finam:DX,2022-06-20T17:36:00+03:00,104.24,104.25,104.24,104.25,10
Finam:DX,2022-06-20T17:38:00+03:00,104.27,104.27,104.26,104.26,5
Finam:DX,2022-06-20T17:39:00+03:00,104.26,104.26,104.24,104.25,11
Finam:DX,2022-06-20T17:40:00+03:00,104.25,104.25,104.24,104.24,2
Finam:DX,2022-06-20T17:41:00+03:00,104.24,104.25,104.24,104.24,5
Finam:DX,2022-06-20T17:42:00+03:00,104.25,104.26,104.24,104.26,152
Finam:DX,2022-06-20T17:43:00+03:00,104.25,104.25,104.24,104.25,10
Finam:DX,2022-06-20T17:44:00+03:00,104.24,104.24,104.24,104.24,4
Finam:DX,2022-06-20T17:45:00+03:00,104.24,104.24,104.23,104.23,6
Finam:DX,2022-06-20T17:46:00+03:00,104.24,104.25,104.24,104.24,17
Finam:DX,2022-06-20T17:47:00+03:00,104.26,104.27,104.26,104.27,30
Finam:DX,2022-06-20T17:48:00+03:00,104.27,104.28,104.26,104.28,13
Finam:DX,2022-06-20T17:49:00+03:00,104.28,104.28,104.26,104.26,21
Finam:DX,2022-06-20T17:50:00+03:00,104.26,104.28,104.25,104.25,15
Finam:DX,2022-06-20T17:51:00+03:00,104.25,104.26,104.24,104.24,107
Finam:DX,2022-06-20T17:52:00+03:00,104.24,104.24,104.23,104.23,4
Finam:DX,2022-06-20T17:53:00+03:00,104.25,104.27,104.25,104.26,122
Finam:DX,2022-06-20T17:54:00+03:00,104.26,104.27,104.26,104.26,47
Finam:DX,2022-06-20T17:55:00+03:00,104.25,104.27,104.25,104.27,19
Finam:DX,2022-06-20T17:56:00+03:00,104.27,104.28,104.26,104.26,42
Finam:DX,2022-06-20T17:57:00+03:00,104.26,104.27,104.26,104.27,24
Finam:DX,2022-06-20T17:58:00+03:00,104.26,104.28,104.25,104.28,48
Finam:DX,2022-06-20T17:59:00+03:00,104.28,104.29,104.28,104.28,7
Finam:DX,2022-06-20T18:00:00+03:00,104.28,104.28,104.26,104.27,14
Finam:DX,2022-06-20T18:01:00+03:00,104.27,104.27,104.25,104.25,14
Finam:DX,2022-06-20T18:02:00+03:00,104.24,104.25,104.23,104.23,21
Finam:DX,2022-06-20T18:03:00+03:00,104.24,104.24,104.22,104.23,63
Finam:DX,2022-06-20T18:04:00+03:00,104.24,104.26,104.24,104.26,29
Finam:DX,2022-06-20T18:05:00+03:00,104.24,104.24,104.24,104.24,2
Finam:DX,2022-06-20T18:06:00+03:00,104.24,104.24,104.24,104.24,2
Finam:DX,2022-06-20T18:07:00+03:00,104.23,104.23,104.21,104.22,13
Finam:DX,2022-06-20T18:08:00+03:00,104.22,104.23,104.22,104.23,4
Finam:DX,2022-06-20T18:09:00+03:00,104.21,104.22,104.20,104.22,6
Finam:DX,2022-06-20T18:10:00+03:00,104.22,104.22,104.22,104.22,1
Finam:DX,2022-06-20T18:11:00+03:00,104.23,104.23,104.20,104.20,23
Finam:DX,2022-06-20T18:12:00+03:00,104.20,104.21,104.20,104.21,30
Finam:DX,2022-06-20T18:13:00+03:00,104.20,104.23,104.20,104.23,4
Finam:DX,2022-06-20T18:14:00+03:00,104.22,104.22,104.22,104.22,2
Finam:DX,2022-06-20T18:15:00+03:00,104.20,104.21,104.20,104.21,13
Finam:DX,2022-06-20T18:16:00+03:00,104.20,104.20,104.19,104.19,12
Finam:DX,2022-06-20T18:17:00+03:00,104.20,104.20,104.17,104.17,21
Finam:DX,2022-06-20T18:18:00+03:00,104.17,104.17,104.15,104.16,190
Finam:DX,2022-06-20T18:19:00+03:00,104.15,104.15,104.13,104.14,28
Finam:DX,2022-06-20T18:20:00+03:00,104.14,104.16,104.14,104.15,17
Finam:DX,2022-06-20T18:21:00+03:00,104.14,104.15,104.14,104.15,7
Finam:DX,2022-06-20T18:22:00+03:00,104.15,104.15,104.14,104.14,10
Finam:DX,2022-06-20T18:23:00+03:00,104.14,104.14,104.13,104.13,4
Finam:DX,2022-06-20T18:24:00+03:00,104.14,104.14,104.14,104.14,1
Finam:DX,2022-06-20T18:25:00+03:00,104.13,104.13,104.13,104.13,1
Finam:DX,2022-06-20T18:26:00+03:00,104.13,104.14,104.13,104.13,11
Finam:DX,2022-06-20T18:27:00+03:00,104.15,104.16,104.15,104.16,4
Finam:DX,2022-06-20T18:28:00+03:00,104.16,104.17,104.16,104.17,3
Finam:DX,2022-06-20T18:29:00+03:00,104.17,104.17,104.17,104.17,2
Finam:DX,2022-06-20T18:30:00+03:00,104.17,104.19,104.17,104.18,6
Finam:DX,2022-06-20T18:31:00+03:00,104.19,104.19,104.19,104.19,2
Finam:DX,2022-06-20T18:32:00+03:00,104.19,104.20,104.18,104.20,16
Finam:DX,2022-06-20T18:33:00+03:00,104.19,104.19,104.19,104.19,2
Finam:DX,2022-06-20T18:34:00+03:00,104.19,104.20,104.19,104.20,2
Finam:DX,2022-06-20T18:35:00+03:00,104.20,104.22,104.20,104.21,112
Finam:DX,2022-06-20T18:36:00+03:00,104.20,104.20,104.18,104.18,10
Finam:DX,2022-06-20T18:37:00+03:00,104.19,104.19,104.18,104.18,9
Finam:DX,2022-06-20T18:38:00+03:00,104.18,104.19,104.16,104.19,9
Finam:DX,2022-06-20T18:39:00+03:00,104.19,104.19,104.18,104.18,2
Finam:DX,2022-06-20T18:40:00+03:00,104.17,104.18,104.17,104.18,2
Finam:DX,2022-06-20T18:41:00+03:00,104.18,104.18,104.18,104.18,2
Finam:DX,2022-06-20T18:42:00+03:00,104.17,104.17,104.16,104.16,2
Finam:DX,2022-06-20T18:43:00+03:00,104.17,104.17,104.17,104.17,2
Finam:DX,2022-06-20T18:44:00+03:00,104.18,104.18,104.17,104.17,3
Finam:DX,2022-06-20T18:45:00+03:00,104.16,104.16,104.16,104.16,5
Finam:DX,2022-06-20T18:46:00+03:00,104.15,104.15,104.15,104.15,1
Finam:DX,2022-06-20T18:48:00+03:00,104.18,104.19,104.18,104.19,3
Finam:DX,2022-06-20T18:49:00+03:00,104.20,104.21,104.20,104.21,10
Finam:DX,2022-06-20T18:50:00+03:00,104.18,104.18,104.16,104.16,35
Finam:DX,2022-06-20T18:51:00+03:00,104.17,104.17,104.16,104.17,9
Finam:DX,2022-06-20T18:52:00+03:00,104.16,104.16,104.12,104.12,24
Finam:DX,2022-06-20T18:53:00+03:00,104.13,104.13,104.10,104.10,13
Finam:DX,2022-06-20T18:54:00+03:00,104.11,104.12,104.09,104.09,13
Finam:DX,2022-06-20T18:55:00+03:00,104.09,104.11,104.08,104.11,30
Finam:DX,2022-06-20T18:56:00+03:00,104.10,104.10,104.09,104.09,8
Finam:DX,2022-06-20T18:57:00+03:00,104.09,104.12,104.09,104.10,7
Finam:DX,2022-06-20T18:59:00+03:00,104.12,104.12,104.11,104.11,3
Finam:DX,2022-06-20T19:00:00+03:00,104.13,104.14,104.13,104.14,4
Finam:DX,2022-06-20T19:01:00+03:00,104.13,104.13,104.13,104.13,1
Finam:DX,2022-06-20T19:02:00+03:00,104.14,104.16,104.14,104.15,5
Finam:DX,2022-06-20T19:03:00+03:00,104.15,104.16,104.15,104.16,11
Finam:DX,2022-06-20T19:04:00+03:00,104.15,104.15,104.15,104.15,2
Finam:DX,2022-06-20T19:05:00+03:00,104.17,104.20,104.17,104.20,7
Finam:DX,2022-06-20T19:07:00+03:00,104.18,104.20,104.18,104.20,3
Finam:DX,2022-06-20T19:08:00+03:00,104.21,104.22,104.21,104.22,7
Finam:DX,2022-06-20T19:09:00+03:00,104.21,104.21,104.20,104.20,11
Finam:DX,2022-06-20T19:11:00+03:00,104.18,104.18,104.18,104.18,2
Finam:DX,2022-06-20T19:12:00+03:00,104.18,104.19,104.18,104.19,2
Finam:DX,2022-06-20T19:13:00+03:00,104.18,104.18,104.18,104.18,11
Finam:DX,2022-06-20T19:15:00+03:00,104.16,104.16,104.16,104.16,1
Finam:DX,2022-06-20T19:16:00+03:00,104.17,104.17,104.17,104.17,1
Finam:DX,2022-06-20T19:17:00+03:00,104.14,104.14,104.14,104.14,4
Finam:DX,2022-06-20T19:18:00+03:00,104.14,104.15,104.14,104.15,4
Finam:DX,2022-06-20T19:19:00+03:00,104.14,104.14,104.14,104.14,2
Finam:DX,2022-06-20T19:20:00+03:00,104.14,104.14,104.12,104.13,18
Finam:DX,2022-06-20T19:21:00+03:00,104.13,104.13,104.12,104.12,2
Finam:DX,2022-06-20T19:22:00+03:00,104.14,104.14,104.14,104.14,1
Finam:DX,2022-06-20T19:24:00+03:00,104.17,104.17,104.16,104.16,6
Finam:DX,2022-06-20T19:25:00+03:00,104.16,104.17,104.16,104.17,7
Finam:DX,2022-06-20T19:26:00+03:00,104.17,104.18,104.16,104.18,16
Finam:DX,2022-06-20T19:27:00+03:00,104.18,104.19,104.18,104.19,20
Finam:DX,2022-06-20T19:28:00+03:00,104.18,104.18,104.17,104.17,8
Finam:DX,2022-06-20T19:29:00+03:00,104.17,104.18,104.17,104.18,3
Finam:DX,2022-06-20T19:30:00+03:00,104.16,104.16,104.16,104.16,3
Finam:DX,2022-06-20T19:31:00+03:00,104.15,104.15,104.13,104.13,11
Finam:DX,2022-06-20T19:32:00+03:00,104.14,104.15,104.14,104.15,3
Finam:DX,2022-06-20T19:33:00+03:00,104.14,104.14,104.14,104.14,1
Finam:DX,2022-06-20T19:34:00+03:00,104.14,104.14,104.14,104.14,1
Finam:DX,2022-06-20T19:35:00+03:00,104.15,104.15,104.15,104.15,2
Finam:DX,2022-06-20T19:36:00+03:00,104.17,104.17,104.17,104.17,1
Finam:DX,2022-06-20T19:37:00+03:00,104.16,104.16,104.15,104.15,17
Finam:DX,2022-06-20T19:38:00+03:00,104.17,104.18,104.17,104.18,2
Finam:DX,2022-06-20T19:39:00+03:00,104.17,104.17,104.16,104.16,6
Finam:DX,2022-06-20T19:40:00+03:00,104.14,104.14,104.13,104.13,17
Finam:DX,2022-06-20T19:41:00+03:00,104.13,104.13,104.12,104.12,17
Finam:DX,2022-06-20T19:42:00+03:00,104.13,104.14,104.13,104.13,3
Finam:DX,2022-06-20T19:43:00+03:00,104.14,104.16,104.13,104.16,8
Finam:DX,2022-06-20T19:44:00+03:00,104.16,104.16,104.14,104.14,6
Finam:DX,2022-06-20T19:45:00+03:00,104.13,104.14,104.13,104.14,3
Finam:DX,2022-06-20T19:46:00+03:00,104.13,104.13,104.11,104.12,17
Finam:DX,2022-06-20T19:47:00+03:00,104.11,104.12,104.11,104.12,6
Finam:DX,2022-06-20T19:48:00+03:00,104.12,104.12,104.11,104.11,3
Finam:DX,2022-06-20T19:51:00+03:00,104.12,104.12,104.11,104.11,3
Finam:DX,2022-06-20T19:52:00+03:00,104.11,104.12,104.11,104.11,8
Finam:DX,2022-06-20T19:53:00+03:00,104.12,104.12,104.11,104.11,6
Finam:DX,2022-06-20T19:55:00+03:00,104.12,104.13,104.11,104.12,9
Finam:DX,2022-06-20T19:56:00+03:00,104.12,104.12,104.10,104.10,8
Finam:DX,2022-06-20T19:57:00+03:00,104.11,104.12,104.10,104.12,19
Finam:DX,2022-06-20T19:59:00+03:00,104.10,104.10,104.10,104.10,2
Finam:DX,2022-06-20T20:00:00+03:00,104.11,104.11,104.11,104.11,2
Finam:DX,2022-06-20T20:01:00+03:00,104.11,104.12,104.11,104.12,5
Finam:DX,2022-06-20T20:02:00+03:00,104.11,104.11,104.10,104.10,2
Finam:DX,2022-06-20T20:03:00+03:00,104.12,104.13,104.10,104.13,9
Finam:DX,2022-06-20T20:04:00+03:00,104.12,104.12,104.11,104.11,10
Finam:DX,2022-06-20T20:06:00+03:00,104.11,104.13,104.11,104.13,5
Finam:DX,2022-06-20T20:07:00+03:00,104.12,104.12,104.12,104.12,2
Finam:DX,2022-06-20T20:08:00+03:00,104.12,104.12,104.12,104.12,4
Finam:DX,2022-06-20T20:09:00+03:00,104.11,104.12,104.11,104.12,5
Finam:DX,2022-06-20T20:11:00+03:00,104.11,104.11,104.11,104.11,1
Finam:DX,2022-06-20T20:12:00+03:00,104.13,104.14,104.13,104.13,5
Finam:DX,2022-06-20T20:13:00+03:00,104.13,104.13,104.13,104.13,2
Finam:DX,2022-06-20T20:14:00+03:00,104.16,104.16,104.16,104.16,4
Finam:DX,2022-06-20T20:15:00+03:00,104.16,104.16,104.16,104.16,2
Finam:DX,2022-06-20T20:18:00+03:00,104.17,104.17,104.17,104.17,3
Finam:DX,2022-06-20T20:19:00+03:00,104.17,104.18,104.17,104.18,5
Finam:DX,2022-06-20T20:20:00+03:00,104.17,104.17,104.16,104.16,3
Finam:DX,2022-06-20T20:21:00+03:00,104.17,104.17,104.17,104.17,1
Finam:DX,2022-06-20T20:24:00+03:00,104.17,104.17,104.17,104.17,15
Finam:DX,2022-06-20T20:25:00+03:00,104.17,104.18,104.16,104.18,8
Finam:DX,2022-06-20T20:26:00+03:00,104.19,104.19,104.19,104.19,3
Finam:DX,2022-06-20T20:27:00+03:00,104.20,104.21,104.20,104.21,13
Finam:DX,2022-06-20T20:28:00+03:00,104.21,104.21,104.21,104.21,2
Finam:DX,2022-06-20T20:29:00+03:00,104.22,104.22,104.20,104.20,5
Finam:DX,2022-06-20T20:31:00+03:00,104.20,104.21,104.20,104.21,2
Finam:DX,2022-06-20T20:32:00+03:00,104.21,104.21,104.21,104.21,5
Finam:DX,2022-06-20T20:33:00+03:00,104.22,104.22,104.22,104.22,1
Finam:DX,2022-06-20T20:34:00+03:00,104.23,104.24,104.23,104.24,7
Finam:DX,2022-06-20T20:35:00+03:00,104.23,104.23,104.23,104.23,2
Finam:DX,2022-06-20T20:36:00+03:00,104.22,104.22,104.22,104.22,1
Finam:DX,2022-06-20T20:38:00+03:00,104.22,104.23,104.22,104.23,9
Finam:DX,2022-06-20T20:39:00+03:00,104.21,104.21,104.21,104.21,1
Finam:DX,2022-06-20T20:40:00+03:00,104.21,104.21,104.21,104.21,6
Finam:DX,2022-06-20T20:41:00+03:00,104.21,104.22,104.21,104.21,5
Finam:DX,2022-06-20T20:43:00+03:00,104.20,104.20,104.20,104.20,2
Finam:DX,2022-06-20T20:44:00+03:00,104.19,104.20,104.19,104.20,5
Finam:DX,2022-06-20T20:45:00+03:00,104.20,104.22,104.20,104.22,14
Finam:DX,2022-06-20T20:46:00+03:00,104.22,104.22,104.21,104.21,2
Finam:DX,2022-06-20T20:47:00+03:00,104.22,104.22,104.22,104.22,5
Finam:DX,2022-06-20T20:48:00+03:00,104.22,104.23,104.22,104.23,4
Finam:DX,2022-06-20T20:51:00+03:00,104.22,104.22,104.22,104.22,1
Finam:DX,2022-06-20T20:55:00+03:00,104.22,104.22,104.22,104.22,2
Finam:DX,2022-06-20T20:56:00+03:00,104.22,104.22,104.22,104.22,10
Finam:DX,2022-06-20T20:57:00+03:00,104.22,104.22,104.21,104.21,2
Finam:DX,2022-06-20T20:58:00+03:00,104.20,104.20,104.19,104.19,18
Finam:DX,2022-06-20T20:59:00+03:00,104.20,104.20,104.20,104.20,2
Finam:DX,2022-06-20T21:00:00+03:00,104.20,104.20,104.20,104.20,1
Finam:DX,2022-06-20T21:05:00+03:00,104.24,104.24,104.24,104.24,5
Finam:DX,2022-06-20T21:08:00+03:00,104.25,104.26,104.25,104.26,14
Finam:DX,2022-06-20T21:09:00+03:00,104.26,104.26,104.26,104.26,1
Finam:DX,2022-06-20T21:11:00+03:00,104.27,104.27,104.27,104.27,2
Finam:DX,2022-06-20T21:12:00+03:00,104.28,104.29,104.28,104.29,22
Finam:DX,2022-06-20T21:13:00+03:00,104.29,104.29,104.28,104.28,2
Finam:DX,2022-06-20T21:15:00+03:00,104.28,104.28,104.28,104.28,3
Finam:DX,2022-06-20T21:16:00+03:00,104.28,104.28,104.28,104.28,1
Finam:DX,2022-06-20T21:17:00+03:00,104.28,104.28,104.28,104.28,2
Finam:DX,2022-06-20T21:18:00+03:00,104.49,104.49,104.49,104.49,1
Finam:DX,2022-06-20T21:22:00+03:00,104.29,104.29,104.28,104.28,9
Finam:DX,2022-06-20T21:24:00+03:00,104.28,104.28,104.28,104.28,2
Finam:DX,2022-06-20T21:27:00+03:00,104.29,104.29,104.29,104.29,1
Finam:DX,2022-06-20T21:28:00+03:00,104.29,104.29,104.29,104.29,2
Finam:DX,2022-06-20T21:30:00+03:00,104.28,104.28,104.27,104.27,11
Finam:DX,2022-06-20T21:31:00+03:00,104.28,104.28,104.28,104.28,2
Finam:DX,2022-06-20T21:32:00+03:00,104.28,104.28,104.28,104.28,10
Finam:DX,2022-06-20T21:33:00+03:00,104.27,104.27,104.27,104.27,1
Finam:DX,2022-06-20T21:36:00+03:00,104.28,104.28,104.28,104.28,1
Finam:DX,2022-06-20T21:37:00+03:00,104.27,104.27,104.27,104.27,1
Finam:DX,2022-06-20T21:42:00+03:00,104.27,104.27,104.27,104.27,5
Finam:DX,2022-06-20T21:43:00+03:00,104.27,104.28,104.27,104.28,5
Finam:DX,2022-06-20T21:45:00+03:00,104.26,104.26,104.26,104.26,1
Finam:DX,2022-06-20T21:49:00+03:00,104.27,104.27,104.27,104.27,1
Finam:DX,2022-06-20T21:52:00+03:00,104.28,104.28,104.28,104.28,1
Finam:DX,2022-06-20T21:53:00+03:00,104.29,104.31,104.29,104.31,8
Finam:DX,2022-06-20T21:54:00+03:00,104.31,104.31,104.30,104.30,5
Finam:DX,2022-06-20T21:55:00+03:00,104.31,104.31,104.31,104.31,15
Finam:DX,2022-06-20T21:56:00+03:00,104.32,104.32,104.31,104.31,13
Finam:DX,2022-06-20T21:57:00+03:00,104.30,104.30,104.30,104.30,1
Finam:DX,2022-06-20T21:59:00+03:00,104.32,104.32,104.32,104.32,1
Finam:DX,2022-06-20T22:00:00+03:00,104.33,104.33,104.32,104.32,17
Finam:DX,2022-06-20T22:01:00+03:00,104.32,104.33,104.32,104.33,4
Finam:DX,2022-06-20T22:02:00+03:00,104.33,104.33,104.32,104.32,4
Finam:DX,2022-06-20T22:05:00+03:00,104.34,104.34,104.34,104.34,5
Finam:DX,2022-06-20T22:06:00+03:00,104.34,104.34,104.34,104.34,3
Finam:DX,2022-06-20T22:08:00+03:00,104.35,104.37,104.35,104.37,26
Finam:DX,2022-06-20T22:09:00+03:00,104.37,104.37,104.36,104.36,6
Finam:DX,2022-06-20T22:10:00+03:00,104.36,104.37,104.35,104.37,14
Finam:DX,2022-06-20T22:11:00+03:00,104.37,104.37,104.36,104.37,9
Finam:DX,2022-06-20T22:12:00+03:00,104.37,104.37,104.37,104.37,4
Finam:DX,2022-06-20T22:13:00+03:00,104.37,104.37,104.37,104.37,3
Finam:DX,2022-06-20T22:14:00+03:00,104.37,104.37,104.37,104.37,8
Finam:DX,2022-06-20T22:15:00+03:00,104.37,104.37,104.34,104.34,40
Finam:DX,2022-06-20T22:16:00+03:00,104.36,104.36,104.36,104.36,1
Finam:DX,2022-06-20T22:17:00+03:00,104.37,104.38,104.37,104.37,3
Finam:DX,2022-06-20T22:19:00+03:00,104.36,104.36,104.36,104.36,1
Finam:DX,2022-06-20T22:21:00+03:00,104.36,104.36,104.36,104.36,1
Finam:DX,2022-06-20T22:22:00+03:00,104.36,104.36,104.35,104.35,3
Finam:DX,2022-06-20T22:23:00+03:00,104.35,104.36,104.35,104.36,6
Finam:DX,2022-06-20T22:28:00+03:00,104.34,104.34,104.33,104.33,2
Finam:DX,2022-06-20T22:30:00+03:00,104.33,104.33,104.33,104.33,1
Finam:DX,2022-06-20T22:31:00+03:00,104.33,104.33,104.33,104.33,3
Finam:DX,2022-06-20T22:32:00+03:00,104.33,104.33,104.33,104.33,1
Finam:DX,2022-06-20T22:34:00+03:00,104.33,104.33,104.33,104.33,1
Finam:DX,2022-06-20T22:36:00+03:00,104.33,104.34,104.33,104.34,5
Finam:DX,2022-06-20T22:37:00+03:00,104.34,104.34,104.34,104.34,7
Finam:DX,2022-06-20T22:39:00+03:00,104.34,104.34,104.33,104.33,4
Finam:DX,2022-06-20T22:43:00+03:00,104.33,104.33,104.33,104.33,8
Finam:DX,2022-06-20T22:46:00+03:00,104.32,104.32,104.32,104.32,1
Finam:DX,2022-06-20T22:49:00+03:00,104.33,104.33,104.33,104.33,9
Finam:DX,2022-06-20T22:51:00+03:00,104.33,104.33,104.33,104.33,14
Finam:DX,2022-06-20T22:52:00+03:00,104.33,104.34,104.33,104.34,4
Finam:DX,2022-06-20T22:53:00+03:00,104.34,104.35,104.34,104.35,30
Finam:DX,2022-06-20T22:55:00+03:00,104.36,104.36,104.36,104.36,1
Finam:DX,2022-06-20T22:57:00+03:00,104.35,104.35,104.35,104.35,1
Finam:DX,2022-06-20T22:58:00+03:00,104.35,104.36,104.35,104.36,14
Finam:DX,2022-06-20T23:00:00+03:00,104.35,104.35,104.34,104.34,7
Finam:DX,2022-06-20T23:01:00+03:00,104.35,104.36,104.35,104.36,2
Finam:DX,2022-06-20T23:04:00+03:00,104.36,104.36,104.36,104.36,4
Finam:DX,2022-06-20T23:05:00+03:00,104.35,104.35,104.35,104.35,1
Finam:DX,2022-06-20T23:18:00+03:00,104.34,104.34,104.34,104.34,1
Finam:DX,2022-06-20T23:21:00+03:00,104.34,104.34,104.34,104.34,1
Finam:DX,2022-06-20T23:25:00+03:00,104.33,104.33,104.33,104.33,1
Finam:DX,2022-06-20T23:29:00+03:00,104.33,104.33,104.33,104.33,1
Finam:DX,2022-06-20T23:32:00+03:00,104.31,104.31,104.30,104.30,3
Finam:DX,2022-06-20T23:33:00+03:00,104.31,104.31,104.31,104.31,1
Finam:DX,2022-06-20T23:37:00+03:00,104.31,104.31,104.31,104.31,1
Finam:DX,2022-06-20T23:39:00+03:00,104.29,104.29,104.29,104.29,2
Finam:DX,2022-06-20T23:42:00+03:00,104.29,104.29,104.29,104.29,1
Finam:DX,2022-06-20T23:49:00+03:00,104.28,104.28,104.27,104.27,5
Finam:DX,2022-06-20T23:51:00+03:00,104.27,104.27,104.27,104.27,1
Finam:DX,2022-06-20T23:52:00+03:00,104.27,104.27,104.27,104.27,1
Finam:DX,2022-06-20T23:54:00+03:00,104.27,104.27,104.27,104.27,1
Finam:DX,2022-06-20T23:55:00+03:00,104.27,104.27,104.27,104.27,1
Finam:DX,2022-06-20T23:56:00+03:00,104.27,104.28,104.27,104.28,3
Finam:DX,2022-06-20T23:57:00+03:00,104.27,104.27,104.26,104.26,5
Finam:DX,2022-06-20T23:59:00+03:00,104.27,104.27,104.26,104.26,2
