MOEX:MOEX,2020-11-17T10:00:00+03:00,136.27,136.27,135.78,136.01,7089
MOEX:MOEX,2020-11-17T10:01:00+03:00,135.91,136.02,135.81,135.92,7627
MOEX:MOEX,2020-11-17T10:02:00+03:00,135.83,135.86,135.52,135.57,5220
MOEX:MOEX,2020-11-17T10:03:00+03:00,135.57,135.75,135.52,135.75,8843
MOEX:MOEX,2020-11-17T10:04:00+03:00,135.79,135.84,135.60,135.60,1379
MOEX:MOEX,2020-11-17T10:05:00+03:00,135.65,135.79,135.57,135.79,2624
MOEX:MOEX,2020-11-17T10:06:00+03:00,135.79,135.90,135.74,135.88,3504
MOEX:MOEX,2020-11-17T10:07:00+03:00,135.85,135.86,135.62,135.81,5738
MOEX:MOEX,2020-11-17T10:08:00+03:00,135.81,135.84,135.75,135.80,1666
MOEX:MOEX,2020-11-17T10:09:00+03:00,135.77,135.80,135.46,135.60,10626
MOEX:MOEX,2020-11-17T10:10:00+03:00,135.56,135.83,135.56,135.80,5298
MOEX:MOEX,2020-11-17T10:11:00+03:00,135.81,135.81,135.58,135.62,2750
MOEX:MOEX,2020-11-17T10:12:00+03:00,135.58,135.59,135.48,135.56,4900
MOEX:MOEX,2020-11-17T10:13:00+03:00,135.56,135.70,135.50,135.56,5066
MOEX:MOEX,2020-11-17T10:14:00+03:00,135.56,135.61,135.49,135.52,1750
MOEX:MOEX,2020-11-17T10:15:00+03:00,135.52,135.79,135.52,135.69,3564
MOEX:MOEX,2020-11-17T10:16:00+03:00,135.67,135.84,135.60,135.84,4328
MOEX:MOEX,2020-11-17T10:17:00+03:00,135.86,135.89,135.64,135.70,2432
MOEX:MOEX,2020-11-17T10:18:00+03:00,135.68,136.00,135.62,135.95,8470
MOEX:MOEX,2020-11-17T10:19:00+03:00,135.94,135.96,135.74,135.78,2188
MOEX:MOEX,2020-11-17T10:20:00+03:00,135.78,135.78,135.67,135.70,1789
MOEX:MOEX,2020-11-17T10:21:00+03:00,135.67,135.70,135.56,135.60,3983
MOEX:MOEX,2020-11-17T10:22:00+03:00,135.61,135.64,135.53,135.53,1634
MOEX:MOEX,2020-11-17T10:23:00+03:00,135.55,135.59,135.46,135.58,6041
MOEX:MOEX,2020-11-17T10:24:00+03:00,135.58,135.60,135.47,135.52,3560
MOEX:MOEX,2020-11-17T10:25:00+03:00,135.50,135.65,135.46,135.64,2589
MOEX:MOEX,2020-11-17T10:26:00+03:00,135.64,135.66,135.53,135.54,1813
MOEX:MOEX,2020-11-17T10:27:00+03:00,135.58,135.73,135.46,135.67,13528
MOEX:MOEX,2020-11-17T10:28:00+03:00,135.72,135.73,135.60,135.61,1620
MOEX:MOEX,2020-11-17T10:29:00+03:00,135.61,135.61,135.42,135.42,2060
MOEX:MOEX,2020-11-17T10:30:00+03:00,135.47,135.54,135.42,135.47,1502
MOEX:MOEX,2020-11-17T10:31:00+03:00,135.45,135.60,135.43,135.55,899
MOEX:MOEX,2020-11-17T10:32:00+03:00,135.55,135.55,135.47,135.51,1035
MOEX:MOEX,2020-11-17T10:33:00+03:00,135.51,135.52,135.35,135.40,3151
MOEX:MOEX,2020-11-17T10:34:00+03:00,135.40,135.59,135.33,135.56,2282
MOEX:MOEX,2020-11-17T10:35:00+03:00,135.54,135.61,135.49,135.57,1921
MOEX:MOEX,2020-11-17T10:36:00+03:00,135.53,135.54,135.42,135.45,1746
MOEX:MOEX,2020-11-17T10:37:00+03:00,135.45,135.45,135.38,135.38,1188
MOEX:MOEX,2020-11-17T10:38:00+03:00,135.38,135.38,135.15,135.19,4515
MOEX:MOEX,2020-11-17T10:39:00+03:00,135.16,135.29,135.15,135.29,3152
MOEX:MOEX,2020-11-17T10:40:00+03:00,135.29,135.46,135.23,135.39,2945
MOEX:MOEX,2020-11-17T10:41:00+03:00,135.44,135.44,135.22,135.22,2019
MOEX:MOEX,2020-11-17T10:42:00+03:00,135.26,135.46,135.22,135.38,2190
MOEX:MOEX,2020-11-17T10:43:00+03:00,135.38,135.41,135.29,135.30,871
MOEX:MOEX,2020-11-17T10:44:00+03:00,135.30,135.40,135.26,135.35,1651
MOEX:MOEX,2020-11-17T10:45:00+03:00,135.35,135.36,135.24,135.26,987
MOEX:MOEX,2020-11-17T10:46:00+03:00,135.26,135.46,135.22,135.40,3164
MOEX:MOEX,2020-11-17T10:47:00+03:00,135.40,135.45,135.28,135.40,1339
MOEX:MOEX,2020-11-17T10:48:00+03:00,135.34,135.39,135.22,135.22,1097
MOEX:MOEX,2020-11-17T10:49:00+03:00,135.23,135.45,135.23,135.38,8295
MOEX:MOEX,2020-11-17T10:50:00+03:00,135.40,135.62,135.40,135.62,2445
MOEX:MOEX,2020-11-17T10:51:00+03:00,135.62,135.62,135.50,135.55,1253
MOEX:MOEX,2020-11-17T10:52:00+03:00,135.55,135.71,135.54,135.63,2047
MOEX:MOEX,2020-11-17T10:53:00+03:00,135.68,135.68,135.48,135.49,3733
MOEX:MOEX,2020-11-17T10:54:00+03:00,135.49,135.71,135.49,135.60,2376
MOEX:MOEX,2020-11-17T10:55:00+03:00,135.67,135.67,135.59,135.59,1003
MOEX:MOEX,2020-11-17T10:56:00+03:00,135.61,135.61,135.45,135.61,1387
MOEX:MOEX,2020-11-17T10:57:00+03:00,135.56,135.65,135.45,135.45,1120
MOEX:MOEX,2020-11-17T10:58:00+03:00,135.47,135.54,135.40,135.45,1263
MOEX:MOEX,2020-11-17T10:59:00+03:00,135.46,135.46,135.38,135.39,1279
MOEX:MOEX,2020-11-17T11:00:00+03:00,135.39,135.62,135.39,135.56,2077
MOEX:MOEX,2020-11-17T11:01:00+03:00,135.56,135.70,135.56,135.70,1499
MOEX:MOEX,2020-11-17T11:02:00+03:00,135.70,135.70,135.58,135.61,2352
MOEX:MOEX,2020-11-17T11:03:00+03:00,135.61,135.73,135.57,135.73,6163
MOEX:MOEX,2020-11-17T11:04:00+03:00,135.73,135.80,135.66,135.73,2827
MOEX:MOEX,2020-11-17T11:05:00+03:00,135.74,135.78,135.63,135.63,1210
MOEX:MOEX,2020-11-17T11:06:00+03:00,135.68,135.68,135.56,135.62,1344
MOEX:MOEX,2020-11-17T11:07:00+03:00,135.56,135.61,135.51,135.55,1774
MOEX:MOEX,2020-11-17T11:08:00+03:00,135.55,135.62,135.55,135.58,983
MOEX:MOEX,2020-11-17T11:09:00+03:00,135.57,135.58,135.50,135.58,2363
MOEX:MOEX,2020-11-17T11:10:00+03:00,135.57,135.75,135.57,135.71,2288
MOEX:MOEX,2020-11-17T11:11:00+03:00,135.71,135.83,135.66,135.83,2903
MOEX:MOEX,2020-11-17T11:12:00+03:00,135.83,135.84,135.75,135.76,3367
MOEX:MOEX,2020-11-17T11:13:00+03:00,135.75,136.21,135.74,136.11,14481
MOEX:MOEX,2020-11-17T11:14:00+03:00,136.11,136.20,135.95,136.12,4603
MOEX:MOEX,2020-11-17T11:15:00+03:00,136.10,136.17,136.07,136.10,1973
MOEX:MOEX,2020-11-17T11:16:00+03:00,136.10,136.17,136.02,136.02,2490
MOEX:MOEX,2020-11-17T11:17:00+03:00,136.02,136.02,135.92,135.98,2729
MOEX:MOEX,2020-11-17T11:18:00+03:00,136.02,136.02,135.89,135.89,1230
MOEX:MOEX,2020-11-17T11:19:00+03:00,135.93,136.00,135.82,135.82,1755
MOEX:MOEX,2020-11-17T11:20:00+03:00,135.88,136.01,135.84,135.88,1908
MOEX:MOEX,2020-11-17T11:21:00+03:00,135.87,135.88,135.73,135.84,2671
MOEX:MOEX,2020-11-17T11:22:00+03:00,135.83,135.86,135.81,135.81,1265
MOEX:MOEX,2020-11-17T11:23:00+03:00,135.81,135.87,135.80,135.86,1913
MOEX:MOEX,2020-11-17T11:24:00+03:00,135.87,135.89,135.81,135.83,3186
MOEX:MOEX,2020-11-17T11:25:00+03:00,135.87,135.88,135.84,135.84,1442
MOEX:MOEX,2020-11-17T11:26:00+03:00,135.83,135.83,135.68,135.71,2437
MOEX:MOEX,2020-11-17T11:27:00+03:00,135.71,135.75,135.66,135.67,1603
MOEX:MOEX,2020-11-17T11:28:00+03:00,135.70,135.70,135.56,135.60,2496
MOEX:MOEX,2020-11-17T11:29:00+03:00,135.64,135.67,135.59,135.62,1999
MOEX:MOEX,2020-11-17T11:30:00+03:00,135.61,135.66,135.56,135.56,953
MOEX:MOEX,2020-11-17T11:31:00+03:00,135.60,135.61,135.51,135.55,2249
MOEX:MOEX,2020-11-17T11:32:00+03:00,135.55,135.60,135.51,135.60,854
MOEX:MOEX,2020-11-17T11:33:00+03:00,135.57,135.59,135.30,135.55,19896
MOEX:MOEX,2020-11-17T11:34:00+03:00,135.59,135.71,135.59,135.71,3370
MOEX:MOEX,2020-11-17T11:35:00+03:00,135.76,135.89,135.76,135.82,3730
MOEX:MOEX,2020-11-17T11:36:00+03:00,135.82,135.85,135.76,135.83,1570
MOEX:MOEX,2020-11-17T11:37:00+03:00,135.79,135.79,135.70,135.75,1917
MOEX:MOEX,2020-11-17T11:38:00+03:00,135.74,135.74,135.67,135.67,1496
MOEX:MOEX,2020-11-17T11:39:00+03:00,135.68,135.71,135.58,135.70,2506
MOEX:MOEX,2020-11-17T11:40:00+03:00,135.67,135.70,135.50,135.51,1214
MOEX:MOEX,2020-11-17T11:41:00+03:00,135.51,135.51,135.41,135.47,1610
MOEX:MOEX,2020-11-17T11:42:00+03:00,135.45,135.48,135.38,135.48,1893
MOEX:MOEX,2020-11-17T11:43:00+03:00,135.48,135.48,135.41,135.42,1173
MOEX:MOEX,2020-11-17T11:44:00+03:00,135.40,135.48,135.40,135.43,1605
MOEX:MOEX,2020-11-17T11:45:00+03:00,135.41,135.50,135.38,135.50,1940
MOEX:MOEX,2020-11-17T11:46:00+03:00,135.51,135.54,135.46,135.54,1125
MOEX:MOEX,2020-11-17T11:47:00+03:00,135.51,135.52,135.44,135.46,2554
MOEX:MOEX,2020-11-17T11:48:00+03:00,135.46,135.56,135.46,135.56,842
MOEX:MOEX,2020-11-17T11:49:00+03:00,135.56,135.59,135.53,135.59,1569
MOEX:MOEX,2020-11-17T11:50:00+03:00,135.60,135.61,135.54,135.58,1874
MOEX:MOEX,2020-11-17T11:51:00+03:00,135.58,135.58,135.53,135.56,1786
MOEX:MOEX,2020-11-17T11:52:00+03:00,135.57,135.57,135.42,135.48,2544
MOEX:MOEX,2020-11-17T11:53:00+03:00,135.48,135.48,135.41,135.45,1562
MOEX:MOEX,2020-11-17T11:54:00+03:00,135.46,135.46,135.40,135.44,1041
MOEX:MOEX,2020-11-17T11:55:00+03:00,135.41,135.44,135.23,135.27,7259
MOEX:MOEX,2020-11-17T11:56:00+03:00,135.24,135.27,135.21,135.21,2566
MOEX:MOEX,2020-11-17T11:57:00+03:00,135.21,135.35,135.21,135.34,2784
MOEX:MOEX,2020-11-17T11:58:00+03:00,135.34,135.35,135.28,135.35,1670
MOEX:MOEX,2020-11-17T11:59:00+03:00,135.34,135.40,135.31,135.39,1414
MOEX:MOEX,2020-11-17T12:00:00+03:00,135.37,135.38,135.24,135.38,3574
MOEX:MOEX,2020-11-17T12:01:00+03:00,135.39,135.49,135.34,135.49,2845
MOEX:MOEX,2020-11-17T12:02:00+03:00,135.52,135.53,135.48,135.52,1092
MOEX:MOEX,2020-11-17T12:03:00+03:00,135.52,135.52,135.48,135.51,705
MOEX:MOEX,2020-11-17T12:04:00+03:00,135.48,135.50,135.39,135.40,3337
MOEX:MOEX,2020-11-17T12:05:00+03:00,135.43,135.50,135.38,135.50,1243
MOEX:MOEX,2020-11-17T12:06:00+03:00,135.50,135.50,135.47,135.48,712
MOEX:MOEX,2020-11-17T12:07:00+03:00,135.45,135.48,135.45,135.48,840
MOEX:MOEX,2020-11-17T12:08:00+03:00,135.45,135.46,135.30,135.30,2175
MOEX:MOEX,2020-11-17T12:09:00+03:00,135.35,135.35,135.25,135.25,984
MOEX:MOEX,2020-11-17T12:10:00+03:00,135.25,135.27,135.16,135.25,3353
MOEX:MOEX,2020-11-17T12:11:00+03:00,135.24,135.35,135.24,135.35,1429
MOEX:MOEX,2020-11-17T12:12:00+03:00,135.32,135.33,135.24,135.31,639
MOEX:MOEX,2020-11-17T12:13:00+03:00,135.29,135.32,135.21,135.25,2245
MOEX:MOEX,2020-11-17T12:14:00+03:00,135.25,135.38,135.25,135.34,1056
MOEX:MOEX,2020-11-17T12:15:00+03:00,135.30,135.30,135.16,135.19,1622
MOEX:MOEX,2020-11-17T12:16:00+03:00,135.19,135.24,135.10,135.24,6869
MOEX:MOEX,2020-11-17T12:17:00+03:00,135.19,135.22,135.14,135.19,1267
MOEX:MOEX,2020-11-17T12:18:00+03:00,135.27,135.30,135.23,135.30,740
MOEX:MOEX,2020-11-17T12:19:00+03:00,135.31,135.34,135.24,135.34,2826
MOEX:MOEX,2020-11-17T12:20:00+03:00,135.35,135.36,135.32,135.35,1510
MOEX:MOEX,2020-11-17T12:21:00+03:00,135.35,135.35,135.28,135.28,717
MOEX:MOEX,2020-11-17T12:22:00+03:00,135.28,135.31,135.27,135.28,821
MOEX:MOEX,2020-11-17T12:23:00+03:00,135.28,135.28,135.20,135.21,1384
MOEX:MOEX,2020-11-17T12:24:00+03:00,135.21,135.23,135.20,135.20,986
MOEX:MOEX,2020-11-17T12:25:00+03:00,135.22,135.22,135.11,135.14,3326
MOEX:MOEX,2020-11-17T12:26:00+03:00,135.14,135.14,135.06,135.13,4452
MOEX:MOEX,2020-11-17T12:27:00+03:00,135.13,135.23,135.13,135.23,1806
MOEX:MOEX,2020-11-17T12:28:00+03:00,135.24,135.31,135.23,135.31,1862
MOEX:MOEX,2020-11-17T12:29:00+03:00,135.29,135.29,135.18,135.22,2206
MOEX:MOEX,2020-11-17T12:30:00+03:00,135.23,135.23,135.16,135.16,1329
MOEX:MOEX,2020-11-17T12:31:00+03:00,135.18,135.18,135.10,135.10,1770
MOEX:MOEX,2020-11-17T12:32:00+03:00,135.13,135.14,135.08,135.12,1397
MOEX:MOEX,2020-11-17T12:33:00+03:00,135.14,135.14,135.11,135.11,1290
MOEX:MOEX,2020-11-17T12:34:00+03:00,135.13,135.13,135.05,135.05,1828
MOEX:MOEX,2020-11-17T12:35:00+03:00,135.07,135.11,134.87,135.11,41005
MOEX:MOEX,2020-11-17T12:36:00+03:00,135.13,135.36,135.08,135.36,3517
MOEX:MOEX,2020-11-17T12:37:00+03:00,135.36,135.59,135.36,135.39,6234
MOEX:MOEX,2020-11-17T12:38:00+03:00,135.39,135.41,135.28,135.31,1234
MOEX:MOEX,2020-11-17T12:39:00+03:00,135.30,135.30,135.20,135.25,803
MOEX:MOEX,2020-11-17T12:40:00+03:00,135.21,135.34,135.20,135.27,2518
MOEX:MOEX,2020-11-17T12:41:00+03:00,135.27,135.30,135.23,135.29,1040
MOEX:MOEX,2020-11-17T12:42:00+03:00,135.29,135.34,135.21,135.25,3132
MOEX:MOEX,2020-11-17T12:43:00+03:00,135.24,135.26,135.18,135.25,2152
MOEX:MOEX,2020-11-17T12:44:00+03:00,135.22,135.36,135.22,135.36,2326
MOEX:MOEX,2020-11-17T12:45:00+03:00,135.35,135.35,135.20,135.22,1474
MOEX:MOEX,2020-11-17T12:46:00+03:00,135.22,135.27,135.21,135.24,1608
MOEX:MOEX,2020-11-17T12:47:00+03:00,135.24,135.24,135.11,135.12,3269
MOEX:MOEX,2020-11-17T12:48:00+03:00,135.12,135.14,135.04,135.07,1221
MOEX:MOEX,2020-11-17T12:49:00+03:00,135.05,135.05,134.90,134.94,4573
MOEX:MOEX,2020-11-17T12:50:00+03:00,134.92,135.09,134.75,134.90,14721
MOEX:MOEX,2020-11-17T12:51:00+03:00,134.91,135.05,134.89,134.97,1649
MOEX:MOEX,2020-11-17T12:52:00+03:00,134.97,135.04,134.92,135.01,1586
MOEX:MOEX,2020-11-17T12:53:00+03:00,135.03,135.03,134.92,134.97,3500
MOEX:MOEX,2020-11-17T12:54:00+03:00,134.97,134.97,134.90,134.94,1928
MOEX:MOEX,2020-11-17T12:55:00+03:00,134.96,134.96,134.78,134.80,1768
MOEX:MOEX,2020-11-17T12:56:00+03:00,134.80,134.90,134.78,134.84,2542
MOEX:MOEX,2020-11-17T12:57:00+03:00,134.84,134.95,134.83,134.88,2775
MOEX:MOEX,2020-11-17T12:58:00+03:00,134.90,134.96,134.85,134.90,1169
MOEX:MOEX,2020-11-17T12:59:00+03:00,134.90,134.95,134.83,134.88,1675
MOEX:MOEX,2020-11-17T13:00:00+03:00,134.87,134.92,134.81,134.92,1591
MOEX:MOEX,2020-11-17T13:01:00+03:00,134.94,134.95,134.90,134.95,726
MOEX:MOEX,2020-11-17T13:02:00+03:00,134.93,134.95,134.80,134.95,3445
MOEX:MOEX,2020-11-17T13:03:00+03:00,134.95,134.97,134.87,134.88,1965
MOEX:MOEX,2020-11-17T13:04:00+03:00,134.90,134.91,134.87,134.89,620
MOEX:MOEX,2020-11-17T13:05:00+03:00,134.88,134.89,134.71,134.73,1993
MOEX:MOEX,2020-11-17T13:06:00+03:00,134.73,134.81,134.70,134.79,6400
MOEX:MOEX,2020-11-17T13:07:00+03:00,134.79,134.87,134.73,134.87,2366
MOEX:MOEX,2020-11-17T13:08:00+03:00,134.85,134.87,134.73,134.73,1659
MOEX:MOEX,2020-11-17T13:09:00+03:00,134.74,134.74,134.60,134.63,8298
MOEX:MOEX,2020-11-17T13:10:00+03:00,134.63,134.73,134.63,134.73,3452
MOEX:MOEX,2020-11-17T13:11:00+03:00,134.70,134.79,134.70,134.71,1962
MOEX:MOEX,2020-11-17T13:12:00+03:00,134.75,134.77,134.72,134.75,688
MOEX:MOEX,2020-11-17T13:13:00+03:00,134.75,134.87,134.70,134.86,3076
MOEX:MOEX,2020-11-17T13:14:00+03:00,134.86,134.92,134.81,134.92,3178
MOEX:MOEX,2020-11-17T13:15:00+03:00,134.92,134.99,134.92,134.99,1483
MOEX:MOEX,2020-11-17T13:16:00+03:00,134.99,134.99,134.91,134.99,1541
MOEX:MOEX,2020-11-17T13:17:00+03:00,134.99,135.00,134.95,135.00,3027
MOEX:MOEX,2020-11-17T13:18:00+03:00,134.97,135.00,134.95,134.98,501
MOEX:MOEX,2020-11-17T13:19:00+03:00,134.95,134.97,134.95,134.96,3164
MOEX:MOEX,2020-11-17T13:20:00+03:00,134.96,135.00,134.95,135.00,1604
MOEX:MOEX,2020-11-17T13:21:00+03:00,135.00,135.00,134.95,134.95,1722
MOEX:MOEX,2020-11-17T13:22:00+03:00,134.97,135.07,134.95,135.07,2115
MOEX:MOEX,2020-11-17T13:23:00+03:00,135.07,135.07,135.02,135.02,510
MOEX:MOEX,2020-11-17T13:24:00+03:00,135.05,135.09,135.01,135.05,1885
MOEX:MOEX,2020-11-17T13:25:00+03:00,135.07,135.08,135.05,135.07,344
MOEX:MOEX,2020-11-17T13:26:00+03:00,135.07,135.07,135.03,135.03,1238
MOEX:MOEX,2020-11-17T13:27:00+03:00,135.04,135.04,135.00,135.02,983
MOEX:MOEX,2020-11-17T13:28:00+03:00,135.02,135.02,134.90,134.99,13334
MOEX:MOEX,2020-11-17T13:29:00+03:00,134.99,135.06,134.99,135.05,1262
MOEX:MOEX,2020-11-17T13:30:00+03:00,135.05,135.05,134.95,134.99,1703
MOEX:MOEX,2020-11-17T13:31:00+03:00,134.95,134.99,134.81,134.89,10282
MOEX:MOEX,2020-11-17T13:32:00+03:00,134.89,134.95,134.83,134.86,1327
MOEX:MOEX,2020-11-17T13:33:00+03:00,134.86,134.86,134.78,134.82,859
MOEX:MOEX,2020-11-17T13:34:00+03:00,134.82,134.94,134.81,134.88,1668
MOEX:MOEX,2020-11-17T13:35:00+03:00,134.85,134.88,134.80,134.80,779
MOEX:MOEX,2020-11-17T13:36:00+03:00,134.81,134.81,134.70,134.78,2738
MOEX:MOEX,2020-11-17T13:37:00+03:00,134.79,134.79,134.66,134.70,1324
MOEX:MOEX,2020-11-17T13:38:00+03:00,134.66,134.71,134.60,134.61,1235
MOEX:MOEX,2020-11-17T13:39:00+03:00,134.61,134.61,134.55,134.56,3363
MOEX:MOEX,2020-11-17T13:40:00+03:00,134.55,134.62,134.51,134.59,3146
MOEX:MOEX,2020-11-17T13:41:00+03:00,134.64,134.64,134.53,134.55,1595
MOEX:MOEX,2020-11-17T13:42:00+03:00,134.55,134.59,134.51,134.56,858
MOEX:MOEX,2020-11-17T13:43:00+03:00,134.56,134.57,134.51,134.56,2089
MOEX:MOEX,2020-11-17T13:44:00+03:00,134.54,134.63,134.46,134.59,9486
MOEX:MOEX,2020-11-17T13:45:00+03:00,134.61,134.70,134.61,134.67,2005
MOEX:MOEX,2020-11-17T13:46:00+03:00,134.67,134.75,134.60,134.75,3418
MOEX:MOEX,2020-11-17T13:47:00+03:00,134.73,134.79,134.72,134.74,1821
MOEX:MOEX,2020-11-17T13:48:00+03:00,134.74,134.78,134.69,134.73,1275
MOEX:MOEX,2020-11-17T13:49:00+03:00,134.76,134.79,134.70,134.74,1285
MOEX:MOEX,2020-11-17T13:50:00+03:00,134.79,134.80,134.74,134.78,486
MOEX:MOEX,2020-11-17T13:51:00+03:00,134.78,134.78,134.72,134.72,1162
MOEX:MOEX,2020-11-17T13:52:00+03:00,134.71,134.71,134.57,134.57,979
MOEX:MOEX,2020-11-17T13:53:00+03:00,134.57,134.57,134.39,134.44,2692
MOEX:MOEX,2020-11-17T13:54:00+03:00,134.43,134.43,134.30,134.34,2420
MOEX:MOEX,2020-11-17T13:55:00+03:00,134.34,134.47,134.34,134.44,2035
MOEX:MOEX,2020-11-17T13:56:00+03:00,134.45,134.46,134.30,134.44,1837
MOEX:MOEX,2020-11-17T13:57:00+03:00,134.47,134.85,134.47,134.77,6781
MOEX:MOEX,2020-11-17T13:58:00+03:00,134.81,134.81,134.71,134.78,2842
MOEX:MOEX,2020-11-17T13:59:00+03:00,134.80,134.87,134.72,134.87,3184
MOEX:MOEX,2020-11-17T14:00:00+03:00,134.84,134.87,134.80,134.83,1700
MOEX:MOEX,2020-11-17T14:01:00+03:00,134.83,134.83,134.80,134.80,700
MOEX:MOEX,2020-11-17T14:02:00+03:00,134.80,134.87,134.69,134.87,9174
MOEX:MOEX,2020-11-17T14:03:00+03:00,134.88,134.92,134.83,134.84,1350
MOEX:MOEX,2020-11-17T14:04:00+03:00,134.84,135.04,134.84,134.97,5433
MOEX:MOEX,2020-11-17T14:05:00+03:00,134.91,134.98,134.84,134.97,1670
MOEX:MOEX,2020-11-17T14:06:00+03:00,134.97,134.97,134.88,134.91,1377
MOEX:MOEX,2020-11-17T14:07:00+03:00,134.89,134.96,134.88,134.96,1367
MOEX:MOEX,2020-11-17T14:08:00+03:00,134.92,134.98,134.86,134.95,3585
MOEX:MOEX,2020-11-17T14:09:00+03:00,134.95,135.22,134.89,135.15,6798
MOEX:MOEX,2020-11-17T14:10:00+03:00,135.18,135.23,135.08,135.20,4844
MOEX:MOEX,2020-11-17T14:11:00+03:00,135.20,135.23,135.03,135.03,2391
MOEX:MOEX,2020-11-17T14:12:00+03:00,135.08,135.08,135.01,135.06,1257
MOEX:MOEX,2020-11-17T14:13:00+03:00,135.06,135.06,135.00,135.01,460
MOEX:MOEX,2020-11-17T14:14:00+03:00,135.04,135.10,135.00,135.00,2176
MOEX:MOEX,2020-11-17T14:15:00+03:00,135.04,135.09,135.01,135.09,1574
MOEX:MOEX,2020-11-17T14:16:00+03:00,135.05,135.09,135.02,135.02,583
MOEX:MOEX,2020-11-17T14:17:00+03:00,135.01,135.12,135.00,135.12,2188
MOEX:MOEX,2020-11-17T14:18:00+03:00,135.13,135.27,135.07,135.23,3022
MOEX:MOEX,2020-11-17T14:19:00+03:00,135.22,135.33,135.22,135.26,1142
MOEX:MOEX,2020-11-17T14:20:00+03:00,135.27,135.27,135.20,135.20,2754
MOEX:MOEX,2020-11-17T14:21:00+03:00,135.22,135.23,135.20,135.23,1032
MOEX:MOEX,2020-11-17T14:22:00+03:00,135.23,135.26,135.20,135.20,1944
MOEX:MOEX,2020-11-17T14:23:00+03:00,135.20,135.25,135.13,135.15,7212
MOEX:MOEX,2020-11-17T14:24:00+03:00,135.13,135.15,135.03,135.03,1206
MOEX:MOEX,2020-11-17T14:25:00+03:00,135.08,135.08,135.00,135.04,2413
MOEX:MOEX,2020-11-17T14:26:00+03:00,135.04,135.07,135.00,135.00,1111
MOEX:MOEX,2020-11-17T14:27:00+03:00,135.04,135.08,134.81,134.89,7288
MOEX:MOEX,2020-11-17T14:28:00+03:00,134.82,134.86,134.64,134.78,1876
MOEX:MOEX,2020-11-17T14:29:00+03:00,134.72,134.72,134.52,134.59,1436
MOEX:MOEX,2020-11-17T14:30:00+03:00,134.59,134.59,134.46,134.51,2925
MOEX:MOEX,2020-11-17T14:31:00+03:00,134.50,134.72,134.47,134.70,1825
MOEX:MOEX,2020-11-17T14:32:00+03:00,134.70,134.71,134.65,134.71,886
MOEX:MOEX,2020-11-17T14:33:00+03:00,134.69,134.70,134.50,134.60,4475
MOEX:MOEX,2020-11-17T14:34:00+03:00,134.57,134.74,134.50,134.74,2497
MOEX:MOEX,2020-11-17T14:35:00+03:00,134.74,134.74,134.57,134.60,901
MOEX:MOEX,2020-11-17T14:36:00+03:00,134.60,134.60,134.50,134.50,1899
MOEX:MOEX,2020-11-17T14:37:00+03:00,134.51,134.51,134.41,134.48,1921
MOEX:MOEX,2020-11-17T14:38:00+03:00,134.48,134.48,134.41,134.44,1188
MOEX:MOEX,2020-11-17T14:39:00+03:00,134.44,134.52,134.42,134.42,1852
MOEX:MOEX,2020-11-17T14:40:00+03:00,134.41,134.45,134.34,134.38,2910
MOEX:MOEX,2020-11-17T14:41:00+03:00,134.42,134.47,134.41,134.46,1090
MOEX:MOEX,2020-11-17T14:42:00+03:00,134.46,134.46,134.36,134.36,902
MOEX:MOEX,2020-11-17T14:43:00+03:00,134.38,134.38,134.28,134.28,3031
MOEX:MOEX,2020-11-17T14:44:00+03:00,134.29,134.40,134.22,134.40,4298
MOEX:MOEX,2020-11-17T14:45:00+03:00,134.41,134.48,134.40,134.43,3220
MOEX:MOEX,2020-11-17T14:46:00+03:00,134.44,134.44,134.30,134.34,981
MOEX:MOEX,2020-11-17T14:47:00+03:00,134.34,134.35,134.29,134.34,925
MOEX:MOEX,2020-11-17T14:48:00+03:00,134.34,134.34,134.21,134.31,2038
MOEX:MOEX,2020-11-17T14:49:00+03:00,134.30,134.30,134.22,134.23,637
MOEX:MOEX,2020-11-17T14:50:00+03:00,134.22,134.23,134.12,134.15,5498
MOEX:MOEX,2020-11-17T14:51:00+03:00,134.15,134.31,134.09,134.26,4494
MOEX:MOEX,2020-11-17T14:52:00+03:00,134.29,134.40,134.26,134.38,1949
MOEX:MOEX,2020-11-17T14:53:00+03:00,134.39,134.39,134.26,134.26,2155
MOEX:MOEX,2020-11-17T14:54:00+03:00,134.28,134.28,134.09,134.15,1842
MOEX:MOEX,2020-11-17T14:55:00+03:00,134.15,134.16,134.09,134.15,1353
MOEX:MOEX,2020-11-17T14:56:00+03:00,134.17,134.25,134.15,134.15,797
MOEX:MOEX,2020-11-17T14:57:00+03:00,134.19,134.19,134.11,134.15,1202
MOEX:MOEX,2020-11-17T14:58:00+03:00,134.15,134.17,134.11,134.17,1482
MOEX:MOEX,2020-11-17T14:59:00+03:00,134.16,134.20,134.14,134.20,1702
MOEX:MOEX,2020-11-17T15:00:00+03:00,134.22,134.37,134.22,134.34,3212
MOEX:MOEX,2020-11-17T15:01:00+03:00,134.35,134.35,134.14,134.19,2096
MOEX:MOEX,2020-11-17T15:02:00+03:00,134.18,134.30,134.18,134.23,3252
MOEX:MOEX,2020-11-17T15:03:00+03:00,134.20,134.27,134.14,134.22,2685
MOEX:MOEX,2020-11-17T15:04:00+03:00,134.23,134.29,134.23,134.28,1542
MOEX:MOEX,2020-11-17T15:05:00+03:00,134.25,134.34,134.22,134.22,1496
MOEX:MOEX,2020-11-17T15:06:00+03:00,134.21,134.28,134.14,134.21,1751
MOEX:MOEX,2020-11-17T15:07:00+03:00,134.20,134.28,134.18,134.22,817
MOEX:MOEX,2020-11-17T15:08:00+03:00,134.21,134.21,134.17,134.17,1552
MOEX:MOEX,2020-11-17T15:09:00+03:00,134.16,134.22,134.14,134.20,4532
MOEX:MOEX,2020-11-17T15:10:00+03:00,134.18,134.20,134.14,134.14,1283
MOEX:MOEX,2020-11-17T15:11:00+03:00,134.15,134.23,134.14,134.22,3002
MOEX:MOEX,2020-11-17T15:12:00+03:00,134.23,134.25,134.17,134.25,1966
MOEX:MOEX,2020-11-17T15:13:00+03:00,134.25,134.50,134.23,134.49,7742
MOEX:MOEX,2020-11-17T15:14:00+03:00,134.50,134.53,134.42,134.47,1342
MOEX:MOEX,2020-11-17T15:15:00+03:00,134.47,134.89,134.44,134.78,6330
MOEX:MOEX,2020-11-17T15:16:00+03:00,134.78,135.01,134.67,134.97,12887
MOEX:MOEX,2020-11-17T15:17:00+03:00,134.97,134.99,134.68,134.84,2148
MOEX:MOEX,2020-11-17T15:18:00+03:00,134.79,134.84,134.60,134.65,1520
MOEX:MOEX,2020-11-17T15:19:00+03:00,134.67,134.68,134.51,134.60,1970
MOEX:MOEX,2020-11-17T15:20:00+03:00,134.55,134.55,134.46,134.48,854
MOEX:MOEX,2020-11-17T15:21:00+03:00,134.48,134.54,134.44,134.54,1516
MOEX:MOEX,2020-11-17T15:22:00+03:00,134.54,134.67,134.54,134.60,1992
MOEX:MOEX,2020-11-17T15:23:00+03:00,134.60,134.60,134.50,134.51,1320
MOEX:MOEX,2020-11-17T15:24:00+03:00,134.51,134.61,134.50,134.61,1301
MOEX:MOEX,2020-11-17T15:25:00+03:00,134.63,134.66,134.63,134.66,1196
MOEX:MOEX,2020-11-17T15:26:00+03:00,134.66,134.66,134.56,134.59,843
MOEX:MOEX,2020-11-17T15:27:00+03:00,134.55,134.59,134.50,134.50,1012
MOEX:MOEX,2020-11-17T15:28:00+03:00,134.53,134.53,134.48,134.52,3354
MOEX:MOEX,2020-11-17T15:29:00+03:00,134.53,134.62,134.52,134.54,2082
MOEX:MOEX,2020-11-17T15:30:00+03:00,134.59,134.62,134.58,134.58,1080
MOEX:MOEX,2020-11-17T15:31:00+03:00,134.58,134.58,134.30,134.34,1300
MOEX:MOEX,2020-11-17T15:32:00+03:00,134.34,134.34,134.22,134.29,1208
MOEX:MOEX,2020-11-17T15:33:00+03:00,134.28,134.30,134.22,134.30,956
MOEX:MOEX,2020-11-17T15:34:00+03:00,134.30,134.30,134.16,134.20,864
MOEX:MOEX,2020-11-17T15:35:00+03:00,134.20,134.27,134.20,134.26,836
MOEX:MOEX,2020-11-17T15:36:00+03:00,134.24,134.26,134.21,134.24,986
MOEX:MOEX,2020-11-17T15:37:00+03:00,134.24,134.43,134.24,134.40,3430
MOEX:MOEX,2020-11-17T15:38:00+03:00,134.43,134.43,134.39,134.39,1211
MOEX:MOEX,2020-11-17T15:39:00+03:00,134.40,134.42,134.39,134.40,1343
MOEX:MOEX,2020-11-17T15:40:00+03:00,134.41,134.43,134.39,134.39,1422
MOEX:MOEX,2020-11-17T15:41:00+03:00,134.40,134.43,134.39,134.39,1219
MOEX:MOEX,2020-11-17T15:42:00+03:00,134.41,134.44,134.39,134.44,3137
MOEX:MOEX,2020-11-17T15:43:00+03:00,134.44,134.44,134.39,134.39,832
MOEX:MOEX,2020-11-17T15:44:00+03:00,134.39,134.41,134.39,134.39,1290
MOEX:MOEX,2020-11-17T15:45:00+03:00,134.39,134.46,134.39,134.45,1374
MOEX:MOEX,2020-11-17T15:46:00+03:00,134.45,134.46,134.39,134.40,775
MOEX:MOEX,2020-11-17T15:47:00+03:00,134.40,134.50,134.39,134.50,2695
MOEX:MOEX,2020-11-17T15:48:00+03:00,134.52,134.52,134.39,134.42,1629
MOEX:MOEX,2020-11-17T15:49:00+03:00,134.42,134.43,134.39,134.39,1334
MOEX:MOEX,2020-11-17T15:50:00+03:00,134.40,134.50,134.39,134.50,1871
MOEX:MOEX,2020-11-17T15:51:00+03:00,134.50,134.50,134.43,134.45,956
MOEX:MOEX,2020-11-17T15:52:00+03:00,134.45,134.52,134.40,134.46,1362
MOEX:MOEX,2020-11-17T15:53:00+03:00,134.41,134.44,134.40,134.44,1034
MOEX:MOEX,2020-11-17T15:54:00+03:00,134.40,134.45,134.40,134.41,834
MOEX:MOEX,2020-11-17T15:55:00+03:00,134.45,134.47,134.41,134.41,835
MOEX:MOEX,2020-11-17T15:56:00+03:00,134.45,134.50,134.40,134.49,1737
MOEX:MOEX,2020-11-17T15:57:00+03:00,134.49,134.51,134.42,134.50,1482
MOEX:MOEX,2020-11-17T15:58:00+03:00,134.51,134.52,134.48,134.51,829
MOEX:MOEX,2020-11-17T15:59:00+03:00,134.52,134.52,134.50,134.50,901
MOEX:MOEX,2020-11-17T16:00:00+03:00,134.50,134.65,134.50,134.64,5685
MOEX:MOEX,2020-11-17T16:01:00+03:00,134.65,134.65,134.57,134.57,1236
MOEX:MOEX,2020-11-17T16:02:00+03:00,134.55,134.57,134.50,134.52,1451
MOEX:MOEX,2020-11-17T16:03:00+03:00,134.52,134.53,134.50,134.50,1424
MOEX:MOEX,2020-11-17T16:04:00+03:00,134.50,134.52,134.50,134.51,2821
MOEX:MOEX,2020-11-17T16:05:00+03:00,134.51,134.57,134.50,134.57,6123
MOEX:MOEX,2020-11-17T16:06:00+03:00,134.57,134.57,134.52,134.53,537
MOEX:MOEX,2020-11-17T16:07:00+03:00,134.53,134.57,134.53,134.57,1147
MOEX:MOEX,2020-11-17T16:08:00+03:00,134.56,134.57,134.54,134.57,940
MOEX:MOEX,2020-11-17T16:09:00+03:00,134.57,134.57,134.50,134.52,968
MOEX:MOEX,2020-11-17T16:10:00+03:00,134.52,134.56,134.50,134.55,1363
MOEX:MOEX,2020-11-17T16:11:00+03:00,134.56,134.59,134.54,134.57,1155
MOEX:MOEX,2020-11-17T16:12:00+03:00,134.57,134.67,134.57,134.64,2509
MOEX:MOEX,2020-11-17T16:13:00+03:00,134.65,134.67,134.60,134.60,620
MOEX:MOEX,2020-11-17T16:14:00+03:00,134.63,134.63,134.53,134.53,1802
MOEX:MOEX,2020-11-17T16:15:00+03:00,134.54,134.54,134.50,134.51,2615
MOEX:MOEX,2020-11-17T16:16:00+03:00,134.50,134.58,134.50,134.54,1709
MOEX:MOEX,2020-11-17T16:17:00+03:00,134.54,134.56,134.50,134.50,1529
MOEX:MOEX,2020-11-17T16:18:00+03:00,134.50,134.52,134.50,134.51,1541
MOEX:MOEX,2020-11-17T16:19:00+03:00,134.53,134.53,134.50,134.52,908
MOEX:MOEX,2020-11-17T16:20:00+03:00,134.50,134.54,134.50,134.50,1061
MOEX:MOEX,2020-11-17T16:21:00+03:00,134.50,134.54,134.50,134.54,1012
MOEX:MOEX,2020-11-17T16:22:00+03:00,134.51,134.54,134.50,134.54,1049
MOEX:MOEX,2020-11-17T16:23:00+03:00,134.53,134.57,134.52,134.57,2402
MOEX:MOEX,2020-11-17T16:24:00+03:00,134.57,134.57,134.50,134.52,773
MOEX:MOEX,2020-11-17T16:25:00+03:00,134.55,134.56,134.50,134.52,1478
MOEX:MOEX,2020-11-17T16:26:00+03:00,134.52,134.52,134.50,134.52,1288
MOEX:MOEX,2020-11-17T16:27:00+03:00,134.51,134.52,134.51,134.52,1184
MOEX:MOEX,2020-11-17T16:28:00+03:00,134.52,134.52,134.51,134.52,989
MOEX:MOEX,2020-11-17T16:29:00+03:00,134.51,134.52,134.51,134.52,1037
MOEX:MOEX,2020-11-17T16:30:00+03:00,134.52,134.73,134.52,134.73,6159
MOEX:MOEX,2020-11-17T16:31:00+03:00,134.73,134.86,134.67,134.80,7060
MOEX:MOEX,2020-11-17T16:32:00+03:00,134.73,134.75,134.62,134.75,2624
MOEX:MOEX,2020-11-17T16:33:00+03:00,134.77,134.77,134.66,134.66,1992
MOEX:MOEX,2020-11-17T16:34:00+03:00,134.67,134.72,134.66,134.66,1818
MOEX:MOEX,2020-11-17T16:35:00+03:00,134.66,134.69,134.58,134.59,1696
MOEX:MOEX,2020-11-17T16:36:00+03:00,134.55,134.57,134.50,134.53,3828
MOEX:MOEX,2020-11-17T16:37:00+03:00,134.57,134.57,134.53,134.54,1128
MOEX:MOEX,2020-11-17T16:38:00+03:00,134.57,134.57,134.52,134.57,1368
MOEX:MOEX,2020-11-17T16:39:00+03:00,134.53,134.57,134.50,134.54,974
MOEX:MOEX,2020-11-17T16:40:00+03:00,134.53,134.55,134.50,134.52,2433
MOEX:MOEX,2020-11-17T16:41:00+03:00,134.52,134.54,134.50,134.51,1697
MOEX:MOEX,2020-11-17T16:42:00+03:00,134.54,134.56,134.50,134.54,3909
MOEX:MOEX,2020-11-17T16:43:00+03:00,134.55,134.60,134.55,134.60,1770
MOEX:MOEX,2020-11-17T16:44:00+03:00,134.60,134.60,134.57,134.57,1285
MOEX:MOEX,2020-11-17T16:45:00+03:00,134.59,134.60,134.55,134.56,1312
MOEX:MOEX,2020-11-17T16:46:00+03:00,134.56,134.57,134.50,134.51,1287
MOEX:MOEX,2020-11-17T16:47:00+03:00,134.51,134.67,134.45,134.61,15908
MOEX:MOEX,2020-11-17T16:48:00+03:00,134.57,134.76,134.57,134.73,2965
MOEX:MOEX,2020-11-17T16:49:00+03:00,134.71,134.73,134.53,134.57,4992
MOEX:MOEX,2020-11-17T16:50:00+03:00,134.54,134.63,134.54,134.60,3032
MOEX:MOEX,2020-11-17T16:51:00+03:00,134.60,134.64,134.55,134.55,1042
MOEX:MOEX,2020-11-17T16:52:00+03:00,134.55,134.55,134.45,134.48,1287
MOEX:MOEX,2020-11-17T16:53:00+03:00,134.45,134.59,134.45,134.56,1820
MOEX:MOEX,2020-11-17T16:54:00+03:00,134.59,134.64,134.56,134.59,1702
MOEX:MOEX,2020-11-17T16:55:00+03:00,134.59,134.68,134.59,134.65,2238
MOEX:MOEX,2020-11-17T16:56:00+03:00,134.65,134.65,134.61,134.64,1609
MOEX:MOEX,2020-11-17T16:57:00+03:00,134.63,134.65,134.62,134.64,778
MOEX:MOEX,2020-11-17T16:58:00+03:00,134.64,134.64,134.54,134.56,1486
MOEX:MOEX,2020-11-17T16:59:00+03:00,134.52,134.55,134.50,134.50,1941
MOEX:MOEX,2020-11-17T17:00:00+03:00,134.51,134.52,134.50,134.50,4442
MOEX:MOEX,2020-11-17T17:01:00+03:00,134.51,134.60,134.51,134.53,2252
MOEX:MOEX,2020-11-17T17:02:00+03:00,134.55,134.55,134.50,134.55,1344
MOEX:MOEX,2020-11-17T17:03:00+03:00,134.55,134.57,134.52,134.52,1441
MOEX:MOEX,2020-11-17T17:04:00+03:00,134.51,134.52,134.50,134.50,994
MOEX:MOEX,2020-11-17T17:05:00+03:00,134.50,134.55,134.50,134.54,1323
MOEX:MOEX,2020-11-17T17:06:00+03:00,134.54,134.55,134.50,134.53,1142
MOEX:MOEX,2020-11-17T17:07:00+03:00,134.51,134.89,134.50,134.82,13419
MOEX:MOEX,2020-11-17T17:08:00+03:00,134.82,134.82,134.65,134.76,4864
MOEX:MOEX,2020-11-17T17:09:00+03:00,134.78,134.78,134.70,134.71,1102
MOEX:MOEX,2020-11-17T17:10:00+03:00,134.71,134.81,134.71,134.81,2494
MOEX:MOEX,2020-11-17T17:11:00+03:00,134.80,134.80,134.73,134.80,1308
MOEX:MOEX,2020-11-17T17:12:00+03:00,134.75,134.75,134.66,134.70,1733
MOEX:MOEX,2020-11-17T17:13:00+03:00,134.71,134.71,134.66,134.66,1056
MOEX:MOEX,2020-11-17T17:14:00+03:00,134.65,134.73,134.63,134.73,1809
MOEX:MOEX,2020-11-17T17:15:00+03:00,134.73,134.87,134.73,134.87,3013
MOEX:MOEX,2020-11-17T17:16:00+03:00,134.87,135.08,134.85,135.06,4835
MOEX:MOEX,2020-11-17T17:17:00+03:00,135.07,135.08,135.06,135.07,1012
MOEX:MOEX,2020-11-17T17:18:00+03:00,135.07,135.08,135.00,135.00,1759
MOEX:MOEX,2020-11-17T17:19:00+03:00,135.06,135.06,135.00,135.02,988
MOEX:MOEX,2020-11-17T17:20:00+03:00,135.04,135.07,135.04,135.07,1234
MOEX:MOEX,2020-11-17T17:21:00+03:00,135.06,135.07,135.00,135.00,1867
MOEX:MOEX,2020-11-17T17:22:00+03:00,135.05,135.05,135.00,135.03,1165
MOEX:MOEX,2020-11-17T17:23:00+03:00,135.00,135.03,135.00,135.01,1010
MOEX:MOEX,2020-11-17T17:24:00+03:00,135.03,135.03,135.00,135.01,1398
MOEX:MOEX,2020-11-17T17:25:00+03:00,135.02,135.02,135.01,135.01,1254
MOEX:MOEX,2020-11-17T17:26:00+03:00,135.01,135.10,135.00,135.10,4855
MOEX:MOEX,2020-11-17T17:27:00+03:00,135.08,135.08,135.05,135.05,1266
MOEX:MOEX,2020-11-17T17:28:00+03:00,135.05,135.06,134.95,135.00,4946
MOEX:MOEX,2020-11-17T17:29:00+03:00,135.00,135.04,135.00,135.04,1698
MOEX:MOEX,2020-11-17T17:30:00+03:00,135.04,135.05,135.01,135.02,1131
MOEX:MOEX,2020-11-17T17:31:00+03:00,135.01,135.06,135.01,135.06,1784
MOEX:MOEX,2020-11-17T17:32:00+03:00,135.06,135.10,135.06,135.10,801
MOEX:MOEX,2020-11-17T17:33:00+03:00,135.08,135.11,134.91,134.91,3042
MOEX:MOEX,2020-11-17T17:34:00+03:00,134.90,134.95,134.86,134.95,4150
MOEX:MOEX,2020-11-17T17:35:00+03:00,134.94,134.97,134.91,134.97,1700
MOEX:MOEX,2020-11-17T17:36:00+03:00,134.98,135.09,134.91,135.03,4260
MOEX:MOEX,2020-11-17T17:37:00+03:00,135.04,135.04,134.95,134.96,1242
MOEX:MOEX,2020-11-17T17:38:00+03:00,134.99,135.07,134.99,135.04,2176
MOEX:MOEX,2020-11-17T17:39:00+03:00,135.07,135.21,135.02,135.13,4537
MOEX:MOEX,2020-11-17T17:40:00+03:00,135.13,135.16,135.02,135.09,7008
MOEX:MOEX,2020-11-17T17:41:00+03:00,135.09,135.09,134.88,134.95,2389
MOEX:MOEX,2020-11-17T17:42:00+03:00,134.90,134.95,134.85,134.95,1846
MOEX:MOEX,2020-11-17T17:43:00+03:00,134.93,134.99,134.93,134.97,1730
MOEX:MOEX,2020-11-17T17:44:00+03:00,134.99,135.03,134.97,135.00,2400
MOEX:MOEX,2020-11-17T17:45:00+03:00,135.00,135.02,134.97,135.02,2667
MOEX:MOEX,2020-11-17T17:46:00+03:00,135.02,135.05,135.00,135.03,2236
MOEX:MOEX,2020-11-17T17:47:00+03:00,135.03,135.05,135.00,135.05,2083
MOEX:MOEX,2020-11-17T17:48:00+03:00,135.05,135.25,135.05,135.20,3257
MOEX:MOEX,2020-11-17T17:49:00+03:00,135.22,135.23,135.20,135.23,2680
MOEX:MOEX,2020-11-17T17:50:00+03:00,135.24,135.28,135.01,135.01,4509
MOEX:MOEX,2020-11-17T17:51:00+03:00,135.07,135.19,135.00,135.19,2525
MOEX:MOEX,2020-11-17T17:52:00+03:00,135.14,135.14,135.05,135.11,1699
MOEX:MOEX,2020-11-17T17:53:00+03:00,135.11,135.20,135.11,135.18,2390
MOEX:MOEX,2020-11-17T17:54:00+03:00,135.19,135.20,135.19,135.20,1245
MOEX:MOEX,2020-11-17T17:55:00+03:00,135.19,135.27,135.16,135.16,3000
MOEX:MOEX,2020-11-17T17:56:00+03:00,135.19,135.25,135.18,135.24,2269
MOEX:MOEX,2020-11-17T17:57:00+03:00,135.26,135.26,135.08,135.09,1983
MOEX:MOEX,2020-11-17T17:58:00+03:00,135.10,135.12,135.08,135.10,1312
MOEX:MOEX,2020-11-17T17:59:00+03:00,135.10,135.18,135.10,135.16,2346
MOEX:MOEX,2020-11-17T18:00:00+03:00,135.18,135.25,135.15,135.23,2981
MOEX:MOEX,2020-11-17T18:01:00+03:00,135.25,135.28,135.21,135.25,1264
MOEX:MOEX,2020-11-17T18:02:00+03:00,135.27,135.27,135.20,135.24,1240
MOEX:MOEX,2020-11-17T18:03:00+03:00,135.23,135.28,135.23,135.27,2581
MOEX:MOEX,2020-11-17T18:04:00+03:00,135.25,135.30,135.20,135.22,4123
MOEX:MOEX,2020-11-17T18:05:00+03:00,135.23,135.29,135.21,135.26,1793
MOEX:MOEX,2020-11-17T18:06:00+03:00,135.27,135.27,135.20,135.23,1476
MOEX:MOEX,2020-11-17T18:07:00+03:00,135.23,135.23,135.15,135.15,1726
MOEX:MOEX,2020-11-17T18:08:00+03:00,135.17,135.18,135.15,135.18,1767
MOEX:MOEX,2020-11-17T18:09:00+03:00,135.18,135.26,135.18,135.25,2689
MOEX:MOEX,2020-11-17T18:10:00+03:00,135.25,135.33,135.25,135.33,4326
MOEX:MOEX,2020-11-17T18:11:00+03:00,135.33,135.34,135.32,135.33,2437
MOEX:MOEX,2020-11-17T18:12:00+03:00,135.33,135.36,135.32,135.36,2031
MOEX:MOEX,2020-11-17T18:13:00+03:00,135.35,135.37,135.30,135.33,1956
MOEX:MOEX,2020-11-17T18:14:00+03:00,135.31,135.33,135.28,135.32,2939
MOEX:MOEX,2020-11-17T18:15:00+03:00,135.29,135.34,135.21,135.21,2692
MOEX:MOEX,2020-11-17T18:16:00+03:00,135.20,135.25,135.12,135.25,3236
MOEX:MOEX,2020-11-17T18:17:00+03:00,135.25,135.30,135.24,135.29,3519
MOEX:MOEX,2020-11-17T18:18:00+03:00,135.30,135.30,135.22,135.26,6276
MOEX:MOEX,2020-11-17T18:19:00+03:00,135.20,135.20,135.08,135.11,3529
MOEX:MOEX,2020-11-17T18:20:00+03:00,135.12,135.27,135.12,135.27,4325
MOEX:MOEX,2020-11-17T18:21:00+03:00,135.27,135.27,135.24,135.27,3582
MOEX:MOEX,2020-11-17T18:22:00+03:00,135.27,135.27,135.26,135.27,3439
MOEX:MOEX,2020-11-17T18:23:00+03:00,135.27,135.27,135.26,135.27,7970
MOEX:MOEX,2020-11-17T18:24:00+03:00,135.27,135.27,135.26,135.27,2970
MOEX:MOEX,2020-11-17T18:25:00+03:00,135.27,135.27,135.26,135.27,2006
MOEX:MOEX,2020-11-17T18:26:00+03:00,135.27,135.54,135.26,135.54,14327
MOEX:MOEX,2020-11-17T18:27:00+03:00,135.52,135.80,135.52,135.79,12316
MOEX:MOEX,2020-11-17T18:28:00+03:00,135.80,135.80,135.74,135.77,5239
MOEX:MOEX,2020-11-17T18:29:00+03:00,135.78,135.78,135.64,135.64,5676
MOEX:MOEX,2020-11-17T18:30:00+03:00,135.63,135.79,135.63,135.79,9234
MOEX:MOEX,2020-11-17T18:31:00+03:00,135.79,136.17,135.78,136.09,27358
MOEX:MOEX,2020-11-17T18:32:00+03:00,136.08,136.19,136.05,136.14,7084
MOEX:MOEX,2020-11-17T18:33:00+03:00,136.14,136.19,136.13,136.19,5418
MOEX:MOEX,2020-11-17T18:34:00+03:00,136.17,136.18,136.00,136.13,5528
MOEX:MOEX,2020-11-17T18:35:00+03:00,136.12,136.48,136.12,136.41,24712
MOEX:MOEX,2020-11-17T18:36:00+03:00,136.42,136.46,136.37,136.37,4498
MOEX:MOEX,2020-11-17T18:37:00+03:00,136.37,136.38,136.25,136.34,7095
MOEX:MOEX,2020-11-17T18:38:00+03:00,136.35,136.41,136.35,136.40,4681
MOEX:MOEX,2020-11-17T18:39:00+03:00,136.41,136.41,136.21,136.24,5032
MOEX:MOEX,2020-11-17T18:45:00+03:00,136.28,136.28,136.28,136.28,48272
MOEX:MOEX,2020-11-17T18:46:00+03:00,136.28,136.28,136.28,136.28,3
MOEX:MOEX,2020-11-17T18:47:00+03:00,136.28,136.28,136.28,136.28,2540
MOEX:MOEX,2020-11-17T18:48:00+03:00,136.28,136.28,136.28,136.28,150
MOEX:MOEX,2020-11-17T19:04:00+03:00,136.50,136.50,136.50,136.50,312
MOEX:MOEX,2020-11-17T19:05:00+03:00,136.42,136.42,136.05,136.18,773
MOEX:MOEX,2020-11-17T19:06:00+03:00,136.19,136.19,136.05,136.05,533
MOEX:MOEX,2020-11-17T19:07:00+03:00,136.00,136.01,135.86,135.86,947
MOEX:MOEX,2020-11-17T19:08:00+03:00,135.87,136.06,135.87,136.06,1871
MOEX:MOEX,2020-11-17T19:09:00+03:00,136.05,136.06,136.02,136.04,460
MOEX:MOEX,2020-11-17T19:10:00+03:00,136.04,136.05,136.02,136.02,353
MOEX:MOEX,2020-11-17T19:11:00+03:00,136.04,136.04,136.02,136.04,104
MOEX:MOEX,2020-11-17T19:12:00+03:00,136.04,136.06,136.01,136.04,1490
MOEX:MOEX,2020-11-17T19:13:00+03:00,136.01,136.04,135.98,135.98,711
MOEX:MOEX,2020-11-17T19:14:00+03:00,135.99,135.99,135.79,135.79,1177
MOEX:MOEX,2020-11-17T19:15:00+03:00,135.80,135.80,135.70,135.70,329
MOEX:MOEX,2020-11-17T19:16:00+03:00,135.74,135.89,135.70,135.89,322
MOEX:MOEX,2020-11-17T19:17:00+03:00,135.89,135.90,135.79,135.90,215
MOEX:MOEX,2020-11-17T19:18:00+03:00,135.94,135.99,135.90,135.91,153
MOEX:MOEX,2020-11-17T19:19:00+03:00,135.90,135.90,135.85,135.90,40
MOEX:MOEX,2020-11-17T19:20:00+03:00,135.86,135.90,135.85,135.88,48
MOEX:MOEX,2020-11-17T19:21:00+03:00,135.88,135.90,135.88,135.88,108
MOEX:MOEX,2020-11-17T19:22:00+03:00,135.89,135.89,135.86,135.86,229
MOEX:MOEX,2020-11-17T19:23:00+03:00,135.87,135.88,135.86,135.88,198
MOEX:MOEX,2020-11-17T19:24:00+03:00,135.88,135.91,135.85,135.91,822
MOEX:MOEX,2020-11-17T19:25:00+03:00,135.90,135.98,135.85,135.89,1624
MOEX:MOEX,2020-11-17T19:26:00+03:00,135.85,135.91,135.80,135.80,1098
MOEX:MOEX,2020-11-17T19:27:00+03:00,135.80,135.84,135.80,135.80,146
MOEX:MOEX,2020-11-17T19:28:00+03:00,135.80,135.85,135.80,135.80,102
MOEX:MOEX,2020-11-17T19:29:00+03:00,135.80,135.90,135.80,135.88,73
MOEX:MOEX,2020-11-17T19:30:00+03:00,135.88,135.88,135.87,135.88,40
MOEX:MOEX,2020-11-17T19:31:00+03:00,135.87,135.87,135.80,135.80,246
MOEX:MOEX,2020-11-17T19:32:00+03:00,135.82,135.82,135.78,135.80,107
MOEX:MOEX,2020-11-17T19:33:00+03:00,135.80,135.80,135.78,135.78,63
MOEX:MOEX,2020-11-17T19:34:00+03:00,135.79,135.79,135.70,135.72,149
MOEX:MOEX,2020-11-17T19:35:00+03:00,135.72,135.72,135.70,135.72,68
MOEX:MOEX,2020-11-17T19:36:00+03:00,135.68,135.72,135.62,135.68,167
MOEX:MOEX,2020-11-17T19:37:00+03:00,135.68,135.79,135.68,135.79,384
MOEX:MOEX,2020-11-17T19:38:00+03:00,135.80,135.80,135.71,135.78,88
MOEX:MOEX,2020-11-17T19:39:00+03:00,135.79,135.79,135.70,135.73,94
MOEX:MOEX,2020-11-17T19:40:00+03:00,135.80,135.80,135.73,135.73,29
MOEX:MOEX,2020-11-17T19:41:00+03:00,135.80,135.80,135.72,135.73,76
MOEX:MOEX,2020-11-17T19:42:00+03:00,135.76,135.85,135.75,135.85,973
MOEX:MOEX,2020-11-17T19:43:00+03:00,135.86,135.86,135.82,135.82,279
MOEX:MOEX,2020-11-17T19:44:00+03:00,135.85,135.88,135.83,135.86,361
MOEX:MOEX,2020-11-17T19:45:00+03:00,135.85,135.85,135.85,135.85,70
MOEX:MOEX,2020-11-17T19:46:00+03:00,135.86,135.91,135.85,135.85,86
MOEX:MOEX,2020-11-17T19:47:00+03:00,135.86,135.90,135.83,135.83,155
MOEX:MOEX,2020-11-17T19:48:00+03:00,135.83,135.94,135.82,135.94,671
MOEX:MOEX,2020-11-17T19:49:00+03:00,135.97,136.00,135.97,136.00,269
MOEX:MOEX,2020-11-17T19:50:00+03:00,136.00,136.00,135.95,135.95,169
MOEX:MOEX,2020-11-17T19:51:00+03:00,135.97,135.98,135.86,135.89,784
MOEX:MOEX,2020-11-17T19:52:00+03:00,135.89,135.89,135.89,135.89,10
MOEX:MOEX,2020-11-17T19:53:00+03:00,135.89,135.90,135.88,135.90,207
MOEX:MOEX,2020-11-17T19:54:00+03:00,135.86,135.89,135.86,135.89,11
MOEX:MOEX,2020-11-17T19:55:00+03:00,135.89,135.91,135.85,135.85,110
MOEX:MOEX,2020-11-17T19:56:00+03:00,135.87,135.89,135.82,135.89,150
MOEX:MOEX,2020-11-17T19:57:00+03:00,135.88,135.89,135.83,135.83,48
MOEX:MOEX,2020-11-17T19:58:00+03:00,135.83,135.89,135.83,135.88,25
MOEX:MOEX,2020-11-17T19:59:00+03:00,135.84,135.89,135.84,135.89,113
MOEX:MOEX,2020-11-17T20:00:00+03:00,135.89,135.91,135.89,135.89,408
MOEX:MOEX,2020-11-17T20:01:00+03:00,135.89,135.91,135.89,135.91,152
MOEX:MOEX,2020-11-17T20:02:00+03:00,135.91,135.91,135.90,135.91,166
MOEX:MOEX,2020-11-17T20:03:00+03:00,135.92,135.98,135.91,135.98,27
MOEX:MOEX,2020-11-17T20:04:00+03:00,135.98,136.00,135.98,136.00,8
MOEX:MOEX,2020-11-17T20:05:00+03:00,135.97,136.01,135.96,135.96,541
MOEX:MOEX,2020-11-17T20:06:00+03:00,136.00,136.01,135.96,135.96,42
MOEX:MOEX,2020-11-17T20:07:00+03:00,136.00,136.00,135.97,135.98,85
MOEX:MOEX,2020-11-17T20:08:00+03:00,135.96,135.98,135.92,135.98,211
MOEX:MOEX,2020-11-17T20:09:00+03:00,135.93,135.98,135.91,135.93,8
MOEX:MOEX,2020-11-17T20:10:00+03:00,135.90,135.93,135.87,135.93,100
MOEX:MOEX,2020-11-17T20:11:00+03:00,135.93,135.93,135.85,135.90,33
MOEX:MOEX,2020-11-17T20:12:00+03:00,135.90,135.90,135.86,135.86,3
MOEX:MOEX,2020-11-17T20:13:00+03:00,135.90,135.90,135.86,135.89,13
MOEX:MOEX,2020-11-17T20:14:00+03:00,135.86,135.92,135.85,135.92,72
MOEX:MOEX,2020-11-17T20:15:00+03:00,135.91,135.92,135.91,135.92,47
MOEX:MOEX,2020-11-17T20:16:00+03:00,135.91,135.95,135.91,135.94,170
MOEX:MOEX,2020-11-17T20:17:00+03:00,135.95,136.00,135.95,135.95,1005
MOEX:MOEX,2020-11-17T20:18:00+03:00,135.95,135.99,135.95,135.98,26
MOEX:MOEX,2020-11-17T20:19:00+03:00,135.98,135.98,135.98,135.98,18
MOEX:MOEX,2020-11-17T20:20:00+03:00,135.98,136.00,135.95,135.95,314
MOEX:MOEX,2020-11-17T20:21:00+03:00,135.99,136.00,135.95,136.00,815
MOEX:MOEX,2020-11-17T20:22:00+03:00,135.96,136.00,135.96,136.00,104
MOEX:MOEX,2020-11-17T20:23:00+03:00,136.00,136.00,135.97,136.00,878
MOEX:MOEX,2020-11-17T20:24:00+03:00,135.97,136.02,135.97,136.02,362
MOEX:MOEX,2020-11-17T20:25:00+03:00,136.03,136.05,136.01,136.05,71
MOEX:MOEX,2020-11-17T20:26:00+03:00,136.05,136.05,136.05,136.05,16
MOEX:MOEX,2020-11-17T20:27:00+03:00,136.05,136.05,136.04,136.04,40
MOEX:MOEX,2020-11-17T20:28:00+03:00,136.04,136.05,136.04,136.05,155
MOEX:MOEX,2020-11-17T20:29:00+03:00,136.05,136.05,136.00,136.00,104
MOEX:MOEX,2020-11-17T20:30:00+03:00,136.01,136.04,136.01,136.04,121
MOEX:MOEX,2020-11-17T20:31:00+03:00,136.04,136.10,136.00,136.10,744
MOEX:MOEX,2020-11-17T20:32:00+03:00,136.05,136.10,136.05,136.05,39
MOEX:MOEX,2020-11-17T20:33:00+03:00,136.05,136.09,136.03,136.09,42
MOEX:MOEX,2020-11-17T20:34:00+03:00,136.09,136.15,136.03,136.10,448
MOEX:MOEX,2020-11-17T20:35:00+03:00,136.10,136.15,136.04,136.05,23
MOEX:MOEX,2020-11-17T20:36:00+03:00,136.14,136.14,136.04,136.05,86
MOEX:MOEX,2020-11-17T20:37:00+03:00,136.05,136.14,136.05,136.07,72
MOEX:MOEX,2020-11-17T20:38:00+03:00,136.05,136.15,136.05,136.15,200
MOEX:MOEX,2020-11-17T20:39:00+03:00,136.15,136.15,136.13,136.13,37
MOEX:MOEX,2020-11-17T20:40:00+03:00,136.15,136.15,136.15,136.15,122
MOEX:MOEX,2020-11-17T20:41:00+03:00,136.15,136.16,136.11,136.15,162
MOEX:MOEX,2020-11-17T20:42:00+03:00,136.14,136.15,136.14,136.14,103
MOEX:MOEX,2020-11-17T20:43:00+03:00,136.13,136.14,136.10,136.12,220
MOEX:MOEX,2020-11-17T20:44:00+03:00,136.12,136.12,136.04,136.04,647
MOEX:MOEX,2020-11-17T20:45:00+03:00,136.05,136.06,136.01,136.06,282
MOEX:MOEX,2020-11-17T20:46:00+03:00,136.06,136.10,136.06,136.07,824
MOEX:MOEX,2020-11-17T20:47:00+03:00,136.07,136.10,136.07,136.10,22
MOEX:MOEX,2020-11-17T20:48:00+03:00,136.10,136.10,136.03,136.05,494
MOEX:MOEX,2020-11-17T20:49:00+03:00,136.05,136.10,136.05,136.10,98
MOEX:MOEX,2020-11-17T20:50:00+03:00,136.10,136.10,136.05,136.10,63
MOEX:MOEX,2020-11-17T20:51:00+03:00,136.04,136.10,136.02,136.10,218
MOEX:MOEX,2020-11-17T20:52:00+03:00,136.11,136.11,136.08,136.08,418
MOEX:MOEX,2020-11-17T20:53:00+03:00,136.07,136.14,136.01,136.06,974
MOEX:MOEX,2020-11-17T20:54:00+03:00,136.14,136.15,136.08,136.10,224
MOEX:MOEX,2020-11-17T20:55:00+03:00,136.10,136.11,136.10,136.11,205
MOEX:MOEX,2020-11-17T20:56:00+03:00,136.11,136.14,136.04,136.14,6
MOEX:MOEX,2020-11-17T20:57:00+03:00,136.10,136.10,136.01,136.01,947
MOEX:MOEX,2020-11-17T20:58:00+03:00,136.03,136.03,136.01,136.01,13
MOEX:MOEX,2020-11-17T20:59:00+03:00,136.01,136.03,136.01,136.02,439
MOEX:MOEX,2020-11-17T21:00:00+03:00,136.02,136.03,136.01,136.01,35
MOEX:MOEX,2020-11-17T21:01:00+03:00,136.01,136.01,135.96,135.97,648
MOEX:MOEX,2020-11-17T21:02:00+03:00,135.97,136.00,135.91,135.97,212
MOEX:MOEX,2020-11-17T21:03:00+03:00,135.97,135.97,135.95,135.97,186
MOEX:MOEX,2020-11-17T21:04:00+03:00,135.97,135.97,135.90,135.90,25
MOEX:MOEX,2020-11-17T21:05:00+03:00,135.90,136.00,135.90,135.93,1062
MOEX:MOEX,2020-11-17T21:06:00+03:00,135.97,135.97,135.89,135.89,140
MOEX:MOEX,2020-11-17T21:07:00+03:00,135.90,135.98,135.89,135.89,82
MOEX:MOEX,2020-11-17T21:08:00+03:00,135.96,136.00,135.89,136.00,227
MOEX:MOEX,2020-11-17T21:09:00+03:00,135.91,135.96,135.89,135.96,247
MOEX:MOEX,2020-11-17T21:10:00+03:00,135.96,135.96,135.89,135.90,86
MOEX:MOEX,2020-11-17T21:11:00+03:00,135.96,135.99,135.92,135.99,3
MOEX:MOEX,2020-11-17T21:12:00+03:00,135.96,135.99,135.91,135.92,56
MOEX:MOEX,2020-11-17T21:13:00+03:00,135.92,135.92,135.89,135.89,388
MOEX:MOEX,2020-11-17T21:14:00+03:00,135.89,135.97,135.89,135.90,59
MOEX:MOEX,2020-11-17T21:15:00+03:00,135.90,135.90,135.90,135.90,84
MOEX:MOEX,2020-11-17T21:16:00+03:00,135.90,135.96,135.90,135.96,63
MOEX:MOEX,2020-11-17T21:17:00+03:00,135.96,135.97,135.85,135.85,1015
MOEX:MOEX,2020-11-17T21:18:00+03:00,135.89,135.90,135.85,135.90,340
MOEX:MOEX,2020-11-17T21:19:00+03:00,135.90,135.90,135.88,135.90,39
MOEX:MOEX,2020-11-17T21:20:00+03:00,135.90,135.90,135.87,135.87,27
MOEX:MOEX,2020-11-17T21:21:00+03:00,135.87,135.87,135.82,135.82,115
MOEX:MOEX,2020-11-17T21:22:00+03:00,135.82,135.86,135.82,135.85,231
MOEX:MOEX,2020-11-17T21:23:00+03:00,135.85,135.90,135.82,135.90,95
MOEX:MOEX,2020-11-17T21:24:00+03:00,135.90,135.90,135.85,135.85,2
MOEX:MOEX,2020-11-17T21:25:00+03:00,135.85,135.89,135.82,135.82,46
MOEX:MOEX,2020-11-17T21:26:00+03:00,135.85,135.90,135.82,135.90,64
MOEX:MOEX,2020-11-17T21:27:00+03:00,135.90,136.00,135.90,135.98,259
MOEX:MOEX,2020-11-17T21:28:00+03:00,136.00,136.00,135.98,136.00,341
MOEX:MOEX,2020-11-17T21:29:00+03:00,136.00,136.00,135.97,135.97,2
MOEX:MOEX,2020-11-17T21:30:00+03:00,136.00,136.00,136.00,136.00,37
MOEX:MOEX,2020-11-17T21:31:00+03:00,136.00,136.00,135.97,135.97,15
MOEX:MOEX,2020-11-17T21:32:00+03:00,135.97,135.97,135.97,135.97,3
MOEX:MOEX,2020-11-17T21:33:00+03:00,135.96,135.97,135.93,135.95,36
MOEX:MOEX,2020-11-17T21:34:00+03:00,135.95,135.95,135.92,135.92,7
MOEX:MOEX,2020-11-17T21:35:00+03:00,135.94,135.95,135.94,135.95,11
MOEX:MOEX,2020-11-17T21:36:00+03:00,135.93,135.97,135.93,135.93,26
MOEX:MOEX,2020-11-17T21:37:00+03:00,135.97,135.97,135.97,135.97,5
MOEX:MOEX,2020-11-17T21:38:00+03:00,135.93,135.97,135.93,135.97,6
MOEX:MOEX,2020-11-17T21:39:00+03:00,135.97,135.97,135.97,135.97,86
MOEX:MOEX,2020-11-17T21:40:00+03:00,135.99,136.00,135.99,136.00,16
MOEX:MOEX,2020-11-17T21:41:00+03:00,135.99,136.08,135.99,135.99,661
MOEX:MOEX,2020-11-17T21:42:00+03:00,136.00,136.07,136.00,136.00,10
MOEX:MOEX,2020-11-17T21:43:00+03:00,136.00,136.05,136.00,136.05,154
MOEX:MOEX,2020-11-17T21:44:00+03:00,136.04,136.04,135.98,136.04,8
MOEX:MOEX,2020-11-17T21:45:00+03:00,136.04,136.05,136.04,136.04,15
MOEX:MOEX,2020-11-17T21:46:00+03:00,136.00,136.00,135.99,136.00,9
MOEX:MOEX,2020-11-17T21:47:00+03:00,136.03,136.03,135.94,135.94,109
MOEX:MOEX,2020-11-17T21:48:00+03:00,136.01,136.02,135.94,136.02,242
MOEX:MOEX,2020-11-17T21:49:00+03:00,136.03,136.07,136.03,136.06,190
MOEX:MOEX,2020-11-17T21:50:00+03:00,136.06,136.10,136.03,136.09,1410
MOEX:MOEX,2020-11-17T21:51:00+03:00,136.09,136.09,136.03,136.03,42
MOEX:MOEX,2020-11-17T21:52:00+03:00,136.03,136.07,136.03,136.07,90
MOEX:MOEX,2020-11-17T21:53:00+03:00,136.00,136.08,136.00,136.08,6
MOEX:MOEX,2020-11-17T21:55:00+03:00,136.07,136.08,136.01,136.01,176
MOEX:MOEX,2020-11-17T21:56:00+03:00,136.08,136.08,136.02,136.02,38
MOEX:MOEX,2020-11-17T21:57:00+03:00,136.02,136.07,136.02,136.07,2
MOEX:MOEX,2020-11-17T21:58:00+03:00,136.07,136.09,136.02,136.09,118
MOEX:MOEX,2020-11-17T21:59:00+03:00,136.08,136.08,136.08,136.08,2
MOEX:MOEX,2020-11-17T22:00:00+03:00,136.09,136.09,136.09,136.09,6
MOEX:MOEX,2020-11-17T22:01:00+03:00,136.08,136.09,136.04,136.09,334
MOEX:MOEX,2020-11-17T22:02:00+03:00,136.09,136.09,136.09,136.09,2
MOEX:MOEX,2020-11-17T22:03:00+03:00,136.06,136.06,136.03,136.03,107
MOEX:MOEX,2020-11-17T22:04:00+03:00,136.02,136.06,136.01,136.01,120
MOEX:MOEX,2020-11-17T22:05:00+03:00,136.07,136.09,136.07,136.09,17
MOEX:MOEX,2020-11-17T22:06:00+03:00,136.09,136.09,136.07,136.07,4
MOEX:MOEX,2020-11-17T22:07:00+03:00,136.07,136.09,136.01,136.09,67
MOEX:MOEX,2020-11-17T22:08:00+03:00,136.07,136.12,136.07,136.10,2246
MOEX:MOEX,2020-11-17T22:09:00+03:00,136.13,136.14,136.13,136.14,59
MOEX:MOEX,2020-11-17T22:10:00+03:00,136.13,136.18,136.13,136.18,624
MOEX:MOEX,2020-11-17T22:11:00+03:00,136.15,136.18,136.15,136.18,118
MOEX:MOEX,2020-11-17T22:12:00+03:00,136.17,136.18,136.10,136.10,234
MOEX:MOEX,2020-11-17T22:13:00+03:00,136.08,136.15,136.08,136.15,98
MOEX:MOEX,2020-11-17T22:14:00+03:00,136.10,136.10,136.04,136.04,112
MOEX:MOEX,2020-11-17T22:15:00+03:00,136.07,136.07,136.04,136.04,34
MOEX:MOEX,2020-11-17T22:16:00+03:00,136.04,136.07,136.04,136.07,109
MOEX:MOEX,2020-11-17T22:17:00+03:00,136.05,136.10,136.05,136.10,127
MOEX:MOEX,2020-11-17T22:18:00+03:00,136.06,136.10,136.06,136.06,7
MOEX:MOEX,2020-11-17T22:20:00+03:00,136.07,136.10,136.06,136.06,27
MOEX:MOEX,2020-11-17T22:21:00+03:00,136.10,136.10,136.00,136.00,64
MOEX:MOEX,2020-11-17T22:22:00+03:00,136.04,136.06,136.04,136.06,40
MOEX:MOEX,2020-11-17T22:23:00+03:00,136.03,136.10,136.03,136.05,420
MOEX:MOEX,2020-11-17T22:24:00+03:00,136.07,136.07,136.03,136.07,64
MOEX:MOEX,2020-11-17T22:25:00+03:00,136.04,136.04,135.94,135.94,73
MOEX:MOEX,2020-11-17T22:26:00+03:00,135.92,135.94,135.92,135.94,6
MOEX:MOEX,2020-11-17T22:27:00+03:00,135.94,136.02,135.94,135.99,427
MOEX:MOEX,2020-11-17T22:28:00+03:00,135.95,136.00,135.94,136.00,161
MOEX:MOEX,2020-11-17T22:29:00+03:00,136.00,136.00,135.93,135.99,105
MOEX:MOEX,2020-11-17T22:30:00+03:00,135.94,135.99,135.94,135.99,7
MOEX:MOEX,2020-11-17T22:31:00+03:00,135.99,136.00,135.99,136.00,148
MOEX:MOEX,2020-11-17T22:33:00+03:00,136.00,136.04,135.98,136.00,54
MOEX:MOEX,2020-11-17T22:34:00+03:00,136.00,136.03,135.98,135.98,57
MOEX:MOEX,2020-11-17T22:35:00+03:00,135.99,136.04,135.93,136.04,1129
MOEX:MOEX,2020-11-17T22:36:00+03:00,135.99,136.04,135.98,136.04,25
MOEX:MOEX,2020-11-17T22:37:00+03:00,136.00,136.04,135.99,136.04,48
MOEX:MOEX,2020-11-17T22:38:00+03:00,136.00,136.00,135.99,135.99,6
MOEX:MOEX,2020-11-17T22:39:00+03:00,135.99,136.04,135.99,136.00,29
MOEX:MOEX,2020-11-17T22:40:00+03:00,136.00,136.00,135.98,135.98,33
MOEX:MOEX,2020-11-17T22:41:00+03:00,136.00,136.10,136.00,136.10,1519
MOEX:MOEX,2020-11-17T22:42:00+03:00,136.09,136.10,136.06,136.10,23
MOEX:MOEX,2020-11-17T22:43:00+03:00,136.10,136.10,136.08,136.10,446
MOEX:MOEX,2020-11-17T22:44:00+03:00,136.10,136.18,136.08,136.18,160
MOEX:MOEX,2020-11-17T22:45:00+03:00,136.18,136.18,136.18,136.18,4
MOEX:MOEX,2020-11-17T22:46:00+03:00,136.15,136.18,136.15,136.15,5
MOEX:MOEX,2020-11-17T22:47:00+03:00,136.18,136.18,136.15,136.15,206
MOEX:MOEX,2020-11-17T22:48:00+03:00,136.17,136.17,136.16,136.16,4
MOEX:MOEX,2020-11-17T22:49:00+03:00,136.16,136.18,136.16,136.18,51
MOEX:MOEX,2020-11-17T22:50:00+03:00,136.16,136.16,136.09,136.09,58
MOEX:MOEX,2020-11-17T22:51:00+03:00,136.09,136.17,136.09,136.17,204
MOEX:MOEX,2020-11-17T22:52:00+03:00,136.16,136.18,136.16,136.17,768
MOEX:MOEX,2020-11-17T22:53:00+03:00,136.11,136.18,136.09,136.11,128
MOEX:MOEX,2020-11-17T22:54:00+03:00,136.09,136.16,136.09,136.16,31
MOEX:MOEX,2020-11-17T22:55:00+03:00,136.08,136.14,136.08,136.08,16
MOEX:MOEX,2020-11-17T22:56:00+03:00,136.14,136.14,136.14,136.14,8
MOEX:MOEX,2020-11-17T22:57:00+03:00,136.14,136.14,136.06,136.12,18
MOEX:MOEX,2020-11-17T22:58:00+03:00,136.12,136.12,136.04,136.12,145
MOEX:MOEX,2020-11-17T22:59:00+03:00,136.12,136.12,136.12,136.12,211
MOEX:MOEX,2020-11-17T23:00:00+03:00,136.15,136.19,136.12,136.12,560
MOEX:MOEX,2020-11-17T23:01:00+03:00,136.12,136.16,136.12,136.12,15
MOEX:MOEX,2020-11-17T23:02:00+03:00,136.14,136.15,136.12,136.12,521
MOEX:MOEX,2020-11-17T23:03:00+03:00,136.12,136.12,136.10,136.10,19
MOEX:MOEX,2020-11-17T23:04:00+03:00,136.05,136.05,136.05,136.05,21
MOEX:MOEX,2020-11-17T23:05:00+03:00,136.08,136.08,136.04,136.04,210
MOEX:MOEX,2020-11-17T23:06:00+03:00,136.09,136.09,136.06,136.06,2
MOEX:MOEX,2020-11-17T23:07:00+03:00,136.06,136.10,136.01,136.01,149
MOEX:MOEX,2020-11-17T23:08:00+03:00,136.08,136.08,136.00,136.01,300
MOEX:MOEX,2020-11-17T23:09:00+03:00,136.01,136.01,136.01,136.01,11
MOEX:MOEX,2020-11-17T23:10:00+03:00,136.00,136.05,136.00,136.05,36
MOEX:MOEX,2020-11-17T23:11:00+03:00,136.00,136.25,136.00,136.14,3034
MOEX:MOEX,2020-11-17T23:12:00+03:00,136.14,136.14,136.14,136.14,1
MOEX:MOEX,2020-11-17T23:13:00+03:00,136.14,136.20,136.14,136.20,151
MOEX:MOEX,2020-11-17T23:14:00+03:00,136.21,136.23,136.08,136.23,76
MOEX:MOEX,2020-11-17T23:15:00+03:00,136.18,136.25,136.18,136.18,42
MOEX:MOEX,2020-11-17T23:16:00+03:00,136.24,136.24,136.18,136.18,9
MOEX:MOEX,2020-11-17T23:17:00+03:00,136.18,136.19,136.17,136.19,190
MOEX:MOEX,2020-11-17T23:18:00+03:00,136.19,136.19,136.19,136.19,6
MOEX:MOEX,2020-11-17T23:19:00+03:00,136.19,136.19,136.13,136.13,37
MOEX:MOEX,2020-11-17T23:20:00+03:00,136.11,136.19,136.02,136.02,169
MOEX:MOEX,2020-11-17T23:21:00+03:00,136.02,136.02,136.02,136.02,58
MOEX:MOEX,2020-11-17T23:22:00+03:00,136.02,136.02,136.02,136.02,16
MOEX:MOEX,2020-11-17T23:23:00+03:00,136.05,136.05,136.01,136.01,58
MOEX:MOEX,2020-11-17T23:24:00+03:00,136.02,136.02,136.01,136.01,13
MOEX:MOEX,2020-11-17T23:25:00+03:00,136.02,136.02,136.02,136.02,28
MOEX:MOEX,2020-11-17T23:26:00+03:00,136.02,136.02,136.01,136.01,101
MOEX:MOEX,2020-11-17T23:27:00+03:00,136.01,136.02,136.00,136.02,41
MOEX:MOEX,2020-11-17T23:28:00+03:00,136.05,136.05,136.01,136.02,36
MOEX:MOEX,2020-11-17T23:29:00+03:00,136.02,136.06,136.02,136.06,81
MOEX:MOEX,2020-11-17T23:30:00+03:00,136.09,136.09,136.09,136.09,10
MOEX:MOEX,2020-11-17T23:31:00+03:00,136.18,136.19,136.17,136.19,18
MOEX:MOEX,2020-11-17T23:33:00+03:00,136.18,136.19,136.15,136.18,81
MOEX:MOEX,2020-11-17T23:34:00+03:00,136.17,136.17,136.04,136.10,110
MOEX:MOEX,2020-11-17T23:35:00+03:00,136.03,136.03,136.03,136.03,21
MOEX:MOEX,2020-11-17T23:36:00+03:00,136.10,136.10,136.09,136.09,50
MOEX:MOEX,2020-11-17T23:37:00+03:00,136.15,136.15,136.15,136.15,1
MOEX:MOEX,2020-11-17T23:38:00+03:00,136.07,136.10,136.04,136.10,1372
MOEX:MOEX,2020-11-17T23:39:00+03:00,136.11,136.11,136.11,136.11,1
MOEX:MOEX,2020-11-17T23:40:00+03:00,136.04,136.12,136.04,136.05,51
MOEX:MOEX,2020-11-17T23:41:00+03:00,136.04,136.04,135.95,135.99,1529
MOEX:MOEX,2020-11-17T23:42:00+03:00,136.00,136.00,136.00,136.00,500
MOEX:MOEX,2020-11-17T23:43:00+03:00,136.05,136.09,136.00,136.09,10
MOEX:MOEX,2020-11-17T23:44:00+03:00,136.00,136.00,136.00,136.00,9
MOEX:MOEX,2020-11-17T23:45:00+03:00,136.01,136.01,136.01,136.01,1
MOEX:MOEX,2020-11-17T23:47:00+03:00,136.07,136.07,136.05,136.05,5
MOEX:MOEX,2020-11-17T23:48:00+03:00,136.01,136.07,136.01,136.07,18
MOEX:MOEX,2020-11-17T23:49:00+03:00,136.05,136.09,136.05,136.05,232
