MOEX:IMOEX,2020-11-18T10:00:00+03:00,3046.02,3046.02,3036.73,3036.81,701771738
MOEX:IMOEX,2020-11-18T10:01:00+03:00,3037.02,3038.77,3036.26,3036.55,328595078
MOEX:IMOEX,2020-11-18T10:02:00+03:00,3036.82,3037.51,3035.57,3037.00,408305911
MOEX:IMOEX,2020-11-18T10:03:00+03:00,3037.19,3039.86,3037.19,3039.82,220809446
MOEX:IMOEX,2020-11-18T10:04:00+03:00,3039.93,3040.63,3039.65,3040.48,196530018
MOEX:IMOEX,2020-11-18T10:05:00+03:00,3040.76,3042.44,3040.76,3042.44,168209221
MOEX:IMOEX,2020-11-18T10:06:00+03:00,3042.35,3042.95,3040.38,3040.73,201038993
MOEX:IMOEX,2020-11-18T10:07:00+03:00,3040.51,3040.67,3039.44,3039.56,175916241
MOEX:IMOEX,2020-11-18T10:08:00+03:00,3039.37,3040.54,3038.85,3039.38,172727902
MOEX:IMOEX,2020-11-18T10:09:00+03:00,3039.48,3041.18,3039.40,3041.09,163846811
MOEX:IMOEX,2020-11-18T10:10:00+03:00,3040.95,3044.13,3040.94,3044.13,202735237
MOEX:IMOEX,2020-11-18T10:11:00+03:00,3044.11,3044.73,3040.90,3041.06,122711923
MOEX:IMOEX,2020-11-18T10:12:00+03:00,3041.03,3041.40,3040.06,3040.30,94363744
MOEX:IMOEX,2020-11-18T10:13:00+03:00,3040.27,3040.62,3039.97,3040.29,87643441
MOEX:IMOEX,2020-11-18T10:14:00+03:00,3040.34,3040.67,3039.23,3040.09,134564122
MOEX:IMOEX,2020-11-18T10:15:00+03:00,3040.09,3044.41,3040.09,3044.30,183342179
MOEX:IMOEX,2020-11-18T10:16:00+03:00,3044.12,3044.63,3044.03,3044.23,122350638
MOEX:IMOEX,2020-11-18T10:17:00+03:00,3044.15,3044.79,3043.58,3044.79,103316746
MOEX:IMOEX,2020-11-18T10:18:00+03:00,3044.82,3047.68,3044.79,3047.41,230628674
MOEX:IMOEX,2020-11-18T10:19:00+03:00,3047.35,3048.65,3047.07,3048.29,127412453
MOEX:IMOEX,2020-11-18T10:20:00+03:00,3048.26,3049.19,3047.47,3047.47,227676610
MOEX:IMOEX,2020-11-18T10:21:00+03:00,3047.35,3047.35,3046.23,3046.70,254480848
MOEX:IMOEX,2020-11-18T10:22:00+03:00,3046.78,3047.95,3046.47,3047.67,205530263
MOEX:IMOEX,2020-11-18T10:23:00+03:00,3047.59,3048.61,3047.53,3048.25,173243764
MOEX:IMOEX,2020-11-18T10:24:00+03:00,3047.95,3048.85,3047.95,3048.85,136741640
MOEX:IMOEX,2020-11-18T10:25:00+03:00,3049.07,3052.98,3048.81,3052.32,384793271
MOEX:IMOEX,2020-11-18T10:26:00+03:00,3052.32,3053.29,3051.98,3052.32,184227584
MOEX:IMOEX,2020-11-18T10:27:00+03:00,3052.34,3054.08,3052.31,3052.98,135690985
MOEX:IMOEX,2020-11-18T10:28:00+03:00,3053.12,3054.08,3053.05,3053.98,135823936
MOEX:IMOEX,2020-11-18T10:29:00+03:00,3053.86,3054.96,3053.83,3054.08,201834057
MOEX:IMOEX,2020-11-18T10:30:00+03:00,3054.19,3054.89,3053.09,3053.30,176662022
MOEX:IMOEX,2020-11-18T10:31:00+03:00,3053.13,3054.26,3052.96,3053.83,213051233
MOEX:IMOEX,2020-11-18T10:32:00+03:00,3053.91,3054.88,3053.91,3054.61,157043564
MOEX:IMOEX,2020-11-18T10:33:00+03:00,3054.63,3055.53,3054.48,3055.27,164981092
MOEX:IMOEX,2020-11-18T10:34:00+03:00,3055.25,3056.75,3055.25,3056.75,194970406
MOEX:IMOEX,2020-11-18T10:35:00+03:00,3056.73,3058.01,3056.29,3056.29,332129003
MOEX:IMOEX,2020-11-18T10:36:00+03:00,3056.33,3056.33,3055.14,3055.50,196511806
MOEX:IMOEX,2020-11-18T10:37:00+03:00,3055.50,3056.53,3055.48,3056.24,96793855
MOEX:IMOEX,2020-11-18T10:38:00+03:00,3056.02,3056.15,3054.02,3054.05,123319690
MOEX:IMOEX,2020-11-18T10:39:00+03:00,3054.05,3054.25,3053.46,3053.82,139795824
MOEX:IMOEX,2020-11-18T10:40:00+03:00,3053.65,3054.83,3053.65,3054.52,125290878
MOEX:IMOEX,2020-11-18T10:41:00+03:00,3054.51,3055.01,3053.90,3054.24,85772140
MOEX:IMOEX,2020-11-18T10:42:00+03:00,3054.23,3056.28,3054.23,3056.13,145139372
MOEX:IMOEX,2020-11-18T10:43:00+03:00,3056.09,3057.42,3056.09,3057.32,194621098
MOEX:IMOEX,2020-11-18T10:44:00+03:00,3057.43,3057.76,3056.65,3056.85,144534302
MOEX:IMOEX,2020-11-18T10:45:00+03:00,3056.85,3057.30,3056.04,3056.13,120341466
MOEX:IMOEX,2020-11-18T10:46:00+03:00,3056.20,3056.21,3054.25,3054.42,146116740
MOEX:IMOEX,2020-11-18T10:47:00+03:00,3054.18,3055.91,3054.13,3055.91,78532740
MOEX:IMOEX,2020-11-18T10:48:00+03:00,3055.74,3056.47,3055.51,3056.11,96785870
MOEX:IMOEX,2020-11-18T10:49:00+03:00,3056.19,3057.00,3055.96,3057.00,219573167
MOEX:IMOEX,2020-11-18T10:50:00+03:00,3057.16,3057.90,3057.01,3057.64,178517188
MOEX:IMOEX,2020-11-18T10:51:00+03:00,3057.76,3058.23,3057.64,3057.91,177923171
MOEX:IMOEX,2020-11-18T10:52:00+03:00,3057.93,3058.40,3056.82,3058.40,283125793
MOEX:IMOEX,2020-11-18T10:53:00+03:00,3058.35,3059.60,3058.35,3059.43,196513479
MOEX:IMOEX,2020-11-18T10:54:00+03:00,3059.49,3060.87,3059.49,3060.87,254217657
MOEX:IMOEX,2020-11-18T10:55:00+03:00,3060.68,3061.30,3058.86,3059.15,190113653
MOEX:IMOEX,2020-11-18T10:56:00+03:00,3059.14,3059.44,3057.28,3057.48,133689274
MOEX:IMOEX,2020-11-18T10:57:00+03:00,3057.42,3057.71,3056.78,3057.39,156269110
MOEX:IMOEX,2020-11-18T10:58:00+03:00,3057.42,3057.42,3055.84,3056.41,173554961
MOEX:IMOEX,2020-11-18T10:59:00+03:00,3057.03,3058.10,3056.65,3057.93,254442665
MOEX:IMOEX,2020-11-18T11:00:00+03:00,3058.22,3058.22,3051.46,3051.46,511671418
MOEX:IMOEX,2020-11-18T11:01:00+03:00,3051.49,3053.88,3051.26,3053.88,164729501
MOEX:IMOEX,2020-11-18T11:02:00+03:00,3053.37,3053.80,3051.27,3051.57,165580719
MOEX:IMOEX,2020-11-18T11:03:00+03:00,3051.54,3052.59,3050.14,3050.32,227918573
MOEX:IMOEX,2020-11-18T11:04:00+03:00,3050.19,3052.76,3050.02,3051.97,173362760
MOEX:IMOEX,2020-11-18T11:05:00+03:00,3051.91,3053.23,3051.68,3051.93,237218374
MOEX:IMOEX,2020-11-18T11:06:00+03:00,3051.95,3052.13,3050.15,3050.45,276675819
MOEX:IMOEX,2020-11-18T11:07:00+03:00,3050.35,3051.14,3050.05,3051.14,120206130
MOEX:IMOEX,2020-11-18T11:08:00+03:00,3051.13,3053.39,3050.69,3052.74,231312328
MOEX:IMOEX,2020-11-18T11:09:00+03:00,3052.72,3053.51,3052.06,3052.65,120382649
MOEX:IMOEX,2020-11-18T11:10:00+03:00,3052.69,3053.48,3050.95,3050.95,189327814
MOEX:IMOEX,2020-11-18T11:11:00+03:00,3051.07,3051.49,3050.53,3051.44,216598615
MOEX:IMOEX,2020-11-18T11:12:00+03:00,3051.37,3051.37,3050.08,3051.36,144512557
MOEX:IMOEX,2020-11-18T11:13:00+03:00,3051.45,3052.83,3051.41,3052.67,200017255
MOEX:IMOEX,2020-11-18T11:14:00+03:00,3052.76,3054.00,3052.29,3053.93,274955611
MOEX:IMOEX,2020-11-18T11:15:00+03:00,3053.84,3054.92,3053.26,3054.76,214421389
MOEX:IMOEX,2020-11-18T11:16:00+03:00,3054.96,3056.89,3054.95,3055.89,244109223
MOEX:IMOEX,2020-11-18T11:17:00+03:00,3055.88,3056.72,3055.27,3055.66,300083062
MOEX:IMOEX,2020-11-18T11:18:00+03:00,3055.73,3057.32,3055.58,3057.25,151438818
MOEX:IMOEX,2020-11-18T11:19:00+03:00,3057.06,3057.24,3056.43,3056.66,141383296
MOEX:IMOEX,2020-11-18T11:20:00+03:00,3056.74,3057.41,3055.90,3057.41,301579253
MOEX:IMOEX,2020-11-18T11:21:00+03:00,3057.60,3058.18,3057.10,3057.18,185593874
MOEX:IMOEX,2020-11-18T11:22:00+03:00,3057.20,3057.39,3055.76,3055.77,120442734
MOEX:IMOEX,2020-11-18T11:23:00+03:00,3056.09,3056.14,3055.21,3056.07,150439030
MOEX:IMOEX,2020-11-18T11:24:00+03:00,3056.09,3059.26,3056.09,3059.10,245922164
MOEX:IMOEX,2020-11-18T11:25:00+03:00,3058.67,3059.30,3058.28,3058.50,195156873
MOEX:IMOEX,2020-11-18T11:26:00+03:00,3058.67,3059.26,3058.05,3058.70,268728772
MOEX:IMOEX,2020-11-18T11:27:00+03:00,3058.71,3060.90,3058.64,3060.86,312359581
MOEX:IMOEX,2020-11-18T11:28:00+03:00,3060.80,3061.82,3060.68,3061.60,283360152
MOEX:IMOEX,2020-11-18T11:29:00+03:00,3061.62,3061.62,3059.43,3059.43,209125357
MOEX:IMOEX,2020-11-18T11:30:00+03:00,3059.57,3060.19,3058.31,3058.39,155335250
MOEX:IMOEX,2020-11-18T11:31:00+03:00,3058.42,3059.83,3058.26,3059.81,232716584
MOEX:IMOEX,2020-11-18T11:32:00+03:00,3059.80,3060.48,3058.86,3058.86,154367354
MOEX:IMOEX,2020-11-18T11:33:00+03:00,3058.66,3058.96,3057.34,3057.74,257177620
MOEX:IMOEX,2020-11-18T11:34:00+03:00,3057.77,3058.98,3057.71,3057.92,194181614
MOEX:IMOEX,2020-11-18T11:35:00+03:00,3057.92,3058.59,3057.42,3057.74,286745749
MOEX:IMOEX,2020-11-18T11:36:00+03:00,3057.77,3058.23,3057.14,3057.88,324587715
MOEX:IMOEX,2020-11-18T11:37:00+03:00,3057.84,3058.23,3057.60,3057.97,124070427
MOEX:IMOEX,2020-11-18T11:38:00+03:00,3057.93,3059.34,3057.86,3058.60,341090606
MOEX:IMOEX,2020-11-18T11:39:00+03:00,3058.51,3058.51,3057.83,3058.24,342597992
MOEX:IMOEX,2020-11-18T11:40:00+03:00,3058.27,3059.09,3057.62,3059.09,114613197
MOEX:IMOEX,2020-11-18T11:41:00+03:00,3059.11,3060.20,3058.95,3060.12,169981141
MOEX:IMOEX,2020-11-18T11:42:00+03:00,3060.20,3060.72,3059.55,3059.72,123315810
MOEX:IMOEX,2020-11-18T11:43:00+03:00,3059.72,3060.28,3059.72,3060.19,138458189
MOEX:IMOEX,2020-11-18T11:44:00+03:00,3060.06,3061.84,3060.06,3061.76,146283188
MOEX:IMOEX,2020-11-18T11:45:00+03:00,3061.75,3062.65,3061.74,3061.83,210882717
MOEX:IMOEX,2020-11-18T11:46:00+03:00,3061.83,3062.77,3061.58,3062.49,123834956
MOEX:IMOEX,2020-11-18T11:47:00+03:00,3062.50,3062.83,3060.07,3060.42,200122207
MOEX:IMOEX,2020-11-18T11:48:00+03:00,3060.35,3060.78,3060.02,3060.68,118365752
MOEX:IMOEX,2020-11-18T11:49:00+03:00,3060.38,3060.43,3058.78,3059.20,173243267
MOEX:IMOEX,2020-11-18T11:50:00+03:00,3059.25,3060.50,3059.25,3060.28,145406155
MOEX:IMOEX,2020-11-18T11:51:00+03:00,3060.28,3060.66,3059.86,3060.02,85263472
MOEX:IMOEX,2020-11-18T11:52:00+03:00,3059.58,3059.58,3058.59,3058.94,136155290
MOEX:IMOEX,2020-11-18T11:53:00+03:00,3058.80,3058.80,3057.86,3058.59,262739721
MOEX:IMOEX,2020-11-18T11:54:00+03:00,3058.61,3058.82,3058.19,3058.31,157113360
MOEX:IMOEX,2020-11-18T11:55:00+03:00,3058.25,3058.96,3058.16,3058.71,112924722
MOEX:IMOEX,2020-11-18T11:56:00+03:00,3058.63,3059.27,3058.33,3059.27,124357062
MOEX:IMOEX,2020-11-18T11:57:00+03:00,3059.29,3059.93,3058.18,3058.28,205479492
MOEX:IMOEX,2020-11-18T11:58:00+03:00,3058.23,3058.40,3056.78,3056.83,149819583
MOEX:IMOEX,2020-11-18T11:59:00+03:00,3056.72,3056.97,3056.16,3056.22,135358888
MOEX:IMOEX,2020-11-18T12:00:00+03:00,3056.20,3057.14,3055.50,3057.13,162832044
MOEX:IMOEX,2020-11-18T12:01:00+03:00,3057.04,3057.26,3054.50,3054.52,216620902
MOEX:IMOEX,2020-11-18T12:02:00+03:00,3054.66,3056.03,3054.54,3055.79,105764511
MOEX:IMOEX,2020-11-18T12:03:00+03:00,3055.80,3056.27,3055.51,3055.85,107743435
MOEX:IMOEX,2020-11-18T12:04:00+03:00,3055.82,3055.96,3054.03,3054.04,181515737
MOEX:IMOEX,2020-11-18T12:05:00+03:00,3054.03,3056.35,3053.88,3056.35,143850701
MOEX:IMOEX,2020-11-18T12:06:00+03:00,3056.42,3056.51,3055.78,3056.15,125557270
MOEX:IMOEX,2020-11-18T12:07:00+03:00,3056.17,3056.19,3055.37,3055.89,91125047
MOEX:IMOEX,2020-11-18T12:08:00+03:00,3055.86,3056.17,3055.22,3055.28,123801237
MOEX:IMOEX,2020-11-18T12:09:00+03:00,3055.07,3056.29,3054.73,3056.07,147368176
MOEX:IMOEX,2020-11-18T12:10:00+03:00,3056.04,3056.85,3056.04,3056.74,110296917
MOEX:IMOEX,2020-11-18T12:11:00+03:00,3056.64,3056.70,3055.88,3056.13,100152900
MOEX:IMOEX,2020-11-18T12:12:00+03:00,3056.05,3056.17,3055.10,3055.22,143238902
MOEX:IMOEX,2020-11-18T12:13:00+03:00,3055.19,3055.21,3054.48,3054.85,88885141
MOEX:IMOEX,2020-11-18T12:14:00+03:00,3054.75,3054.86,3054.43,3054.67,91894457
MOEX:IMOEX,2020-11-18T12:15:00+03:00,3054.63,3054.73,3053.68,3053.68,83314753
MOEX:IMOEX,2020-11-18T12:16:00+03:00,3053.63,3053.63,3052.28,3052.87,93430974
MOEX:IMOEX,2020-11-18T12:17:00+03:00,3052.97,3054.44,3052.69,3054.37,103105917
MOEX:IMOEX,2020-11-18T12:18:00+03:00,3054.40,3055.21,3054.40,3055.20,72731976
MOEX:IMOEX,2020-11-18T12:19:00+03:00,3055.29,3055.81,3055.24,3055.70,73698042
MOEX:IMOEX,2020-11-18T12:20:00+03:00,3055.69,3055.77,3055.21,3055.57,81764271
MOEX:IMOEX,2020-11-18T12:21:00+03:00,3055.54,3055.54,3053.82,3053.92,79066940
MOEX:IMOEX,2020-11-18T12:22:00+03:00,3053.82,3054.80,3053.52,3054.43,83444545
MOEX:IMOEX,2020-11-18T12:23:00+03:00,3054.58,3055.20,3054.36,3055.20,86911908
MOEX:IMOEX,2020-11-18T12:24:00+03:00,3055.21,3055.26,3054.51,3055.25,167271774
MOEX:IMOEX,2020-11-18T12:25:00+03:00,3055.45,3056.36,3055.01,3056.36,196980888
MOEX:IMOEX,2020-11-18T12:26:00+03:00,3056.34,3058.08,3056.10,3057.88,163753442
MOEX:IMOEX,2020-11-18T12:27:00+03:00,3057.93,3057.98,3057.49,3057.58,140407429
MOEX:IMOEX,2020-11-18T12:28:00+03:00,3057.57,3059.25,3057.55,3059.25,173134517
MOEX:IMOEX,2020-11-18T12:29:00+03:00,3059.37,3059.62,3058.70,3058.93,236647457
MOEX:IMOEX,2020-11-18T12:30:00+03:00,3059.01,3059.01,3057.88,3058.90,202989124
MOEX:IMOEX,2020-11-18T12:31:00+03:00,3058.95,3059.37,3058.59,3058.70,194856683
MOEX:IMOEX,2020-11-18T12:32:00+03:00,3058.61,3058.93,3058.23,3058.53,118243976
MOEX:IMOEX,2020-11-18T12:33:00+03:00,3058.42,3059.64,3058.31,3059.36,73734029
MOEX:IMOEX,2020-11-18T12:34:00+03:00,3059.29,3059.86,3057.21,3057.26,186126594
MOEX:IMOEX,2020-11-18T12:35:00+03:00,3057.25,3058.15,3057.23,3058.12,113803159
MOEX:IMOEX,2020-11-18T12:36:00+03:00,3058.09,3058.84,3058.09,3058.29,131225833
MOEX:IMOEX,2020-11-18T12:37:00+03:00,3058.16,3058.99,3058.16,3058.99,107446642
MOEX:IMOEX,2020-11-18T12:38:00+03:00,3058.96,3059.00,3058.42,3058.95,102714311
MOEX:IMOEX,2020-11-18T12:39:00+03:00,3058.98,3059.61,3058.98,3059.32,146025124
MOEX:IMOEX,2020-11-18T12:40:00+03:00,3059.12,3060.87,3058.98,3060.87,154845350
MOEX:IMOEX,2020-11-18T12:41:00+03:00,3061.01,3061.03,3060.45,3060.86,176511227
MOEX:IMOEX,2020-11-18T12:42:00+03:00,3060.90,3061.99,3060.72,3061.75,163656983
MOEX:IMOEX,2020-11-18T12:43:00+03:00,3061.73,3062.16,3060.89,3061.04,168566578
MOEX:IMOEX,2020-11-18T12:44:00+03:00,3061.07,3061.62,3060.93,3061.46,110312428
MOEX:IMOEX,2020-11-18T12:45:00+03:00,3061.55,3061.62,3061.26,3061.44,95538126
MOEX:IMOEX,2020-11-18T12:46:00+03:00,3061.46,3061.54,3060.31,3060.31,98374990
MOEX:IMOEX,2020-11-18T12:47:00+03:00,3060.34,3060.48,3059.31,3059.42,106077610
MOEX:IMOEX,2020-11-18T12:48:00+03:00,3059.38,3060.17,3059.18,3060.17,89673954
MOEX:IMOEX,2020-11-18T12:49:00+03:00,3060.17,3060.17,3059.46,3059.74,50167926
MOEX:IMOEX,2020-11-18T12:50:00+03:00,3059.69,3061.04,3059.58,3061.03,123777536
MOEX:IMOEX,2020-11-18T12:51:00+03:00,3061.01,3061.20,3060.71,3060.93,110939903
MOEX:IMOEX,2020-11-18T12:52:00+03:00,3060.93,3061.17,3060.46,3061.03,148447797
MOEX:IMOEX,2020-11-18T12:53:00+03:00,3061.09,3061.31,3060.66,3060.82,135788584
MOEX:IMOEX,2020-11-18T12:54:00+03:00,3060.77,3061.25,3060.60,3061.08,75702555
MOEX:IMOEX,2020-11-18T12:55:00+03:00,3061.12,3062.04,3061.06,3061.50,143741533
MOEX:IMOEX,2020-11-18T12:56:00+03:00,3061.55,3061.62,3061.33,3061.53,183926948
MOEX:IMOEX,2020-11-18T12:57:00+03:00,3061.56,3062.35,3061.56,3062.23,80337104
MOEX:IMOEX,2020-11-18T12:58:00+03:00,3062.29,3062.35,3061.52,3061.54,97381210
MOEX:IMOEX,2020-11-18T12:59:00+03:00,3061.58,3061.72,3061.22,3061.55,61143163
MOEX:IMOEX,2020-11-18T13:00:00+03:00,3061.50,3062.25,3061.47,3062.06,67373587
MOEX:IMOEX,2020-11-18T13:01:00+03:00,3062.00,3063.79,3061.99,3063.64,183025452
MOEX:IMOEX,2020-11-18T13:02:00+03:00,3063.63,3063.74,3063.09,3063.40,94057982
MOEX:IMOEX,2020-11-18T13:03:00+03:00,3063.31,3063.54,3063.04,3063.04,56652301
MOEX:IMOEX,2020-11-18T13:04:00+03:00,3063.06,3063.93,3062.92,3063.93,148978498
MOEX:IMOEX,2020-11-18T13:05:00+03:00,3063.92,3065.35,3063.92,3065.14,269524457
MOEX:IMOEX,2020-11-18T13:06:00+03:00,3065.18,3065.48,3064.80,3065.26,209691149
MOEX:IMOEX,2020-11-18T13:07:00+03:00,3065.25,3066.06,3064.98,3065.86,141002707
MOEX:IMOEX,2020-11-18T13:08:00+03:00,3065.79,3066.47,3065.79,3066.11,170157351
MOEX:IMOEX,2020-11-18T13:09:00+03:00,3066.20,3066.68,3066.10,3066.58,178412739
MOEX:IMOEX,2020-11-18T13:10:00+03:00,3066.57,3068.67,3066.57,3068.67,381482377
MOEX:IMOEX,2020-11-18T13:11:00+03:00,3068.63,3069.26,3068.16,3068.49,272032914
MOEX:IMOEX,2020-11-18T13:12:00+03:00,3068.51,3068.98,3067.65,3067.66,195532206
MOEX:IMOEX,2020-11-18T13:13:00+03:00,3067.65,3067.65,3066.62,3066.89,154325347
MOEX:IMOEX,2020-11-18T13:14:00+03:00,3066.84,3067.32,3066.43,3066.99,147211239
MOEX:IMOEX,2020-11-18T13:15:00+03:00,3067.06,3068.02,3067.06,3067.54,147669610
MOEX:IMOEX,2020-11-18T13:16:00+03:00,3067.50,3067.80,3066.52,3066.52,120184766
MOEX:IMOEX,2020-11-18T13:17:00+03:00,3066.57,3066.95,3066.42,3066.67,96316410
MOEX:IMOEX,2020-11-18T13:18:00+03:00,3066.82,3067.70,3066.47,3067.24,84304651
MOEX:IMOEX,2020-11-18T13:19:00+03:00,3067.24,3067.56,3067.16,3067.16,66279703
MOEX:IMOEX,2020-11-18T13:20:00+03:00,3067.26,3067.57,3067.18,3067.22,100824936
MOEX:IMOEX,2020-11-18T13:21:00+03:00,3067.26,3068.18,3067.14,3067.97,101899319
MOEX:IMOEX,2020-11-18T13:22:00+03:00,3068.03,3068.60,3067.84,3068.60,83660265
MOEX:IMOEX,2020-11-18T13:23:00+03:00,3068.62,3069.10,3068.27,3069.03,92212313
MOEX:IMOEX,2020-11-18T13:24:00+03:00,3069.02,3069.31,3068.78,3069.03,97327386
MOEX:IMOEX,2020-11-18T13:25:00+03:00,3069.08,3070.81,3069.00,3070.79,208633510
MOEX:IMOEX,2020-11-18T13:26:00+03:00,3070.79,3072.24,3070.61,3071.67,248303634
MOEX:IMOEX,2020-11-18T13:27:00+03:00,3071.52,3071.97,3071.40,3071.97,95085819
MOEX:IMOEX,2020-11-18T13:28:00+03:00,3071.97,3072.36,3071.74,3071.74,118083846
MOEX:IMOEX,2020-11-18T13:29:00+03:00,3071.90,3072.60,3071.67,3072.52,165086601
MOEX:IMOEX,2020-11-18T13:30:00+03:00,3072.38,3072.91,3072.06,3072.17,100109534
MOEX:IMOEX,2020-11-18T13:31:00+03:00,3072.40,3072.47,3071.32,3071.60,140199878
MOEX:IMOEX,2020-11-18T13:32:00+03:00,3071.45,3071.50,3069.39,3069.39,138941088
MOEX:IMOEX,2020-11-18T13:33:00+03:00,3069.32,3069.35,3067.03,3067.29,171573559
MOEX:IMOEX,2020-11-18T13:34:00+03:00,3067.52,3067.52,3065.80,3066.23,110048034
MOEX:IMOEX,2020-11-18T13:35:00+03:00,3066.19,3067.13,3066.03,3067.10,93674240
MOEX:IMOEX,2020-11-18T13:36:00+03:00,3066.81,3066.81,3065.20,3065.35,68553706
MOEX:IMOEX,2020-11-18T13:37:00+03:00,3065.41,3065.63,3063.84,3064.07,200945776
MOEX:IMOEX,2020-11-18T13:38:00+03:00,3063.83,3063.99,3063.11,3063.23,74516970
MOEX:IMOEX,2020-11-18T13:39:00+03:00,3063.02,3064.89,3062.87,3064.89,103026353
MOEX:IMOEX,2020-11-18T13:40:00+03:00,3064.86,3064.98,3063.82,3064.09,77094691
MOEX:IMOEX,2020-11-18T13:41:00+03:00,3063.96,3064.37,3063.61,3063.84,118648563
MOEX:IMOEX,2020-11-18T13:42:00+03:00,3063.83,3063.84,3062.66,3062.72,134448349
MOEX:IMOEX,2020-11-18T13:43:00+03:00,3062.61,3062.83,3062.25,3062.75,139688976
MOEX:IMOEX,2020-11-18T13:44:00+03:00,3062.70,3062.88,3062.14,3062.37,75699845
MOEX:IMOEX,2020-11-18T13:45:00+03:00,3062.29,3062.96,3062.15,3062.85,100992384
MOEX:IMOEX,2020-11-18T13:46:00+03:00,3062.80,3063.46,3062.80,3063.20,80950123
MOEX:IMOEX,2020-11-18T13:47:00+03:00,3063.19,3063.25,3062.37,3062.50,88755889
MOEX:IMOEX,2020-11-18T13:48:00+03:00,3062.51,3063.13,3062.51,3062.82,77798411
MOEX:IMOEX,2020-11-18T13:49:00+03:00,3062.50,3062.51,3061.20,3061.28,108174216
MOEX:IMOEX,2020-11-18T13:50:00+03:00,3061.23,3061.45,3060.97,3060.99,70218063
MOEX:IMOEX,2020-11-18T13:51:00+03:00,3060.99,3061.46,3060.99,3061.37,79487088
MOEX:IMOEX,2020-11-18T13:52:00+03:00,3061.36,3062.03,3061.24,3061.88,72560310
MOEX:IMOEX,2020-11-18T13:53:00+03:00,3061.83,3062.37,3061.83,3062.15,60553217
MOEX:IMOEX,2020-11-18T13:54:00+03:00,3062.07,3062.75,3062.02,3062.52,64712404
MOEX:IMOEX,2020-11-18T13:55:00+03:00,3062.48,3062.62,3062.06,3062.50,73382322
MOEX:IMOEX,2020-11-18T13:56:00+03:00,3062.57,3063.08,3062.21,3063.02,57961987
MOEX:IMOEX,2020-11-18T13:57:00+03:00,3063.03,3063.62,3062.83,3063.62,68045069
MOEX:IMOEX,2020-11-18T13:58:00+03:00,3063.68,3064.24,3063.34,3064.24,84829825
MOEX:IMOEX,2020-11-18T13:59:00+03:00,3064.29,3064.45,3063.50,3063.79,148463789
MOEX:IMOEX,2020-11-18T14:00:00+03:00,3063.84,3064.31,3063.67,3064.23,92899913
MOEX:IMOEX,2020-11-18T14:01:00+03:00,3064.18,3065.05,3064.03,3064.92,113934084
MOEX:IMOEX,2020-11-18T14:02:00+03:00,3064.91,3065.95,3064.90,3065.95,123632008
MOEX:IMOEX,2020-11-18T14:03:00+03:00,3065.95,3066.08,3065.22,3065.58,133085586
MOEX:IMOEX,2020-11-18T14:04:00+03:00,3065.54,3065.54,3064.98,3065.29,73760259
MOEX:IMOEX,2020-11-18T14:05:00+03:00,3065.24,3065.24,3063.97,3064.61,113143424
MOEX:IMOEX,2020-11-18T14:06:00+03:00,3064.80,3065.20,3063.71,3064.80,124962603
MOEX:IMOEX,2020-11-18T14:07:00+03:00,3064.65,3065.64,3064.40,3065.60,100646079
MOEX:IMOEX,2020-11-18T14:08:00+03:00,3065.65,3066.60,3065.46,3066.60,72328451
MOEX:IMOEX,2020-11-18T14:09:00+03:00,3066.57,3066.66,3066.14,3066.59,60832790
MOEX:IMOEX,2020-11-18T14:10:00+03:00,3066.60,3066.88,3066.34,3066.78,42827591
MOEX:IMOEX,2020-11-18T14:11:00+03:00,3066.75,3067.23,3066.75,3067.23,52921383
MOEX:IMOEX,2020-11-18T14:12:00+03:00,3067.21,3067.84,3067.13,3067.70,85130999
MOEX:IMOEX,2020-11-18T14:13:00+03:00,3067.71,3067.72,3067.29,3067.49,82680830
MOEX:IMOEX,2020-11-18T14:14:00+03:00,3067.47,3067.60,3066.95,3067.22,117512155
MOEX:IMOEX,2020-11-18T14:15:00+03:00,3067.22,3067.52,3066.98,3066.98,68559802
MOEX:IMOEX,2020-11-18T14:16:00+03:00,3066.99,3067.24,3066.68,3066.69,69241947
MOEX:IMOEX,2020-11-18T14:17:00+03:00,3066.49,3066.74,3065.94,3065.94,114726218
MOEX:IMOEX,2020-11-18T14:18:00+03:00,3065.88,3066.29,3065.47,3066.09,60199073
MOEX:IMOEX,2020-11-18T14:19:00+03:00,3065.90,3065.93,3065.46,3065.82,49695933
MOEX:IMOEX,2020-11-18T14:20:00+03:00,3065.78,3065.82,3065.56,3065.56,63042796
MOEX:IMOEX,2020-11-18T14:21:00+03:00,3065.42,3066.22,3065.29,3066.11,83762935
MOEX:IMOEX,2020-11-18T14:22:00+03:00,3066.22,3066.93,3066.12,3066.50,149713654
MOEX:IMOEX,2020-11-18T14:23:00+03:00,3066.49,3067.46,3066.47,3067.35,75141892
MOEX:IMOEX,2020-11-18T14:24:00+03:00,3067.13,3067.59,3067.09,3067.31,66313136
MOEX:IMOEX,2020-11-18T14:25:00+03:00,3067.27,3067.40,3066.71,3066.78,57485287
MOEX:IMOEX,2020-11-18T14:26:00+03:00,3066.77,3066.97,3066.08,3066.08,67867466
MOEX:IMOEX,2020-11-18T14:27:00+03:00,3066.04,3066.28,3065.92,3065.92,62347428
MOEX:IMOEX,2020-11-18T14:28:00+03:00,3065.98,3066.20,3065.29,3065.40,97751465
MOEX:IMOEX,2020-11-18T14:29:00+03:00,3065.37,3065.53,3064.91,3065.05,100574631
MOEX:IMOEX,2020-11-18T14:30:00+03:00,3065.13,3065.51,3065.07,3065.14,147118768
MOEX:IMOEX,2020-11-18T14:31:00+03:00,3065.15,3065.41,3065.04,3065.20,73093527
MOEX:IMOEX,2020-11-18T14:32:00+03:00,3065.18,3065.24,3064.90,3065.08,56808610
MOEX:IMOEX,2020-11-18T14:33:00+03:00,3064.94,3065.23,3064.75,3064.92,87759750
MOEX:IMOEX,2020-11-18T14:34:00+03:00,3064.92,3064.99,3064.52,3064.74,65470578
MOEX:IMOEX,2020-11-18T14:35:00+03:00,3064.69,3066.31,3064.69,3066.31,156039439
MOEX:IMOEX,2020-11-18T14:36:00+03:00,3066.17,3066.75,3065.92,3066.56,88409856
MOEX:IMOEX,2020-11-18T14:37:00+03:00,3066.51,3066.96,3066.44,3066.96,89696984
MOEX:IMOEX,2020-11-18T14:38:00+03:00,3066.82,3066.99,3066.58,3066.94,53462604
MOEX:IMOEX,2020-11-18T14:39:00+03:00,3066.96,3067.27,3066.94,3067.16,43630679
MOEX:IMOEX,2020-11-18T14:40:00+03:00,3067.16,3067.24,3066.46,3066.50,73382647
MOEX:IMOEX,2020-11-18T14:41:00+03:00,3066.52,3066.60,3066.08,3066.33,70396458
MOEX:IMOEX,2020-11-18T14:42:00+03:00,3066.34,3066.50,3066.16,3066.48,49286578
MOEX:IMOEX,2020-11-18T14:43:00+03:00,3066.36,3067.04,3066.32,3066.79,129754868
MOEX:IMOEX,2020-11-18T14:44:00+03:00,3066.85,3067.48,3066.78,3067.48,74265886
MOEX:IMOEX,2020-11-18T14:45:00+03:00,3067.48,3071.24,3067.22,3071.03,305484619
MOEX:IMOEX,2020-11-18T14:46:00+03:00,3071.18,3071.72,3071.07,3071.49,182471124
MOEX:IMOEX,2020-11-18T14:47:00+03:00,3071.48,3071.73,3070.79,3071.03,233862440
MOEX:IMOEX,2020-11-18T14:48:00+03:00,3070.97,3071.29,3070.44,3071.29,109339738
MOEX:IMOEX,2020-11-18T14:49:00+03:00,3071.28,3072.57,3070.87,3072.46,211820642
MOEX:IMOEX,2020-11-18T14:50:00+03:00,3072.61,3072.84,3072.12,3072.50,252434991
MOEX:IMOEX,2020-11-18T14:51:00+03:00,3072.57,3073.42,3072.37,3073.27,204215388
MOEX:IMOEX,2020-11-18T14:52:00+03:00,3073.09,3073.80,3072.72,3073.37,301066418
MOEX:IMOEX,2020-11-18T14:53:00+03:00,3073.36,3073.70,3072.20,3072.24,163486662
MOEX:IMOEX,2020-11-18T14:54:00+03:00,3072.29,3072.79,3071.81,3072.06,174479518
MOEX:IMOEX,2020-11-18T14:55:00+03:00,3072.00,3072.00,3070.67,3071.33,214589211
MOEX:IMOEX,2020-11-18T14:56:00+03:00,3071.16,3072.07,3071.03,3072.02,133533491
MOEX:IMOEX,2020-11-18T14:57:00+03:00,3072.07,3072.99,3071.95,3072.73,114406701
MOEX:IMOEX,2020-11-18T14:58:00+03:00,3072.85,3072.97,3072.37,3072.97,195241757
MOEX:IMOEX,2020-11-18T14:59:00+03:00,3072.91,3073.45,3072.52,3073.33,117245437
MOEX:IMOEX,2020-11-18T15:00:00+03:00,3073.42,3073.76,3073.12,3073.12,139214724
MOEX:IMOEX,2020-11-18T15:01:00+03:00,3073.12,3073.41,3072.09,3072.39,103293200
MOEX:IMOEX,2020-11-18T15:02:00+03:00,3072.06,3072.45,3071.53,3072.20,125680603
MOEX:IMOEX,2020-11-18T15:03:00+03:00,3072.14,3072.23,3071.36,3071.90,112642130
MOEX:IMOEX,2020-11-18T15:04:00+03:00,3071.73,3072.57,3071.73,3072.03,109078605
MOEX:IMOEX,2020-11-18T15:05:00+03:00,3071.89,3072.04,3070.77,3071.11,84310470
MOEX:IMOEX,2020-11-18T15:06:00+03:00,3071.09,3071.31,3070.60,3071.15,87459133
MOEX:IMOEX,2020-11-18T15:07:00+03:00,3070.93,3071.38,3070.70,3071.30,140530191
MOEX:IMOEX,2020-11-18T15:08:00+03:00,3071.36,3072.20,3071.36,3072.20,105273900
MOEX:IMOEX,2020-11-18T15:09:00+03:00,3072.29,3072.75,3072.04,3072.70,144201053
MOEX:IMOEX,2020-11-18T15:10:00+03:00,3072.80,3073.11,3072.34,3072.73,341454104
MOEX:IMOEX,2020-11-18T15:11:00+03:00,3072.85,3074.08,3072.54,3073.60,255156454
MOEX:IMOEX,2020-11-18T15:12:00+03:00,3073.67,3074.40,3073.66,3074.40,172919825
MOEX:IMOEX,2020-11-18T15:13:00+03:00,3074.38,3075.36,3074.30,3075.30,217293356
MOEX:IMOEX,2020-11-18T15:14:00+03:00,3075.29,3076.06,3075.14,3075.36,129590775
MOEX:IMOEX,2020-11-18T15:15:00+03:00,3075.23,3076.34,3075.23,3075.53,169374439
MOEX:IMOEX,2020-11-18T15:16:00+03:00,3075.69,3076.09,3075.17,3076.02,163322403
MOEX:IMOEX,2020-11-18T15:17:00+03:00,3075.87,3075.98,3075.45,3075.78,119606207
MOEX:IMOEX,2020-11-18T15:18:00+03:00,3075.79,3075.97,3075.06,3075.12,101052687
MOEX:IMOEX,2020-11-18T15:19:00+03:00,3075.38,3075.38,3074.34,3075.01,112914528
MOEX:IMOEX,2020-11-18T15:20:00+03:00,3074.87,3076.38,3074.85,3076.35,118859243
MOEX:IMOEX,2020-11-18T15:21:00+03:00,3076.25,3076.49,3075.68,3075.85,63684008
MOEX:IMOEX,2020-11-18T15:22:00+03:00,3075.89,3076.01,3075.47,3075.75,76130187
MOEX:IMOEX,2020-11-18T15:23:00+03:00,3075.80,3075.86,3074.75,3074.75,82038229
MOEX:IMOEX,2020-11-18T15:24:00+03:00,3074.87,3074.98,3073.72,3073.72,77213253
MOEX:IMOEX,2020-11-18T15:25:00+03:00,3073.75,3074.59,3073.74,3074.36,92726945
MOEX:IMOEX,2020-11-18T15:26:00+03:00,3074.31,3075.12,3074.22,3074.93,99332707
MOEX:IMOEX,2020-11-18T15:27:00+03:00,3074.94,3075.12,3074.21,3074.29,100355680
MOEX:IMOEX,2020-11-18T15:28:00+03:00,3074.30,3075.56,3074.30,3075.35,83824837
MOEX:IMOEX,2020-11-18T15:29:00+03:00,3075.50,3075.67,3074.82,3074.82,81906323
MOEX:IMOEX,2020-11-18T15:30:00+03:00,3075.01,3075.24,3074.47,3074.95,78290153
MOEX:IMOEX,2020-11-18T15:31:00+03:00,3074.98,3078.15,3074.98,3078.15,342899812
MOEX:IMOEX,2020-11-18T15:32:00+03:00,3078.18,3079.43,3077.86,3079.12,443941307
MOEX:IMOEX,2020-11-18T15:33:00+03:00,3079.12,3079.46,3078.60,3079.25,107704528
MOEX:IMOEX,2020-11-18T15:34:00+03:00,3079.30,3080.39,3079.20,3080.17,187662991
MOEX:IMOEX,2020-11-18T15:35:00+03:00,3080.16,3080.25,3079.12,3079.20,151794785
MOEX:IMOEX,2020-11-18T15:36:00+03:00,3079.17,3079.80,3079.08,3079.08,83912747
MOEX:IMOEX,2020-11-18T15:37:00+03:00,3079.15,3079.30,3078.12,3078.33,166916879
MOEX:IMOEX,2020-11-18T15:38:00+03:00,3078.51,3079.79,3078.37,3079.53,125318532
MOEX:IMOEX,2020-11-18T15:39:00+03:00,3079.40,3079.40,3077.72,3077.72,194976046
MOEX:IMOEX,2020-11-18T15:40:00+03:00,3077.73,3078.87,3077.73,3078.45,181695835
MOEX:IMOEX,2020-11-18T15:41:00+03:00,3078.44,3078.53,3077.62,3077.79,68859020
MOEX:IMOEX,2020-11-18T15:42:00+03:00,3077.98,3078.31,3077.80,3077.86,93417285
MOEX:IMOEX,2020-11-18T15:43:00+03:00,3077.96,3078.05,3077.66,3077.75,106204542
MOEX:IMOEX,2020-11-18T15:44:00+03:00,3077.88,3078.91,3077.74,3078.64,62876571
MOEX:IMOEX,2020-11-18T15:45:00+03:00,3078.63,3080.39,3078.58,3080.01,231315408
MOEX:IMOEX,2020-11-18T15:46:00+03:00,3080.02,3081.40,3080.02,3081.23,208825249
MOEX:IMOEX,2020-11-18T15:47:00+03:00,3081.12,3081.54,3080.79,3080.91,220568616
MOEX:IMOEX,2020-11-18T15:48:00+03:00,3080.84,3081.48,3080.68,3081.48,157518275
MOEX:IMOEX,2020-11-18T15:49:00+03:00,3081.36,3081.64,3080.60,3080.61,93241608
MOEX:IMOEX,2020-11-18T15:50:00+03:00,3080.49,3080.74,3080.07,3080.08,123753504
MOEX:IMOEX,2020-11-18T15:51:00+03:00,3080.11,3080.37,3078.29,3078.29,271124705
MOEX:IMOEX,2020-11-18T15:52:00+03:00,3078.19,3078.30,3077.23,3077.60,197424341
MOEX:IMOEX,2020-11-18T15:53:00+03:00,3077.64,3079.04,3077.57,3079.04,197433790
MOEX:IMOEX,2020-11-18T15:54:00+03:00,3078.98,3079.58,3078.67,3078.98,152002502
MOEX:IMOEX,2020-11-18T15:55:00+03:00,3078.94,3079.47,3078.68,3078.91,139134694
MOEX:IMOEX,2020-11-18T15:56:00+03:00,3078.92,3079.19,3078.54,3079.02,107907911
MOEX:IMOEX,2020-11-18T15:57:00+03:00,3079.05,3079.48,3078.68,3079.20,137650949
MOEX:IMOEX,2020-11-18T15:58:00+03:00,3079.24,3079.53,3078.47,3078.47,173964172
MOEX:IMOEX,2020-11-18T15:59:00+03:00,3078.47,3078.82,3078.35,3078.60,112746537
MOEX:IMOEX,2020-11-18T16:00:00+03:00,3078.77,3080.09,3078.71,3079.49,299548233
MOEX:IMOEX,2020-11-18T16:01:00+03:00,3079.48,3079.83,3079.30,3079.41,139340157
MOEX:IMOEX,2020-11-18T16:02:00+03:00,3079.50,3081.03,3079.50,3080.94,172586129
MOEX:IMOEX,2020-11-18T16:03:00+03:00,3080.99,3081.02,3079.00,3079.75,361370405
MOEX:IMOEX,2020-11-18T16:04:00+03:00,3079.65,3080.37,3078.83,3080.13,308810545
MOEX:IMOEX,2020-11-18T16:05:00+03:00,3080.04,3080.52,3079.76,3080.18,175570591
MOEX:IMOEX,2020-11-18T16:06:00+03:00,3080.16,3080.27,3079.15,3080.02,191775079
MOEX:IMOEX,2020-11-18T16:07:00+03:00,3080.05,3080.06,3079.26,3079.35,131409788
MOEX:IMOEX,2020-11-18T16:08:00+03:00,3079.35,3079.35,3078.56,3078.78,117243851
MOEX:IMOEX,2020-11-18T16:09:00+03:00,3078.91,3079.19,3078.04,3078.04,360752903
MOEX:IMOEX,2020-11-18T16:10:00+03:00,3078.16,3078.43,3076.91,3077.04,204561587
MOEX:IMOEX,2020-11-18T16:11:00+03:00,3077.12,3077.18,3076.48,3077.10,161295660
MOEX:IMOEX,2020-11-18T16:12:00+03:00,3077.03,3077.85,3076.95,3077.03,162633626
MOEX:IMOEX,2020-11-18T16:13:00+03:00,3077.01,3077.19,3076.12,3076.17,106939010
MOEX:IMOEX,2020-11-18T16:14:00+03:00,3076.13,3076.50,3075.99,3076.14,113288458
MOEX:IMOEX,2020-11-18T16:15:00+03:00,3076.17,3077.05,3075.57,3077.03,171810791
MOEX:IMOEX,2020-11-18T16:16:00+03:00,3077.11,3077.43,3076.89,3076.89,121758622
MOEX:IMOEX,2020-11-18T16:17:00+03:00,3076.94,3076.94,3075.94,3076.11,178494256
MOEX:IMOEX,2020-11-18T16:18:00+03:00,3076.21,3076.40,3075.79,3076.17,292388213
MOEX:IMOEX,2020-11-18T16:19:00+03:00,3076.23,3076.78,3076.08,3076.50,87855945
MOEX:IMOEX,2020-11-18T16:20:00+03:00,3076.67,3077.06,3076.40,3077.04,230019988
MOEX:IMOEX,2020-11-18T16:21:00+03:00,3076.98,3077.21,3076.58,3076.73,78465484
MOEX:IMOEX,2020-11-18T16:22:00+03:00,3076.74,3077.14,3076.48,3076.74,67715265
MOEX:IMOEX,2020-11-18T16:23:00+03:00,3076.65,3077.03,3076.48,3076.80,131170310
MOEX:IMOEX,2020-11-18T16:24:00+03:00,3076.84,3076.84,3075.34,3075.74,199822769
MOEX:IMOEX,2020-11-18T16:25:00+03:00,3075.73,3075.73,3072.43,3073.02,338204557
MOEX:IMOEX,2020-11-18T16:26:00+03:00,3073.02,3073.02,3072.60,3072.73,196469062
MOEX:IMOEX,2020-11-18T16:27:00+03:00,3072.68,3072.80,3071.79,3072.08,140845443
MOEX:IMOEX,2020-11-18T16:28:00+03:00,3072.10,3073.78,3071.96,3073.78,176810214
MOEX:IMOEX,2020-11-18T16:29:00+03:00,3073.81,3074.88,3073.81,3074.51,122049009
MOEX:IMOEX,2020-11-18T16:30:00+03:00,3074.67,3074.93,3072.66,3072.99,229113280
MOEX:IMOEX,2020-11-18T16:31:00+03:00,3073.03,3074.13,3072.86,3074.04,183116716
MOEX:IMOEX,2020-11-18T16:32:00+03:00,3073.97,3074.19,3073.15,3073.56,137499215
MOEX:IMOEX,2020-11-18T16:33:00+03:00,3073.55,3073.55,3072.25,3072.25,165784117
MOEX:IMOEX,2020-11-18T16:34:00+03:00,3072.24,3072.34,3071.47,3071.78,219662441
MOEX:IMOEX,2020-11-18T16:35:00+03:00,3071.79,3072.52,3071.65,3072.50,137329930
MOEX:IMOEX,2020-11-18T16:36:00+03:00,3072.58,3073.36,3072.51,3073.09,191941872
MOEX:IMOEX,2020-11-18T16:37:00+03:00,3072.91,3073.03,3071.84,3071.84,102022874
MOEX:IMOEX,2020-11-18T16:38:00+03:00,3071.83,3072.73,3071.83,3072.56,120850212
MOEX:IMOEX,2020-11-18T16:39:00+03:00,3072.48,3072.78,3071.98,3072.07,101054144
MOEX:IMOEX,2020-11-18T16:40:00+03:00,3072.00,3074.07,3072.00,3073.87,105757981
MOEX:IMOEX,2020-11-18T16:41:00+03:00,3073.79,3074.03,3073.15,3073.15,79637168
MOEX:IMOEX,2020-11-18T16:42:00+03:00,3073.12,3073.12,3072.46,3072.63,119663623
MOEX:IMOEX,2020-11-18T16:43:00+03:00,3072.55,3073.18,3072.53,3072.99,57694369
MOEX:IMOEX,2020-11-18T16:44:00+03:00,3073.07,3075.32,3073.07,3075.17,130833856
MOEX:IMOEX,2020-11-18T16:45:00+03:00,3074.95,3075.38,3074.71,3075.29,177697606
MOEX:IMOEX,2020-11-18T16:46:00+03:00,3075.14,3075.17,3074.44,3074.58,47393846
MOEX:IMOEX,2020-11-18T16:47:00+03:00,3074.55,3075.91,3074.55,3075.69,75647987
MOEX:IMOEX,2020-11-18T16:48:00+03:00,3075.61,3076.18,3075.61,3076.01,91898789
MOEX:IMOEX,2020-11-18T16:49:00+03:00,3076.13,3076.90,3076.13,3076.58,149507253
MOEX:IMOEX,2020-11-18T16:50:00+03:00,3076.61,3077.17,3076.60,3076.80,93144096
MOEX:IMOEX,2020-11-18T16:51:00+03:00,3076.83,3077.04,3076.32,3076.41,89721433
MOEX:IMOEX,2020-11-18T16:52:00+03:00,3076.44,3077.42,3076.24,3077.42,139926898
MOEX:IMOEX,2020-11-18T16:53:00+03:00,3077.49,3079.67,3077.46,3079.52,163005069
MOEX:IMOEX,2020-11-18T16:54:00+03:00,3079.54,3080.21,3079.30,3079.30,130359769
MOEX:IMOEX,2020-11-18T16:55:00+03:00,3079.29,3079.37,3078.87,3079.07,59075994
MOEX:IMOEX,2020-11-18T16:56:00+03:00,3079.03,3080.16,3079.03,3080.05,91815066
MOEX:IMOEX,2020-11-18T16:57:00+03:00,3080.02,3080.12,3078.71,3078.71,127751801
MOEX:IMOEX,2020-11-18T16:58:00+03:00,3078.73,3079.59,3078.38,3078.39,111659925
MOEX:IMOEX,2020-11-18T16:59:00+03:00,3078.42,3079.18,3078.41,3079.00,153509777
MOEX:IMOEX,2020-11-18T17:00:00+03:00,3078.95,3079.50,3078.92,3079.48,144566385
MOEX:IMOEX,2020-11-18T17:01:00+03:00,3079.48,3079.87,3079.36,3079.74,110615755
MOEX:IMOEX,2020-11-18T17:02:00+03:00,3079.69,3079.69,3077.24,3077.24,172604363
MOEX:IMOEX,2020-11-18T17:03:00+03:00,3077.20,3077.24,3075.34,3075.77,177513146
MOEX:IMOEX,2020-11-18T17:04:00+03:00,3075.76,3076.77,3075.62,3076.49,110822657
MOEX:IMOEX,2020-11-18T17:05:00+03:00,3076.50,3077.62,3075.74,3077.54,119484412
MOEX:IMOEX,2020-11-18T17:06:00+03:00,3077.50,3078.18,3077.08,3078.18,207925088
MOEX:IMOEX,2020-11-18T17:07:00+03:00,3078.21,3079.64,3078.19,3079.29,231852582
MOEX:IMOEX,2020-11-18T17:08:00+03:00,3079.28,3080.45,3079.28,3080.45,109285456
MOEX:IMOEX,2020-11-18T17:09:00+03:00,3080.46,3081.11,3080.36,3081.11,119521693
MOEX:IMOEX,2020-11-18T17:10:00+03:00,3081.08,3081.08,3080.15,3080.18,86153186
MOEX:IMOEX,2020-11-18T17:11:00+03:00,3080.12,3080.87,3080.07,3080.57,108809954
MOEX:IMOEX,2020-11-18T17:12:00+03:00,3080.52,3080.64,3078.95,3079.67,111249741
MOEX:IMOEX,2020-11-18T17:13:00+03:00,3079.69,3080.17,3079.54,3079.93,83604469
MOEX:IMOEX,2020-11-18T17:14:00+03:00,3079.86,3079.90,3077.20,3077.91,221733978
MOEX:IMOEX,2020-11-18T17:15:00+03:00,3077.84,3079.64,3077.84,3079.12,96549950
MOEX:IMOEX,2020-11-18T17:16:00+03:00,3079.05,3079.20,3076.56,3076.59,182065337
MOEX:IMOEX,2020-11-18T17:17:00+03:00,3076.65,3078.46,3076.65,3078.40,112263900
MOEX:IMOEX,2020-11-18T17:18:00+03:00,3078.41,3078.98,3078.20,3078.82,117406883
MOEX:IMOEX,2020-11-18T17:19:00+03:00,3078.78,3078.95,3078.20,3078.23,195691770
MOEX:IMOEX,2020-11-18T17:20:00+03:00,3078.20,3079.03,3078.14,3078.86,116760062
MOEX:IMOEX,2020-11-18T17:21:00+03:00,3078.85,3080.25,3078.75,3080.20,106933464
MOEX:IMOEX,2020-11-18T17:22:00+03:00,3080.22,3080.59,3080.15,3080.45,84311402
MOEX:IMOEX,2020-11-18T17:23:00+03:00,3080.51,3080.62,3080.21,3080.30,127677647
MOEX:IMOEX,2020-11-18T17:24:00+03:00,3080.28,3081.05,3080.27,3080.58,141798289
MOEX:IMOEX,2020-11-18T17:25:00+03:00,3080.58,3081.05,3079.47,3079.66,177666418
MOEX:IMOEX,2020-11-18T17:26:00+03:00,3079.66,3079.88,3079.50,3079.55,68180720
MOEX:IMOEX,2020-11-18T17:27:00+03:00,3079.51,3079.51,3078.06,3079.17,233808397
MOEX:IMOEX,2020-11-18T17:28:00+03:00,3079.22,3079.56,3077.72,3079.56,219321356
MOEX:IMOEX,2020-11-18T17:29:00+03:00,3079.48,3079.63,3078.98,3079.39,116160871
MOEX:IMOEX,2020-11-18T17:30:00+03:00,3079.38,3079.63,3078.73,3078.99,193395216
MOEX:IMOEX,2020-11-18T17:31:00+03:00,3079.18,3079.36,3077.76,3079.33,228108962
MOEX:IMOEX,2020-11-18T17:32:00+03:00,3079.33,3079.59,3078.31,3079.35,139598135
MOEX:IMOEX,2020-11-18T17:33:00+03:00,3079.43,3079.95,3079.31,3079.74,98182124
MOEX:IMOEX,2020-11-18T17:34:00+03:00,3079.75,3080.68,3079.35,3079.35,199382123
MOEX:IMOEX,2020-11-18T17:35:00+03:00,3079.44,3079.48,3078.17,3078.17,227530350
MOEX:IMOEX,2020-11-18T17:36:00+03:00,3078.01,3078.72,3076.36,3078.58,448663993
MOEX:IMOEX,2020-11-18T17:37:00+03:00,3078.45,3079.89,3078.39,3079.85,244472966
MOEX:IMOEX,2020-11-18T17:38:00+03:00,3079.85,3080.56,3079.74,3079.95,161832252
MOEX:IMOEX,2020-11-18T17:39:00+03:00,3079.95,3080.86,3079.95,3080.23,462574610
MOEX:IMOEX,2020-11-18T17:40:00+03:00,3080.13,3080.46,3079.46,3080.00,230661558
MOEX:IMOEX,2020-11-18T17:41:00+03:00,3079.96,3081.09,3079.93,3080.93,207933520
MOEX:IMOEX,2020-11-18T17:42:00+03:00,3080.91,3080.98,3079.92,3079.92,143143466
MOEX:IMOEX,2020-11-18T17:43:00+03:00,3079.94,3080.64,3079.85,3080.41,185627076
MOEX:IMOEX,2020-11-18T17:44:00+03:00,3080.47,3081.63,3080.36,3081.30,229913998
MOEX:IMOEX,2020-11-18T17:45:00+03:00,3081.43,3082.29,3081.36,3082.29,181883364
MOEX:IMOEX,2020-11-18T17:46:00+03:00,3082.20,3082.46,3081.87,3082.17,142779445
MOEX:IMOEX,2020-11-18T17:47:00+03:00,3081.83,3082.75,3081.74,3082.70,162607924
MOEX:IMOEX,2020-11-18T17:48:00+03:00,3082.65,3082.66,3081.35,3081.35,141562297
MOEX:IMOEX,2020-11-18T17:49:00+03:00,3081.36,3081.48,3080.33,3080.76,164586882
MOEX:IMOEX,2020-11-18T17:50:00+03:00,3080.48,3082.72,3080.41,3082.55,197412790
MOEX:IMOEX,2020-11-18T17:51:00+03:00,3082.56,3082.79,3081.55,3081.62,107539982
MOEX:IMOEX,2020-11-18T17:52:00+03:00,3081.60,3081.93,3079.81,3079.87,125469458
MOEX:IMOEX,2020-11-18T17:53:00+03:00,3079.89,3080.74,3079.68,3080.57,87223431
MOEX:IMOEX,2020-11-18T17:54:00+03:00,3080.35,3080.42,3079.79,3080.14,241892631
MOEX:IMOEX,2020-11-18T17:55:00+03:00,3080.13,3080.25,3079.13,3079.32,256871719
MOEX:IMOEX,2020-11-18T17:56:00+03:00,3079.45,3079.45,3078.90,3079.19,199987178
MOEX:IMOEX,2020-11-18T17:57:00+03:00,3079.18,3080.21,3079.16,3079.66,151440373
MOEX:IMOEX,2020-11-18T17:58:00+03:00,3079.53,3080.22,3079.53,3080.05,142867357
MOEX:IMOEX,2020-11-18T17:59:00+03:00,3080.06,3080.57,3079.80,3080.57,266242547
MOEX:IMOEX,2020-11-18T18:00:00+03:00,3080.72,3081.70,3080.72,3081.66,312868144
MOEX:IMOEX,2020-11-18T18:01:00+03:00,3081.68,3082.68,3081.61,3082.23,206021760
MOEX:IMOEX,2020-11-18T18:02:00+03:00,3082.03,3082.96,3081.42,3082.49,342726594
MOEX:IMOEX,2020-11-18T18:03:00+03:00,3082.44,3083.24,3082.16,3083.22,260098637
MOEX:IMOEX,2020-11-18T18:04:00+03:00,3083.14,3085.06,3083.13,3084.97,378627078
MOEX:IMOEX,2020-11-18T18:05:00+03:00,3085.05,3085.64,3085.05,3085.45,191011103
MOEX:IMOEX,2020-11-18T18:06:00+03:00,3085.52,3085.81,3085.12,3085.51,211556839
MOEX:IMOEX,2020-11-18T18:07:00+03:00,3085.55,3085.75,3084.81,3084.81,176575184
MOEX:IMOEX,2020-11-18T18:08:00+03:00,3084.83,3085.27,3084.15,3085.20,193817837
MOEX:IMOEX,2020-11-18T18:09:00+03:00,3085.15,3085.15,3084.29,3084.90,180703314
MOEX:IMOEX,2020-11-18T18:10:00+03:00,3084.94,3085.13,3083.55,3083.83,211011695
MOEX:IMOEX,2020-11-18T18:11:00+03:00,3083.86,3084.31,3083.03,3083.51,269531831
MOEX:IMOEX,2020-11-18T18:12:00+03:00,3083.56,3083.88,3082.20,3083.76,265409310
MOEX:IMOEX,2020-11-18T18:13:00+03:00,3083.71,3084.29,3083.71,3084.26,234154825
MOEX:IMOEX,2020-11-18T18:14:00+03:00,3084.10,3084.30,3082.93,3083.46,197518563
MOEX:IMOEX,2020-11-18T18:15:00+03:00,3083.43,3084.12,3083.33,3084.03,149607959
MOEX:IMOEX,2020-11-18T18:16:00+03:00,3084.14,3084.27,3083.61,3084.04,264128504
MOEX:IMOEX,2020-11-18T18:17:00+03:00,3084.03,3084.47,3083.62,3083.95,236496384
MOEX:IMOEX,2020-11-18T18:18:00+03:00,3083.85,3084.28,3083.60,3083.63,171727692
MOEX:IMOEX,2020-11-18T18:19:00+03:00,3083.69,3083.92,3082.82,3082.93,189781408
MOEX:IMOEX,2020-11-18T18:20:00+03:00,3082.94,3082.94,3082.15,3082.45,215986377
MOEX:IMOEX,2020-11-18T18:21:00+03:00,3082.43,3083.25,3082.43,3082.89,268506063
MOEX:IMOEX,2020-11-18T18:22:00+03:00,3082.87,3082.89,3082.14,3082.26,163987426
MOEX:IMOEX,2020-11-18T18:23:00+03:00,3082.20,3082.86,3082.07,3082.72,144531165
MOEX:IMOEX,2020-11-18T18:24:00+03:00,3082.72,3083.36,3082.58,3082.75,194094354
MOEX:IMOEX,2020-11-18T18:25:00+03:00,3082.73,3083.25,3082.65,3082.89,205669878
MOEX:IMOEX,2020-11-18T18:26:00+03:00,3082.93,3083.51,3082.37,3083.36,218492879
MOEX:IMOEX,2020-11-18T18:27:00+03:00,3083.32,3083.84,3083.17,3083.71,236761718
MOEX:IMOEX,2020-11-18T18:28:00+03:00,3083.74,3084.53,3083.31,3084.33,459605747
MOEX:IMOEX,2020-11-18T18:29:00+03:00,3084.45,3084.45,3083.38,3083.61,200030089
MOEX:IMOEX,2020-11-18T18:30:00+03:00,3083.54,3084.21,3083.54,3083.89,292427872
MOEX:IMOEX,2020-11-18T18:31:00+03:00,3083.92,3086.76,3083.92,3086.27,478633261
MOEX:IMOEX,2020-11-18T18:32:00+03:00,3086.31,3086.77,3084.89,3084.89,233570185
MOEX:IMOEX,2020-11-18T18:33:00+03:00,3084.77,3085.08,3083.67,3083.71,207877309
MOEX:IMOEX,2020-11-18T18:34:00+03:00,3083.46,3083.46,3082.21,3082.50,283770210
MOEX:IMOEX,2020-11-18T18:35:00+03:00,3082.53,3082.53,3080.95,3081.11,409909307
MOEX:IMOEX,2020-11-18T18:36:00+03:00,3081.22,3081.37,3080.78,3080.96,246410915
MOEX:IMOEX,2020-11-18T18:37:00+03:00,3080.95,3081.46,3080.39,3080.42,354730329
MOEX:IMOEX,2020-11-18T18:38:00+03:00,3080.40,3080.53,3079.65,3080.40,431775876
MOEX:IMOEX,2020-11-18T18:39:00+03:00,3080.44,3081.50,3080.44,3081.46,298595039
MOEX:IMOEX,2020-11-18T18:40:00+03:00,3081.46,3081.46,3081.46,3081.46,1
MOEX:IMOEX,2020-11-18T18:50:00+03:00,3080.68,3080.68,3080.68,3080.68,3130484329
