MOEX:GAZP,2019-04-04T10:00:00+03:00,156.80,156.88,156.54,156.55,22872
MOEX:GAZP,2019-04-04T10:01:00+03:00,156.53,156.90,156.46,156.90,10169
MOEX:GAZP,2019-04-04T10:02:00+03:00,156.84,157.00,156.81,156.86,10467
MOEX:GAZP,2019-04-04T10:03:00+03:00,156.85,156.98,156.73,156.76,10005
MOEX:GAZP,2019-04-04T10:04:00+03:00,156.75,156.96,156.70,156.86,4748
MOEX:GAZP,2019-04-04T10:05:00+03:00,156.77,156.89,156.74,156.80,8755
MOEX:GAZP,2019-04-04T10:06:00+03:00,156.82,156.88,156.74,156.80,5987
MOEX:GAZP,2019-04-04T10:07:00+03:00,156.81,156.85,156.75,156.80,3937
MOEX:GAZP,2019-04-04T10:08:00+03:00,156.80,156.82,156.57,156.64,15886
MOEX:GAZP,2019-04-04T10:09:00+03:00,156.68,156.81,156.58,156.80,8796
MOEX:GAZP,2019-04-04T10:10:00+03:00,156.81,156.92,156.81,156.90,4678
MOEX:GAZP,2019-04-04T10:11:00+03:00,156.92,156.94,156.74,156.82,11275
MOEX:GAZP,2019-04-04T10:12:00+03:00,156.80,156.82,156.74,156.80,3864
MOEX:GAZP,2019-04-04T10:13:00+03:00,156.80,156.89,156.76,156.89,3678
MOEX:GAZP,2019-04-04T10:14:00+03:00,156.90,156.91,156.83,156.91,2780
MOEX:GAZP,2019-04-04T10:15:00+03:00,156.89,156.90,156.82,156.85,3907
MOEX:GAZP,2019-04-04T10:16:00+03:00,156.87,156.90,156.74,156.75,3570
MOEX:GAZP,2019-04-04T10:17:00+03:00,156.80,156.81,156.63,156.66,4146
MOEX:GAZP,2019-04-04T10:18:00+03:00,156.68,156.76,156.60,156.60,3032
MOEX:GAZP,2019-04-04T10:19:00+03:00,156.60,156.63,156.53,156.53,2833
MOEX:GAZP,2019-04-04T10:20:00+03:00,156.54,156.70,156.53,156.70,5276
MOEX:GAZP,2019-04-04T10:21:00+03:00,156.65,156.70,156.52,156.60,4640
MOEX:GAZP,2019-04-04T10:22:00+03:00,156.60,156.63,156.55,156.55,1451
MOEX:GAZP,2019-04-04T10:23:00+03:00,156.56,156.70,156.55,156.69,1118
MOEX:GAZP,2019-04-04T10:24:00+03:00,156.65,156.67,156.61,156.61,2219
MOEX:GAZP,2019-04-04T10:25:00+03:00,156.61,156.70,156.60,156.62,2122
MOEX:GAZP,2019-04-04T10:26:00+03:00,156.64,156.70,156.59,156.61,4497
MOEX:GAZP,2019-04-04T10:27:00+03:00,156.61,156.61,156.55,156.56,2731
MOEX:GAZP,2019-04-04T10:28:00+03:00,156.56,156.64,156.51,156.54,10502
MOEX:GAZP,2019-04-04T10:29:00+03:00,156.51,156.54,156.50,156.50,13286
MOEX:GAZP,2019-04-04T10:30:00+03:00,156.50,156.65,156.50,156.61,4985
MOEX:GAZP,2019-04-04T10:31:00+03:00,156.61,156.70,156.61,156.68,4194
MOEX:GAZP,2019-04-04T10:32:00+03:00,156.68,156.68,156.60,156.62,609
MOEX:GAZP,2019-04-04T10:33:00+03:00,156.62,156.66,156.52,156.56,3069
MOEX:GAZP,2019-04-04T10:34:00+03:00,156.53,156.58,156.52,156.54,1086
MOEX:GAZP,2019-04-04T10:35:00+03:00,156.54,156.57,156.50,156.57,3750
MOEX:GAZP,2019-04-04T10:36:00+03:00,156.56,156.70,156.56,156.66,4778
MOEX:GAZP,2019-04-04T10:37:00+03:00,156.70,156.78,156.70,156.78,11454
MOEX:GAZP,2019-04-04T10:38:00+03:00,156.76,156.76,156.70,156.71,1714
MOEX:GAZP,2019-04-04T10:39:00+03:00,156.70,156.74,156.63,156.71,1912
MOEX:GAZP,2019-04-04T10:40:00+03:00,156.66,156.70,156.61,156.70,1588
MOEX:GAZP,2019-04-04T10:41:00+03:00,156.65,156.70,156.65,156.70,1071
MOEX:GAZP,2019-04-04T10:42:00+03:00,156.70,156.74,156.63,156.63,2851
MOEX:GAZP,2019-04-04T10:43:00+03:00,156.66,156.68,156.59,156.62,3151
MOEX:GAZP,2019-04-04T10:44:00+03:00,156.62,156.76,156.62,156.76,2667
MOEX:GAZP,2019-04-04T10:45:00+03:00,156.76,156.76,156.69,156.75,1784
MOEX:GAZP,2019-04-04T10:46:00+03:00,156.70,156.74,156.68,156.72,1294
MOEX:GAZP,2019-04-04T10:47:00+03:00,156.73,156.73,156.65,156.70,1096
MOEX:GAZP,2019-04-04T10:48:00+03:00,156.69,156.70,156.66,156.68,655
MOEX:GAZP,2019-04-04T10:49:00+03:00,156.70,156.75,156.68,156.73,5877
MOEX:GAZP,2019-04-04T10:50:00+03:00,156.67,156.74,156.66,156.69,6317
MOEX:GAZP,2019-04-04T10:51:00+03:00,156.70,156.70,156.64,156.67,2029
MOEX:GAZP,2019-04-04T10:52:00+03:00,156.64,156.70,156.64,156.69,1140
MOEX:GAZP,2019-04-04T10:53:00+03:00,156.67,157.00,156.50,156.98,44307
MOEX:GAZP,2019-04-04T10:54:00+03:00,156.96,157.00,156.88,156.94,3844
MOEX:GAZP,2019-04-04T10:55:00+03:00,156.93,156.94,156.85,156.89,1704
MOEX:GAZP,2019-04-04T10:56:00+03:00,156.90,156.90,156.79,156.82,1138
MOEX:GAZP,2019-04-04T10:57:00+03:00,156.81,156.83,156.78,156.80,2520
MOEX:GAZP,2019-04-04T10:58:00+03:00,156.76,156.89,156.76,156.80,12936
MOEX:GAZP,2019-04-04T10:59:00+03:00,156.78,156.83,156.70,156.79,11557
MOEX:GAZP,2019-04-04T11:00:00+03:00,156.83,156.89,156.79,156.86,13405
MOEX:GAZP,2019-04-04T11:01:00+03:00,156.86,156.88,156.81,156.86,2967
MOEX:GAZP,2019-04-04T11:02:00+03:00,156.86,156.90,156.84,156.90,4011
MOEX:GAZP,2019-04-04T11:03:00+03:00,156.90,156.90,156.84,156.84,903
MOEX:GAZP,2019-04-04T11:04:00+03:00,156.88,156.92,156.85,156.92,1333
MOEX:GAZP,2019-04-04T11:05:00+03:00,156.90,156.94,156.85,156.88,3183
MOEX:GAZP,2019-04-04T11:06:00+03:00,156.93,157.00,156.88,156.95,13300
MOEX:GAZP,2019-04-04T11:07:00+03:00,156.96,157.00,156.75,156.82,5962
MOEX:GAZP,2019-04-04T11:08:00+03:00,156.76,156.78,156.73,156.75,1011
MOEX:GAZP,2019-04-04T11:09:00+03:00,156.77,156.77,156.65,156.65,951
MOEX:GAZP,2019-04-04T11:10:00+03:00,156.64,156.66,156.60,156.60,3283
MOEX:GAZP,2019-04-04T11:11:00+03:00,156.59,156.59,156.40,156.40,15436
MOEX:GAZP,2019-04-04T11:12:00+03:00,156.40,156.73,156.40,156.66,14538
MOEX:GAZP,2019-04-04T11:13:00+03:00,156.65,156.65,156.41,156.59,7863
MOEX:GAZP,2019-04-04T11:14:00+03:00,156.60,156.82,156.58,156.69,16405
MOEX:GAZP,2019-04-04T11:15:00+03:00,156.68,156.68,156.62,156.67,739
MOEX:GAZP,2019-04-04T11:16:00+03:00,156.65,156.69,156.65,156.68,299
MOEX:GAZP,2019-04-04T11:17:00+03:00,156.65,156.70,156.63,156.70,3399
MOEX:GAZP,2019-04-04T11:18:00+03:00,156.65,156.89,156.65,156.72,11383
MOEX:GAZP,2019-04-04T11:19:00+03:00,156.75,156.77,156.66,156.76,5456
MOEX:GAZP,2019-04-04T11:20:00+03:00,156.76,156.77,156.66,156.69,8962
MOEX:GAZP,2019-04-04T11:21:00+03:00,156.66,156.69,156.62,156.67,447
MOEX:GAZP,2019-04-04T11:22:00+03:00,156.61,156.67,156.60,156.66,1659
MOEX:GAZP,2019-04-04T11:23:00+03:00,156.67,156.69,156.64,156.66,1332
MOEX:GAZP,2019-04-04T11:24:00+03:00,156.66,156.69,156.61,156.65,1763
MOEX:GAZP,2019-04-04T11:25:00+03:00,156.64,156.70,156.63,156.64,3488
MOEX:GAZP,2019-04-04T11:26:00+03:00,156.65,156.80,156.65,156.75,7873
MOEX:GAZP,2019-04-04T11:27:00+03:00,156.75,156.75,156.69,156.75,2507
MOEX:GAZP,2019-04-04T11:28:00+03:00,156.72,156.75,156.65,156.65,1112
MOEX:GAZP,2019-04-04T11:29:00+03:00,156.64,156.67,156.62,156.62,154
MOEX:GAZP,2019-04-04T11:30:00+03:00,156.61,156.65,156.51,156.56,6735
MOEX:GAZP,2019-04-04T11:31:00+03:00,156.56,156.70,156.56,156.70,4667
MOEX:GAZP,2019-04-04T11:32:00+03:00,156.65,156.65,156.60,156.60,371
MOEX:GAZP,2019-04-04T11:33:00+03:00,156.62,156.65,156.61,156.61,504
MOEX:GAZP,2019-04-04T11:34:00+03:00,156.61,156.61,156.49,156.49,7507
MOEX:GAZP,2019-04-04T11:35:00+03:00,156.50,156.56,156.49,156.50,4592
MOEX:GAZP,2019-04-04T11:36:00+03:00,156.50,156.65,156.50,156.59,3870
MOEX:GAZP,2019-04-04T11:37:00+03:00,156.60,156.64,156.60,156.64,171
MOEX:GAZP,2019-04-04T11:38:00+03:00,156.60,156.63,156.59,156.59,121
MOEX:GAZP,2019-04-04T11:39:00+03:00,156.59,156.70,156.57,156.61,6272
MOEX:GAZP,2019-04-04T11:40:00+03:00,156.61,156.63,156.61,156.61,93
MOEX:GAZP,2019-04-04T11:41:00+03:00,156.67,156.83,156.66,156.83,21271
MOEX:GAZP,2019-04-04T11:42:00+03:00,156.83,156.90,156.78,156.82,16922
MOEX:GAZP,2019-04-04T11:43:00+03:00,156.80,156.83,156.79,156.79,112
MOEX:GAZP,2019-04-04T11:44:00+03:00,156.80,156.82,156.75,156.77,686
MOEX:GAZP,2019-04-04T11:45:00+03:00,156.80,156.83,156.78,156.79,1671
MOEX:GAZP,2019-04-04T11:46:00+03:00,156.83,156.88,156.80,156.83,3122
MOEX:GAZP,2019-04-04T11:47:00+03:00,156.79,156.79,156.76,156.78,1040
MOEX:GAZP,2019-04-04T11:48:00+03:00,156.77,156.78,156.77,156.78,519
MOEX:GAZP,2019-04-04T11:49:00+03:00,156.77,156.89,156.77,156.77,4730
MOEX:GAZP,2019-04-04T11:50:00+03:00,156.78,156.83,156.78,156.80,65
MOEX:GAZP,2019-04-04T11:51:00+03:00,156.80,156.81,156.79,156.80,1320
MOEX:GAZP,2019-04-04T11:52:00+03:00,156.80,156.82,156.78,156.78,149
MOEX:GAZP,2019-04-04T11:53:00+03:00,156.78,156.78,156.72,156.74,1531
MOEX:GAZP,2019-04-04T11:54:00+03:00,156.74,156.77,156.70,156.70,3496
MOEX:GAZP,2019-04-04T11:55:00+03:00,156.70,156.72,156.70,156.72,106
MOEX:GAZP,2019-04-04T11:56:00+03:00,156.70,156.70,156.66,156.68,254
MOEX:GAZP,2019-04-04T11:57:00+03:00,156.67,156.70,156.60,156.63,8272
MOEX:GAZP,2019-04-04T11:58:00+03:00,156.63,156.66,156.60,156.60,1345
MOEX:GAZP,2019-04-04T11:59:00+03:00,156.61,156.65,156.60,156.62,4321
MOEX:GAZP,2019-04-04T12:00:00+03:00,156.63,156.69,156.61,156.65,5311
MOEX:GAZP,2019-04-04T12:01:00+03:00,156.66,156.75,156.64,156.75,1877
MOEX:GAZP,2019-04-04T12:02:00+03:00,156.74,156.77,156.70,156.77,6311
MOEX:GAZP,2019-04-04T12:03:00+03:00,156.77,156.79,156.74,156.74,1092
MOEX:GAZP,2019-04-04T12:04:00+03:00,156.75,156.84,156.75,156.79,4682
MOEX:GAZP,2019-04-04T12:05:00+03:00,156.75,156.79,156.73,156.73,1012
MOEX:GAZP,2019-04-04T12:06:00+03:00,156.78,156.78,156.70,156.70,853
MOEX:GAZP,2019-04-04T12:07:00+03:00,156.68,156.85,156.68,156.84,25750
MOEX:GAZP,2019-04-04T12:08:00+03:00,156.84,156.84,156.76,156.80,1311
MOEX:GAZP,2019-04-04T12:09:00+03:00,156.76,156.82,156.76,156.78,237
MOEX:GAZP,2019-04-04T12:10:00+03:00,156.82,156.82,156.75,156.75,3403
MOEX:GAZP,2019-04-04T12:11:00+03:00,156.75,156.76,156.75,156.75,2986
MOEX:GAZP,2019-04-04T12:12:00+03:00,156.75,156.79,156.75,156.75,4252
MOEX:GAZP,2019-04-04T12:13:00+03:00,156.76,156.80,156.75,156.80,3781
MOEX:GAZP,2019-04-04T12:14:00+03:00,156.80,156.89,156.79,156.80,3346
MOEX:GAZP,2019-04-04T12:15:00+03:00,156.84,156.88,156.78,156.78,1638
MOEX:GAZP,2019-04-04T12:16:00+03:00,156.79,156.86,156.79,156.80,171
MOEX:GAZP,2019-04-04T12:17:00+03:00,156.78,156.84,156.78,156.84,188
MOEX:GAZP,2019-04-04T12:18:00+03:00,156.80,156.80,156.77,156.77,17
MOEX:GAZP,2019-04-04T12:19:00+03:00,156.83,156.85,156.77,156.80,820
MOEX:GAZP,2019-04-04T12:20:00+03:00,156.76,156.80,156.75,156.76,223
MOEX:GAZP,2019-04-04T12:21:00+03:00,156.80,156.80,156.75,156.75,1880
MOEX:GAZP,2019-04-04T12:22:00+03:00,156.75,156.85,156.74,156.85,3892
MOEX:GAZP,2019-04-04T12:23:00+03:00,156.84,156.84,156.74,156.81,694
MOEX:GAZP,2019-04-04T12:24:00+03:00,156.81,156.81,156.75,156.81,433
MOEX:GAZP,2019-04-04T12:25:00+03:00,156.75,156.89,156.68,156.84,9590
MOEX:GAZP,2019-04-04T12:26:00+03:00,156.84,156.89,156.81,156.81,3818
MOEX:GAZP,2019-04-04T12:27:00+03:00,156.82,156.95,156.80,156.90,5070
MOEX:GAZP,2019-04-04T12:28:00+03:00,156.93,156.93,156.88,156.93,856
MOEX:GAZP,2019-04-04T12:29:00+03:00,156.93,156.96,156.86,156.88,1150
MOEX:GAZP,2019-04-04T12:30:00+03:00,156.88,156.88,156.81,156.81,692
MOEX:GAZP,2019-04-04T12:31:00+03:00,156.81,156.90,156.80,156.89,1187
MOEX:GAZP,2019-04-04T12:32:00+03:00,156.88,156.89,156.78,156.78,1684
MOEX:GAZP,2019-04-04T12:33:00+03:00,156.85,156.92,156.72,156.87,5317
MOEX:GAZP,2019-04-04T12:34:00+03:00,156.82,156.82,156.82,156.82,194
MOEX:GAZP,2019-04-04T12:35:00+03:00,156.82,156.86,156.79,156.86,3809
MOEX:GAZP,2019-04-04T12:36:00+03:00,156.81,156.81,156.79,156.79,149
MOEX:GAZP,2019-04-04T12:37:00+03:00,156.81,156.89,156.81,156.83,1202
MOEX:GAZP,2019-04-04T12:38:00+03:00,156.83,156.87,156.73,156.80,5294
MOEX:GAZP,2019-04-04T12:39:00+03:00,156.85,156.90,156.78,156.90,1821
MOEX:GAZP,2019-04-04T12:40:00+03:00,156.87,156.90,156.87,156.88,882
MOEX:GAZP,2019-04-04T12:41:00+03:00,156.89,156.89,156.83,156.89,2686
MOEX:GAZP,2019-04-04T12:42:00+03:00,156.88,156.89,156.80,156.89,3155
MOEX:GAZP,2019-04-04T12:43:00+03:00,156.88,156.90,156.84,156.90,1764
MOEX:GAZP,2019-04-04T12:44:00+03:00,156.90,156.90,156.85,156.90,388
MOEX:GAZP,2019-04-04T12:45:00+03:00,156.86,156.93,156.78,156.90,7209
MOEX:GAZP,2019-04-04T12:46:00+03:00,156.93,157.00,156.84,156.99,16320
MOEX:GAZP,2019-04-04T12:47:00+03:00,156.93,157.00,156.93,157.00,631
MOEX:GAZP,2019-04-04T12:48:00+03:00,156.99,157.14,156.99,157.05,15033
MOEX:GAZP,2019-04-04T12:49:00+03:00,157.07,157.27,157.02,157.25,16627
MOEX:GAZP,2019-04-04T12:50:00+03:00,157.22,157.39,157.18,157.34,12202
MOEX:GAZP,2019-04-04T12:51:00+03:00,157.39,157.46,157.33,157.40,10128
MOEX:GAZP,2019-04-04T12:52:00+03:00,157.40,157.46,157.33,157.40,7005
MOEX:GAZP,2019-04-04T12:53:00+03:00,157.45,157.45,157.39,157.40,3204
MOEX:GAZP,2019-04-04T12:54:00+03:00,157.40,157.41,157.33,157.38,2562
MOEX:GAZP,2019-04-04T12:55:00+03:00,157.35,157.39,157.21,157.28,3020
MOEX:GAZP,2019-04-04T12:56:00+03:00,157.30,157.30,157.23,157.25,270
MOEX:GAZP,2019-04-04T12:57:00+03:00,157.23,157.23,157.15,157.15,1504
MOEX:GAZP,2019-04-04T12:58:00+03:00,157.14,157.15,157.11,157.11,727
MOEX:GAZP,2019-04-04T12:59:00+03:00,157.11,157.15,157.10,157.15,556
MOEX:GAZP,2019-04-04T13:00:00+03:00,157.15,157.20,157.11,157.11,1517
MOEX:GAZP,2019-04-04T13:01:00+03:00,157.11,157.13,157.03,157.10,1549
MOEX:GAZP,2019-04-04T13:02:00+03:00,157.10,157.20,157.07,157.16,757
MOEX:GAZP,2019-04-04T13:03:00+03:00,157.19,157.27,157.19,157.20,7244
MOEX:GAZP,2019-04-04T13:04:00+03:00,157.20,157.25,157.18,157.25,1677
MOEX:GAZP,2019-04-04T13:05:00+03:00,157.24,157.25,157.06,157.11,6273
MOEX:GAZP,2019-04-04T13:06:00+03:00,157.13,157.19,157.09,157.09,568
MOEX:GAZP,2019-04-04T13:07:00+03:00,157.10,157.10,156.86,156.87,2667
MOEX:GAZP,2019-04-04T13:08:00+03:00,156.92,156.98,156.86,156.97,880
MOEX:GAZP,2019-04-04T13:09:00+03:00,156.97,157.03,156.92,156.99,461
MOEX:GAZP,2019-04-04T13:10:00+03:00,157.00,157.02,156.94,156.97,2281
MOEX:GAZP,2019-04-04T13:11:00+03:00,156.97,156.97,156.90,156.97,318
MOEX:GAZP,2019-04-04T13:12:00+03:00,156.94,156.94,156.90,156.90,35
MOEX:GAZP,2019-04-04T13:13:00+03:00,156.90,156.93,156.90,156.93,342
MOEX:GAZP,2019-04-04T13:14:00+03:00,156.93,156.93,156.87,156.90,573
MOEX:GAZP,2019-04-04T13:15:00+03:00,156.87,156.90,156.85,156.88,394
MOEX:GAZP,2019-04-04T13:16:00+03:00,156.85,156.85,156.78,156.78,1243
MOEX:GAZP,2019-04-04T13:17:00+03:00,156.77,156.80,156.76,156.80,994
MOEX:GAZP,2019-04-04T13:18:00+03:00,156.77,156.89,156.77,156.83,1317
MOEX:GAZP,2019-04-04T13:19:00+03:00,156.81,156.82,156.80,156.80,70
MOEX:GAZP,2019-04-04T13:20:00+03:00,156.82,156.87,156.80,156.87,1546
MOEX:GAZP,2019-04-04T13:21:00+03:00,156.87,157.05,156.87,157.01,2388
MOEX:GAZP,2019-04-04T13:22:00+03:00,157.02,157.07,157.01,157.01,1112
MOEX:GAZP,2019-04-04T13:23:00+03:00,157.02,157.02,156.91,156.96,2818
MOEX:GAZP,2019-04-04T13:24:00+03:00,156.94,156.98,156.90,156.98,1808
MOEX:GAZP,2019-04-04T13:25:00+03:00,156.98,156.98,156.92,156.96,608
MOEX:GAZP,2019-04-04T13:26:00+03:00,156.92,156.97,156.90,156.90,133
MOEX:GAZP,2019-04-04T13:27:00+03:00,156.95,156.95,156.94,156.94,241
MOEX:GAZP,2019-04-04T13:28:00+03:00,156.95,156.98,156.93,156.93,287
MOEX:GAZP,2019-04-04T13:29:00+03:00,156.97,156.99,156.95,156.99,303
MOEX:GAZP,2019-04-04T13:30:00+03:00,156.99,156.99,156.96,156.99,16
MOEX:GAZP,2019-04-04T13:31:00+03:00,156.96,157.00,156.95,157.00,735
MOEX:GAZP,2019-04-04T13:32:00+03:00,156.99,157.06,156.96,157.06,1087
MOEX:GAZP,2019-04-04T13:33:00+03:00,157.07,157.15,157.07,157.09,1764
MOEX:GAZP,2019-04-04T13:34:00+03:00,157.10,157.16,157.02,157.16,4372
MOEX:GAZP,2019-04-04T13:35:00+03:00,157.08,157.23,157.08,157.16,6333
MOEX:GAZP,2019-04-04T13:36:00+03:00,157.20,157.30,157.15,157.28,3952
MOEX:GAZP,2019-04-04T13:37:00+03:00,157.22,157.28,157.21,157.28,250
MOEX:GAZP,2019-04-04T13:38:00+03:00,157.27,157.32,157.22,157.28,3267
MOEX:GAZP,2019-04-04T13:39:00+03:00,157.25,157.35,157.25,157.34,2939
MOEX:GAZP,2019-04-04T13:40:00+03:00,157.33,157.33,157.27,157.27,182
MOEX:GAZP,2019-04-04T13:41:00+03:00,157.26,157.46,157.26,157.42,14910
MOEX:GAZP,2019-04-04T13:42:00+03:00,157.42,157.48,157.35,157.40,5009
MOEX:GAZP,2019-04-04T13:43:00+03:00,157.45,157.45,157.31,157.37,2977
MOEX:GAZP,2019-04-04T13:44:00+03:00,157.39,157.50,157.34,157.34,21127
MOEX:GAZP,2019-04-04T13:45:00+03:00,157.33,157.38,157.33,157.33,330
MOEX:GAZP,2019-04-04T13:46:00+03:00,157.37,157.37,157.34,157.37,1690
MOEX:GAZP,2019-04-04T13:47:00+03:00,157.37,157.37,157.37,157.37,100
MOEX:GAZP,2019-04-04T13:48:00+03:00,157.37,157.40,157.30,157.33,1566
MOEX:GAZP,2019-04-04T13:49:00+03:00,157.39,157.43,157.35,157.41,1701
MOEX:GAZP,2019-04-04T13:50:00+03:00,157.40,157.40,157.35,157.35,35
MOEX:GAZP,2019-04-04T13:51:00+03:00,157.36,157.36,157.35,157.36,161
MOEX:GAZP,2019-04-04T13:52:00+03:00,157.39,157.39,157.29,157.39,5179
MOEX:GAZP,2019-04-04T13:53:00+03:00,157.36,157.39,157.36,157.39,738
MOEX:GAZP,2019-04-04T13:54:00+03:00,157.36,157.40,157.35,157.37,1450
MOEX:GAZP,2019-04-04T13:55:00+03:00,157.39,157.39,157.36,157.36,256
MOEX:GAZP,2019-04-04T13:56:00+03:00,157.36,157.38,157.35,157.38,1749
MOEX:GAZP,2019-04-04T13:57:00+03:00,157.37,157.46,157.37,157.37,4082
MOEX:GAZP,2019-04-04T13:58:00+03:00,157.40,157.41,157.37,157.37,163
MOEX:GAZP,2019-04-04T13:59:00+03:00,157.37,157.37,157.34,157.37,28
MOEX:GAZP,2019-04-04T14:00:00+03:00,157.33,157.34,157.30,157.34,984
MOEX:GAZP,2019-04-04T14:01:00+03:00,157.32,157.33,157.30,157.30,102
MOEX:GAZP,2019-04-04T14:02:00+03:00,157.30,157.31,157.17,157.24,5197
MOEX:GAZP,2019-04-04T14:03:00+03:00,157.25,157.25,157.18,157.24,1255
MOEX:GAZP,2019-04-04T14:04:00+03:00,157.24,157.29,157.20,157.29,1540
MOEX:GAZP,2019-04-04T14:05:00+03:00,157.21,157.23,157.16,157.20,1204
MOEX:GAZP,2019-04-04T14:06:00+03:00,157.16,157.16,157.14,157.15,543
MOEX:GAZP,2019-04-04T14:07:00+03:00,157.19,157.20,157.19,157.20,760
MOEX:GAZP,2019-04-04T14:08:00+03:00,157.16,157.21,157.14,157.16,721
MOEX:GAZP,2019-04-04T14:09:00+03:00,157.17,157.21,157.16,157.16,745
MOEX:GAZP,2019-04-04T14:10:00+03:00,157.18,157.21,157.16,157.20,1072
MOEX:GAZP,2019-04-04T14:11:00+03:00,157.21,157.21,157.16,157.16,850
MOEX:GAZP,2019-04-04T14:12:00+03:00,157.19,157.19,157.13,157.13,951
MOEX:GAZP,2019-04-04T14:13:00+03:00,157.15,157.32,157.12,157.27,10736
MOEX:GAZP,2019-04-04T14:14:00+03:00,157.27,157.35,157.27,157.29,1358
MOEX:GAZP,2019-04-04T14:15:00+03:00,157.32,157.33,157.31,157.33,304
MOEX:GAZP,2019-04-04T14:16:00+03:00,157.33,157.33,157.29,157.29,275
MOEX:GAZP,2019-04-04T14:17:00+03:00,157.29,157.40,157.26,157.40,3124
MOEX:GAZP,2019-04-04T14:18:00+03:00,157.35,157.44,157.31,157.31,1403
MOEX:GAZP,2019-04-04T14:19:00+03:00,157.39,157.39,157.39,157.39,11
MOEX:GAZP,2019-04-04T14:20:00+03:00,157.38,157.38,157.31,157.31,163
MOEX:GAZP,2019-04-04T14:21:00+03:00,157.32,157.35,157.31,157.31,136
MOEX:GAZP,2019-04-04T14:22:00+03:00,157.35,157.39,157.35,157.35,1438
MOEX:GAZP,2019-04-04T14:23:00+03:00,157.32,157.32,157.29,157.29,107
MOEX:GAZP,2019-04-04T14:24:00+03:00,157.34,157.35,157.24,157.29,173
MOEX:GAZP,2019-04-04T14:25:00+03:00,157.26,157.41,157.26,157.41,4043
MOEX:GAZP,2019-04-04T14:26:00+03:00,157.34,157.45,157.33,157.39,3506
MOEX:GAZP,2019-04-04T14:27:00+03:00,157.41,157.41,157.36,157.40,146
MOEX:GAZP,2019-04-04T14:28:00+03:00,157.36,157.36,157.36,157.36,21
MOEX:GAZP,2019-04-04T14:29:00+03:00,157.39,157.39,157.36,157.36,79
MOEX:GAZP,2019-04-04T14:30:00+03:00,157.38,157.42,157.36,157.42,960
MOEX:GAZP,2019-04-04T14:31:00+03:00,157.38,157.45,157.38,157.45,11410
MOEX:GAZP,2019-04-04T14:32:00+03:00,157.45,157.45,157.44,157.45,422
MOEX:GAZP,2019-04-04T14:33:00+03:00,157.44,157.48,157.38,157.38,2096
MOEX:GAZP,2019-04-04T14:34:00+03:00,157.38,157.40,157.38,157.38,98
MOEX:GAZP,2019-04-04T14:35:00+03:00,157.38,157.40,157.38,157.40,469
MOEX:GAZP,2019-04-04T14:36:00+03:00,157.38,157.40,157.35,157.38,602
MOEX:GAZP,2019-04-04T14:37:00+03:00,157.39,157.40,157.38,157.38,114
MOEX:GAZP,2019-04-04T14:38:00+03:00,157.40,157.43,157.40,157.42,1006
MOEX:GAZP,2019-04-04T14:39:00+03:00,157.42,157.42,157.38,157.40,765
MOEX:GAZP,2019-04-04T14:40:00+03:00,157.40,157.42,157.38,157.38,589
MOEX:GAZP,2019-04-04T14:41:00+03:00,157.40,157.43,157.38,157.40,1067
MOEX:GAZP,2019-04-04T14:42:00+03:00,157.37,157.48,157.35,157.39,3351
MOEX:GAZP,2019-04-04T14:43:00+03:00,157.39,157.44,157.39,157.44,180
MOEX:GAZP,2019-04-04T14:44:00+03:00,157.44,157.45,157.40,157.45,1201
MOEX:GAZP,2019-04-04T14:45:00+03:00,157.44,157.45,157.39,157.41,69
MOEX:GAZP,2019-04-04T14:46:00+03:00,157.41,157.42,157.33,157.38,992
MOEX:GAZP,2019-04-04T14:47:00+03:00,157.39,157.40,157.39,157.40,37
MOEX:GAZP,2019-04-04T14:48:00+03:00,157.40,157.40,157.32,157.34,1976
MOEX:GAZP,2019-04-04T14:49:00+03:00,157.36,157.39,157.35,157.39,565
MOEX:GAZP,2019-04-04T14:50:00+03:00,157.34,157.34,157.25,157.28,3970
MOEX:GAZP,2019-04-04T14:51:00+03:00,157.28,157.33,157.28,157.33,226
MOEX:GAZP,2019-04-04T14:52:00+03:00,157.29,157.29,157.25,157.26,290
MOEX:GAZP,2019-04-04T14:53:00+03:00,157.28,157.35,157.28,157.34,163
MOEX:GAZP,2019-04-04T14:54:00+03:00,157.35,157.40,157.25,157.40,2567
MOEX:GAZP,2019-04-04T14:55:00+03:00,157.39,157.48,157.38,157.40,5215
MOEX:GAZP,2019-04-04T14:56:00+03:00,157.46,157.46,157.40,157.45,106
MOEX:GAZP,2019-04-04T14:57:00+03:00,157.47,157.47,157.44,157.44,153
MOEX:GAZP,2019-04-04T14:58:00+03:00,157.46,157.58,157.46,157.55,33772
MOEX:GAZP,2019-04-04T14:59:00+03:00,157.46,157.56,157.46,157.56,771
MOEX:GAZP,2019-04-04T15:00:00+03:00,157.53,157.58,157.45,157.48,1450
MOEX:GAZP,2019-04-04T15:01:00+03:00,157.48,157.51,157.45,157.51,519
MOEX:GAZP,2019-04-04T15:02:00+03:00,157.47,157.52,157.47,157.47,1286
MOEX:GAZP,2019-04-04T15:03:00+03:00,157.47,157.52,157.47,157.52,520
MOEX:GAZP,2019-04-04T15:04:00+03:00,157.51,157.53,157.48,157.48,407
MOEX:GAZP,2019-04-04T15:05:00+03:00,157.53,157.56,157.52,157.55,961
MOEX:GAZP,2019-04-04T15:06:00+03:00,157.55,157.57,157.48,157.52,824
MOEX:GAZP,2019-04-04T15:07:00+03:00,157.50,157.54,157.46,157.54,7385
MOEX:GAZP,2019-04-04T15:08:00+03:00,157.55,157.57,157.52,157.54,2186
MOEX:GAZP,2019-04-04T15:09:00+03:00,157.54,157.55,157.50,157.52,1632
MOEX:GAZP,2019-04-04T15:10:00+03:00,157.51,157.53,157.45,157.48,1839
MOEX:GAZP,2019-04-04T15:11:00+03:00,157.45,157.45,157.38,157.39,1414
MOEX:GAZP,2019-04-04T15:12:00+03:00,157.37,157.37,157.27,157.30,2616
MOEX:GAZP,2019-04-04T15:13:00+03:00,157.30,157.32,157.27,157.31,950
MOEX:GAZP,2019-04-04T15:14:00+03:00,157.28,157.30,157.27,157.29,900
MOEX:GAZP,2019-04-04T15:15:00+03:00,157.33,157.39,157.33,157.39,350
MOEX:GAZP,2019-04-04T15:16:00+03:00,157.34,157.34,157.32,157.32,54
MOEX:GAZP,2019-04-04T15:17:00+03:00,157.33,157.33,157.31,157.31,66
MOEX:GAZP,2019-04-04T15:18:00+03:00,157.33,157.34,157.27,157.33,201
MOEX:GAZP,2019-04-04T15:19:00+03:00,157.28,157.29,157.25,157.25,573
MOEX:GAZP,2019-04-04T15:20:00+03:00,157.29,157.42,157.29,157.29,2419
MOEX:GAZP,2019-04-04T15:21:00+03:00,157.29,157.29,157.29,157.29,44
MOEX:GAZP,2019-04-04T15:22:00+03:00,157.29,157.32,157.29,157.32,102
MOEX:GAZP,2019-04-04T15:23:00+03:00,157.32,157.54,157.28,157.43,8789
MOEX:GAZP,2019-04-04T15:24:00+03:00,157.43,157.49,157.41,157.49,398
MOEX:GAZP,2019-04-04T15:25:00+03:00,157.49,157.57,157.43,157.49,4964
MOEX:GAZP,2019-04-04T15:26:00+03:00,157.49,157.50,157.44,157.48,153
MOEX:GAZP,2019-04-04T15:27:00+03:00,157.44,157.74,157.44,157.66,30317
MOEX:GAZP,2019-04-04T15:28:00+03:00,157.70,157.74,157.60,157.65,1137
MOEX:GAZP,2019-04-04T15:29:00+03:00,157.65,157.72,157.63,157.63,1218
MOEX:GAZP,2019-04-04T15:30:00+03:00,157.62,157.69,157.60,157.68,1155
MOEX:GAZP,2019-04-04T15:31:00+03:00,157.63,157.65,157.61,157.63,86
MOEX:GAZP,2019-04-04T15:32:00+03:00,157.60,157.70,157.59,157.61,4933
MOEX:GAZP,2019-04-04T15:33:00+03:00,157.66,157.66,157.60,157.63,228
MOEX:GAZP,2019-04-04T15:34:00+03:00,157.60,157.60,157.48,157.48,4866
MOEX:GAZP,2019-04-04T15:35:00+03:00,157.49,157.53,157.45,157.53,1597
MOEX:GAZP,2019-04-04T15:36:00+03:00,157.52,157.55,157.48,157.48,979
MOEX:GAZP,2019-04-04T15:37:00+03:00,157.52,157.52,157.45,157.51,282
MOEX:GAZP,2019-04-04T15:38:00+03:00,157.51,157.52,157.47,157.50,1382
MOEX:GAZP,2019-04-04T15:39:00+03:00,157.47,157.66,157.47,157.66,3925
MOEX:GAZP,2019-04-04T15:40:00+03:00,157.60,157.62,157.56,157.62,561
MOEX:GAZP,2019-04-04T15:41:00+03:00,157.60,157.60,157.51,157.59,1873
MOEX:GAZP,2019-04-04T15:42:00+03:00,157.57,157.57,157.53,157.57,857
MOEX:GAZP,2019-04-04T15:43:00+03:00,157.59,157.60,157.52,157.52,120
MOEX:GAZP,2019-04-04T15:44:00+03:00,157.52,157.61,157.51,157.61,1482
MOEX:GAZP,2019-04-04T15:45:00+03:00,157.62,157.71,157.62,157.70,4317
MOEX:GAZP,2019-04-04T15:46:00+03:00,157.70,157.72,157.70,157.70,1548
MOEX:GAZP,2019-04-04T15:47:00+03:00,157.70,157.70,157.65,157.65,288
MOEX:GAZP,2019-04-04T15:48:00+03:00,157.65,157.65,157.60,157.63,983
MOEX:GAZP,2019-04-04T15:49:00+03:00,157.59,157.63,157.51,157.52,899
MOEX:GAZP,2019-04-04T15:50:00+03:00,157.51,157.55,157.48,157.48,1507
MOEX:GAZP,2019-04-04T15:51:00+03:00,157.49,157.63,157.49,157.62,3045
MOEX:GAZP,2019-04-04T15:52:00+03:00,157.60,157.70,157.57,157.64,6061
MOEX:GAZP,2019-04-04T15:53:00+03:00,157.70,157.75,157.65,157.74,3456
MOEX:GAZP,2019-04-04T15:54:00+03:00,157.75,157.75,157.73,157.75,451
MOEX:GAZP,2019-04-04T15:55:00+03:00,157.74,157.74,157.67,157.72,794
MOEX:GAZP,2019-04-04T15:56:00+03:00,157.69,157.70,157.60,157.60,749
MOEX:GAZP,2019-04-04T15:57:00+03:00,157.64,157.66,157.59,157.64,661
MOEX:GAZP,2019-04-04T15:58:00+03:00,157.61,157.64,157.61,157.63,307
MOEX:GAZP,2019-04-04T15:59:00+03:00,157.63,157.63,157.59,157.59,908
MOEX:GAZP,2019-04-04T16:00:00+03:00,157.61,157.62,157.59,157.61,400
MOEX:GAZP,2019-04-04T16:01:00+03:00,157.58,157.61,157.53,157.57,389
MOEX:GAZP,2019-04-04T16:02:00+03:00,157.56,157.59,157.52,157.57,637
MOEX:GAZP,2019-04-04T16:03:00+03:00,157.52,157.56,157.51,157.51,93
MOEX:GAZP,2019-04-04T16:04:00+03:00,157.52,157.60,157.42,157.60,5120
MOEX:GAZP,2019-04-04T16:05:00+03:00,157.50,157.63,157.50,157.57,822
MOEX:GAZP,2019-04-04T16:06:00+03:00,157.63,157.65,157.63,157.65,2202
MOEX:GAZP,2019-04-04T16:07:00+03:00,157.64,157.65,157.63,157.64,568
MOEX:GAZP,2019-04-04T16:08:00+03:00,157.65,157.65,157.52,157.52,16
MOEX:GAZP,2019-04-04T16:09:00+03:00,157.52,157.59,157.52,157.56,399
MOEX:GAZP,2019-04-04T16:10:00+03:00,157.59,157.59,157.52,157.52,150
MOEX:GAZP,2019-04-04T16:11:00+03:00,157.52,157.65,157.52,157.65,2055
MOEX:GAZP,2019-04-04T16:12:00+03:00,157.65,157.75,157.62,157.69,8727
MOEX:GAZP,2019-04-04T16:13:00+03:00,157.69,157.78,157.64,157.65,5569
MOEX:GAZP,2019-04-04T16:14:00+03:00,157.65,157.66,157.62,157.65,53
MOEX:GAZP,2019-04-04T16:15:00+03:00,157.64,157.64,157.62,157.62,3979
MOEX:GAZP,2019-04-04T16:16:00+03:00,157.62,157.64,157.62,157.62,1283
MOEX:GAZP,2019-04-04T16:17:00+03:00,157.63,157.77,157.63,157.69,5015
MOEX:GAZP,2019-04-04T16:18:00+03:00,157.65,157.65,157.55,157.59,3314
MOEX:GAZP,2019-04-04T16:19:00+03:00,157.55,157.59,157.53,157.56,331
MOEX:GAZP,2019-04-04T16:20:00+03:00,157.52,157.56,157.49,157.49,2083
MOEX:GAZP,2019-04-04T16:21:00+03:00,157.47,157.48,157.44,157.45,1354
MOEX:GAZP,2019-04-04T16:22:00+03:00,157.45,157.50,157.38,157.38,1228
MOEX:GAZP,2019-04-04T16:23:00+03:00,157.38,157.44,157.34,157.44,5010
MOEX:GAZP,2019-04-04T16:24:00+03:00,157.40,157.40,157.09,157.25,14343
MOEX:GAZP,2019-04-04T16:25:00+03:00,157.22,157.30,157.15,157.30,7206
MOEX:GAZP,2019-04-04T16:26:00+03:00,157.29,157.37,157.27,157.30,1336
MOEX:GAZP,2019-04-04T16:27:00+03:00,157.30,157.57,157.27,157.52,11975
MOEX:GAZP,2019-04-04T16:28:00+03:00,157.48,157.63,157.48,157.51,5628
MOEX:GAZP,2019-04-04T16:29:00+03:00,157.54,157.70,157.45,157.55,12746
MOEX:GAZP,2019-04-04T16:30:00+03:00,157.56,157.70,157.41,157.44,29792
MOEX:GAZP,2019-04-04T16:31:00+03:00,157.44,157.50,157.41,157.46,9180
MOEX:GAZP,2019-04-04T16:32:00+03:00,157.42,157.50,157.42,157.45,10066
MOEX:GAZP,2019-04-04T16:33:00+03:00,157.48,157.50,157.47,157.50,6181
MOEX:GAZP,2019-04-04T16:34:00+03:00,157.50,157.64,157.48,157.57,10492
MOEX:GAZP,2019-04-04T16:35:00+03:00,157.60,157.78,157.48,157.66,20935
MOEX:GAZP,2019-04-04T16:36:00+03:00,157.66,157.86,157.66,157.79,21709
MOEX:GAZP,2019-04-04T16:37:00+03:00,157.79,157.79,157.63,157.69,3659
MOEX:GAZP,2019-04-04T16:38:00+03:00,157.67,157.70,157.62,157.69,1809
MOEX:GAZP,2019-04-04T16:39:00+03:00,157.69,157.80,157.68,157.80,5336
MOEX:GAZP,2019-04-04T16:40:00+03:00,157.73,157.77,157.66,157.74,3814
MOEX:GAZP,2019-04-04T16:41:00+03:00,157.74,157.79,157.68,157.73,4600
MOEX:GAZP,2019-04-04T16:42:00+03:00,157.70,157.73,157.66,157.67,2835
MOEX:GAZP,2019-04-04T16:43:00+03:00,157.65,157.73,157.63,157.73,3813
MOEX:GAZP,2019-04-04T16:44:00+03:00,157.73,157.80,157.73,157.76,3532
MOEX:GAZP,2019-04-04T16:45:00+03:00,157.76,157.81,157.73,157.73,1384
MOEX:GAZP,2019-04-04T16:46:00+03:00,157.80,157.94,157.80,157.94,16468
MOEX:GAZP,2019-04-04T16:47:00+03:00,157.94,157.95,157.89,157.91,4506
MOEX:GAZP,2019-04-04T16:48:00+03:00,157.94,157.95,157.83,157.87,4079
MOEX:GAZP,2019-04-04T16:49:00+03:00,157.87,157.87,157.78,157.84,2264
MOEX:GAZP,2019-04-04T16:50:00+03:00,157.86,157.90,157.84,157.90,3161
MOEX:GAZP,2019-04-04T16:51:00+03:00,157.90,157.90,157.86,157.89,1982
MOEX:GAZP,2019-04-04T16:52:00+03:00,157.86,157.87,157.82,157.87,496
MOEX:GAZP,2019-04-04T16:53:00+03:00,157.82,157.90,157.82,157.89,2266
MOEX:GAZP,2019-04-04T16:54:00+03:00,157.89,157.90,157.86,157.87,2836
MOEX:GAZP,2019-04-04T16:55:00+03:00,157.90,157.90,157.86,157.89,1765
MOEX:GAZP,2019-04-04T16:56:00+03:00,157.88,157.88,157.75,157.86,4425
MOEX:GAZP,2019-04-04T16:57:00+03:00,157.83,157.88,157.80,157.87,1810
MOEX:GAZP,2019-04-04T16:58:00+03:00,157.80,157.87,157.80,157.87,832
MOEX:GAZP,2019-04-04T16:59:00+03:00,157.87,157.88,157.79,157.84,904
MOEX:GAZP,2019-04-04T17:00:00+03:00,157.84,157.90,157.84,157.90,5241
MOEX:GAZP,2019-04-04T17:01:00+03:00,157.88,157.90,157.85,157.90,997
MOEX:GAZP,2019-04-04T17:02:00+03:00,157.87,157.90,157.84,157.84,248
MOEX:GAZP,2019-04-04T17:03:00+03:00,157.87,157.90,157.83,157.90,2953
MOEX:GAZP,2019-04-04T17:04:00+03:00,157.88,157.90,157.88,157.88,3119
MOEX:GAZP,2019-04-04T17:05:00+03:00,157.89,157.93,157.84,157.88,3307
MOEX:GAZP,2019-04-04T17:06:00+03:00,157.88,157.96,157.88,157.96,2856
MOEX:GAZP,2019-04-04T17:07:00+03:00,157.95,158.00,157.93,157.97,14299
MOEX:GAZP,2019-04-04T17:08:00+03:00,157.97,157.99,157.85,157.86,6349
MOEX:GAZP,2019-04-04T17:09:00+03:00,157.87,157.88,157.83,157.88,914
MOEX:GAZP,2019-04-04T17:10:00+03:00,157.88,157.91,157.84,157.86,1242
MOEX:GAZP,2019-04-04T17:11:00+03:00,157.86,157.88,157.85,157.88,1464
MOEX:GAZP,2019-04-04T17:12:00+03:00,157.85,157.88,157.85,157.85,2787
MOEX:GAZP,2019-04-04T17:13:00+03:00,157.84,157.88,157.83,157.87,1756
MOEX:GAZP,2019-04-04T17:14:00+03:00,157.87,157.90,157.83,157.83,2636
MOEX:GAZP,2019-04-04T17:15:00+03:00,157.89,157.92,157.86,157.92,1034
MOEX:GAZP,2019-04-04T17:16:00+03:00,157.90,157.92,157.73,157.80,7721
MOEX:GAZP,2019-04-04T17:17:00+03:00,157.84,157.84,157.79,157.81,1169
MOEX:GAZP,2019-04-04T17:18:00+03:00,157.81,157.84,157.81,157.83,676
MOEX:GAZP,2019-04-04T17:19:00+03:00,157.83,157.83,157.79,157.79,423
MOEX:GAZP,2019-04-04T17:20:00+03:00,157.79,157.79,157.70,157.75,715
MOEX:GAZP,2019-04-04T17:21:00+03:00,157.73,157.76,157.72,157.76,858
MOEX:GAZP,2019-04-04T17:22:00+03:00,157.77,157.77,157.72,157.72,258
MOEX:GAZP,2019-04-04T17:23:00+03:00,157.75,157.83,157.75,157.82,1455
MOEX:GAZP,2019-04-04T17:24:00+03:00,157.79,157.80,157.74,157.80,750
MOEX:GAZP,2019-04-04T17:25:00+03:00,157.80,157.90,157.78,157.87,2545
MOEX:GAZP,2019-04-04T17:26:00+03:00,157.87,157.90,157.82,157.90,2761
MOEX:GAZP,2019-04-04T17:27:00+03:00,157.90,157.90,157.83,157.88,2627
MOEX:GAZP,2019-04-04T17:28:00+03:00,157.89,157.93,157.88,157.92,3937
MOEX:GAZP,2019-04-04T17:29:00+03:00,157.92,157.92,157.72,157.84,5456
MOEX:GAZP,2019-04-04T17:30:00+03:00,157.78,157.85,157.75,157.78,8405
MOEX:GAZP,2019-04-04T17:31:00+03:00,157.79,157.95,157.79,157.83,7038
MOEX:GAZP,2019-04-04T17:32:00+03:00,157.88,158.00,157.88,157.97,28545
MOEX:GAZP,2019-04-04T17:33:00+03:00,157.95,158.22,157.90,158.14,20160
MOEX:GAZP,2019-04-04T17:34:00+03:00,158.14,158.16,158.04,158.14,1300
MOEX:GAZP,2019-04-04T17:35:00+03:00,158.10,158.16,158.05,158.05,3182
MOEX:GAZP,2019-04-04T17:36:00+03:00,158.07,158.13,158.03,158.06,849
MOEX:GAZP,2019-04-04T17:37:00+03:00,158.07,158.08,158.02,158.02,523
MOEX:GAZP,2019-04-04T17:38:00+03:00,158.07,158.10,158.02,158.05,3959
MOEX:GAZP,2019-04-04T17:39:00+03:00,158.03,158.03,157.92,157.98,7492
MOEX:GAZP,2019-04-04T17:40:00+03:00,157.99,158.09,157.99,158.09,2436
MOEX:GAZP,2019-04-04T17:41:00+03:00,158.09,158.13,158.08,158.13,3198
MOEX:GAZP,2019-04-04T17:42:00+03:00,158.13,158.19,158.10,158.16,3245
MOEX:GAZP,2019-04-04T17:43:00+03:00,158.19,158.25,158.19,158.25,4877
MOEX:GAZP,2019-04-04T17:44:00+03:00,158.25,158.30,158.21,158.22,10947
MOEX:GAZP,2019-04-04T17:45:00+03:00,158.26,158.34,158.21,158.34,8216
MOEX:GAZP,2019-04-04T17:46:00+03:00,158.30,158.45,158.30,158.38,10673
MOEX:GAZP,2019-04-04T17:47:00+03:00,158.38,158.42,158.38,158.39,1361
MOEX:GAZP,2019-04-04T17:48:00+03:00,158.42,158.45,158.39,158.39,10838
MOEX:GAZP,2019-04-04T17:49:00+03:00,158.39,158.49,158.39,158.45,17381
MOEX:GAZP,2019-04-04T17:50:00+03:00,158.45,158.49,158.40,158.40,6750
MOEX:GAZP,2019-04-04T17:51:00+03:00,158.40,158.43,158.32,158.40,4839
MOEX:GAZP,2019-04-04T17:52:00+03:00,158.40,158.50,158.40,158.50,8696
MOEX:GAZP,2019-04-04T17:53:00+03:00,158.47,158.50,158.35,158.35,8810
MOEX:GAZP,2019-04-04T17:54:00+03:00,158.38,158.55,158.36,158.41,18920
MOEX:GAZP,2019-04-04T17:55:00+03:00,158.47,158.60,158.41,158.45,20927
MOEX:GAZP,2019-04-04T17:56:00+03:00,158.46,158.46,158.30,158.43,8430
MOEX:GAZP,2019-04-04T17:57:00+03:00,158.44,158.45,158.43,158.45,4431
MOEX:GAZP,2019-04-04T17:58:00+03:00,158.44,158.45,158.40,158.41,10220
MOEX:GAZP,2019-04-04T17:59:00+03:00,158.44,158.52,158.41,158.52,19680
MOEX:GAZP,2019-04-04T18:00:00+03:00,158.53,158.60,158.47,158.52,8490
MOEX:GAZP,2019-04-04T18:01:00+03:00,158.47,158.55,158.46,158.49,2320
MOEX:GAZP,2019-04-04T18:02:00+03:00,158.49,158.60,158.44,158.44,6817
MOEX:GAZP,2019-04-04T18:03:00+03:00,158.45,158.50,158.44,158.45,3309
MOEX:GAZP,2019-04-04T18:04:00+03:00,158.47,158.47,158.44,158.46,857
MOEX:GAZP,2019-04-04T18:05:00+03:00,158.42,158.46,158.38,158.38,1112
MOEX:GAZP,2019-04-04T18:06:00+03:00,158.39,158.49,158.39,158.49,7212
MOEX:GAZP,2019-04-04T18:07:00+03:00,158.49,158.55,158.47,158.54,3532
MOEX:GAZP,2019-04-04T18:08:00+03:00,158.52,158.59,158.50,158.59,4957
MOEX:GAZP,2019-04-04T18:09:00+03:00,158.59,158.74,158.59,158.67,22184
MOEX:GAZP,2019-04-04T18:10:00+03:00,158.67,158.67,158.56,158.63,1697
MOEX:GAZP,2019-04-04T18:11:00+03:00,158.60,158.70,158.56,158.60,5407
MOEX:GAZP,2019-04-04T18:12:00+03:00,158.65,158.68,158.55,158.55,670
MOEX:GAZP,2019-04-04T18:13:00+03:00,158.54,158.54,158.37,158.45,5561
MOEX:GAZP,2019-04-04T18:14:00+03:00,158.39,158.45,158.39,158.45,756
MOEX:GAZP,2019-04-04T18:15:00+03:00,158.45,158.53,158.35,158.40,11890
MOEX:GAZP,2019-04-04T18:16:00+03:00,158.40,158.41,158.33,158.36,6202
MOEX:GAZP,2019-04-04T18:17:00+03:00,158.36,158.39,158.21,158.27,10002
MOEX:GAZP,2019-04-04T18:18:00+03:00,158.25,158.35,158.24,158.30,2550
MOEX:GAZP,2019-04-04T18:19:00+03:00,158.30,158.33,158.22,158.26,2777
MOEX:GAZP,2019-04-04T18:20:00+03:00,158.28,158.38,158.23,158.27,4072
MOEX:GAZP,2019-04-04T18:21:00+03:00,158.27,158.39,158.15,158.36,16263
MOEX:GAZP,2019-04-04T18:22:00+03:00,158.36,158.50,158.31,158.42,18561
MOEX:GAZP,2019-04-04T18:23:00+03:00,158.43,158.56,158.32,158.55,24845
MOEX:GAZP,2019-04-04T18:24:00+03:00,158.55,158.58,158.49,158.55,6368
MOEX:GAZP,2019-04-04T18:25:00+03:00,158.58,158.62,158.48,158.51,12150
MOEX:GAZP,2019-04-04T18:26:00+03:00,158.51,158.61,158.48,158.55,10195
MOEX:GAZP,2019-04-04T18:27:00+03:00,158.52,158.57,158.42,158.57,10218
MOEX:GAZP,2019-04-04T18:28:00+03:00,158.57,158.76,158.49,158.76,30862
MOEX:GAZP,2019-04-04T18:29:00+03:00,158.74,158.79,158.70,158.78,5692
MOEX:GAZP,2019-04-04T18:30:00+03:00,158.78,158.79,158.70,158.72,5505
MOEX:GAZP,2019-04-04T18:31:00+03:00,158.72,158.74,158.72,158.72,4810
MOEX:GAZP,2019-04-04T18:32:00+03:00,158.73,158.74,158.62,158.62,6101
MOEX:GAZP,2019-04-04T18:33:00+03:00,158.62,158.62,158.53,158.57,7506
MOEX:GAZP,2019-04-04T18:34:00+03:00,158.57,158.85,158.55,158.56,51347
MOEX:GAZP,2019-04-04T18:35:00+03:00,158.56,158.61,158.30,158.57,42839
MOEX:GAZP,2019-04-04T18:36:00+03:00,158.57,158.70,158.56,158.69,6728
MOEX:GAZP,2019-04-04T18:37:00+03:00,158.69,158.70,158.59,158.63,1616
MOEX:GAZP,2019-04-04T18:38:00+03:00,158.63,158.67,158.57,158.57,2676
MOEX:GAZP,2019-04-04T18:39:00+03:00,158.60,158.88,158.56,158.85,25570
MOEX:GAZP,2019-04-04T18:45:00+03:00,158.89,158.89,158.89,158.89,53663
MOEX:GAZP,2019-04-04T18:46:00+03:00,158.89,158.89,158.89,158.89,119
MOEX:GAZP,2019-04-04T18:47:00+03:00,158.89,158.89,158.89,158.89,15
MOEX:GAZP,2019-04-04T18:48:00+03:00,158.89,158.89,158.89,158.89,14
MOEX:GAZP,2019-04-04T18:49:00+03:00,158.89,158.89,158.89,158.89,603
