MOEX:VTBR,2018-01-25T10:00:00+03:00,0.049100,0.049160,0.049010,0.049060,104300000
MOEX:VTBR,2018-01-25T10:01:00+03:00,0.049090,0.049190,0.049050,0.049110,78130000
MOEX:VTBR,2018-01-25T10:02:00+03:00,0.049110,0.049120,0.049010,0.049100,77160000
MOEX:VTBR,2018-01-25T10:03:00+03:00,0.049100,0.049150,0.049100,0.049100,96130000
MOEX:VTBR,2018-01-25T10:04:00+03:00,0.049110,0.049200,0.049100,0.049150,97520000
MOEX:VTBR,2018-01-25T10:05:00+03:00,0.049180,0.049190,0.049100,0.049180,45140000
MOEX:VTBR,2018-01-25T10:06:00+03:00,0.049180,0.049180,0.049140,0.049180,9920000
MOEX:VTBR,2018-01-25T10:07:00+03:00,0.049180,0.049190,0.049170,0.049180,14200000
MOEX:VTBR,2018-01-25T10:08:00+03:00,0.049150,0.049200,0.049110,0.049190,104850000
MOEX:VTBR,2018-01-25T10:09:00+03:00,0.049200,0.049250,0.049130,0.049220,222290000
MOEX:VTBR,2018-01-25T10:10:00+03:00,0.049250,0.049250,0.049180,0.049230,82640000
MOEX:VTBR,2018-01-25T10:11:00+03:00,0.049220,0.049230,0.049180,0.049180,16380000
MOEX:VTBR,2018-01-25T10:12:00+03:00,0.049200,0.049210,0.049180,0.049200,14270000
MOEX:VTBR,2018-01-25T10:13:00+03:00,0.049190,0.049190,0.049180,0.049180,1480000
MOEX:VTBR,2018-01-25T10:14:00+03:00,0.049180,0.049250,0.049180,0.049250,75560000
MOEX:VTBR,2018-01-25T10:15:00+03:00,0.049230,0.049280,0.049230,0.049260,95020000
MOEX:VTBR,2018-01-25T10:16:00+03:00,0.049260,0.049270,0.049180,0.049220,52350000
MOEX:VTBR,2018-01-25T10:17:00+03:00,0.049210,0.049230,0.049140,0.049140,115090000
MOEX:VTBR,2018-01-25T10:18:00+03:00,0.049190,0.049240,0.049170,0.049200,49830000
MOEX:VTBR,2018-01-25T10:19:00+03:00,0.049200,0.049260,0.049200,0.049260,53230000
MOEX:VTBR,2018-01-25T10:20:00+03:00,0.049250,0.049250,0.049200,0.049240,43710000
MOEX:VTBR,2018-01-25T10:21:00+03:00,0.049200,0.049240,0.049160,0.049200,81820000
MOEX:VTBR,2018-01-25T10:22:00+03:00,0.049190,0.049200,0.049150,0.049150,221750000
MOEX:VTBR,2018-01-25T10:23:00+03:00,0.049150,0.049190,0.049140,0.049190,57340000
MOEX:VTBR,2018-01-25T10:24:00+03:00,0.049170,0.049190,0.049170,0.049190,8230000
MOEX:VTBR,2018-01-25T10:25:00+03:00,0.049190,0.049190,0.049130,0.049140,43620000
MOEX:VTBR,2018-01-25T10:26:00+03:00,0.049160,0.049160,0.049130,0.049160,7760000
MOEX:VTBR,2018-01-25T10:27:00+03:00,0.049180,0.049180,0.049150,0.049150,1770000
MOEX:VTBR,2018-01-25T10:28:00+03:00,0.049150,0.049160,0.049120,0.049160,13480000
MOEX:VTBR,2018-01-25T10:29:00+03:00,0.049160,0.049260,0.049160,0.049230,112260000
MOEX:VTBR,2018-01-25T10:30:00+03:00,0.049210,0.049260,0.049210,0.049250,27460000
MOEX:VTBR,2018-01-25T10:31:00+03:00,0.049230,0.049230,0.049210,0.049230,17440000
MOEX:VTBR,2018-01-25T10:32:00+03:00,0.049230,0.049240,0.049200,0.049240,30740000
MOEX:VTBR,2018-01-25T10:33:00+03:00,0.049230,0.049230,0.049200,0.049200,28430000
MOEX:VTBR,2018-01-25T10:34:00+03:00,0.049220,0.049240,0.049200,0.049230,18980000
MOEX:VTBR,2018-01-25T10:35:00+03:00,0.049200,0.049220,0.049200,0.049220,6320000
MOEX:VTBR,2018-01-25T10:36:00+03:00,0.049230,0.049240,0.049210,0.049210,5450000
MOEX:VTBR,2018-01-25T10:37:00+03:00,0.049210,0.049240,0.049210,0.049230,23230000
MOEX:VTBR,2018-01-25T10:38:00+03:00,0.049230,0.049230,0.049210,0.049230,8190000
MOEX:VTBR,2018-01-25T10:39:00+03:00,0.049230,0.049240,0.049200,0.049230,283650000
MOEX:VTBR,2018-01-25T10:40:00+03:00,0.049230,0.049230,0.049200,0.049230,10100000
MOEX:VTBR,2018-01-25T10:41:00+03:00,0.049210,0.049250,0.049200,0.049250,26270000
MOEX:VTBR,2018-01-25T10:42:00+03:00,0.049250,0.049360,0.049250,0.049340,207320000
MOEX:VTBR,2018-01-25T10:43:00+03:00,0.049350,0.049410,0.049330,0.049390,213350000
MOEX:VTBR,2018-01-25T10:44:00+03:00,0.049380,0.049500,0.049360,0.049440,277130000
MOEX:VTBR,2018-01-25T10:45:00+03:00,0.049440,0.049500,0.049440,0.049490,146290000
MOEX:VTBR,2018-01-25T10:46:00+03:00,0.049490,0.049500,0.049440,0.049440,91800000
MOEX:VTBR,2018-01-25T10:47:00+03:00,0.049440,0.049450,0.049380,0.049380,95080000
MOEX:VTBR,2018-01-25T10:48:00+03:00,0.049380,0.049390,0.049330,0.049390,18820000
MOEX:VTBR,2018-01-25T10:49:00+03:00,0.049400,0.049490,0.049360,0.049470,169430000
MOEX:VTBR,2018-01-25T10:50:00+03:00,0.049430,0.049490,0.049430,0.049480,45570000
MOEX:VTBR,2018-01-25T10:51:00+03:00,0.049470,0.049500,0.049460,0.049470,53180000
MOEX:VTBR,2018-01-25T10:52:00+03:00,0.049480,0.049510,0.049470,0.049510,82870000
MOEX:VTBR,2018-01-25T10:53:00+03:00,0.049500,0.049530,0.049490,0.049530,95780000
MOEX:VTBR,2018-01-25T10:54:00+03:00,0.049530,0.049550,0.049510,0.049530,60940000
MOEX:VTBR,2018-01-25T10:55:00+03:00,0.049530,0.049530,0.049410,0.049470,210710000
MOEX:VTBR,2018-01-25T10:56:00+03:00,0.049470,0.049470,0.049420,0.049450,16680000
MOEX:VTBR,2018-01-25T10:57:00+03:00,0.049420,0.049440,0.049420,0.049440,4860000
MOEX:VTBR,2018-01-25T10:58:00+03:00,0.049440,0.049470,0.049440,0.049440,19080000
MOEX:VTBR,2018-01-25T10:59:00+03:00,0.049440,0.049460,0.049390,0.049460,125870000
MOEX:VTBR,2018-01-25T11:00:00+03:00,0.049430,0.049460,0.049420,0.049460,16600000
MOEX:VTBR,2018-01-25T11:01:00+03:00,0.049460,0.049470,0.049450,0.049450,27930000
MOEX:VTBR,2018-01-25T11:02:00+03:00,0.049450,0.049520,0.049450,0.049510,175660000
MOEX:VTBR,2018-01-25T11:03:00+03:00,0.049490,0.049670,0.049490,0.049650,279240000
MOEX:VTBR,2018-01-25T11:04:00+03:00,0.049660,0.049870,0.049650,0.049870,330670000
MOEX:VTBR,2018-01-25T11:05:00+03:00,0.049870,0.049890,0.049790,0.049790,193080000
MOEX:VTBR,2018-01-25T11:06:00+03:00,0.049790,0.049810,0.049670,0.049750,166720000
MOEX:VTBR,2018-01-25T11:07:00+03:00,0.049730,0.049770,0.049720,0.049730,51570000
MOEX:VTBR,2018-01-25T11:08:00+03:00,0.049730,0.049770,0.049730,0.049760,15470000
MOEX:VTBR,2018-01-25T11:09:00+03:00,0.049750,0.049760,0.049690,0.049690,96570000
MOEX:VTBR,2018-01-25T11:10:00+03:00,0.049710,0.049750,0.049690,0.049710,26100000
MOEX:VTBR,2018-01-25T11:11:00+03:00,0.049720,0.049740,0.049690,0.049710,41320000
MOEX:VTBR,2018-01-25T11:12:00+03:00,0.049720,0.049720,0.049690,0.049710,8920000
MOEX:VTBR,2018-01-25T11:13:00+03:00,0.049690,0.049750,0.049690,0.049710,30490000
MOEX:VTBR,2018-01-25T11:14:00+03:00,0.049700,0.049750,0.049700,0.049720,35760000
MOEX:VTBR,2018-01-25T11:15:00+03:00,0.049720,0.049800,0.049720,0.049800,188920000
MOEX:VTBR,2018-01-25T11:16:00+03:00,0.049790,0.049800,0.049770,0.049800,158270000
MOEX:VTBR,2018-01-25T11:17:00+03:00,0.049780,0.049890,0.049750,0.049890,199550000
MOEX:VTBR,2018-01-25T11:18:00+03:00,0.049890,0.049910,0.049860,0.049900,278950000
MOEX:VTBR,2018-01-25T11:19:00+03:00,0.049880,0.049900,0.049860,0.049860,161450000
MOEX:VTBR,2018-01-25T11:20:00+03:00,0.049860,0.049860,0.049830,0.049840,71140000
MOEX:VTBR,2018-01-25T11:21:00+03:00,0.049840,0.049850,0.049830,0.049840,9760000
MOEX:VTBR,2018-01-25T11:22:00+03:00,0.049850,0.049880,0.049850,0.049880,15510000
MOEX:VTBR,2018-01-25T11:23:00+03:00,0.049870,0.049890,0.049840,0.049840,69810000
MOEX:VTBR,2018-01-25T11:24:00+03:00,0.049850,0.049850,0.049810,0.049840,110550000
MOEX:VTBR,2018-01-25T11:25:00+03:00,0.049840,0.049840,0.049800,0.049800,29510000
MOEX:VTBR,2018-01-25T11:26:00+03:00,0.049840,0.049850,0.049810,0.049840,56050000
MOEX:VTBR,2018-01-25T11:27:00+03:00,0.049840,0.049840,0.049810,0.049830,4770000
MOEX:VTBR,2018-01-25T11:28:00+03:00,0.049830,0.049850,0.049820,0.049820,43880000
MOEX:VTBR,2018-01-25T11:29:00+03:00,0.049840,0.049850,0.049830,0.049850,37270000
MOEX:VTBR,2018-01-25T11:30:00+03:00,0.049850,0.049850,0.049710,0.049720,160670000
MOEX:VTBR,2018-01-25T11:31:00+03:00,0.049720,0.049790,0.049720,0.049790,35120000
MOEX:VTBR,2018-01-25T11:32:00+03:00,0.049760,0.049780,0.049710,0.049750,9090000
MOEX:VTBR,2018-01-25T11:33:00+03:00,0.049750,0.049760,0.049720,0.049720,22170000
MOEX:VTBR,2018-01-25T11:34:00+03:00,0.049740,0.049750,0.049720,0.049740,6270000
MOEX:VTBR,2018-01-25T11:35:00+03:00,0.049750,0.049800,0.049740,0.049750,60410000
MOEX:VTBR,2018-01-25T11:36:00+03:00,0.049750,0.049800,0.049750,0.049790,37400000
MOEX:VTBR,2018-01-25T11:37:00+03:00,0.049760,0.049800,0.049760,0.049760,67290000
MOEX:VTBR,2018-01-25T11:38:00+03:00,0.049750,0.049750,0.049730,0.049730,55420000
MOEX:VTBR,2018-01-25T11:39:00+03:00,0.049730,0.049750,0.049720,0.049740,19520000
MOEX:VTBR,2018-01-25T11:40:00+03:00,0.049720,0.049720,0.049700,0.049700,19070000
MOEX:VTBR,2018-01-25T11:41:00+03:00,0.049700,0.049700,0.049630,0.049630,122450000
MOEX:VTBR,2018-01-25T11:42:00+03:00,0.049640,0.049670,0.049630,0.049670,13630000
MOEX:VTBR,2018-01-25T11:43:00+03:00,0.049670,0.049700,0.049640,0.049640,11730000
MOEX:VTBR,2018-01-25T11:44:00+03:00,0.049660,0.049690,0.049660,0.049690,6900000
MOEX:VTBR,2018-01-25T11:45:00+03:00,0.049690,0.049700,0.049690,0.049700,28060000
MOEX:VTBR,2018-01-25T11:46:00+03:00,0.049700,0.049730,0.049680,0.049710,28430000
MOEX:VTBR,2018-01-25T11:47:00+03:00,0.049740,0.049780,0.049740,0.049750,21740000
MOEX:VTBR,2018-01-25T11:48:00+03:00,0.049770,0.049770,0.049760,0.049770,6090000
MOEX:VTBR,2018-01-25T11:49:00+03:00,0.049770,0.049770,0.049750,0.049760,38100000
MOEX:VTBR,2018-01-25T11:50:00+03:00,0.049730,0.049750,0.049730,0.049730,9340000
MOEX:VTBR,2018-01-25T11:51:00+03:00,0.049730,0.049740,0.049620,0.049620,75960000
MOEX:VTBR,2018-01-25T11:52:00+03:00,0.049620,0.049670,0.049610,0.049630,48170000
MOEX:VTBR,2018-01-25T11:53:00+03:00,0.049630,0.049690,0.049630,0.049660,15370000
MOEX:VTBR,2018-01-25T11:54:00+03:00,0.049660,0.049690,0.049630,0.049640,30310000
MOEX:VTBR,2018-01-25T11:55:00+03:00,0.049640,0.049670,0.049640,0.049650,11560000
MOEX:VTBR,2018-01-25T11:56:00+03:00,0.049680,0.049750,0.049680,0.049700,39090000
MOEX:VTBR,2018-01-25T11:57:00+03:00,0.049710,0.049800,0.049710,0.049800,41710000
MOEX:VTBR,2018-01-25T11:58:00+03:00,0.049790,0.049800,0.049780,0.049790,1010000
MOEX:VTBR,2018-01-25T11:59:00+03:00,0.049790,0.049800,0.049780,0.049780,84360000
MOEX:VTBR,2018-01-25T12:00:00+03:00,0.049750,0.049790,0.049710,0.049720,19630000
MOEX:VTBR,2018-01-25T12:01:00+03:00,0.049710,0.049740,0.049650,0.049660,44910000
MOEX:VTBR,2018-01-25T12:02:00+03:00,0.049660,0.049660,0.049600,0.049620,35680000
MOEX:VTBR,2018-01-25T12:03:00+03:00,0.049620,0.049620,0.049540,0.049600,161550000
MOEX:VTBR,2018-01-25T12:04:00+03:00,0.049580,0.049600,0.049580,0.049600,4130000
MOEX:VTBR,2018-01-25T12:05:00+03:00,0.049600,0.049610,0.049580,0.049610,13980000
MOEX:VTBR,2018-01-25T12:06:00+03:00,0.049610,0.049620,0.049580,0.049620,38150000
MOEX:VTBR,2018-01-25T12:07:00+03:00,0.049620,0.049710,0.049620,0.049710,29050000
MOEX:VTBR,2018-01-25T12:08:00+03:00,0.049680,0.049740,0.049660,0.049670,47440000
MOEX:VTBR,2018-01-25T12:09:00+03:00,0.049670,0.049720,0.049670,0.049720,11300000
MOEX:VTBR,2018-01-25T12:10:00+03:00,0.049710,0.049770,0.049680,0.049750,39130000
MOEX:VTBR,2018-01-25T12:11:00+03:00,0.049750,0.049780,0.049710,0.049720,34460000
MOEX:VTBR,2018-01-25T12:12:00+03:00,0.049720,0.049750,0.049720,0.049740,20540000
MOEX:VTBR,2018-01-25T12:13:00+03:00,0.049740,0.049740,0.049710,0.049710,7230000
MOEX:VTBR,2018-01-25T12:14:00+03:00,0.049710,0.049730,0.049710,0.049720,12460000
MOEX:VTBR,2018-01-25T12:15:00+03:00,0.049720,0.049720,0.049710,0.049710,13280000
MOEX:VTBR,2018-01-25T12:16:00+03:00,0.049730,0.049730,0.049720,0.049720,1320000
MOEX:VTBR,2018-01-25T12:17:00+03:00,0.049730,0.049740,0.049710,0.049710,11230000
MOEX:VTBR,2018-01-25T12:18:00+03:00,0.049740,0.049770,0.049710,0.049770,13390000
MOEX:VTBR,2018-01-25T12:19:00+03:00,0.049720,0.049770,0.049720,0.049770,16270000
MOEX:VTBR,2018-01-25T12:20:00+03:00,0.049750,0.049770,0.049720,0.049720,12590000
MOEX:VTBR,2018-01-25T12:21:00+03:00,0.049720,0.049780,0.049720,0.049740,20210000
MOEX:VTBR,2018-01-25T12:22:00+03:00,0.049740,0.049740,0.049690,0.049690,44070000
MOEX:VTBR,2018-01-25T12:23:00+03:00,0.049700,0.049700,0.049690,0.049700,8070000
MOEX:VTBR,2018-01-25T12:24:00+03:00,0.049700,0.049700,0.049670,0.049670,4890000
MOEX:VTBR,2018-01-25T12:25:00+03:00,0.049690,0.049700,0.049670,0.049700,35200000
MOEX:VTBR,2018-01-25T12:26:00+03:00,0.049680,0.049710,0.049680,0.049710,2090000
MOEX:VTBR,2018-01-25T12:27:00+03:00,0.049700,0.049740,0.049680,0.049680,51700000
MOEX:VTBR,2018-01-25T12:28:00+03:00,0.049710,0.049740,0.049710,0.049740,55770000
MOEX:VTBR,2018-01-25T12:29:00+03:00,0.049740,0.049740,0.049720,0.049720,28440000
MOEX:VTBR,2018-01-25T12:30:00+03:00,0.049720,0.049720,0.049680,0.049700,19560000
MOEX:VTBR,2018-01-25T12:31:00+03:00,0.049690,0.049700,0.049690,0.049700,8590000
MOEX:VTBR,2018-01-25T12:32:00+03:00,0.049730,0.049770,0.049730,0.049770,54660000
MOEX:VTBR,2018-01-25T12:33:00+03:00,0.049770,0.049790,0.049760,0.049780,75770000
MOEX:VTBR,2018-01-25T12:34:00+03:00,0.049780,0.049780,0.049770,0.049770,21870000
MOEX:VTBR,2018-01-25T12:35:00+03:00,0.049780,0.049780,0.049770,0.049780,840000
MOEX:VTBR,2018-01-25T12:36:00+03:00,0.049780,0.049790,0.049760,0.049760,14250000
MOEX:VTBR,2018-01-25T12:37:00+03:00,0.049790,0.049790,0.049770,0.049770,14600000
MOEX:VTBR,2018-01-25T12:38:00+03:00,0.049770,0.049800,0.049770,0.049770,66720000
MOEX:VTBR,2018-01-25T12:39:00+03:00,0.049780,0.049780,0.049770,0.049770,900000
MOEX:VTBR,2018-01-25T12:40:00+03:00,0.049770,0.049800,0.049720,0.049720,44660000
MOEX:VTBR,2018-01-25T12:41:00+03:00,0.049720,0.049770,0.049710,0.049770,8720000
MOEX:VTBR,2018-01-25T12:42:00+03:00,0.049750,0.049780,0.049730,0.049780,30140000
MOEX:VTBR,2018-01-25T12:43:00+03:00,0.049740,0.049780,0.049730,0.049780,3130000
MOEX:VTBR,2018-01-25T12:44:00+03:00,0.049770,0.049780,0.049740,0.049770,8840000
MOEX:VTBR,2018-01-25T12:45:00+03:00,0.049770,0.049790,0.049770,0.049790,19320000
MOEX:VTBR,2018-01-25T12:46:00+03:00,0.049790,0.049850,0.049790,0.049830,360510000
MOEX:VTBR,2018-01-25T12:47:00+03:00,0.049840,0.049850,0.049830,0.049850,6670000
MOEX:VTBR,2018-01-25T12:48:00+03:00,0.049850,0.049850,0.049740,0.049740,100330000
MOEX:VTBR,2018-01-25T12:49:00+03:00,0.049780,0.049800,0.049780,0.049800,3720000
MOEX:VTBR,2018-01-25T12:50:00+03:00,0.049800,0.049800,0.049780,0.049790,2960000
MOEX:VTBR,2018-01-25T12:51:00+03:00,0.049800,0.049800,0.049760,0.049790,16240000
MOEX:VTBR,2018-01-25T12:52:00+03:00,0.049770,0.049770,0.049770,0.049770,30000
MOEX:VTBR,2018-01-25T12:53:00+03:00,0.049800,0.049850,0.049800,0.049810,26390000
MOEX:VTBR,2018-01-25T12:54:00+03:00,0.049840,0.049850,0.049820,0.049840,2160000
MOEX:VTBR,2018-01-25T12:55:00+03:00,0.049820,0.049850,0.049820,0.049850,25730000
MOEX:VTBR,2018-01-25T12:56:00+03:00,0.049850,0.049850,0.049830,0.049850,87450000
MOEX:VTBR,2018-01-25T12:57:00+03:00,0.049850,0.049850,0.049810,0.049840,34600000
MOEX:VTBR,2018-01-25T12:58:00+03:00,0.049840,0.049850,0.049810,0.049810,18050000
MOEX:VTBR,2018-01-25T12:59:00+03:00,0.049850,0.049850,0.049800,0.049820,12530000
MOEX:VTBR,2018-01-25T13:00:00+03:00,0.049820,0.049840,0.049800,0.049840,9470000
MOEX:VTBR,2018-01-25T13:01:00+03:00,0.049810,0.049830,0.049810,0.049810,18000000
MOEX:VTBR,2018-01-25T13:02:00+03:00,0.049810,0.049830,0.049790,0.049810,4090000
MOEX:VTBR,2018-01-25T13:03:00+03:00,0.049810,0.049810,0.049800,0.049800,4640000
MOEX:VTBR,2018-01-25T13:04:00+03:00,0.049800,0.049800,0.049760,0.049770,67230000
MOEX:VTBR,2018-01-25T13:05:00+03:00,0.049770,0.049770,0.049750,0.049750,11190000
MOEX:VTBR,2018-01-25T13:06:00+03:00,0.049750,0.049750,0.049720,0.049720,71310000
MOEX:VTBR,2018-01-25T13:07:00+03:00,0.049720,0.049720,0.049680,0.049700,30300000
MOEX:VTBR,2018-01-25T13:08:00+03:00,0.049680,0.049700,0.049680,0.049700,4290000
MOEX:VTBR,2018-01-25T13:09:00+03:00,0.049690,0.049810,0.049690,0.049790,150790000
MOEX:VTBR,2018-01-25T13:10:00+03:00,0.049740,0.049850,0.049740,0.049850,169820000
MOEX:VTBR,2018-01-25T13:11:00+03:00,0.049820,0.049850,0.049700,0.049710,191850000
MOEX:VTBR,2018-01-25T13:12:00+03:00,0.049710,0.049720,0.049710,0.049720,3330000
MOEX:VTBR,2018-01-25T13:13:00+03:00,0.049750,0.049780,0.049740,0.049770,22500000
MOEX:VTBR,2018-01-25T13:14:00+03:00,0.049760,0.049790,0.049750,0.049790,3870000
MOEX:VTBR,2018-01-25T13:15:00+03:00,0.049770,0.049810,0.049770,0.049790,13400000
MOEX:VTBR,2018-01-25T13:16:00+03:00,0.049760,0.049820,0.049760,0.049770,35110000
MOEX:VTBR,2018-01-25T13:17:00+03:00,0.049770,0.049770,0.049750,0.049750,29020000
MOEX:VTBR,2018-01-25T13:18:00+03:00,0.049750,0.049750,0.049710,0.049720,41640000
MOEX:VTBR,2018-01-25T13:19:00+03:00,0.049720,0.049740,0.049720,0.049740,2980000
MOEX:VTBR,2018-01-25T13:20:00+03:00,0.049740,0.049740,0.049740,0.049740,100000
MOEX:VTBR,2018-01-25T13:21:00+03:00,0.049750,0.049770,0.049740,0.049770,4230000
MOEX:VTBR,2018-01-25T13:22:00+03:00,0.049760,0.049780,0.049750,0.049750,12290000
MOEX:VTBR,2018-01-25T13:23:00+03:00,0.049760,0.049780,0.049750,0.049780,30000
MOEX:VTBR,2018-01-25T13:24:00+03:00,0.049770,0.049790,0.049750,0.049790,17050000
MOEX:VTBR,2018-01-25T13:25:00+03:00,0.049770,0.049800,0.049750,0.049750,35830000
MOEX:VTBR,2018-01-25T13:26:00+03:00,0.049780,0.049780,0.049730,0.049730,17470000
MOEX:VTBR,2018-01-25T13:27:00+03:00,0.049730,0.049750,0.049730,0.049750,1450000
MOEX:VTBR,2018-01-25T13:28:00+03:00,0.049750,0.049770,0.049750,0.049770,3240000
MOEX:VTBR,2018-01-25T13:29:00+03:00,0.049780,0.049780,0.049780,0.049780,740000
MOEX:VTBR,2018-01-25T13:30:00+03:00,0.049790,0.049800,0.049720,0.049720,111870000
MOEX:VTBR,2018-01-25T13:31:00+03:00,0.049720,0.049720,0.049700,0.049700,22260000
MOEX:VTBR,2018-01-25T13:32:00+03:00,0.049690,0.049720,0.049690,0.049720,40000
MOEX:VTBR,2018-01-25T13:33:00+03:00,0.049720,0.049720,0.049720,0.049720,43350000
MOEX:VTBR,2018-01-25T13:34:00+03:00,0.049720,0.049720,0.049720,0.049720,8850000
MOEX:VTBR,2018-01-25T13:35:00+03:00,0.049710,0.049710,0.049710,0.049710,90000
MOEX:VTBR,2018-01-25T13:36:00+03:00,0.049720,0.049720,0.049710,0.049710,610000
MOEX:VTBR,2018-01-25T13:37:00+03:00,0.049710,0.049710,0.049700,0.049700,27130000
MOEX:VTBR,2018-01-25T13:38:00+03:00,0.049700,0.049720,0.049700,0.049720,25660000
MOEX:VTBR,2018-01-25T13:39:00+03:00,0.049720,0.049720,0.049700,0.049720,19010000
MOEX:VTBR,2018-01-25T13:40:00+03:00,0.049700,0.049700,0.049690,0.049700,21890000
MOEX:VTBR,2018-01-25T13:41:00+03:00,0.049700,0.049720,0.049690,0.049720,42610000
MOEX:VTBR,2018-01-25T13:42:00+03:00,0.049710,0.049720,0.049690,0.049710,48460000
MOEX:VTBR,2018-01-25T13:43:00+03:00,0.049720,0.049720,0.049720,0.049720,4180000
MOEX:VTBR,2018-01-25T13:44:00+03:00,0.049710,0.049720,0.049710,0.049720,2640000
MOEX:VTBR,2018-01-25T13:45:00+03:00,0.049710,0.049720,0.049650,0.049660,112840000
MOEX:VTBR,2018-01-25T13:46:00+03:00,0.049680,0.049700,0.049680,0.049690,360000
MOEX:VTBR,2018-01-25T13:47:00+03:00,0.049700,0.049710,0.049700,0.049710,6720000
MOEX:VTBR,2018-01-25T13:48:00+03:00,0.049700,0.049710,0.049700,0.049710,1040000
MOEX:VTBR,2018-01-25T13:49:00+03:00,0.049690,0.049720,0.049690,0.049720,27470000
MOEX:VTBR,2018-01-25T13:50:00+03:00,0.049720,0.049720,0.049700,0.049700,25230000
MOEX:VTBR,2018-01-25T13:51:00+03:00,0.049700,0.049710,0.049700,0.049710,430000
MOEX:VTBR,2018-01-25T13:52:00+03:00,0.049700,0.049710,0.049700,0.049700,2850000
MOEX:VTBR,2018-01-25T13:53:00+03:00,0.049720,0.049740,0.049720,0.049740,25450000
MOEX:VTBR,2018-01-25T13:54:00+03:00,0.049730,0.049730,0.049730,0.049730,10000
MOEX:VTBR,2018-01-25T13:55:00+03:00,0.049750,0.049780,0.049710,0.049720,30380000
MOEX:VTBR,2018-01-25T13:56:00+03:00,0.049730,0.049820,0.049710,0.049820,111440000
MOEX:VTBR,2018-01-25T13:57:00+03:00,0.049810,0.049810,0.049800,0.049800,12310000
MOEX:VTBR,2018-01-25T13:58:00+03:00,0.049800,0.049840,0.049800,0.049840,32340000
MOEX:VTBR,2018-01-25T13:59:00+03:00,0.049830,0.049840,0.049820,0.049820,10780000
MOEX:VTBR,2018-01-25T14:00:00+03:00,0.049820,0.049820,0.049800,0.049820,33530000
MOEX:VTBR,2018-01-25T14:01:00+03:00,0.049800,0.049800,0.049780,0.049780,320000
MOEX:VTBR,2018-01-25T14:02:00+03:00,0.049780,0.049820,0.049780,0.049810,16660000
MOEX:VTBR,2018-01-25T14:03:00+03:00,0.049780,0.049810,0.049780,0.049780,2020000
MOEX:VTBR,2018-01-25T14:04:00+03:00,0.049810,0.049820,0.049810,0.049820,31560000
MOEX:VTBR,2018-01-25T14:05:00+03:00,0.049810,0.049850,0.049810,0.049850,25720000
MOEX:VTBR,2018-01-25T14:06:00+03:00,0.049850,0.049850,0.049840,0.049850,23400000
MOEX:VTBR,2018-01-25T14:07:00+03:00,0.049840,0.049850,0.049830,0.049840,23980000
MOEX:VTBR,2018-01-25T14:08:00+03:00,0.049830,0.049840,0.049820,0.049820,34870000
MOEX:VTBR,2018-01-25T14:09:00+03:00,0.049820,0.049840,0.049810,0.049810,3710000
MOEX:VTBR,2018-01-25T14:10:00+03:00,0.049830,0.049830,0.049820,0.049820,3810000
MOEX:VTBR,2018-01-25T14:11:00+03:00,0.049810,0.049810,0.049800,0.049810,210000
MOEX:VTBR,2018-01-25T14:12:00+03:00,0.049810,0.049820,0.049810,0.049810,6700000
MOEX:VTBR,2018-01-25T14:13:00+03:00,0.049820,0.049830,0.049820,0.049830,7320000
MOEX:VTBR,2018-01-25T14:14:00+03:00,0.049840,0.049850,0.049830,0.049850,31590000
MOEX:VTBR,2018-01-25T14:15:00+03:00,0.049850,0.049900,0.049850,0.049900,328100000
MOEX:VTBR,2018-01-25T14:16:00+03:00,0.049900,0.049900,0.049890,0.049900,61860000
MOEX:VTBR,2018-01-25T14:17:00+03:00,0.049900,0.049950,0.049890,0.049950,391340000
MOEX:VTBR,2018-01-25T14:18:00+03:00,0.049950,0.049990,0.049950,0.049980,152410000
MOEX:VTBR,2018-01-25T14:19:00+03:00,0.049980,0.050000,0.049970,0.049990,107990000
MOEX:VTBR,2018-01-25T14:20:00+03:00,0.049990,0.050000,0.049990,0.049990,277010000
MOEX:VTBR,2018-01-25T14:21:00+03:00,0.050000,0.050000,0.049930,0.049930,116880000
MOEX:VTBR,2018-01-25T14:22:00+03:00,0.049970,0.050000,0.049950,0.049990,21830000
MOEX:VTBR,2018-01-25T14:23:00+03:00,0.049990,0.050100,0.049960,0.050080,439230000
MOEX:VTBR,2018-01-25T14:24:00+03:00,0.050080,0.050100,0.050050,0.050080,40130000
MOEX:VTBR,2018-01-25T14:25:00+03:00,0.050070,0.050160,0.050070,0.050150,176250000
MOEX:VTBR,2018-01-25T14:26:00+03:00,0.050150,0.050170,0.050140,0.050160,58030000
MOEX:VTBR,2018-01-25T14:27:00+03:00,0.050170,0.050170,0.050100,0.050100,157380000
MOEX:VTBR,2018-01-25T14:28:00+03:00,0.050110,0.050110,0.049970,0.050020,169910000
MOEX:VTBR,2018-01-25T14:29:00+03:00,0.050030,0.050090,0.050010,0.050080,23360000
MOEX:VTBR,2018-01-25T14:30:00+03:00,0.050070,0.050170,0.050070,0.050130,57210000
MOEX:VTBR,2018-01-25T14:31:00+03:00,0.050150,0.050170,0.050130,0.050170,48770000
MOEX:VTBR,2018-01-25T14:32:00+03:00,0.050170,0.050220,0.050160,0.050220,385300000
MOEX:VTBR,2018-01-25T14:33:00+03:00,0.050220,0.050250,0.050120,0.050180,203450000
MOEX:VTBR,2018-01-25T14:34:00+03:00,0.050190,0.050220,0.050170,0.050220,20260000
MOEX:VTBR,2018-01-25T14:35:00+03:00,0.050240,0.050250,0.050200,0.050240,66510000
MOEX:VTBR,2018-01-25T14:36:00+03:00,0.050230,0.050240,0.050220,0.050220,72510000
MOEX:VTBR,2018-01-25T14:37:00+03:00,0.050220,0.050240,0.050220,0.050240,33880000
MOEX:VTBR,2018-01-25T14:38:00+03:00,0.050220,0.050240,0.050220,0.050240,96600000
MOEX:VTBR,2018-01-25T14:39:00+03:00,0.050240,0.050240,0.050140,0.050230,233370000
MOEX:VTBR,2018-01-25T14:40:00+03:00,0.050210,0.050240,0.050210,0.050220,48440000
MOEX:VTBR,2018-01-25T14:41:00+03:00,0.050220,0.050240,0.050180,0.050180,125240000
MOEX:VTBR,2018-01-25T14:42:00+03:00,0.050180,0.050200,0.050180,0.050180,19850000
MOEX:VTBR,2018-01-25T14:43:00+03:00,0.050180,0.050230,0.050180,0.050190,23700000
MOEX:VTBR,2018-01-25T14:44:00+03:00,0.050190,0.050220,0.050190,0.050210,2190000
MOEX:VTBR,2018-01-25T14:45:00+03:00,0.050220,0.050230,0.050210,0.050230,59100000
MOEX:VTBR,2018-01-25T14:46:00+03:00,0.050240,0.050250,0.050230,0.050230,94170000
MOEX:VTBR,2018-01-25T14:47:00+03:00,0.050230,0.050250,0.050230,0.050230,113480000
MOEX:VTBR,2018-01-25T14:48:00+03:00,0.050230,0.050230,0.050210,0.050220,24230000
MOEX:VTBR,2018-01-25T14:49:00+03:00,0.050220,0.050230,0.050220,0.050220,6150000
MOEX:VTBR,2018-01-25T14:50:00+03:00,0.050220,0.050230,0.050200,0.050200,19530000
MOEX:VTBR,2018-01-25T14:51:00+03:00,0.050200,0.050200,0.050140,0.050150,24870000
MOEX:VTBR,2018-01-25T14:52:00+03:00,0.050160,0.050190,0.050150,0.050150,6100000
MOEX:VTBR,2018-01-25T14:53:00+03:00,0.050150,0.050200,0.050130,0.050200,96990000
MOEX:VTBR,2018-01-25T14:54:00+03:00,0.050200,0.050200,0.050140,0.050140,18660000
MOEX:VTBR,2018-01-25T14:55:00+03:00,0.050140,0.050170,0.050140,0.050170,3470000
MOEX:VTBR,2018-01-25T14:56:00+03:00,0.050170,0.050220,0.050170,0.050200,20740000
MOEX:VTBR,2018-01-25T14:57:00+03:00,0.050180,0.050220,0.050170,0.050180,6630000
MOEX:VTBR,2018-01-25T14:58:00+03:00,0.050180,0.050200,0.050180,0.050180,23660000
MOEX:VTBR,2018-01-25T14:59:00+03:00,0.050190,0.050220,0.050120,0.050120,143030000
MOEX:VTBR,2018-01-25T15:00:00+03:00,0.050120,0.050210,0.050120,0.050180,26570000
MOEX:VTBR,2018-01-25T15:01:00+03:00,0.050190,0.050210,0.050180,0.050200,7700000
MOEX:VTBR,2018-01-25T15:02:00+03:00,0.050200,0.050200,0.050180,0.050180,9100000
MOEX:VTBR,2018-01-25T15:03:00+03:00,0.050180,0.050210,0.050150,0.050160,40240000
MOEX:VTBR,2018-01-25T15:04:00+03:00,0.050170,0.050180,0.050130,0.050140,14540000
MOEX:VTBR,2018-01-25T15:05:00+03:00,0.050140,0.050190,0.050140,0.050170,13880000
MOEX:VTBR,2018-01-25T15:06:00+03:00,0.050180,0.050210,0.050120,0.050130,62610000
MOEX:VTBR,2018-01-25T15:07:00+03:00,0.050140,0.050200,0.050100,0.050100,59610000
MOEX:VTBR,2018-01-25T15:08:00+03:00,0.050110,0.050140,0.050110,0.050130,1630000
MOEX:VTBR,2018-01-25T15:09:00+03:00,0.050120,0.050160,0.050120,0.050160,4250000
MOEX:VTBR,2018-01-25T15:10:00+03:00,0.050150,0.050160,0.050140,0.050140,4960000
MOEX:VTBR,2018-01-25T15:11:00+03:00,0.050180,0.050190,0.050140,0.050140,13530000
MOEX:VTBR,2018-01-25T15:12:00+03:00,0.050170,0.050190,0.050170,0.050190,4400000
MOEX:VTBR,2018-01-25T15:13:00+03:00,0.050170,0.050190,0.050170,0.050190,11800000
MOEX:VTBR,2018-01-25T15:14:00+03:00,0.050190,0.050210,0.050170,0.050210,47890000
MOEX:VTBR,2018-01-25T15:15:00+03:00,0.050200,0.050210,0.050190,0.050200,13370000
MOEX:VTBR,2018-01-25T15:16:00+03:00,0.050190,0.050200,0.050190,0.050190,37510000
MOEX:VTBR,2018-01-25T15:17:00+03:00,0.050200,0.050200,0.050160,0.050160,8820000
MOEX:VTBR,2018-01-25T15:18:00+03:00,0.050190,0.050200,0.050160,0.050170,16740000
MOEX:VTBR,2018-01-25T15:19:00+03:00,0.050190,0.050190,0.050170,0.050180,260000
MOEX:VTBR,2018-01-25T15:20:00+03:00,0.050180,0.050200,0.050170,0.050190,5070000
MOEX:VTBR,2018-01-25T15:21:00+03:00,0.050170,0.050200,0.050170,0.050200,30310000
MOEX:VTBR,2018-01-25T15:22:00+03:00,0.050170,0.050180,0.050170,0.050180,9610000
MOEX:VTBR,2018-01-25T15:23:00+03:00,0.050170,0.050180,0.050110,0.050110,65310000
MOEX:VTBR,2018-01-25T15:24:00+03:00,0.050110,0.050120,0.050110,0.050120,1650000
MOEX:VTBR,2018-01-25T15:25:00+03:00,0.050130,0.050150,0.050120,0.050120,7920000
MOEX:VTBR,2018-01-25T15:26:00+03:00,0.050120,0.050150,0.050120,0.050150,14340000
MOEX:VTBR,2018-01-25T15:27:00+03:00,0.050150,0.050200,0.050150,0.050180,133790000
MOEX:VTBR,2018-01-25T15:28:00+03:00,0.050180,0.050200,0.050180,0.050190,15530000
MOEX:VTBR,2018-01-25T15:29:00+03:00,0.050180,0.050200,0.050180,0.050180,57680000
MOEX:VTBR,2018-01-25T15:30:00+03:00,0.050180,0.050190,0.050160,0.050190,8820000
MOEX:VTBR,2018-01-25T15:31:00+03:00,0.050200,0.050200,0.050180,0.050190,36400000
MOEX:VTBR,2018-01-25T15:32:00+03:00,0.050180,0.050200,0.050160,0.050190,59520000
MOEX:VTBR,2018-01-25T15:33:00+03:00,0.050180,0.050190,0.050180,0.050190,800000
MOEX:VTBR,2018-01-25T15:34:00+03:00,0.050180,0.050180,0.050170,0.050170,11960000
MOEX:VTBR,2018-01-25T15:35:00+03:00,0.050180,0.050190,0.050170,0.050190,3310000
MOEX:VTBR,2018-01-25T15:36:00+03:00,0.050180,0.050190,0.050170,0.050180,23520000
MOEX:VTBR,2018-01-25T15:37:00+03:00,0.050190,0.050200,0.050180,0.050190,25700000
MOEX:VTBR,2018-01-25T15:38:00+03:00,0.050180,0.050200,0.050180,0.050200,12490000
MOEX:VTBR,2018-01-25T15:39:00+03:00,0.050200,0.050200,0.050180,0.050200,6260000
MOEX:VTBR,2018-01-25T15:40:00+03:00,0.050200,0.050200,0.050180,0.050200,49360000
MOEX:VTBR,2018-01-25T15:41:00+03:00,0.050200,0.050200,0.050180,0.050190,35270000
MOEX:VTBR,2018-01-25T15:42:00+03:00,0.050170,0.050170,0.050170,0.050170,390000
MOEX:VTBR,2018-01-25T15:43:00+03:00,0.050170,0.050180,0.050170,0.050180,4040000
MOEX:VTBR,2018-01-25T15:44:00+03:00,0.050170,0.050190,0.050170,0.050180,660000
MOEX:VTBR,2018-01-25T15:45:00+03:00,0.050200,0.050200,0.050190,0.050200,15360000
MOEX:VTBR,2018-01-25T15:46:00+03:00,0.050200,0.050200,0.050190,0.050190,20800000
MOEX:VTBR,2018-01-25T15:47:00+03:00,0.050200,0.050200,0.050150,0.050150,55890000
MOEX:VTBR,2018-01-25T15:48:00+03:00,0.050150,0.050180,0.050150,0.050180,1500000
MOEX:VTBR,2018-01-25T15:49:00+03:00,0.050160,0.050170,0.050150,0.050170,10260000
MOEX:VTBR,2018-01-25T15:50:00+03:00,0.050170,0.050180,0.050160,0.050160,13130000
MOEX:VTBR,2018-01-25T15:51:00+03:00,0.050160,0.050200,0.050160,0.050200,22600000
MOEX:VTBR,2018-01-25T15:52:00+03:00,0.050180,0.050190,0.050170,0.050170,13030000
MOEX:VTBR,2018-01-25T15:53:00+03:00,0.050170,0.050180,0.050160,0.050170,16860000
MOEX:VTBR,2018-01-25T15:54:00+03:00,0.050170,0.050190,0.050170,0.050190,2430000
MOEX:VTBR,2018-01-25T15:55:00+03:00,0.050190,0.050200,0.050180,0.050190,13690000
MOEX:VTBR,2018-01-25T15:56:00+03:00,0.050180,0.050200,0.050180,0.050190,5090000
MOEX:VTBR,2018-01-25T15:57:00+03:00,0.050190,0.050200,0.050190,0.050200,45020000
MOEX:VTBR,2018-01-25T15:58:00+03:00,0.050200,0.050250,0.050200,0.050240,213660000
MOEX:VTBR,2018-01-25T15:59:00+03:00,0.050230,0.050240,0.050160,0.050210,82930000
MOEX:VTBR,2018-01-25T16:00:00+03:00,0.050220,0.050220,0.050200,0.050220,43810000
MOEX:VTBR,2018-01-25T16:01:00+03:00,0.050210,0.050220,0.050180,0.050180,17930000
MOEX:VTBR,2018-01-25T16:02:00+03:00,0.050190,0.050220,0.050180,0.050200,24180000
MOEX:VTBR,2018-01-25T16:03:00+03:00,0.050200,0.050200,0.050190,0.050200,9830000
MOEX:VTBR,2018-01-25T16:04:00+03:00,0.050200,0.050210,0.050190,0.050190,23140000
MOEX:VTBR,2018-01-25T16:05:00+03:00,0.050190,0.050200,0.050160,0.050160,20780000
MOEX:VTBR,2018-01-25T16:06:00+03:00,0.050170,0.050200,0.050170,0.050200,9030000
MOEX:VTBR,2018-01-25T16:07:00+03:00,0.050200,0.050200,0.050190,0.050200,10120000
MOEX:VTBR,2018-01-25T16:08:00+03:00,0.050190,0.050230,0.050170,0.050200,54910000
MOEX:VTBR,2018-01-25T16:09:00+03:00,0.050210,0.050230,0.050200,0.050220,16540000
MOEX:VTBR,2018-01-25T16:10:00+03:00,0.050220,0.050220,0.050210,0.050220,5830000
MOEX:VTBR,2018-01-25T16:11:00+03:00,0.050210,0.050210,0.050180,0.050200,44030000
MOEX:VTBR,2018-01-25T16:12:00+03:00,0.050190,0.050200,0.050180,0.050200,1540000
MOEX:VTBR,2018-01-25T16:13:00+03:00,0.050200,0.050200,0.050190,0.050200,3280000
MOEX:VTBR,2018-01-25T16:14:00+03:00,0.050200,0.050220,0.050200,0.050210,11260000
MOEX:VTBR,2018-01-25T16:15:00+03:00,0.050210,0.050250,0.050210,0.050250,57610000
MOEX:VTBR,2018-01-25T16:16:00+03:00,0.050230,0.050250,0.050230,0.050240,18150000
MOEX:VTBR,2018-01-25T16:17:00+03:00,0.050230,0.050250,0.050230,0.050250,11960000
MOEX:VTBR,2018-01-25T16:18:00+03:00,0.050240,0.050270,0.050230,0.050270,203540000
MOEX:VTBR,2018-01-25T16:19:00+03:00,0.050270,0.050350,0.050270,0.050320,503570000
MOEX:VTBR,2018-01-25T16:20:00+03:00,0.050330,0.050370,0.050310,0.050350,48280000
MOEX:VTBR,2018-01-25T16:21:00+03:00,0.050350,0.050430,0.050320,0.050420,173520000
MOEX:VTBR,2018-01-25T16:22:00+03:00,0.050420,0.050450,0.050400,0.050430,72370000
MOEX:VTBR,2018-01-25T16:23:00+03:00,0.050430,0.050450,0.050410,0.050430,68170000
MOEX:VTBR,2018-01-25T16:24:00+03:00,0.050420,0.050430,0.050390,0.050390,66010000
MOEX:VTBR,2018-01-25T16:25:00+03:00,0.050400,0.050400,0.050380,0.050380,15890000
MOEX:VTBR,2018-01-25T16:26:00+03:00,0.050400,0.050400,0.050360,0.050380,24120000
MOEX:VTBR,2018-01-25T16:27:00+03:00,0.050380,0.050390,0.050350,0.050350,17330000
MOEX:VTBR,2018-01-25T16:28:00+03:00,0.050380,0.050400,0.050320,0.050380,54010000
MOEX:VTBR,2018-01-25T16:29:00+03:00,0.050360,0.050370,0.050330,0.050330,20880000
MOEX:VTBR,2018-01-25T16:30:00+03:00,0.050330,0.050380,0.050310,0.050380,21520000
MOEX:VTBR,2018-01-25T16:31:00+03:00,0.050360,0.050380,0.050280,0.050280,70950000
MOEX:VTBR,2018-01-25T16:32:00+03:00,0.050290,0.050320,0.050240,0.050320,72160000
MOEX:VTBR,2018-01-25T16:33:00+03:00,0.050320,0.050320,0.050270,0.050270,35610000
MOEX:VTBR,2018-01-25T16:34:00+03:00,0.050270,0.050330,0.050270,0.050270,32650000
MOEX:VTBR,2018-01-25T16:35:00+03:00,0.050280,0.050290,0.050270,0.050280,10000000
MOEX:VTBR,2018-01-25T16:36:00+03:00,0.050260,0.050290,0.050250,0.050280,18980000
MOEX:VTBR,2018-01-25T16:37:00+03:00,0.050250,0.050280,0.050250,0.050270,1980000
MOEX:VTBR,2018-01-25T16:38:00+03:00,0.050270,0.050270,0.050140,0.050140,139920000
MOEX:VTBR,2018-01-25T16:39:00+03:00,0.050160,0.050180,0.050120,0.050120,40680000
MOEX:VTBR,2018-01-25T16:40:00+03:00,0.050150,0.050200,0.050130,0.050130,68780000
MOEX:VTBR,2018-01-25T16:41:00+03:00,0.050180,0.050240,0.050180,0.050210,3600000
MOEX:VTBR,2018-01-25T16:42:00+03:00,0.050210,0.050230,0.050170,0.050200,19610000
MOEX:VTBR,2018-01-25T16:43:00+03:00,0.050160,0.050190,0.050130,0.050130,35080000
MOEX:VTBR,2018-01-25T16:44:00+03:00,0.050160,0.050180,0.050120,0.050150,21390000
MOEX:VTBR,2018-01-25T16:45:00+03:00,0.050150,0.050150,0.050030,0.050030,145560000
MOEX:VTBR,2018-01-25T16:46:00+03:00,0.050030,0.050070,0.049960,0.049960,102010000
MOEX:VTBR,2018-01-25T16:47:00+03:00,0.049990,0.050080,0.049920,0.050050,129510000
MOEX:VTBR,2018-01-25T16:48:00+03:00,0.050050,0.050080,0.050050,0.050080,24800000
MOEX:VTBR,2018-01-25T16:49:00+03:00,0.050080,0.050180,0.050060,0.050170,31990000
MOEX:VTBR,2018-01-25T16:50:00+03:00,0.050170,0.050200,0.050130,0.050180,47980000
MOEX:VTBR,2018-01-25T16:51:00+03:00,0.050180,0.050220,0.050180,0.050190,66650000
MOEX:VTBR,2018-01-25T16:52:00+03:00,0.050210,0.050240,0.050200,0.050200,27720000
MOEX:VTBR,2018-01-25T16:53:00+03:00,0.050200,0.050220,0.050170,0.050170,18330000
MOEX:VTBR,2018-01-25T16:54:00+03:00,0.050170,0.050170,0.050100,0.050140,41020000
MOEX:VTBR,2018-01-25T16:55:00+03:00,0.050140,0.050170,0.050120,0.050140,21350000
MOEX:VTBR,2018-01-25T16:56:00+03:00,0.050150,0.050190,0.050150,0.050190,390000
MOEX:VTBR,2018-01-25T16:57:00+03:00,0.050180,0.050190,0.050180,0.050180,1860000
MOEX:VTBR,2018-01-25T16:58:00+03:00,0.050180,0.050180,0.050070,0.050080,95620000
MOEX:VTBR,2018-01-25T16:59:00+03:00,0.050080,0.050090,0.050060,0.050070,21490000
MOEX:VTBR,2018-01-25T17:00:00+03:00,0.050070,0.050100,0.050060,0.050100,30450000
MOEX:VTBR,2018-01-25T17:01:00+03:00,0.050090,0.050100,0.050040,0.050040,50350000
MOEX:VTBR,2018-01-25T17:02:00+03:00,0.050020,0.050020,0.049940,0.049990,64380000
MOEX:VTBR,2018-01-25T17:03:00+03:00,0.050000,0.050000,0.049970,0.049980,41050000
MOEX:VTBR,2018-01-25T17:04:00+03:00,0.049990,0.050020,0.049990,0.050010,2320000
MOEX:VTBR,2018-01-25T17:05:00+03:00,0.050020,0.050040,0.049950,0.050020,74600000
MOEX:VTBR,2018-01-25T17:06:00+03:00,0.050010,0.050050,0.050000,0.050000,19860000
MOEX:VTBR,2018-01-25T17:07:00+03:00,0.050030,0.050040,0.050010,0.050040,1210000
MOEX:VTBR,2018-01-25T17:08:00+03:00,0.050020,0.050030,0.049990,0.049990,29970000
MOEX:VTBR,2018-01-25T17:09:00+03:00,0.049990,0.049990,0.049910,0.049990,67330000
MOEX:VTBR,2018-01-25T17:10:00+03:00,0.049980,0.050000,0.049950,0.050000,43720000
MOEX:VTBR,2018-01-25T17:11:00+03:00,0.050010,0.050060,0.050010,0.050020,20740000
MOEX:VTBR,2018-01-25T17:12:00+03:00,0.050050,0.050050,0.050020,0.050020,4900000
MOEX:VTBR,2018-01-25T17:13:00+03:00,0.050040,0.050070,0.050040,0.050060,142840000
MOEX:VTBR,2018-01-25T17:14:00+03:00,0.050050,0.050060,0.050030,0.050040,36670000
MOEX:VTBR,2018-01-25T17:15:00+03:00,0.050030,0.050040,0.050020,0.050030,7460000
MOEX:VTBR,2018-01-25T17:16:00+03:00,0.050020,0.050020,0.049910,0.049980,183890000
MOEX:VTBR,2018-01-25T17:17:00+03:00,0.049950,0.050000,0.049940,0.049990,41080000
MOEX:VTBR,2018-01-25T17:18:00+03:00,0.049960,0.050020,0.049950,0.050020,31730000
MOEX:VTBR,2018-01-25T17:19:00+03:00,0.050010,0.050040,0.050010,0.050040,8950000
MOEX:VTBR,2018-01-25T17:20:00+03:00,0.050040,0.050060,0.050020,0.050050,26970000
MOEX:VTBR,2018-01-25T17:21:00+03:00,0.050050,0.050050,0.050050,0.050050,6460000
MOEX:VTBR,2018-01-25T17:22:00+03:00,0.050060,0.050060,0.050050,0.050050,6070000
MOEX:VTBR,2018-01-25T17:23:00+03:00,0.050050,0.050060,0.050050,0.050060,21410000
MOEX:VTBR,2018-01-25T17:24:00+03:00,0.050070,0.050100,0.050060,0.050100,55150000
MOEX:VTBR,2018-01-25T17:25:00+03:00,0.050100,0.050140,0.050090,0.050140,64050000
MOEX:VTBR,2018-01-25T17:26:00+03:00,0.050140,0.050160,0.050100,0.050110,36530000
MOEX:VTBR,2018-01-25T17:27:00+03:00,0.050110,0.050110,0.050040,0.050090,19370000
MOEX:VTBR,2018-01-25T17:28:00+03:00,0.050090,0.050090,0.050050,0.050080,7940000
MOEX:VTBR,2018-01-25T17:29:00+03:00,0.050080,0.050090,0.050070,0.050080,9320000
MOEX:VTBR,2018-01-25T17:30:00+03:00,0.050080,0.050080,0.050050,0.050050,31190000
MOEX:VTBR,2018-01-25T17:31:00+03:00,0.050100,0.050100,0.050050,0.050060,13880000
MOEX:VTBR,2018-01-25T17:32:00+03:00,0.050050,0.050090,0.050050,0.050090,1750000
MOEX:VTBR,2018-01-25T17:33:00+03:00,0.050090,0.050110,0.050050,0.050050,21750000
MOEX:VTBR,2018-01-25T17:34:00+03:00,0.050050,0.050080,0.050050,0.050060,8300000
MOEX:VTBR,2018-01-25T17:35:00+03:00,0.050070,0.050110,0.050070,0.050110,28650000
MOEX:VTBR,2018-01-25T17:36:00+03:00,0.050110,0.050150,0.050090,0.050140,37080000
MOEX:VTBR,2018-01-25T17:37:00+03:00,0.050100,0.050140,0.050100,0.050130,22290000
MOEX:VTBR,2018-01-25T17:38:00+03:00,0.050090,0.050090,0.050020,0.050040,67580000
MOEX:VTBR,2018-01-25T17:39:00+03:00,0.050020,0.050020,0.049880,0.049900,383330000
MOEX:VTBR,2018-01-25T17:40:00+03:00,0.049900,0.049980,0.049900,0.049950,36710000
MOEX:VTBR,2018-01-25T17:41:00+03:00,0.049960,0.050000,0.049920,0.049960,32420000
MOEX:VTBR,2018-01-25T17:42:00+03:00,0.049970,0.049990,0.049910,0.049930,59260000
MOEX:VTBR,2018-01-25T17:43:00+03:00,0.049940,0.050000,0.049930,0.050000,18070000
MOEX:VTBR,2018-01-25T17:44:00+03:00,0.049980,0.049990,0.049980,0.049980,2830000
MOEX:VTBR,2018-01-25T17:45:00+03:00,0.049970,0.050000,0.049970,0.050000,2140000
MOEX:VTBR,2018-01-25T17:46:00+03:00,0.049980,0.050000,0.049980,0.049990,41840000
MOEX:VTBR,2018-01-25T17:47:00+03:00,0.049980,0.050000,0.049980,0.050000,21210000
MOEX:VTBR,2018-01-25T17:48:00+03:00,0.049990,0.050000,0.049960,0.049980,47970000
MOEX:VTBR,2018-01-25T17:49:00+03:00,0.049980,0.050000,0.049980,0.050000,45970000
MOEX:VTBR,2018-01-25T17:50:00+03:00,0.049980,0.050000,0.049910,0.049970,46370000
MOEX:VTBR,2018-01-25T17:51:00+03:00,0.049920,0.049920,0.049870,0.049900,184640000
MOEX:VTBR,2018-01-25T17:52:00+03:00,0.049920,0.049920,0.049900,0.049920,23480000
MOEX:VTBR,2018-01-25T17:53:00+03:00,0.049920,0.049920,0.049920,0.049920,680000
MOEX:VTBR,2018-01-25T17:54:00+03:00,0.049920,0.049970,0.049920,0.049920,22300000
MOEX:VTBR,2018-01-25T17:55:00+03:00,0.049920,0.049920,0.049800,0.049830,284960000
MOEX:VTBR,2018-01-25T17:56:00+03:00,0.049830,0.049870,0.049800,0.049810,107320000
MOEX:VTBR,2018-01-25T17:57:00+03:00,0.049840,0.049880,0.049800,0.049870,33590000
MOEX:VTBR,2018-01-25T17:58:00+03:00,0.049850,0.049900,0.049830,0.049830,42390000
MOEX:VTBR,2018-01-25T17:59:00+03:00,0.049830,0.049830,0.049810,0.049820,70650000
MOEX:VTBR,2018-01-25T18:00:00+03:00,0.049820,0.049860,0.049800,0.049820,153890000
MOEX:VTBR,2018-01-25T18:01:00+03:00,0.049850,0.049900,0.049810,0.049900,32780000
MOEX:VTBR,2018-01-25T18:02:00+03:00,0.049900,0.049900,0.049800,0.049860,172200000
MOEX:VTBR,2018-01-25T18:03:00+03:00,0.049840,0.049860,0.049810,0.049850,24610000
MOEX:VTBR,2018-01-25T18:04:00+03:00,0.049820,0.049850,0.049820,0.049850,820000
MOEX:VTBR,2018-01-25T18:05:00+03:00,0.049820,0.049870,0.049820,0.049870,22320000
MOEX:VTBR,2018-01-25T18:06:00+03:00,0.049880,0.049880,0.049850,0.049870,42310000
MOEX:VTBR,2018-01-25T18:07:00+03:00,0.049880,0.049900,0.049860,0.049900,17080000
MOEX:VTBR,2018-01-25T18:08:00+03:00,0.049890,0.049910,0.049870,0.049900,33010000
MOEX:VTBR,2018-01-25T18:09:00+03:00,0.049910,0.049910,0.049830,0.049840,67760000
MOEX:VTBR,2018-01-25T18:10:00+03:00,0.049850,0.049870,0.049830,0.049870,27030000
MOEX:VTBR,2018-01-25T18:11:00+03:00,0.049870,0.049870,0.049830,0.049830,13670000
MOEX:VTBR,2018-01-25T18:12:00+03:00,0.049860,0.049900,0.049830,0.049900,71750000
MOEX:VTBR,2018-01-25T18:13:00+03:00,0.049900,0.049900,0.049860,0.049870,29640000
MOEX:VTBR,2018-01-25T18:14:00+03:00,0.049880,0.049900,0.049850,0.049890,41190000
MOEX:VTBR,2018-01-25T18:15:00+03:00,0.049900,0.049970,0.049900,0.049940,46360000
MOEX:VTBR,2018-01-25T18:16:00+03:00,0.049940,0.049960,0.049900,0.049960,24770000
MOEX:VTBR,2018-01-25T18:17:00+03:00,0.049940,0.049980,0.049920,0.049950,32830000
MOEX:VTBR,2018-01-25T18:18:00+03:00,0.049970,0.049990,0.049960,0.049960,57390000
MOEX:VTBR,2018-01-25T18:19:00+03:00,0.049990,0.049990,0.049890,0.049900,145640000
MOEX:VTBR,2018-01-25T18:20:00+03:00,0.049890,0.049930,0.049870,0.049900,25220000
MOEX:VTBR,2018-01-25T18:21:00+03:00,0.049910,0.049910,0.049870,0.049880,69230000
MOEX:VTBR,2018-01-25T18:22:00+03:00,0.049880,0.049900,0.049880,0.049880,62700000
MOEX:VTBR,2018-01-25T18:23:00+03:00,0.049880,0.049900,0.049880,0.049880,2690000
MOEX:VTBR,2018-01-25T18:24:00+03:00,0.049900,0.049920,0.049810,0.049870,246710000
MOEX:VTBR,2018-01-25T18:25:00+03:00,0.049820,0.049890,0.049660,0.049750,574740000
MOEX:VTBR,2018-01-25T18:26:00+03:00,0.049770,0.049820,0.049740,0.049750,40610000
MOEX:VTBR,2018-01-25T18:27:00+03:00,0.049790,0.049800,0.049750,0.049760,25860000
MOEX:VTBR,2018-01-25T18:28:00+03:00,0.049760,0.049800,0.049750,0.049770,40610000
MOEX:VTBR,2018-01-25T18:29:00+03:00,0.049790,0.049840,0.049770,0.049810,54510000
MOEX:VTBR,2018-01-25T18:30:00+03:00,0.049850,0.049850,0.049740,0.049750,178150000
MOEX:VTBR,2018-01-25T18:31:00+03:00,0.049790,0.049800,0.049700,0.049720,304660000
MOEX:VTBR,2018-01-25T18:32:00+03:00,0.049740,0.049740,0.049610,0.049650,300290000
MOEX:VTBR,2018-01-25T18:33:00+03:00,0.049660,0.049680,0.049550,0.049550,403790000
MOEX:VTBR,2018-01-25T18:34:00+03:00,0.049560,0.049660,0.049550,0.049660,101790000
MOEX:VTBR,2018-01-25T18:35:00+03:00,0.049660,0.049670,0.049620,0.049620,68480000
MOEX:VTBR,2018-01-25T18:36:00+03:00,0.049630,0.049660,0.049550,0.049590,257220000
MOEX:VTBR,2018-01-25T18:37:00+03:00,0.049640,0.049640,0.049550,0.049620,147840000
MOEX:VTBR,2018-01-25T18:38:00+03:00,0.049600,0.049690,0.049510,0.049690,394760000
MOEX:VTBR,2018-01-25T18:39:00+03:00,0.049660,0.049740,0.049590,0.049700,77210000
MOEX:VTBR,2018-01-25T18:45:00+03:00,0.049900,0.049900,0.049900,0.049900,494240000
MOEX:VTBR,2018-01-25T18:46:00+03:00,0.049900,0.049900,0.049900,0.049900,10210000
MOEX:VTBR,2018-01-25T18:47:00+03:00,0.049900,0.049900,0.049900,0.049900,160000
MOEX:VTBR,2018-01-25T18:48:00+03:00,0.049900,0.049900,0.049900,0.049900,30000
MOEX:VTBR,2018-01-25T18:49:00+03:00,0.049900,0.049900,0.049900,0.049900,1860000
