Finam:BR,2020-05-15T00:00:00+03:00,31.40,31.40,31.35,31.35,4
Finam:BR,2020-05-15T01:00:00+03:00,31.39,31.39,31.39,31.39,1
Finam:BR,2020-05-15T01:01:00+03:00,31.40,31.41,31.40,31.41,2
Finam:BR,2020-05-15T01:02:00+03:00,31.39,31.39,31.36,31.36,2
Finam:BR,2020-05-15T01:03:00+03:00,31.35,31.35,31.34,31.35,6
Finam:BR,2020-05-15T01:04:00+03:00,31.32,31.34,31.32,31.34,3
Finam:BR,2020-05-15T01:05:00+03:00,31.34,31.34,31.34,31.34,1
Finam:BR,2020-05-15T01:07:00+03:00,31.34,31.34,31.34,31.34,1
Finam:BR,2020-05-15T01:11:00+03:00,31.37,31.50,31.37,31.41,84
Finam:BR,2020-05-15T01:13:00+03:00,31.41,31.41,31.41,31.41,2
Finam:BR,2020-05-15T01:14:00+03:00,31.43,31.43,31.43,31.43,1
Finam:BR,2020-05-15T01:15:00+03:00,31.43,31.50,31.43,31.50,136
Finam:BR,2020-05-15T01:16:00+03:00,31.51,31.51,31.50,31.50,86
Finam:BR,2020-05-15T01:17:00+03:00,31.50,31.50,31.50,31.50,1
Finam:BR,2020-05-15T01:19:00+03:00,31.50,31.50,31.50,31.50,4
Finam:BR,2020-05-15T01:20:00+03:00,31.50,31.50,31.50,31.50,18
Finam:BR,2020-05-15T01:21:00+03:00,31.50,31.50,31.50,31.50,56
Finam:BR,2020-05-15T01:22:00+03:00,31.50,31.50,31.50,31.50,1
Finam:BR,2020-05-15T01:24:00+03:00,31.50,31.50,31.50,31.50,30
Finam:BR,2020-05-15T01:25:00+03:00,31.50,31.50,31.50,31.50,1
Finam:BR,2020-05-15T01:29:00+03:00,31.51,31.51,31.51,31.51,1
Finam:BR,2020-05-15T01:32:00+03:00,31.50,31.51,31.50,31.51,6
Finam:BR,2020-05-15T01:33:00+03:00,31.51,31.51,31.51,31.51,3
Finam:BR,2020-05-15T01:34:00+03:00,31.50,31.50,31.50,31.50,1
Finam:BR,2020-05-15T01:37:00+03:00,31.51,31.51,31.51,31.51,1
Finam:BR,2020-05-15T01:39:00+03:00,31.50,31.50,31.50,31.50,1
Finam:BR,2020-05-15T01:40:00+03:00,31.50,31.50,31.50,31.50,1
Finam:BR,2020-05-15T01:44:00+03:00,31.51,31.55,31.51,31.55,134
Finam:BR,2020-05-15T01:45:00+03:00,31.55,31.55,31.47,31.47,35
Finam:BR,2020-05-15T01:46:00+03:00,31.47,31.47,31.47,31.47,1
Finam:BR,2020-05-15T01:47:00+03:00,31.47,31.48,31.47,31.48,2
Finam:BR,2020-05-15T01:48:00+03:00,31.47,31.47,31.46,31.47,6
Finam:BR,2020-05-15T01:49:00+03:00,31.47,31.47,31.47,31.47,1
Finam:BR,2020-05-15T01:55:00+03:00,31.47,31.47,31.45,31.45,105
Finam:BR,2020-05-15T04:00:00+03:00,31.52,31.52,31.39,31.41,152
Finam:BR,2020-05-15T04:01:00+03:00,31.42,31.44,31.30,31.32,62
Finam:BR,2020-05-15T04:02:00+03:00,31.33,31.34,31.32,31.33,18
Finam:BR,2020-05-15T04:03:00+03:00,31.31,31.33,31.30,31.33,20
Finam:BR,2020-05-15T04:04:00+03:00,31.35,31.35,31.28,31.29,28
Finam:BR,2020-05-15T04:05:00+03:00,31.29,31.30,31.22,31.22,72
Finam:BR,2020-05-15T04:06:00+03:00,31.22,31.24,31.22,31.23,16
Finam:BR,2020-05-15T04:07:00+03:00,31.24,31.26,31.24,31.24,13
Finam:BR,2020-05-15T04:08:00+03:00,31.24,31.25,31.22,31.25,13
Finam:BR,2020-05-15T04:09:00+03:00,31.26,31.27,31.22,31.24,26
Finam:BR,2020-05-15T04:10:00+03:00,31.22,31.23,31.13,31.19,25
Finam:BR,2020-05-15T04:11:00+03:00,31.20,31.22,31.17,31.19,31
Finam:BR,2020-05-15T04:12:00+03:00,31.19,31.20,31.19,31.19,12
Finam:BR,2020-05-15T04:13:00+03:00,31.22,31.22,31.13,31.14,62
Finam:BR,2020-05-15T04:14:00+03:00,31.17,31.20,31.15,31.19,18
Finam:BR,2020-05-15T04:15:00+03:00,31.17,31.19,31.17,31.18,4
Finam:BR,2020-05-15T04:16:00+03:00,31.16,31.17,31.16,31.17,2
Finam:BR,2020-05-15T04:17:00+03:00,31.16,31.16,31.16,31.16,5
Finam:BR,2020-05-15T04:18:00+03:00,31.18,31.19,31.17,31.17,9
Finam:BR,2020-05-15T04:19:00+03:00,31.18,31.18,31.17,31.17,2
Finam:BR,2020-05-15T04:20:00+03:00,31.16,31.18,31.10,31.10,22
Finam:BR,2020-05-15T04:21:00+03:00,31.10,31.13,31.10,31.10,9
Finam:BR,2020-05-15T04:22:00+03:00,31.11,31.18,31.09,31.17,56
Finam:BR,2020-05-15T04:23:00+03:00,31.16,31.16,31.16,31.16,2
Finam:BR,2020-05-15T04:24:00+03:00,31.18,31.18,31.16,31.16,11
Finam:BR,2020-05-15T04:25:00+03:00,31.16,31.16,31.16,31.16,1
Finam:BR,2020-05-15T04:26:00+03:00,31.16,31.17,31.16,31.17,4
Finam:BR,2020-05-15T04:27:00+03:00,31.14,31.14,31.12,31.12,3
Finam:BR,2020-05-15T04:28:00+03:00,31.11,31.12,31.10,31.12,4
Finam:BR,2020-05-15T04:29:00+03:00,31.13,31.13,31.13,31.13,3
Finam:BR,2020-05-15T04:30:00+03:00,31.11,31.11,31.11,31.11,1
Finam:BR,2020-05-15T04:31:00+03:00,31.13,31.15,31.13,31.15,18
Finam:BR,2020-05-15T04:32:00+03:00,31.17,31.17,31.17,31.17,4
Finam:BR,2020-05-15T04:33:00+03:00,31.18,31.19,31.16,31.17,9
Finam:BR,2020-05-15T04:34:00+03:00,31.17,31.18,31.17,31.18,6
Finam:BR,2020-05-15T04:35:00+03:00,31.16,31.18,31.16,31.16,5
Finam:BR,2020-05-15T04:36:00+03:00,31.16,31.17,31.16,31.17,2
Finam:BR,2020-05-15T04:37:00+03:00,31.19,31.20,31.19,31.20,6
Finam:BR,2020-05-15T04:38:00+03:00,31.17,31.17,31.16,31.16,7
Finam:BR,2020-05-15T04:39:00+03:00,31.15,31.16,31.14,31.14,4
Finam:BR,2020-05-15T04:40:00+03:00,31.16,31.16,31.16,31.16,1
Finam:BR,2020-05-15T04:41:00+03:00,31.13,31.15,31.13,31.15,4
Finam:BR,2020-05-15T04:42:00+03:00,31.16,31.16,31.09,31.09,65
Finam:BR,2020-05-15T04:45:00+03:00,31.08,31.09,31.08,31.09,9
Finam:BR,2020-05-15T04:46:00+03:00,31.11,31.14,31.09,31.12,24
Finam:BR,2020-05-15T04:47:00+03:00,31.12,31.13,31.10,31.11,7
Finam:BR,2020-05-15T04:48:00+03:00,31.13,31.13,31.11,31.11,12
Finam:BR,2020-05-15T04:49:00+03:00,31.13,31.13,31.13,31.13,1
Finam:BR,2020-05-15T04:50:00+03:00,31.14,31.14,31.14,31.14,1
Finam:BR,2020-05-15T04:51:00+03:00,31.15,31.15,31.14,31.14,2
Finam:BR,2020-05-15T04:52:00+03:00,31.16,31.16,31.14,31.14,4
Finam:BR,2020-05-15T04:53:00+03:00,31.19,31.19,31.17,31.17,2
Finam:BR,2020-05-15T04:54:00+03:00,31.18,31.18,31.16,31.16,5
Finam:BR,2020-05-15T04:55:00+03:00,31.13,31.13,31.13,31.13,2
Finam:BR,2020-05-15T04:56:00+03:00,31.11,31.11,31.06,31.06,10
Finam:BR,2020-05-15T04:57:00+03:00,31.07,31.11,30.94,30.96,275
Finam:BR,2020-05-15T04:58:00+03:00,30.98,31.01,30.98,30.99,25
Finam:BR,2020-05-15T04:59:00+03:00,31.01,31.03,30.95,30.97,87
Finam:BR,2020-05-15T05:00:00+03:00,30.95,31.01,30.94,31.01,22
Finam:BR,2020-05-15T05:01:00+03:00,30.99,31.00,30.96,30.96,20
Finam:BR,2020-05-15T05:02:00+03:00,31.01,31.02,30.95,30.96,73
Finam:BR,2020-05-15T05:03:00+03:00,30.98,31.08,30.96,31.02,120
Finam:BR,2020-05-15T05:04:00+03:00,31.05,31.07,31.03,31.03,7
Finam:BR,2020-05-15T05:05:00+03:00,31.06,31.10,31.06,31.08,55
Finam:BR,2020-05-15T05:06:00+03:00,31.08,31.11,31.02,31.04,63
Finam:BR,2020-05-15T05:07:00+03:00,31.07,31.07,31.05,31.06,10
Finam:BR,2020-05-15T05:08:00+03:00,31.06,31.07,31.02,31.06,15
Finam:BR,2020-05-15T05:09:00+03:00,31.05,31.07,31.05,31.07,8
Finam:BR,2020-05-15T05:10:00+03:00,31.09,31.09,31.06,31.09,7
Finam:BR,2020-05-15T05:11:00+03:00,31.09,31.11,31.08,31.10,13
Finam:BR,2020-05-15T05:12:00+03:00,31.11,31.12,31.09,31.09,7
Finam:BR,2020-05-15T05:13:00+03:00,31.09,31.09,31.09,31.09,2
Finam:BR,2020-05-15T05:14:00+03:00,31.10,31.14,31.10,31.14,11
Finam:BR,2020-05-15T05:15:00+03:00,31.14,31.14,31.09,31.09,6
Finam:BR,2020-05-15T05:16:00+03:00,31.11,31.11,31.10,31.11,8
Finam:BR,2020-05-15T05:17:00+03:00,31.13,31.15,31.12,31.15,49
Finam:BR,2020-05-15T05:18:00+03:00,31.16,31.17,31.14,31.14,12
Finam:BR,2020-05-15T05:19:00+03:00,31.14,31.15,31.13,31.13,14
Finam:BR,2020-05-15T05:20:00+03:00,31.15,31.17,31.10,31.10,16
Finam:BR,2020-05-15T05:21:00+03:00,31.11,31.14,31.11,31.13,34
Finam:BR,2020-05-15T05:22:00+03:00,31.13,31.16,31.13,31.14,17
Finam:BR,2020-05-15T05:23:00+03:00,31.17,31.17,31.15,31.16,7
Finam:BR,2020-05-15T05:24:00+03:00,31.16,31.25,31.15,31.25,37
Finam:BR,2020-05-15T05:25:00+03:00,31.24,31.27,31.23,31.23,9
Finam:BR,2020-05-15T05:26:00+03:00,31.27,31.29,31.26,31.26,28
Finam:BR,2020-05-15T05:27:00+03:00,31.25,31.25,31.21,31.25,13
Finam:BR,2020-05-15T05:28:00+03:00,31.26,31.26,31.24,31.24,6
Finam:BR,2020-05-15T05:29:00+03:00,31.22,31.22,31.20,31.21,14
Finam:BR,2020-05-15T05:30:00+03:00,31.21,31.23,31.21,31.22,15
Finam:BR,2020-05-15T05:31:00+03:00,31.23,31.23,31.20,31.21,26
Finam:BR,2020-05-15T05:32:00+03:00,31.23,31.32,31.21,31.31,133
Finam:BR,2020-05-15T05:33:00+03:00,31.31,31.35,31.28,31.28,82
Finam:BR,2020-05-15T05:34:00+03:00,31.27,31.30,31.27,31.30,28
Finam:BR,2020-05-15T05:35:00+03:00,31.30,31.34,31.30,31.33,42
Finam:BR,2020-05-15T05:36:00+03:00,31.35,31.38,31.35,31.35,40
Finam:BR,2020-05-15T05:37:00+03:00,31.36,31.36,31.33,31.33,6
Finam:BR,2020-05-15T05:38:00+03:00,31.32,31.32,31.32,31.32,1
Finam:BR,2020-05-15T05:39:00+03:00,31.31,31.37,31.31,31.34,52
Finam:BR,2020-05-15T05:40:00+03:00,31.34,31.35,31.33,31.33,13
Finam:BR,2020-05-15T05:41:00+03:00,31.34,31.35,31.32,31.34,60
Finam:BR,2020-05-15T05:42:00+03:00,31.33,31.35,31.33,31.35,30
Finam:BR,2020-05-15T05:43:00+03:00,31.35,31.35,31.32,31.33,36
Finam:BR,2020-05-15T05:44:00+03:00,31.33,31.33,31.28,31.28,57
Finam:BR,2020-05-15T05:45:00+03:00,31.28,31.29,31.27,31.27,5
Finam:BR,2020-05-15T05:46:00+03:00,31.26,31.27,31.26,31.27,11
Finam:BR,2020-05-15T05:47:00+03:00,31.27,31.27,31.27,31.27,3
Finam:BR,2020-05-15T05:48:00+03:00,31.30,31.30,31.30,31.30,1
Finam:BR,2020-05-15T05:49:00+03:00,31.30,31.30,31.29,31.29,4
Finam:BR,2020-05-15T05:50:00+03:00,31.26,31.28,31.26,31.28,13
Finam:BR,2020-05-15T05:51:00+03:00,31.29,31.38,31.29,31.38,10
Finam:BR,2020-05-15T05:52:00+03:00,31.38,31.40,31.36,31.37,9
Finam:BR,2020-05-15T05:53:00+03:00,31.36,31.36,31.35,31.35,3
Finam:BR,2020-05-15T05:54:00+03:00,31.33,31.33,31.33,31.33,1
Finam:BR,2020-05-15T05:55:00+03:00,31.32,31.32,31.32,31.32,2
Finam:BR,2020-05-15T05:56:00+03:00,31.31,31.31,31.31,31.31,5
Finam:BR,2020-05-15T05:57:00+03:00,31.32,31.35,31.32,31.33,10
Finam:BR,2020-05-15T05:58:00+03:00,31.34,31.35,31.34,31.35,4
Finam:BR,2020-05-15T05:59:00+03:00,31.33,31.33,31.32,31.32,4
Finam:BR,2020-05-15T06:00:00+03:00,31.30,31.30,31.30,31.30,1
Finam:BR,2020-05-15T06:01:00+03:00,31.29,31.29,31.29,31.29,1
Finam:BR,2020-05-15T06:02:00+03:00,31.29,31.31,31.29,31.31,2
Finam:BR,2020-05-15T06:03:00+03:00,31.30,31.30,31.27,31.27,6
Finam:BR,2020-05-15T06:04:00+03:00,31.25,31.25,31.25,31.25,1
Finam:BR,2020-05-15T06:06:00+03:00,31.24,31.29,31.24,31.29,14
Finam:BR,2020-05-15T06:07:00+03:00,31.26,31.28,31.26,31.28,6
Finam:BR,2020-05-15T06:09:00+03:00,31.29,31.29,31.26,31.26,4
Finam:BR,2020-05-15T06:10:00+03:00,31.28,31.29,31.28,31.29,9
Finam:BR,2020-05-15T06:11:00+03:00,31.28,31.28,31.26,31.26,7
Finam:BR,2020-05-15T06:12:00+03:00,31.28,31.28,31.27,31.27,9
Finam:BR,2020-05-15T06:13:00+03:00,31.25,31.26,31.25,31.25,15
Finam:BR,2020-05-15T06:14:00+03:00,31.26,31.28,31.26,31.26,6
Finam:BR,2020-05-15T06:15:00+03:00,31.23,31.25,31.21,31.25,13
Finam:BR,2020-05-15T06:17:00+03:00,31.26,31.26,31.25,31.25,4
Finam:BR,2020-05-15T06:18:00+03:00,31.25,31.26,31.22,31.22,6
Finam:BR,2020-05-15T06:19:00+03:00,31.23,31.25,31.23,31.25,2
Finam:BR,2020-05-15T06:20:00+03:00,31.22,31.24,31.22,31.23,6
Finam:BR,2020-05-15T06:21:00+03:00,31.21,31.22,31.21,31.22,3
Finam:BR,2020-05-15T06:22:00+03:00,31.21,31.23,31.21,31.22,8
Finam:BR,2020-05-15T06:23:00+03:00,31.21,31.21,31.20,31.21,11
Finam:BR,2020-05-15T06:24:00+03:00,31.22,31.22,31.21,31.21,2
Finam:BR,2020-05-15T06:25:00+03:00,31.22,31.22,31.22,31.22,2
Finam:BR,2020-05-15T06:26:00+03:00,31.21,31.23,31.21,31.23,10
Finam:BR,2020-05-15T06:27:00+03:00,31.22,31.22,31.22,31.22,2
Finam:BR,2020-05-15T06:28:00+03:00,31.23,31.28,31.23,31.28,13
Finam:BR,2020-05-15T06:29:00+03:00,31.27,31.27,31.27,31.27,1
Finam:BR,2020-05-15T06:30:00+03:00,31.28,31.28,31.28,31.28,5
Finam:BR,2020-05-15T06:31:00+03:00,31.26,31.26,31.26,31.26,4
Finam:BR,2020-05-15T06:32:00+03:00,31.25,31.30,31.25,31.28,28
Finam:BR,2020-05-15T06:33:00+03:00,31.28,31.28,31.28,31.28,1
Finam:BR,2020-05-15T06:34:00+03:00,31.30,31.30,31.30,31.30,11
Finam:BR,2020-05-15T06:35:00+03:00,31.30,31.31,31.28,31.30,10
Finam:BR,2020-05-15T06:36:00+03:00,31.31,31.33,31.31,31.32,11
Finam:BR,2020-05-15T06:37:00+03:00,31.30,31.30,31.30,31.30,4
Finam:BR,2020-05-15T06:38:00+03:00,31.32,31.32,31.32,31.32,2
Finam:BR,2020-05-15T06:39:00+03:00,31.33,31.33,31.31,31.31,20
Finam:BR,2020-05-15T06:40:00+03:00,31.33,31.33,31.32,31.32,14
Finam:BR,2020-05-15T06:41:00+03:00,31.32,31.32,31.31,31.31,5
Finam:BR,2020-05-15T06:42:00+03:00,31.29,31.32,31.29,31.29,25
Finam:BR,2020-05-15T06:43:00+03:00,31.28,31.31,31.28,31.31,7
Finam:BR,2020-05-15T06:44:00+03:00,31.31,31.32,31.31,31.32,6
Finam:BR,2020-05-15T06:45:00+03:00,31.31,31.34,31.31,31.33,49
Finam:BR,2020-05-15T06:46:00+03:00,31.33,31.37,31.33,31.36,39
Finam:BR,2020-05-15T06:47:00+03:00,31.34,31.35,31.33,31.33,8
Finam:BR,2020-05-15T06:48:00+03:00,31.34,31.35,31.33,31.33,9
Finam:BR,2020-05-15T06:49:00+03:00,31.30,31.31,31.30,31.31,2
Finam:BR,2020-05-15T06:50:00+03:00,31.31,31.31,31.31,31.31,2
Finam:BR,2020-05-15T06:51:00+03:00,31.33,31.33,31.33,31.33,1
Finam:BR,2020-05-15T06:52:00+03:00,31.33,31.33,31.28,31.28,43
Finam:BR,2020-05-15T06:53:00+03:00,31.29,31.30,31.28,31.30,5
Finam:BR,2020-05-15T06:54:00+03:00,31.28,31.29,31.27,31.29,4
Finam:BR,2020-05-15T06:55:00+03:00,31.30,31.31,31.29,31.31,3
Finam:BR,2020-05-15T06:56:00+03:00,31.30,31.32,31.27,31.30,41
Finam:BR,2020-05-15T06:57:00+03:00,31.32,31.32,31.32,31.32,3
Finam:BR,2020-05-15T06:58:00+03:00,31.30,31.31,31.30,31.31,6
Finam:BR,2020-05-15T06:59:00+03:00,31.32,31.32,31.29,31.32,44
Finam:BR,2020-05-15T07:00:00+03:00,31.29,31.30,31.28,31.30,5
Finam:BR,2020-05-15T07:01:00+03:00,31.32,31.32,31.28,31.30,39
Finam:BR,2020-05-15T07:02:00+03:00,31.30,31.31,31.30,31.30,10
Finam:BR,2020-05-15T07:03:00+03:00,31.30,31.30,31.27,31.28,10
Finam:BR,2020-05-15T07:04:00+03:00,31.28,31.28,31.27,31.28,6
Finam:BR,2020-05-15T07:05:00+03:00,31.28,31.28,31.26,31.26,18
Finam:BR,2020-05-15T07:06:00+03:00,31.28,31.30,31.28,31.29,8
Finam:BR,2020-05-15T07:07:00+03:00,31.29,31.34,31.28,31.34,28
Finam:BR,2020-05-15T07:08:00+03:00,31.33,31.34,31.30,31.33,14
Finam:BR,2020-05-15T07:09:00+03:00,31.33,31.34,31.32,31.33,24
Finam:BR,2020-05-15T07:10:00+03:00,31.31,31.34,31.31,31.33,32
Finam:BR,2020-05-15T07:11:00+03:00,31.32,31.34,31.32,31.34,11
Finam:BR,2020-05-15T07:12:00+03:00,31.33,31.34,31.29,31.30,18
Finam:BR,2020-05-15T07:13:00+03:00,31.32,31.32,31.32,31.32,4
Finam:BR,2020-05-15T07:15:00+03:00,31.33,31.34,31.31,31.34,20
Finam:BR,2020-05-15T07:16:00+03:00,31.34,31.40,31.33,31.38,47
Finam:BR,2020-05-15T07:17:00+03:00,31.39,31.40,31.37,31.38,45
Finam:BR,2020-05-15T07:18:00+03:00,31.38,31.40,31.37,31.40,46
Finam:BR,2020-05-15T07:19:00+03:00,31.41,31.41,31.41,31.41,4
Finam:BR,2020-05-15T07:20:00+03:00,31.41,31.43,31.40,31.40,12
Finam:BR,2020-05-15T07:21:00+03:00,31.41,31.41,31.39,31.39,10
Finam:BR,2020-05-15T07:22:00+03:00,31.40,31.40,31.38,31.38,7
Finam:BR,2020-05-15T07:23:00+03:00,31.39,31.39,31.37,31.38,8
Finam:BR,2020-05-15T07:24:00+03:00,31.40,31.40,31.40,31.40,3
Finam:BR,2020-05-15T07:25:00+03:00,31.40,31.40,31.40,31.40,2
Finam:BR,2020-05-15T07:26:00+03:00,31.41,31.45,31.41,31.44,59
Finam:BR,2020-05-15T07:27:00+03:00,31.45,31.48,31.44,31.44,27
Finam:BR,2020-05-15T07:28:00+03:00,31.45,31.45,31.45,31.45,2
Finam:BR,2020-05-15T07:29:00+03:00,31.45,31.47,31.44,31.45,43
Finam:BR,2020-05-15T07:30:00+03:00,31.44,31.47,31.41,31.47,60
Finam:BR,2020-05-15T07:31:00+03:00,31.47,31.51,31.45,31.49,104
Finam:BR,2020-05-15T07:32:00+03:00,31.50,31.51,31.48,31.49,70
Finam:BR,2020-05-15T07:33:00+03:00,31.52,31.52,31.51,31.51,6
Finam:BR,2020-05-15T07:34:00+03:00,31.52,31.52,31.51,31.52,6
Finam:BR,2020-05-15T07:35:00+03:00,31.51,31.51,31.51,31.51,3
Finam:BR,2020-05-15T07:36:00+03:00,31.52,31.52,31.52,31.52,2
Finam:BR,2020-05-15T07:37:00+03:00,31.53,31.64,31.53,31.63,160
Finam:BR,2020-05-15T07:38:00+03:00,31.60,31.62,31.60,31.61,19
Finam:BR,2020-05-15T07:39:00+03:00,31.61,31.61,31.54,31.55,54
Finam:BR,2020-05-15T07:40:00+03:00,31.55,31.58,31.54,31.57,72
Finam:BR,2020-05-15T07:41:00+03:00,31.57,31.62,31.57,31.61,45
Finam:BR,2020-05-15T07:42:00+03:00,31.60,31.65,31.60,31.62,64
Finam:BR,2020-05-15T07:43:00+03:00,31.62,31.63,31.60,31.60,5
Finam:BR,2020-05-15T07:44:00+03:00,31.59,31.59,31.55,31.55,23
Finam:BR,2020-05-15T07:45:00+03:00,31.55,31.55,31.55,31.55,10
Finam:BR,2020-05-15T07:46:00+03:00,31.55,31.60,31.55,31.59,63
Finam:BR,2020-05-15T07:47:00+03:00,31.60,31.60,31.59,31.59,25
Finam:BR,2020-05-15T07:48:00+03:00,31.61,31.61,31.59,31.59,6
Finam:BR,2020-05-15T07:49:00+03:00,31.59,31.59,31.59,31.59,3
Finam:BR,2020-05-15T07:50:00+03:00,31.59,31.59,31.58,31.59,9
Finam:BR,2020-05-15T07:51:00+03:00,31.59,31.60,31.58,31.58,56
Finam:BR,2020-05-15T07:52:00+03:00,31.57,31.57,31.55,31.55,8
Finam:BR,2020-05-15T07:53:00+03:00,31.55,31.58,31.55,31.56,11
Finam:BR,2020-05-15T07:54:00+03:00,31.58,31.58,31.57,31.57,3
Finam:BR,2020-05-15T07:55:00+03:00,31.56,31.58,31.56,31.58,12
Finam:BR,2020-05-15T07:56:00+03:00,31.58,31.60,31.56,31.60,13
Finam:BR,2020-05-15T07:57:00+03:00,31.60,31.61,31.59,31.61,33
Finam:BR,2020-05-15T07:58:00+03:00,31.60,31.63,31.60,31.63,20
Finam:BR,2020-05-15T07:59:00+03:00,31.64,31.64,31.62,31.62,9
Finam:BR,2020-05-15T08:00:00+03:00,31.62,31.64,31.62,31.64,7
Finam:BR,2020-05-15T08:01:00+03:00,31.64,31.65,31.62,31.62,9
Finam:BR,2020-05-15T08:02:00+03:00,31.61,31.61,31.59,31.60,3
Finam:BR,2020-05-15T08:03:00+03:00,31.61,31.63,31.60,31.63,10
Finam:BR,2020-05-15T08:04:00+03:00,31.61,31.61,31.61,31.61,6
Finam:BR,2020-05-15T08:05:00+03:00,31.63,31.63,31.62,31.62,4
Finam:BR,2020-05-15T08:06:00+03:00,31.60,31.61,31.60,31.61,4
Finam:BR,2020-05-15T08:07:00+03:00,31.62,31.64,31.62,31.63,12
Finam:BR,2020-05-15T08:08:00+03:00,31.62,31.64,31.62,31.64,8
Finam:BR,2020-05-15T08:09:00+03:00,31.65,31.67,31.65,31.67,7
Finam:BR,2020-05-15T08:10:00+03:00,31.66,31.67,31.66,31.66,6
Finam:BR,2020-05-15T08:11:00+03:00,31.66,31.67,31.66,31.67,7
Finam:BR,2020-05-15T08:12:00+03:00,31.66,31.67,31.66,31.66,8
Finam:BR,2020-05-15T08:13:00+03:00,31.66,31.67,31.65,31.66,4
Finam:BR,2020-05-15T08:14:00+03:00,31.66,31.67,31.65,31.66,8
Finam:BR,2020-05-15T08:15:00+03:00,31.65,31.65,31.62,31.62,20
Finam:BR,2020-05-15T08:16:00+03:00,31.62,31.66,31.60,31.66,33
Finam:BR,2020-05-15T08:17:00+03:00,31.67,31.67,31.61,31.61,13
Finam:BR,2020-05-15T08:18:00+03:00,31.61,31.61,31.60,31.61,7
Finam:BR,2020-05-15T08:19:00+03:00,31.59,31.59,31.56,31.56,41
Finam:BR,2020-05-15T08:20:00+03:00,31.55,31.55,31.55,31.55,3
Finam:BR,2020-05-15T08:21:00+03:00,31.56,31.56,31.55,31.56,21
Finam:BR,2020-05-15T08:22:00+03:00,31.60,31.60,31.59,31.59,8
Finam:BR,2020-05-15T08:23:00+03:00,31.59,31.59,31.58,31.59,3
Finam:BR,2020-05-15T08:24:00+03:00,31.58,31.58,31.58,31.58,1
Finam:BR,2020-05-15T08:25:00+03:00,31.57,31.58,31.57,31.58,2
Finam:BR,2020-05-15T08:26:00+03:00,31.56,31.56,31.55,31.55,4
Finam:BR,2020-05-15T08:27:00+03:00,31.57,31.58,31.57,31.58,4
Finam:BR,2020-05-15T08:29:00+03:00,31.55,31.56,31.55,31.56,5
Finam:BR,2020-05-15T08:30:00+03:00,31.57,31.57,31.49,31.51,59
Finam:BR,2020-05-15T08:31:00+03:00,31.49,31.53,31.48,31.53,62
Finam:BR,2020-05-15T08:32:00+03:00,31.55,31.57,31.55,31.55,7
Finam:BR,2020-05-15T08:33:00+03:00,31.56,31.57,31.56,31.56,10
Finam:BR,2020-05-15T08:34:00+03:00,31.56,31.57,31.55,31.55,10
Finam:BR,2020-05-15T08:35:00+03:00,31.56,31.56,31.56,31.56,10
Finam:BR,2020-05-15T08:36:00+03:00,31.57,31.62,31.57,31.62,16
Finam:BR,2020-05-15T08:37:00+03:00,31.61,31.61,31.60,31.60,35
Finam:BR,2020-05-15T08:38:00+03:00,31.59,31.59,31.59,31.59,2
Finam:BR,2020-05-15T08:39:00+03:00,31.61,31.61,31.61,31.61,2
Finam:BR,2020-05-15T08:40:00+03:00,31.60,31.60,31.59,31.60,10
Finam:BR,2020-05-15T08:41:00+03:00,31.61,31.61,31.61,31.61,1
Finam:BR,2020-05-15T08:42:00+03:00,31.62,31.62,31.62,31.62,2
Finam:BR,2020-05-15T08:43:00+03:00,31.60,31.61,31.60,31.61,3
Finam:BR,2020-05-15T08:44:00+03:00,31.62,31.62,31.62,31.62,1
Finam:BR,2020-05-15T08:45:00+03:00,31.62,31.63,31.60,31.60,10
Finam:BR,2020-05-15T08:46:00+03:00,31.61,31.61,31.58,31.58,30
Finam:BR,2020-05-15T08:47:00+03:00,31.59,31.61,31.59,31.61,8
Finam:BR,2020-05-15T08:48:00+03:00,31.60,31.60,31.60,31.60,1
Finam:BR,2020-05-15T08:49:00+03:00,31.60,31.66,31.60,31.66,6
Finam:BR,2020-05-15T08:50:00+03:00,31.65,31.77,31.65,31.72,164
Finam:BR,2020-05-15T08:51:00+03:00,31.70,31.70,31.70,31.70,6
Finam:BR,2020-05-15T08:52:00+03:00,31.69,31.71,31.69,31.71,8
Finam:BR,2020-05-15T08:53:00+03:00,31.69,31.70,31.69,31.70,18
Finam:BR,2020-05-15T08:54:00+03:00,31.71,31.71,31.71,31.71,1
Finam:BR,2020-05-15T08:56:00+03:00,31.69,31.70,31.68,31.69,5
Finam:BR,2020-05-15T08:57:00+03:00,31.70,31.71,31.70,31.70,31
Finam:BR,2020-05-15T08:58:00+03:00,31.71,31.73,31.71,31.73,14
Finam:BR,2020-05-15T08:59:00+03:00,31.73,31.73,31.72,31.72,11
Finam:BR,2020-05-15T09:00:00+03:00,31.71,31.74,31.71,31.74,6
Finam:BR,2020-05-15T09:01:00+03:00,31.73,31.76,31.73,31.76,15
Finam:BR,2020-05-15T09:02:00+03:00,31.76,31.76,31.74,31.76,15
Finam:BR,2020-05-15T09:03:00+03:00,31.77,31.78,31.77,31.78,23
Finam:BR,2020-05-15T09:04:00+03:00,31.78,31.79,31.77,31.78,69
Finam:BR,2020-05-15T09:05:00+03:00,31.78,31.78,31.76,31.78,20
Finam:BR,2020-05-15T09:06:00+03:00,31.77,31.77,31.73,31.73,6
Finam:BR,2020-05-15T09:07:00+03:00,31.73,31.75,31.73,31.73,12
Finam:BR,2020-05-15T09:08:00+03:00,31.72,31.74,31.72,31.74,5
Finam:BR,2020-05-15T09:09:00+03:00,31.72,31.72,31.71,31.72,4
Finam:BR,2020-05-15T09:10:00+03:00,31.71,31.71,31.71,31.71,1
Finam:BR,2020-05-15T09:11:00+03:00,31.71,31.71,31.70,31.70,3
Finam:BR,2020-05-15T09:13:00+03:00,31.73,31.73,31.73,31.73,2
Finam:BR,2020-05-15T09:14:00+03:00,31.74,31.77,31.74,31.77,7
Finam:BR,2020-05-15T09:15:00+03:00,31.76,31.77,31.76,31.77,4
Finam:BR,2020-05-15T09:16:00+03:00,31.76,31.77,31.75,31.75,6
Finam:BR,2020-05-15T09:17:00+03:00,31.74,31.77,31.74,31.77,5
Finam:BR,2020-05-15T09:18:00+03:00,31.79,31.79,31.79,31.79,9
Finam:BR,2020-05-15T09:19:00+03:00,31.78,31.81,31.78,31.80,194
Finam:BR,2020-05-15T09:20:00+03:00,31.77,31.79,31.75,31.75,26
Finam:BR,2020-05-15T09:21:00+03:00,31.75,31.75,31.71,31.73,10
Finam:BR,2020-05-15T09:22:00+03:00,31.73,31.73,31.71,31.71,11
Finam:BR,2020-05-15T09:23:00+03:00,31.71,31.74,31.69,31.69,15
Finam:BR,2020-05-15T09:24:00+03:00,31.71,31.73,31.71,31.72,9
Finam:BR,2020-05-15T09:25:00+03:00,31.71,31.74,31.71,31.71,14
Finam:BR,2020-05-15T09:26:00+03:00,31.70,31.74,31.70,31.74,9
Finam:BR,2020-05-15T09:27:00+03:00,31.74,31.76,31.73,31.75,21
Finam:BR,2020-05-15T09:28:00+03:00,31.74,31.74,31.72,31.73,11
Finam:BR,2020-05-15T09:29:00+03:00,31.72,31.72,31.72,31.72,10
Finam:BR,2020-05-15T09:30:00+03:00,31.73,31.74,31.69,31.74,45
Finam:BR,2020-05-15T09:31:00+03:00,31.73,31.76,31.72,31.76,30
Finam:BR,2020-05-15T09:32:00+03:00,31.76,31.79,31.75,31.77,60
Finam:BR,2020-05-15T09:33:00+03:00,31.77,31.78,31.76,31.78,8
Finam:BR,2020-05-15T09:34:00+03:00,31.78,31.83,31.78,31.82,32
Finam:BR,2020-05-15T09:35:00+03:00,31.84,31.86,31.83,31.84,52
Finam:BR,2020-05-15T09:36:00+03:00,31.84,31.84,31.82,31.82,22
Finam:BR,2020-05-15T09:37:00+03:00,31.83,31.86,31.83,31.84,29
Finam:BR,2020-05-15T09:38:00+03:00,31.85,31.88,31.85,31.85,21
Finam:BR,2020-05-15T09:39:00+03:00,31.86,31.88,31.86,31.87,33
Finam:BR,2020-05-15T09:40:00+03:00,31.85,31.87,31.85,31.85,8
Finam:BR,2020-05-15T09:41:00+03:00,31.84,31.88,31.84,31.88,24
Finam:BR,2020-05-15T09:42:00+03:00,31.88,31.92,31.85,31.87,31
Finam:BR,2020-05-15T09:43:00+03:00,31.87,31.89,31.87,31.88,24
Finam:BR,2020-05-15T09:44:00+03:00,31.88,31.89,31.87,31.88,37
Finam:BR,2020-05-15T09:45:00+03:00,31.88,31.88,31.80,31.80,31
Finam:BR,2020-05-15T09:46:00+03:00,31.82,31.83,31.82,31.83,11
Finam:BR,2020-05-15T09:47:00+03:00,31.85,31.86,31.85,31.85,7
Finam:BR,2020-05-15T09:48:00+03:00,31.84,31.84,31.84,31.84,3
Finam:BR,2020-05-15T09:49:00+03:00,31.83,31.83,31.81,31.81,53
Finam:BR,2020-05-15T09:50:00+03:00,31.82,31.85,31.82,31.85,9
Finam:BR,2020-05-15T09:51:00+03:00,31.85,31.89,31.85,31.87,39
Finam:BR,2020-05-15T09:52:00+03:00,31.84,31.84,31.83,31.83,15
Finam:BR,2020-05-15T09:53:00+03:00,31.84,31.86,31.83,31.85,36
Finam:BR,2020-05-15T09:54:00+03:00,31.84,31.86,31.84,31.85,28
Finam:BR,2020-05-15T09:55:00+03:00,31.85,31.89,31.85,31.88,94
Finam:BR,2020-05-15T09:56:00+03:00,31.88,31.92,31.88,31.91,121
Finam:BR,2020-05-15T09:57:00+03:00,31.91,31.93,31.90,31.93,37
Finam:BR,2020-05-15T09:58:00+03:00,31.93,31.95,31.93,31.95,58
Finam:BR,2020-05-15T09:59:00+03:00,31.95,31.95,31.92,31.93,59
Finam:BR,2020-05-15T10:00:00+03:00,31.89,32.10,31.89,32.05,260
Finam:BR,2020-05-15T10:01:00+03:00,32.05,32.07,31.99,32.04,58
Finam:BR,2020-05-15T10:02:00+03:00,32.06,32.13,32.03,32.03,55
Finam:BR,2020-05-15T10:03:00+03:00,32.04,32.06,32.03,32.05,44
Finam:BR,2020-05-15T10:04:00+03:00,32.03,32.09,32.03,32.06,34
Finam:BR,2020-05-15T10:05:00+03:00,32.07,32.09,32.05,32.09,43
Finam:BR,2020-05-15T10:06:00+03:00,32.11,32.13,32.10,32.10,83
Finam:BR,2020-05-15T10:07:00+03:00,32.10,32.14,32.10,32.11,180
Finam:BR,2020-05-15T10:08:00+03:00,32.12,32.13,32.09,32.09,135
Finam:BR,2020-05-15T10:09:00+03:00,32.10,32.14,32.09,32.14,50
Finam:BR,2020-05-15T10:10:00+03:00,32.12,32.12,32.08,32.09,48
Finam:BR,2020-05-15T10:11:00+03:00,32.08,32.10,32.07,32.08,24
Finam:BR,2020-05-15T10:12:00+03:00,32.07,32.07,32.06,32.06,61
Finam:BR,2020-05-15T10:13:00+03:00,32.07,32.13,32.07,32.12,69
Finam:BR,2020-05-15T10:14:00+03:00,32.13,32.19,32.11,32.17,103
Finam:BR,2020-05-15T10:15:00+03:00,32.16,32.19,32.15,32.19,60
Finam:BR,2020-05-15T10:16:00+03:00,32.19,32.20,32.18,32.20,140
Finam:BR,2020-05-15T10:17:00+03:00,32.19,32.34,32.18,32.25,512
Finam:BR,2020-05-15T10:18:00+03:00,32.23,32.25,32.18,32.20,219
Finam:BR,2020-05-15T10:19:00+03:00,32.20,32.31,32.20,32.27,26
Finam:BR,2020-05-15T10:20:00+03:00,32.26,32.26,32.22,32.26,135
Finam:BR,2020-05-15T10:21:00+03:00,32.28,32.28,32.25,32.28,42
Finam:BR,2020-05-15T10:22:00+03:00,32.28,32.28,32.19,32.21,155
Finam:BR,2020-05-15T10:23:00+03:00,32.21,32.22,32.13,32.13,86
Finam:BR,2020-05-15T10:24:00+03:00,32.14,32.14,32.08,32.09,107
Finam:BR,2020-05-15T10:25:00+03:00,32.09,32.16,32.09,32.13,37
Finam:BR,2020-05-15T10:26:00+03:00,32.14,32.18,32.14,32.18,29
Finam:BR,2020-05-15T10:27:00+03:00,32.17,32.19,32.16,32.18,42
Finam:BR,2020-05-15T10:28:00+03:00,32.18,32.19,32.15,32.19,28
Finam:BR,2020-05-15T10:29:00+03:00,32.18,32.19,32.16,32.16,33
Finam:BR,2020-05-15T10:30:00+03:00,32.15,32.15,32.13,32.14,15
Finam:BR,2020-05-15T10:31:00+03:00,32.13,32.13,32.10,32.11,39
Finam:BR,2020-05-15T10:32:00+03:00,32.11,32.12,32.10,32.10,29
Finam:BR,2020-05-15T10:33:00+03:00,32.10,32.11,32.08,32.09,99
Finam:BR,2020-05-15T10:34:00+03:00,32.08,32.09,31.95,32.01,142
Finam:BR,2020-05-15T10:35:00+03:00,32.00,32.00,31.92,31.93,161
Finam:BR,2020-05-15T10:36:00+03:00,31.92,31.92,31.85,31.85,174
Finam:BR,2020-05-15T10:37:00+03:00,31.85,31.87,31.82,31.84,56
Finam:BR,2020-05-15T10:38:00+03:00,31.84,31.91,31.83,31.89,43
Finam:BR,2020-05-15T10:39:00+03:00,31.89,31.90,31.88,31.90,29
Finam:BR,2020-05-15T10:40:00+03:00,31.91,31.91,31.87,31.90,152
Finam:BR,2020-05-15T10:41:00+03:00,31.90,31.96,31.89,31.94,60
Finam:BR,2020-05-15T10:42:00+03:00,31.95,31.98,31.92,31.98,121
Finam:BR,2020-05-15T10:43:00+03:00,31.97,32.02,31.97,32.01,27
Finam:BR,2020-05-15T10:44:00+03:00,32.00,32.01,31.97,31.98,26
Finam:BR,2020-05-15T10:45:00+03:00,31.96,31.99,31.95,31.95,17
Finam:BR,2020-05-15T10:46:00+03:00,31.95,31.95,31.93,31.93,7
Finam:BR,2020-05-15T10:47:00+03:00,31.95,31.98,31.94,31.94,38
Finam:BR,2020-05-15T10:48:00+03:00,31.95,31.98,31.95,31.98,55
Finam:BR,2020-05-15T10:49:00+03:00,31.97,31.99,31.97,31.99,31
Finam:BR,2020-05-15T10:50:00+03:00,31.99,31.99,31.96,31.98,6
Finam:BR,2020-05-15T10:51:00+03:00,31.98,31.98,31.96,31.96,12
Finam:BR,2020-05-15T10:52:00+03:00,31.97,32.06,31.96,32.03,205
Finam:BR,2020-05-15T10:53:00+03:00,32.07,32.12,32.06,32.12,93
Finam:BR,2020-05-15T10:54:00+03:00,32.11,32.18,32.09,32.12,150
Finam:BR,2020-05-15T10:55:00+03:00,32.12,32.17,32.11,32.17,43
Finam:BR,2020-05-15T10:56:00+03:00,32.17,32.19,32.11,32.19,104
Finam:BR,2020-05-15T10:57:00+03:00,32.19,32.28,32.18,32.23,131
Finam:BR,2020-05-15T10:58:00+03:00,32.23,32.23,32.14,32.15,56
Finam:BR,2020-05-15T10:59:00+03:00,32.14,32.24,32.11,32.19,277
Finam:BR,2020-05-15T11:00:00+03:00,32.20,32.28,32.19,32.23,200
Finam:BR,2020-05-15T11:01:00+03:00,32.22,32.29,32.19,32.29,98
Finam:BR,2020-05-15T11:02:00+03:00,32.28,32.37,32.25,32.34,219
Finam:BR,2020-05-15T11:03:00+03:00,32.33,32.39,32.32,32.38,240
Finam:BR,2020-05-15T11:04:00+03:00,32.37,32.39,32.35,32.37,133
Finam:BR,2020-05-15T11:05:00+03:00,32.38,32.44,32.38,32.40,221
Finam:BR,2020-05-15T11:06:00+03:00,32.40,32.42,32.33,32.37,176
Finam:BR,2020-05-15T11:07:00+03:00,32.37,32.37,32.33,32.35,97
Finam:BR,2020-05-15T11:08:00+03:00,32.35,32.39,32.33,32.34,75
Finam:BR,2020-05-15T11:09:00+03:00,32.35,32.35,32.31,32.32,161
Finam:BR,2020-05-15T11:10:00+03:00,32.32,32.33,32.29,32.32,89
Finam:BR,2020-05-15T11:11:00+03:00,32.32,32.32,32.24,32.24,96
Finam:BR,2020-05-15T11:12:00+03:00,32.23,32.23,32.17,32.19,315
Finam:BR,2020-05-15T11:13:00+03:00,32.19,32.23,32.19,32.22,89
Finam:BR,2020-05-15T11:14:00+03:00,32.23,32.24,32.15,32.16,186
Finam:BR,2020-05-15T11:15:00+03:00,32.17,32.22,32.16,32.18,40
Finam:BR,2020-05-15T11:16:00+03:00,32.18,32.28,32.18,32.23,239
Finam:BR,2020-05-15T11:17:00+03:00,32.23,32.24,32.19,32.20,25
Finam:BR,2020-05-15T11:18:00+03:00,32.19,32.21,32.18,32.21,35
Finam:BR,2020-05-15T11:19:00+03:00,32.20,32.22,32.19,32.20,43
Finam:BR,2020-05-15T11:20:00+03:00,32.20,32.22,32.16,32.21,142
Finam:BR,2020-05-15T11:21:00+03:00,32.22,32.25,32.19,32.24,39
Finam:BR,2020-05-15T11:22:00+03:00,32.24,32.26,32.22,32.23,48
Finam:BR,2020-05-15T11:23:00+03:00,32.23,32.25,32.22,32.24,43
Finam:BR,2020-05-15T11:24:00+03:00,32.24,32.30,32.24,32.28,146
Finam:BR,2020-05-15T11:25:00+03:00,32.29,32.29,32.25,32.27,56
Finam:BR,2020-05-15T11:26:00+03:00,32.25,32.30,32.25,32.30,181
Finam:BR,2020-05-15T11:27:00+03:00,32.31,32.34,32.30,32.34,115
Finam:BR,2020-05-15T11:28:00+03:00,32.35,32.39,32.32,32.32,174
Finam:BR,2020-05-15T11:29:00+03:00,32.32,32.34,32.29,32.34,139
Finam:BR,2020-05-15T11:30:00+03:00,32.33,32.37,32.30,32.37,184
Finam:BR,2020-05-15T11:31:00+03:00,32.35,32.37,32.32,32.34,153
Finam:BR,2020-05-15T11:32:00+03:00,32.34,32.34,32.29,32.29,111
Finam:BR,2020-05-15T11:33:00+03:00,32.28,32.37,32.28,32.37,104
Finam:BR,2020-05-15T11:34:00+03:00,32.37,32.42,32.35,32.36,54
Finam:BR,2020-05-15T11:35:00+03:00,32.37,32.37,32.35,32.35,33
Finam:BR,2020-05-15T11:36:00+03:00,32.36,32.37,32.34,32.37,9
Finam:BR,2020-05-15T11:37:00+03:00,32.37,32.37,32.32,32.33,20
Finam:BR,2020-05-15T11:38:00+03:00,32.32,32.36,32.31,32.34,51
Finam:BR,2020-05-15T11:39:00+03:00,32.34,32.41,32.34,32.40,45
Finam:BR,2020-05-15T11:40:00+03:00,32.40,32.50,32.40,32.46,99
Finam:BR,2020-05-15T11:41:00+03:00,32.45,32.48,32.45,32.46,53
Finam:BR,2020-05-15T11:42:00+03:00,32.48,32.48,32.43,32.44,21
Finam:BR,2020-05-15T11:43:00+03:00,32.43,32.44,32.41,32.44,36
Finam:BR,2020-05-15T11:44:00+03:00,32.41,32.47,32.41,32.44,94
Finam:BR,2020-05-15T11:45:00+03:00,32.43,32.45,32.38,32.40,60
Finam:BR,2020-05-15T11:46:00+03:00,32.40,32.42,32.30,32.32,114
Finam:BR,2020-05-15T11:47:00+03:00,32.32,32.41,32.32,32.39,61
Finam:BR,2020-05-15T11:48:00+03:00,32.39,32.39,32.36,32.37,65
Finam:BR,2020-05-15T11:49:00+03:00,32.38,32.38,32.34,32.36,63
Finam:BR,2020-05-15T11:50:00+03:00,32.37,32.37,32.35,32.35,16
Finam:BR,2020-05-15T11:51:00+03:00,32.33,32.38,32.33,32.37,46
Finam:BR,2020-05-15T11:52:00+03:00,32.37,32.41,32.37,32.40,30
Finam:BR,2020-05-15T11:53:00+03:00,32.41,32.41,32.39,32.41,68
Finam:BR,2020-05-15T11:54:00+03:00,32.41,32.42,32.33,32.35,232
Finam:BR,2020-05-15T11:55:00+03:00,32.36,32.37,32.32,32.35,179
Finam:BR,2020-05-15T11:56:00+03:00,32.36,32.37,32.35,32.37,26
Finam:BR,2020-05-15T11:57:00+03:00,32.37,32.40,32.34,32.39,55
Finam:BR,2020-05-15T11:58:00+03:00,32.38,32.41,32.38,32.41,36
Finam:BR,2020-05-15T11:59:00+03:00,32.41,32.43,32.31,32.31,151
Finam:BR,2020-05-15T12:00:00+03:00,32.32,32.33,32.26,32.27,246
Finam:BR,2020-05-15T12:01:00+03:00,32.27,32.28,32.23,32.27,263
Finam:BR,2020-05-15T12:02:00+03:00,32.28,32.38,32.28,32.33,99
Finam:BR,2020-05-15T12:03:00+03:00,32.33,32.41,32.31,32.39,123
Finam:BR,2020-05-15T12:04:00+03:00,32.40,32.40,32.34,32.40,124
Finam:BR,2020-05-15T12:05:00+03:00,32.40,32.40,32.33,32.34,190
Finam:BR,2020-05-15T12:06:00+03:00,32.35,32.46,32.35,32.45,113
Finam:BR,2020-05-15T12:07:00+03:00,32.45,32.45,32.36,32.36,297
Finam:BR,2020-05-15T12:08:00+03:00,32.37,32.39,32.33,32.34,110
Finam:BR,2020-05-15T12:09:00+03:00,32.34,32.43,32.34,32.43,102
Finam:BR,2020-05-15T12:10:00+03:00,32.43,32.43,32.36,32.36,120
Finam:BR,2020-05-15T12:11:00+03:00,32.36,32.42,32.28,32.28,446
Finam:BR,2020-05-15T12:12:00+03:00,32.29,32.31,32.29,32.30,144
Finam:BR,2020-05-15T12:13:00+03:00,32.30,32.31,32.24,32.25,91
Finam:BR,2020-05-15T12:14:00+03:00,32.26,32.30,32.26,32.30,64
Finam:BR,2020-05-15T12:15:00+03:00,32.28,32.29,32.25,32.27,54
Finam:BR,2020-05-15T12:16:00+03:00,32.27,32.27,32.23,32.23,48
Finam:BR,2020-05-15T12:17:00+03:00,32.23,32.27,32.22,32.26,70
Finam:BR,2020-05-15T12:18:00+03:00,32.27,32.27,32.22,32.23,81
Finam:BR,2020-05-15T12:19:00+03:00,32.23,32.30,32.21,32.30,86
Finam:BR,2020-05-15T12:20:00+03:00,32.30,32.31,32.25,32.31,94
Finam:BR,2020-05-15T12:21:00+03:00,32.30,32.31,32.25,32.28,56
Finam:BR,2020-05-15T12:22:00+03:00,32.28,32.28,32.13,32.16,100
Finam:BR,2020-05-15T12:23:00+03:00,32.18,32.21,32.13,32.17,164
Finam:BR,2020-05-15T12:24:00+03:00,32.17,32.18,32.11,32.14,137
Finam:BR,2020-05-15T12:25:00+03:00,32.11,32.11,32.02,32.04,376
Finam:BR,2020-05-15T12:26:00+03:00,32.05,32.11,32.02,32.08,234
Finam:BR,2020-05-15T12:27:00+03:00,32.11,32.13,32.06,32.11,199
Finam:BR,2020-05-15T12:28:00+03:00,32.10,32.13,32.08,32.09,237
Finam:BR,2020-05-15T12:29:00+03:00,32.09,32.21,32.09,32.18,1090
Finam:BR,2020-05-15T12:30:00+03:00,32.15,32.28,32.15,32.26,167
Finam:BR,2020-05-15T12:31:00+03:00,32.25,32.26,32.22,32.22,106
Finam:BR,2020-05-15T12:32:00+03:00,32.25,32.26,32.24,32.25,38
Finam:BR,2020-05-15T12:33:00+03:00,32.26,32.26,32.24,32.24,11
Finam:BR,2020-05-15T12:34:00+03:00,32.15,32.26,32.14,32.26,20
Finam:BR,2020-05-15T12:35:00+03:00,32.24,32.24,32.24,32.24,2
Finam:BR,2020-05-15T12:37:00+03:00,32.24,32.24,32.21,32.21,30
Finam:BR,2020-05-15T12:38:00+03:00,32.19,32.20,32.18,32.19,39
Finam:BR,2020-05-15T12:39:00+03:00,32.17,32.17,32.06,32.07,104
Finam:BR,2020-05-15T12:40:00+03:00,32.07,32.08,32.05,32.08,39
Finam:BR,2020-05-15T12:41:00+03:00,32.06,32.10,32.05,32.10,42
Finam:BR,2020-05-15T12:42:00+03:00,32.08,32.08,32.06,32.08,25
Finam:BR,2020-05-15T12:43:00+03:00,32.08,32.08,32.04,32.04,47
Finam:BR,2020-05-15T12:44:00+03:00,32.05,32.06,31.84,31.87,394
Finam:BR,2020-05-15T12:45:00+03:00,31.88,31.88,31.83,31.88,122
Finam:BR,2020-05-15T12:46:00+03:00,31.89,31.91,31.86,31.86,125
Finam:BR,2020-05-15T12:47:00+03:00,31.86,31.94,31.86,31.92,329
Finam:BR,2020-05-15T12:48:00+03:00,31.91,31.95,31.90,31.93,149
Finam:BR,2020-05-15T12:49:00+03:00,31.93,31.93,31.86,31.88,161
Finam:BR,2020-05-15T12:50:00+03:00,31.88,31.90,31.87,31.90,44
Finam:BR,2020-05-15T12:51:00+03:00,31.92,31.93,31.90,31.92,91
Finam:BR,2020-05-15T12:52:00+03:00,31.91,31.93,31.89,31.91,198
Finam:BR,2020-05-15T12:53:00+03:00,31.90,31.93,31.87,31.87,96
Finam:BR,2020-05-15T12:54:00+03:00,31.87,31.92,31.87,31.91,91
Finam:BR,2020-05-15T12:55:00+03:00,31.91,31.92,31.87,31.88,72
Finam:BR,2020-05-15T12:56:00+03:00,31.88,31.91,31.88,31.90,219
Finam:BR,2020-05-15T12:57:00+03:00,31.90,31.91,31.85,31.87,71
Finam:BR,2020-05-15T12:58:00+03:00,31.88,31.90,31.87,31.88,52
Finam:BR,2020-05-15T12:59:00+03:00,31.89,31.89,31.87,31.87,47
Finam:BR,2020-05-15T13:00:00+03:00,31.88,31.91,31.81,31.83,431
Finam:BR,2020-05-15T13:01:00+03:00,31.84,31.84,31.78,31.82,456
Finam:BR,2020-05-15T13:02:00+03:00,31.81,31.84,31.79,31.83,127
Finam:BR,2020-05-15T13:03:00+03:00,31.84,31.89,31.84,31.89,174
Finam:BR,2020-05-15T13:04:00+03:00,31.88,31.88,31.85,31.87,76
Finam:BR,2020-05-15T13:05:00+03:00,31.87,31.88,31.86,31.87,51
Finam:BR,2020-05-15T13:06:00+03:00,31.88,31.88,31.86,31.86,66
Finam:BR,2020-05-15T13:07:00+03:00,31.86,31.88,31.80,31.84,178
Finam:BR,2020-05-15T13:08:00+03:00,31.84,31.84,31.81,31.82,31
Finam:BR,2020-05-15T13:09:00+03:00,31.83,31.88,31.83,31.88,86
Finam:BR,2020-05-15T13:10:00+03:00,31.92,32.04,31.92,32.03,312
Finam:BR,2020-05-15T13:11:00+03:00,32.03,32.06,32.03,32.03,116
Finam:BR,2020-05-15T13:12:00+03:00,32.05,32.05,31.94,31.94,64
Finam:BR,2020-05-15T13:13:00+03:00,31.94,31.98,31.91,31.93,46
Finam:BR,2020-05-15T13:14:00+03:00,31.93,31.94,31.87,31.87,84
Finam:BR,2020-05-15T13:15:00+03:00,31.86,31.89,31.86,31.89,45
Finam:BR,2020-05-15T13:16:00+03:00,31.88,31.91,31.88,31.90,58
Finam:BR,2020-05-15T13:17:00+03:00,31.91,31.94,31.89,31.93,119
Finam:BR,2020-05-15T13:18:00+03:00,31.93,31.97,31.93,31.95,25
Finam:BR,2020-05-15T13:19:00+03:00,31.95,31.99,31.95,31.95,117
Finam:BR,2020-05-15T13:20:00+03:00,31.95,31.99,31.79,31.84,152
Finam:BR,2020-05-15T13:21:00+03:00,31.84,31.98,31.82,31.96,148
Finam:BR,2020-05-15T13:22:00+03:00,31.96,31.97,31.81,31.81,106
Finam:BR,2020-05-15T13:23:00+03:00,31.95,31.95,31.79,31.79,92
Finam:BR,2020-05-15T13:24:00+03:00,31.80,31.95,31.79,31.79,63
Finam:BR,2020-05-15T13:25:00+03:00,31.79,31.94,31.79,31.81,85
Finam:BR,2020-05-15T13:26:00+03:00,31.81,31.94,31.80,31.80,78
Finam:BR,2020-05-15T13:27:00+03:00,31.80,32.04,31.80,31.81,100
Finam:BR,2020-05-15T13:28:00+03:00,31.81,32.05,31.80,31.81,46
Finam:BR,2020-05-15T13:29:00+03:00,32.01,32.01,31.72,31.76,230
Finam:BR,2020-05-15T13:30:00+03:00,31.99,32.07,31.66,31.71,106
Finam:BR,2020-05-15T13:31:00+03:00,31.69,32.09,31.67,31.74,65
Finam:BR,2020-05-15T13:32:00+03:00,31.73,31.75,31.73,31.74,20
Finam:BR,2020-05-15T13:33:00+03:00,31.74,32.08,31.69,31.71,118
Finam:BR,2020-05-15T13:34:00+03:00,32.09,32.09,31.69,31.69,126
Finam:BR,2020-05-15T13:35:00+03:00,32.05,32.05,31.61,31.66,176
Finam:BR,2020-05-15T13:36:00+03:00,32.00,32.00,31.64,31.64,175
Finam:BR,2020-05-15T13:37:00+03:00,31.94,31.96,31.63,31.63,239
Finam:BR,2020-05-15T13:38:00+03:00,31.86,31.90,31.57,31.59,262
Finam:BR,2020-05-15T13:39:00+03:00,31.88,31.89,31.57,31.57,401
Finam:BR,2020-05-15T13:40:00+03:00,31.86,31.87,31.56,31.59,240
Finam:BR,2020-05-15T13:41:00+03:00,31.58,31.91,31.57,31.88,259
Finam:BR,2020-05-15T13:42:00+03:00,31.62,31.90,31.60,31.63,98
Finam:BR,2020-05-15T13:43:00+03:00,31.89,31.89,31.63,31.86,185
Finam:BR,2020-05-15T13:44:00+03:00,31.65,31.85,31.64,31.79,219
Finam:BR,2020-05-15T13:45:00+03:00,31.63,31.82,31.60,31.65,175
Finam:BR,2020-05-15T13:46:00+03:00,31.65,31.83,31.63,31.66,63
Finam:BR,2020-05-15T13:47:00+03:00,31.81,31.87,31.66,31.66,97
Finam:BR,2020-05-15T13:48:00+03:00,31.68,31.86,31.64,31.64,205
Finam:BR,2020-05-15T13:49:00+03:00,31.65,31.80,31.63,31.64,141
Finam:BR,2020-05-15T13:50:00+03:00,31.80,31.82,31.55,31.60,366
Finam:BR,2020-05-15T13:51:00+03:00,31.60,31.81,31.58,31.76,121
Finam:BR,2020-05-15T13:52:00+03:00,31.63,31.76,31.57,31.74,217
Finam:BR,2020-05-15T13:53:00+03:00,31.74,31.74,31.55,31.72,84
Finam:BR,2020-05-15T13:54:00+03:00,31.73,31.73,31.57,31.63,492
Finam:BR,2020-05-15T13:55:00+03:00,31.63,31.66,31.58,31.60,594
Finam:BR,2020-05-15T13:56:00+03:00,31.59,31.62,31.51,31.53,653
Finam:BR,2020-05-15T13:57:00+03:00,31.54,31.56,31.48,31.51,355
Finam:BR,2020-05-15T13:58:00+03:00,31.51,31.51,31.45,31.48,486
Finam:BR,2020-05-15T13:59:00+03:00,31.49,31.60,31.47,31.51,391
Finam:BR,2020-05-15T14:00:00+03:00,31.60,31.60,31.36,31.38,477
Finam:BR,2020-05-15T14:01:00+03:00,31.59,31.66,31.38,31.65,424
Finam:BR,2020-05-15T14:02:00+03:00,31.65,31.66,31.42,31.45,242
Finam:BR,2020-05-15T14:03:00+03:00,31.66,31.69,31.43,31.66,289
Finam:BR,2020-05-15T14:04:00+03:00,31.67,31.72,31.40,31.43,195
Finam:BR,2020-05-15T14:05:00+03:00,31.44,31.77,31.43,31.43,418
Finam:BR,2020-05-15T14:06:00+03:00,31.43,31.77,31.43,31.75,86
Finam:BR,2020-05-15T14:07:00+03:00,31.50,31.75,31.48,31.74,89
Finam:BR,2020-05-15T14:08:00+03:00,31.74,31.79,31.48,31.79,135
Finam:BR,2020-05-15T14:09:00+03:00,31.48,31.84,31.48,31.84,196
Finam:BR,2020-05-15T14:10:00+03:00,31.83,31.83,31.46,31.74,252
Finam:BR,2020-05-15T14:11:00+03:00,31.49,31.74,31.49,31.52,193
Finam:BR,2020-05-15T14:12:00+03:00,31.52,31.71,31.52,31.69,237
Finam:BR,2020-05-15T14:13:00+03:00,31.70,31.74,31.56,31.73,57
Finam:BR,2020-05-15T14:14:00+03:00,31.58,31.75,31.55,31.73,31
Finam:BR,2020-05-15T14:15:00+03:00,31.74,31.78,31.55,31.61,118
Finam:BR,2020-05-15T14:16:00+03:00,31.62,31.80,31.61,31.66,243
Finam:BR,2020-05-15T14:17:00+03:00,31.65,31.83,31.65,31.65,101
Finam:BR,2020-05-15T14:18:00+03:00,31.65,31.89,31.64,31.67,129
Finam:BR,2020-05-15T14:19:00+03:00,31.86,31.86,31.65,31.69,80
Finam:BR,2020-05-15T14:20:00+03:00,31.67,31.68,31.65,31.65,21
Finam:BR,2020-05-15T14:21:00+03:00,31.65,31.66,31.64,31.66,24
Finam:BR,2020-05-15T14:22:00+03:00,31.66,31.67,31.61,31.61,64
Finam:BR,2020-05-15T14:23:00+03:00,31.60,31.63,31.59,31.63,31
Finam:BR,2020-05-15T14:24:00+03:00,31.64,31.76,31.64,31.75,133
Finam:BR,2020-05-15T14:25:00+03:00,31.74,31.75,31.73,31.74,60
Finam:BR,2020-05-15T14:26:00+03:00,31.75,31.87,31.75,31.85,261
Finam:BR,2020-05-15T14:27:00+03:00,31.86,31.86,31.81,31.84,51
Finam:BR,2020-05-15T14:28:00+03:00,31.84,31.84,31.77,31.77,42
Finam:BR,2020-05-15T14:29:00+03:00,31.78,31.80,31.75,31.78,41
Finam:BR,2020-05-15T14:30:00+03:00,31.78,31.79,31.75,31.79,37
Finam:BR,2020-05-15T14:31:00+03:00,31.79,31.83,31.76,31.76,38
Finam:BR,2020-05-15T14:32:00+03:00,31.76,31.77,31.74,31.77,58
Finam:BR,2020-05-15T14:33:00+03:00,31.76,31.76,31.74,31.75,49
Finam:BR,2020-05-15T14:34:00+03:00,31.74,31.74,31.72,31.72,44
Finam:BR,2020-05-15T14:35:00+03:00,31.72,31.76,31.71,31.74,50
Finam:BR,2020-05-15T14:36:00+03:00,31.74,31.76,31.66,31.68,67
Finam:BR,2020-05-15T14:37:00+03:00,31.67,31.70,31.64,31.69,60
Finam:BR,2020-05-15T14:38:00+03:00,31.69,31.69,31.67,31.69,21
Finam:BR,2020-05-15T14:39:00+03:00,31.70,31.70,31.66,31.67,35
Finam:BR,2020-05-15T14:40:00+03:00,31.66,31.67,31.64,31.67,40
Finam:BR,2020-05-15T14:41:00+03:00,31.67,31.70,31.67,31.68,47
Finam:BR,2020-05-15T14:42:00+03:00,31.69,31.70,31.68,31.69,82
Finam:BR,2020-05-15T14:43:00+03:00,31.69,31.77,31.69,31.77,74
Finam:BR,2020-05-15T14:44:00+03:00,31.77,31.77,31.74,31.76,21
Finam:BR,2020-05-15T14:45:00+03:00,31.76,31.76,31.72,31.72,25
Finam:BR,2020-05-15T14:46:00+03:00,31.72,31.72,31.70,31.70,36
Finam:BR,2020-05-15T14:47:00+03:00,31.70,31.76,31.70,31.76,31
Finam:BR,2020-05-15T14:48:00+03:00,31.75,31.76,31.72,31.74,28
Finam:BR,2020-05-15T14:49:00+03:00,31.74,31.75,31.72,31.73,25
Finam:BR,2020-05-15T14:50:00+03:00,31.73,31.76,31.71,31.76,50
Finam:BR,2020-05-15T14:51:00+03:00,31.76,31.77,31.72,31.73,29
Finam:BR,2020-05-15T14:52:00+03:00,31.73,31.74,31.70,31.73,41
Finam:BR,2020-05-15T14:53:00+03:00,31.74,31.75,31.71,31.73,32
Finam:BR,2020-05-15T14:54:00+03:00,31.72,31.74,31.69,31.74,109
Finam:BR,2020-05-15T14:55:00+03:00,31.75,31.80,31.75,31.79,119
Finam:BR,2020-05-15T14:56:00+03:00,31.78,31.83,31.78,31.80,68
Finam:BR,2020-05-15T14:57:00+03:00,31.79,31.82,31.78,31.79,44
Finam:BR,2020-05-15T14:58:00+03:00,31.77,31.79,31.76,31.77,33
Finam:BR,2020-05-15T14:59:00+03:00,31.78,31.78,31.73,31.73,26
Finam:BR,2020-05-15T15:00:00+03:00,31.71,31.72,31.67,31.67,188
Finam:BR,2020-05-15T15:01:00+03:00,31.67,31.68,31.63,31.64,169
Finam:BR,2020-05-15T15:02:00+03:00,31.65,31.66,31.58,31.60,170
Finam:BR,2020-05-15T15:03:00+03:00,31.61,31.69,31.61,31.69,78
Finam:BR,2020-05-15T15:04:00+03:00,31.69,31.71,31.67,31.70,32
Finam:BR,2020-05-15T15:05:00+03:00,31.70,31.70,31.63,31.66,46
Finam:BR,2020-05-15T15:06:00+03:00,31.66,31.70,31.66,31.70,24
Finam:BR,2020-05-15T15:07:00+03:00,31.69,31.71,31.68,31.68,39
Finam:BR,2020-05-15T15:08:00+03:00,31.68,31.68,31.61,31.63,80
Finam:BR,2020-05-15T15:09:00+03:00,31.63,31.64,31.62,31.63,35
Finam:BR,2020-05-15T15:10:00+03:00,31.62,31.63,31.60,31.62,47
Finam:BR,2020-05-15T15:11:00+03:00,31.62,31.67,31.61,31.63,91
Finam:BR,2020-05-15T15:12:00+03:00,31.64,31.70,31.64,31.70,36
Finam:BR,2020-05-15T15:13:00+03:00,31.70,31.78,31.70,31.73,84
Finam:BR,2020-05-15T15:14:00+03:00,31.72,31.73,31.70,31.73,29
Finam:BR,2020-05-15T15:15:00+03:00,31.73,31.73,31.68,31.69,39
Finam:BR,2020-05-15T15:16:00+03:00,31.70,31.70,31.67,31.67,38
Finam:BR,2020-05-15T15:17:00+03:00,31.68,31.76,31.65,31.76,96
Finam:BR,2020-05-15T15:18:00+03:00,31.76,31.80,31.72,31.79,127
Finam:BR,2020-05-15T15:19:00+03:00,31.79,31.82,31.73,31.76,143
Finam:BR,2020-05-15T15:20:00+03:00,31.76,31.80,31.74,31.79,77
Finam:BR,2020-05-15T15:21:00+03:00,31.78,31.80,31.76,31.78,65
Finam:BR,2020-05-15T15:22:00+03:00,31.77,31.77,31.70,31.72,122
Finam:BR,2020-05-15T15:23:00+03:00,31.73,31.77,31.72,31.77,26
Finam:BR,2020-05-15T15:24:00+03:00,31.77,31.78,31.76,31.78,26
Finam:BR,2020-05-15T15:25:00+03:00,31.76,31.76,31.70,31.70,52
Finam:BR,2020-05-15T15:26:00+03:00,31.71,31.74,31.68,31.74,64
Finam:BR,2020-05-15T15:27:00+03:00,31.74,31.74,31.72,31.73,69
Finam:BR,2020-05-15T15:28:00+03:00,31.73,31.76,31.73,31.75,45
Finam:BR,2020-05-15T15:29:00+03:00,31.76,31.79,31.76,31.78,27
Finam:BR,2020-05-15T15:30:00+03:00,31.78,31.78,31.73,31.77,41
Finam:BR,2020-05-15T15:31:00+03:00,31.77,31.78,31.70,31.70,52
Finam:BR,2020-05-15T15:32:00+03:00,31.71,31.77,31.70,31.77,101
Finam:BR,2020-05-15T15:33:00+03:00,31.77,31.82,31.75,31.76,179
Finam:BR,2020-05-15T15:34:00+03:00,31.77,31.78,31.71,31.71,65
Finam:BR,2020-05-15T15:35:00+03:00,31.73,31.75,31.71,31.75,272
Finam:BR,2020-05-15T15:36:00+03:00,31.75,31.78,31.74,31.78,37
Finam:BR,2020-05-15T15:37:00+03:00,31.76,31.84,31.76,31.79,76
Finam:BR,2020-05-15T15:38:00+03:00,31.79,31.85,31.78,31.85,70
Finam:BR,2020-05-15T15:39:00+03:00,31.85,31.93,31.84,31.90,460
Finam:BR,2020-05-15T15:40:00+03:00,31.90,31.96,31.90,31.96,165
Finam:BR,2020-05-15T15:41:00+03:00,31.95,32.04,31.94,32.02,307
Finam:BR,2020-05-15T15:42:00+03:00,32.03,32.03,32.00,32.01,80
Finam:BR,2020-05-15T15:43:00+03:00,32.01,32.02,31.97,31.98,131
Finam:BR,2020-05-15T15:44:00+03:00,31.98,32.02,31.97,31.98,88
Finam:BR,2020-05-15T15:45:00+03:00,31.99,32.03,31.98,32.01,68
Finam:BR,2020-05-15T15:46:00+03:00,32.01,32.02,31.97,32.01,96
Finam:BR,2020-05-15T15:47:00+03:00,32.00,32.00,31.97,31.97,44
Finam:BR,2020-05-15T15:48:00+03:00,31.97,32.01,31.95,31.98,171
Finam:BR,2020-05-15T15:49:00+03:00,31.97,31.98,31.94,31.94,59
Finam:BR,2020-05-15T15:50:00+03:00,31.95,32.02,31.94,32.01,116
Finam:BR,2020-05-15T15:51:00+03:00,32.00,32.00,31.97,32.00,94
Finam:BR,2020-05-15T15:52:00+03:00,32.00,32.04,31.99,32.03,129
Finam:BR,2020-05-15T15:53:00+03:00,32.03,32.03,31.96,31.99,253
Finam:BR,2020-05-15T15:54:00+03:00,31.99,32.02,31.98,31.98,42
Finam:BR,2020-05-15T15:55:00+03:00,31.98,32.02,31.97,31.97,75
Finam:BR,2020-05-15T15:56:00+03:00,31.98,32.03,31.98,32.01,245
Finam:BR,2020-05-15T15:57:00+03:00,32.02,32.07,32.02,32.07,113
Finam:BR,2020-05-15T15:58:00+03:00,32.06,32.10,32.06,32.09,231
Finam:BR,2020-05-15T15:59:00+03:00,32.08,32.10,32.07,32.08,146
Finam:BR,2020-05-15T16:00:00+03:00,32.08,32.16,31.94,31.98,512
Finam:BR,2020-05-15T16:01:00+03:00,31.99,32.00,31.90,31.91,222
Finam:BR,2020-05-15T16:02:00+03:00,31.91,31.97,31.89,31.97,102
Finam:BR,2020-05-15T16:03:00+03:00,31.96,32.02,31.96,31.99,105
Finam:BR,2020-05-15T16:04:00+03:00,31.97,31.97,31.87,31.91,203
Finam:BR,2020-05-15T16:05:00+03:00,31.91,31.92,31.88,31.92,183
Finam:BR,2020-05-15T16:06:00+03:00,31.92,31.93,31.81,31.84,299
Finam:BR,2020-05-15T16:07:00+03:00,31.83,31.86,31.78,31.78,218
Finam:BR,2020-05-15T16:08:00+03:00,31.80,31.80,31.76,31.77,259
Finam:BR,2020-05-15T16:09:00+03:00,31.78,31.80,31.76,31.78,144
Finam:BR,2020-05-15T16:10:00+03:00,31.79,31.79,31.73,31.75,115
Finam:BR,2020-05-15T16:11:00+03:00,31.76,31.77,31.73,31.74,99
Finam:BR,2020-05-15T16:12:00+03:00,31.74,31.77,31.73,31.76,98
Finam:BR,2020-05-15T16:13:00+03:00,31.75,31.77,31.74,31.75,71
Finam:BR,2020-05-15T16:14:00+03:00,31.76,31.78,31.76,31.77,55
Finam:BR,2020-05-15T16:15:00+03:00,31.77,31.77,31.74,31.76,147
Finam:BR,2020-05-15T16:16:00+03:00,31.76,31.85,31.76,31.83,164
Finam:BR,2020-05-15T16:17:00+03:00,31.83,31.83,31.73,31.73,130
Finam:BR,2020-05-15T16:18:00+03:00,31.73,31.78,31.73,31.75,136
Finam:BR,2020-05-15T16:19:00+03:00,31.76,31.85,31.76,31.84,92
Finam:BR,2020-05-15T16:20:00+03:00,31.85,31.88,31.84,31.84,156
Finam:BR,2020-05-15T16:21:00+03:00,31.84,31.84,31.79,31.79,154
Finam:BR,2020-05-15T16:22:00+03:00,31.79,31.82,31.79,31.81,84
Finam:BR,2020-05-15T16:23:00+03:00,31.80,31.87,31.80,31.83,191
Finam:BR,2020-05-15T16:24:00+03:00,31.83,31.89,31.83,31.89,66
Finam:BR,2020-05-15T16:25:00+03:00,31.90,31.92,31.87,31.87,172
Finam:BR,2020-05-15T16:26:00+03:00,31.87,31.93,31.87,31.90,53
Finam:BR,2020-05-15T16:27:00+03:00,31.91,31.91,31.85,31.89,106
Finam:BR,2020-05-15T16:28:00+03:00,31.88,31.90,31.86,31.88,102
Finam:BR,2020-05-15T16:29:00+03:00,31.87,31.88,31.85,31.87,158
Finam:BR,2020-05-15T16:30:00+03:00,31.86,31.88,31.82,31.85,185
Finam:BR,2020-05-15T16:31:00+03:00,31.86,31.93,31.82,31.83,261
Finam:BR,2020-05-15T16:32:00+03:00,31.84,31.85,31.61,31.65,617
Finam:BR,2020-05-15T16:33:00+03:00,31.66,31.68,31.48,31.53,693
Finam:BR,2020-05-15T16:34:00+03:00,31.52,31.59,31.47,31.57,441
Finam:BR,2020-05-15T16:35:00+03:00,31.57,31.58,31.40,31.47,470
Finam:BR,2020-05-15T16:36:00+03:00,31.47,31.51,31.44,31.51,218
Finam:BR,2020-05-15T16:37:00+03:00,31.51,31.64,31.51,31.64,363
Finam:BR,2020-05-15T16:38:00+03:00,31.61,31.66,31.61,31.64,218
Finam:BR,2020-05-15T16:39:00+03:00,31.64,31.69,31.61,31.69,117
Finam:BR,2020-05-15T16:40:00+03:00,31.69,31.72,31.65,31.67,256
Finam:BR,2020-05-15T16:41:00+03:00,31.66,31.70,31.66,31.66,104
Finam:BR,2020-05-15T16:42:00+03:00,31.65,31.72,31.65,31.70,195
Finam:BR,2020-05-15T16:43:00+03:00,31.71,31.75,31.66,31.74,167
Finam:BR,2020-05-15T16:44:00+03:00,31.73,31.78,31.73,31.75,197
Finam:BR,2020-05-15T16:45:00+03:00,31.75,31.76,31.69,31.71,117
Finam:BR,2020-05-15T16:46:00+03:00,31.72,31.73,31.69,31.72,181
Finam:BR,2020-05-15T16:47:00+03:00,31.72,31.73,31.66,31.72,325
Finam:BR,2020-05-15T16:48:00+03:00,31.72,31.74,31.65,31.65,90
Finam:BR,2020-05-15T16:49:00+03:00,31.65,31.71,31.65,31.69,86
Finam:BR,2020-05-15T16:50:00+03:00,31.68,31.71,31.68,31.69,75
Finam:BR,2020-05-15T16:51:00+03:00,31.68,31.70,31.67,31.67,89
Finam:BR,2020-05-15T16:52:00+03:00,31.66,31.79,31.66,31.77,149
Finam:BR,2020-05-15T16:53:00+03:00,31.77,31.83,31.76,31.80,516
Finam:BR,2020-05-15T16:54:00+03:00,31.79,31.80,31.77,31.80,55
Finam:BR,2020-05-15T16:55:00+03:00,31.78,31.80,31.76,31.79,261
Finam:BR,2020-05-15T16:56:00+03:00,31.80,31.83,31.78,31.82,215
Finam:BR,2020-05-15T16:57:00+03:00,31.83,31.83,31.76,31.76,122
Finam:BR,2020-05-15T16:58:00+03:00,31.75,31.76,31.69,31.71,128
Finam:BR,2020-05-15T16:59:00+03:00,31.71,31.75,31.71,31.73,81
Finam:BR,2020-05-15T17:00:00+03:00,31.74,31.75,31.63,31.65,267
Finam:BR,2020-05-15T17:01:00+03:00,31.67,31.77,31.66,31.77,132
Finam:BR,2020-05-15T17:02:00+03:00,31.77,31.81,31.73,31.75,202
Finam:BR,2020-05-15T17:03:00+03:00,31.75,31.81,31.75,31.80,111
Finam:BR,2020-05-15T17:04:00+03:00,31.78,31.82,31.74,31.74,220
Finam:BR,2020-05-15T17:05:00+03:00,31.75,31.79,31.73,31.77,114
Finam:BR,2020-05-15T17:06:00+03:00,31.77,31.81,31.74,31.80,181
Finam:BR,2020-05-15T17:07:00+03:00,31.80,31.87,31.78,31.85,198
Finam:BR,2020-05-15T17:08:00+03:00,31.84,31.84,31.76,31.81,143
Finam:BR,2020-05-15T17:09:00+03:00,31.80,31.80,31.77,31.78,151
Finam:BR,2020-05-15T17:10:00+03:00,31.77,31.83,31.76,31.82,124
Finam:BR,2020-05-15T17:11:00+03:00,31.83,31.92,31.82,31.91,199
Finam:BR,2020-05-15T17:12:00+03:00,31.91,31.99,31.86,31.95,520
Finam:BR,2020-05-15T17:13:00+03:00,31.96,32.06,31.94,32.00,835
Finam:BR,2020-05-15T17:14:00+03:00,31.99,31.99,31.92,31.96,206
Finam:BR,2020-05-15T17:15:00+03:00,31.96,32.02,31.96,31.97,184
Finam:BR,2020-05-15T17:16:00+03:00,31.97,32.00,31.95,31.99,152
Finam:BR,2020-05-15T17:17:00+03:00,32.00,32.00,31.95,31.99,182
Finam:BR,2020-05-15T17:18:00+03:00,31.99,32.04,31.98,31.98,238
Finam:BR,2020-05-15T17:19:00+03:00,31.98,32.01,31.94,31.95,103
Finam:BR,2020-05-15T17:20:00+03:00,31.96,31.98,31.91,31.91,81
Finam:BR,2020-05-15T17:21:00+03:00,31.91,31.95,31.90,31.93,198
Finam:BR,2020-05-15T17:22:00+03:00,31.96,31.96,31.86,31.87,175
Finam:BR,2020-05-15T17:23:00+03:00,31.84,31.86,31.74,31.75,371
Finam:BR,2020-05-15T17:24:00+03:00,31.74,31.79,31.73,31.74,260
Finam:BR,2020-05-15T17:25:00+03:00,31.75,31.81,31.69,31.71,310
Finam:BR,2020-05-15T17:26:00+03:00,31.72,31.74,31.70,31.71,190
Finam:BR,2020-05-15T17:27:00+03:00,31.71,31.71,31.66,31.68,112
Finam:BR,2020-05-15T17:28:00+03:00,31.67,31.73,31.67,31.72,110
Finam:BR,2020-05-15T17:29:00+03:00,31.72,31.72,31.65,31.69,125
Finam:BR,2020-05-15T17:30:00+03:00,31.69,31.69,31.55,31.60,259
Finam:BR,2020-05-15T17:31:00+03:00,31.58,31.64,31.58,31.61,109
Finam:BR,2020-05-15T17:32:00+03:00,31.60,31.62,31.58,31.62,59
Finam:BR,2020-05-15T17:33:00+03:00,31.62,31.64,31.60,31.60,69
Finam:BR,2020-05-15T17:34:00+03:00,31.60,31.61,31.57,31.57,62
Finam:BR,2020-05-15T17:35:00+03:00,31.56,31.58,31.43,31.45,279
Finam:BR,2020-05-15T17:36:00+03:00,31.45,31.48,31.41,31.42,140
Finam:BR,2020-05-15T17:37:00+03:00,31.42,31.47,31.42,31.46,183
Finam:BR,2020-05-15T17:38:00+03:00,31.45,31.55,31.45,31.51,305
Finam:BR,2020-05-15T17:39:00+03:00,31.50,31.57,31.49,31.56,146
Finam:BR,2020-05-15T17:40:00+03:00,31.56,31.56,31.50,31.53,227
Finam:BR,2020-05-15T17:41:00+03:00,31.52,31.60,31.51,31.58,238
Finam:BR,2020-05-15T17:42:00+03:00,31.60,31.61,31.56,31.57,184
Finam:BR,2020-05-15T17:43:00+03:00,31.56,31.58,31.56,31.57,138
Finam:BR,2020-05-15T17:44:00+03:00,31.57,31.63,31.56,31.58,384
Finam:BR,2020-05-15T17:45:00+03:00,31.57,31.57,31.54,31.54,226
Finam:BR,2020-05-15T17:46:00+03:00,31.55,31.59,31.55,31.57,111
Finam:BR,2020-05-15T17:47:00+03:00,31.57,31.69,31.55,31.68,169
Finam:BR,2020-05-15T17:48:00+03:00,31.69,31.72,31.63,31.63,401
Finam:BR,2020-05-15T17:49:00+03:00,31.64,31.66,31.61,31.64,244
Finam:BR,2020-05-15T17:50:00+03:00,31.63,31.64,31.54,31.54,255
Finam:BR,2020-05-15T17:51:00+03:00,31.54,31.62,31.54,31.58,278
Finam:BR,2020-05-15T17:52:00+03:00,31.58,31.59,31.48,31.49,420
Finam:BR,2020-05-15T17:53:00+03:00,31.47,31.51,31.46,31.47,102
Finam:BR,2020-05-15T17:54:00+03:00,31.46,31.50,31.33,31.36,686
Finam:BR,2020-05-15T17:55:00+03:00,31.36,31.39,31.27,31.29,738
Finam:BR,2020-05-15T17:56:00+03:00,31.28,31.37,31.28,31.36,201
Finam:BR,2020-05-15T17:57:00+03:00,31.37,31.43,31.37,31.42,153
Finam:BR,2020-05-15T17:58:00+03:00,31.41,31.42,31.38,31.39,264
Finam:BR,2020-05-15T17:59:00+03:00,31.39,31.43,31.30,31.31,213
Finam:BR,2020-05-15T18:00:00+03:00,31.31,31.36,31.24,31.26,644
Finam:BR,2020-05-15T18:01:00+03:00,31.25,31.27,31.23,31.26,427
Finam:BR,2020-05-15T18:02:00+03:00,31.27,31.38,31.25,31.38,251
Finam:BR,2020-05-15T18:03:00+03:00,31.37,31.42,31.33,31.37,204
Finam:BR,2020-05-15T18:04:00+03:00,31.37,31.41,31.35,31.38,76
Finam:BR,2020-05-15T18:05:00+03:00,31.38,31.41,31.36,31.40,121
Finam:BR,2020-05-15T18:06:00+03:00,31.41,31.45,31.36,31.40,299
Finam:BR,2020-05-15T18:07:00+03:00,31.41,31.44,31.38,31.43,138
Finam:BR,2020-05-15T18:08:00+03:00,31.44,31.48,31.42,31.42,254
Finam:BR,2020-05-15T18:09:00+03:00,31.42,31.44,31.35,31.42,454
Finam:BR,2020-05-15T18:10:00+03:00,31.41,31.41,31.15,31.19,1612
Finam:BR,2020-05-15T18:11:00+03:00,31.19,31.34,31.18,31.29,615
Finam:BR,2020-05-15T18:12:00+03:00,31.29,31.40,31.28,31.38,253
Finam:BR,2020-05-15T18:13:00+03:00,31.38,31.65,31.36,31.53,1390
Finam:BR,2020-05-15T18:14:00+03:00,31.53,31.54,31.41,31.46,690
Finam:BR,2020-05-15T18:15:00+03:00,31.46,31.54,31.43,31.46,394
Finam:BR,2020-05-15T18:16:00+03:00,31.46,31.47,31.37,31.41,321
Finam:BR,2020-05-15T18:17:00+03:00,31.40,31.45,31.34,31.39,297
Finam:BR,2020-05-15T18:18:00+03:00,31.41,31.50,31.39,31.48,261
Finam:BR,2020-05-15T18:19:00+03:00,31.49,31.51,31.45,31.46,183
Finam:BR,2020-05-15T18:20:00+03:00,31.45,31.49,31.38,31.44,222
Finam:BR,2020-05-15T18:21:00+03:00,31.44,31.50,31.42,31.47,188
Finam:BR,2020-05-15T18:22:00+03:00,31.46,31.50,31.43,31.49,243
Finam:BR,2020-05-15T18:23:00+03:00,31.48,31.55,31.45,31.55,285
Finam:BR,2020-05-15T18:24:00+03:00,31.56,31.60,31.46,31.51,755
Finam:BR,2020-05-15T18:25:00+03:00,31.51,31.60,31.50,31.59,329
Finam:BR,2020-05-15T18:26:00+03:00,31.59,31.66,31.57,31.64,359
Finam:BR,2020-05-15T18:27:00+03:00,31.64,31.68,31.54,31.62,469
Finam:BR,2020-05-15T18:28:00+03:00,31.62,31.78,31.62,31.76,1253
Finam:BR,2020-05-15T18:29:00+03:00,31.76,31.78,31.66,31.72,3877
Finam:BR,2020-05-15T18:30:00+03:00,31.71,31.80,31.70,31.75,842
Finam:BR,2020-05-15T18:31:00+03:00,31.76,31.76,31.61,31.67,557
Finam:BR,2020-05-15T18:32:00+03:00,31.67,31.76,31.67,31.76,223
Finam:BR,2020-05-15T18:33:00+03:00,31.76,31.81,31.74,31.75,474
Finam:BR,2020-05-15T18:34:00+03:00,31.75,31.85,31.74,31.83,231
Finam:BR,2020-05-15T18:35:00+03:00,31.83,31.89,31.79,31.86,250
Finam:BR,2020-05-15T18:36:00+03:00,31.87,31.90,31.83,31.88,443
Finam:BR,2020-05-15T18:37:00+03:00,31.88,31.90,31.85,31.86,306
Finam:BR,2020-05-15T18:38:00+03:00,31.86,31.97,31.86,31.96,440
Finam:BR,2020-05-15T18:39:00+03:00,31.96,31.96,31.83,31.85,258
Finam:BR,2020-05-15T18:40:00+03:00,31.86,31.87,31.80,31.82,128
Finam:BR,2020-05-15T18:41:00+03:00,31.82,31.83,31.71,31.74,253
Finam:BR,2020-05-15T18:42:00+03:00,31.73,31.76,31.70,31.73,280
Finam:BR,2020-05-15T18:43:00+03:00,31.72,31.77,31.72,31.77,134
Finam:BR,2020-05-15T18:44:00+03:00,31.77,31.77,31.68,31.74,310
Finam:BR,2020-05-15T18:45:00+03:00,31.73,31.73,31.64,31.70,205
Finam:BR,2020-05-15T18:46:00+03:00,31.69,31.70,31.67,31.70,90
Finam:BR,2020-05-15T18:47:00+03:00,31.69,31.70,31.67,31.68,102
Finam:BR,2020-05-15T18:48:00+03:00,31.69,31.71,31.67,31.68,59
Finam:BR,2020-05-15T18:49:00+03:00,31.68,31.75,31.67,31.74,110
Finam:BR,2020-05-15T18:50:00+03:00,31.74,31.79,31.74,31.78,140
Finam:BR,2020-05-15T18:51:00+03:00,31.77,31.84,31.77,31.80,94
Finam:BR,2020-05-15T18:52:00+03:00,31.81,31.85,31.78,31.82,314
Finam:BR,2020-05-15T18:53:00+03:00,31.83,31.89,31.82,31.89,265
Finam:BR,2020-05-15T18:54:00+03:00,31.88,31.91,31.83,31.83,133
Finam:BR,2020-05-15T18:55:00+03:00,31.85,31.90,31.84,31.90,87
Finam:BR,2020-05-15T18:56:00+03:00,31.90,31.95,31.89,31.94,202
Finam:BR,2020-05-15T18:57:00+03:00,31.95,31.95,31.91,31.92,177
Finam:BR,2020-05-15T18:58:00+03:00,31.93,31.94,31.91,31.92,108
Finam:BR,2020-05-15T18:59:00+03:00,31.93,31.97,31.92,31.97,550
Finam:BR,2020-05-15T19:00:00+03:00,31.98,31.98,31.95,31.95,126
Finam:BR,2020-05-15T19:01:00+03:00,31.95,31.95,31.91,31.93,108
Finam:BR,2020-05-15T19:02:00+03:00,31.93,31.99,31.93,31.99,171
Finam:BR,2020-05-15T19:03:00+03:00,32.00,32.04,31.95,31.96,216
Finam:BR,2020-05-15T19:04:00+03:00,31.95,32.09,31.95,32.02,491
Finam:BR,2020-05-15T19:05:00+03:00,32.02,32.03,31.97,32.00,81
Finam:BR,2020-05-15T19:06:00+03:00,31.99,32.00,31.98,31.99,114
Finam:BR,2020-05-15T19:07:00+03:00,32.00,32.00,31.97,31.99,159
Finam:BR,2020-05-15T19:08:00+03:00,31.98,31.99,31.94,31.95,166
Finam:BR,2020-05-15T19:09:00+03:00,31.95,31.97,31.94,31.97,136
Finam:BR,2020-05-15T19:10:00+03:00,31.97,31.99,31.94,31.99,66
Finam:BR,2020-05-15T19:11:00+03:00,31.99,32.04,31.99,32.02,88
Finam:BR,2020-05-15T19:12:00+03:00,32.02,32.03,32.00,32.00,61
Finam:BR,2020-05-15T19:13:00+03:00,32.00,32.16,32.00,32.14,338
Finam:BR,2020-05-15T19:14:00+03:00,32.14,32.18,32.11,32.16,471
Finam:BR,2020-05-15T19:15:00+03:00,32.15,32.18,32.15,32.16,242
Finam:BR,2020-05-15T19:16:00+03:00,32.16,32.18,32.13,32.14,150
Finam:BR,2020-05-15T19:17:00+03:00,32.16,32.24,32.15,32.22,483
Finam:BR,2020-05-15T19:18:00+03:00,32.23,32.28,32.18,32.26,466
Finam:BR,2020-05-15T19:19:00+03:00,32.25,32.29,32.23,32.28,115
Finam:BR,2020-05-15T19:20:00+03:00,32.28,32.34,32.27,32.27,531
Finam:BR,2020-05-15T19:21:00+03:00,32.27,32.30,32.24,32.29,390
Finam:BR,2020-05-15T19:22:00+03:00,32.29,32.31,32.27,32.29,93
Finam:BR,2020-05-15T19:23:00+03:00,32.29,32.33,32.27,32.31,356
Finam:BR,2020-05-15T19:24:00+03:00,32.32,32.33,32.29,32.29,77
Finam:BR,2020-05-15T19:25:00+03:00,32.30,32.38,32.30,32.37,149
Finam:BR,2020-05-15T19:26:00+03:00,32.37,32.39,32.34,32.35,148
Finam:BR,2020-05-15T19:27:00+03:00,32.35,32.43,32.35,32.39,333
Finam:BR,2020-05-15T19:28:00+03:00,32.39,32.44,32.38,32.38,196
Finam:BR,2020-05-15T19:29:00+03:00,32.39,32.39,32.34,32.34,198
Finam:BR,2020-05-15T19:30:00+03:00,32.35,32.37,32.30,32.32,159
Finam:BR,2020-05-15T19:31:00+03:00,32.33,32.34,32.24,32.25,304
Finam:BR,2020-05-15T19:32:00+03:00,32.26,32.28,32.24,32.28,145
Finam:BR,2020-05-15T19:33:00+03:00,32.28,32.29,32.26,32.28,79
Finam:BR,2020-05-15T19:34:00+03:00,32.29,32.29,32.25,32.25,67
Finam:BR,2020-05-15T19:35:00+03:00,32.25,32.26,32.22,32.22,183
Finam:BR,2020-05-15T19:36:00+03:00,32.22,32.24,32.20,32.22,310
Finam:BR,2020-05-15T19:37:00+03:00,32.21,32.22,32.19,32.19,98
Finam:BR,2020-05-15T19:38:00+03:00,32.19,32.21,32.17,32.19,82
Finam:BR,2020-05-15T19:39:00+03:00,32.18,32.20,32.15,32.20,107
Finam:BR,2020-05-15T19:40:00+03:00,32.19,32.23,32.18,32.19,160
Finam:BR,2020-05-15T19:41:00+03:00,32.19,32.23,32.19,32.23,60
Finam:BR,2020-05-15T19:42:00+03:00,32.22,32.24,32.21,32.22,50
Finam:BR,2020-05-15T19:43:00+03:00,32.23,32.25,32.21,32.24,71
Finam:BR,2020-05-15T19:44:00+03:00,32.24,32.24,32.16,32.18,136
Finam:BR,2020-05-15T19:45:00+03:00,32.18,32.22,32.17,32.22,146
Finam:BR,2020-05-15T19:46:00+03:00,32.21,32.21,32.19,32.20,32
Finam:BR,2020-05-15T19:47:00+03:00,32.19,32.20,32.14,32.17,116
Finam:BR,2020-05-15T19:48:00+03:00,32.17,32.18,32.15,32.16,85
Finam:BR,2020-05-15T19:49:00+03:00,32.16,32.20,32.16,32.18,62
Finam:BR,2020-05-15T19:50:00+03:00,32.17,32.18,32.16,32.18,111
Finam:BR,2020-05-15T19:51:00+03:00,32.18,32.23,32.16,32.23,145
Finam:BR,2020-05-15T19:52:00+03:00,32.23,32.28,32.22,32.26,124
Finam:BR,2020-05-15T19:53:00+03:00,32.26,32.31,32.26,32.28,258
Finam:BR,2020-05-15T19:54:00+03:00,32.28,32.33,32.28,32.32,73
Finam:BR,2020-05-15T19:55:00+03:00,32.31,32.32,32.29,32.30,37
Finam:BR,2020-05-15T19:56:00+03:00,32.29,32.29,32.23,32.25,248
Finam:BR,2020-05-15T19:57:00+03:00,32.25,32.25,32.19,32.20,107
Finam:BR,2020-05-15T19:58:00+03:00,32.21,32.28,32.21,32.28,51
Finam:BR,2020-05-15T19:59:00+03:00,32.28,32.31,32.27,32.31,81
Finam:BR,2020-05-15T20:00:00+03:00,32.31,32.40,32.31,32.37,214
Finam:BR,2020-05-15T20:01:00+03:00,32.36,32.38,32.32,32.33,128
Finam:BR,2020-05-15T20:02:00+03:00,32.33,32.34,32.32,32.33,42
Finam:BR,2020-05-15T20:03:00+03:00,32.34,32.34,32.31,32.34,147
Finam:BR,2020-05-15T20:04:00+03:00,32.34,32.39,32.32,32.38,203
Finam:BR,2020-05-15T20:05:00+03:00,32.39,32.44,32.39,32.41,455
Finam:BR,2020-05-15T20:06:00+03:00,32.40,32.48,32.38,32.42,395
Finam:BR,2020-05-15T20:07:00+03:00,32.41,32.42,32.37,32.38,182
Finam:BR,2020-05-15T20:08:00+03:00,32.38,32.38,32.22,32.26,523
Finam:BR,2020-05-15T20:09:00+03:00,32.25,32.30,32.23,32.26,199
Finam:BR,2020-05-15T20:10:00+03:00,32.26,32.30,32.24,32.30,68
Finam:BR,2020-05-15T20:11:00+03:00,32.31,32.32,32.29,32.30,28
Finam:BR,2020-05-15T20:12:00+03:00,32.29,32.32,32.28,32.32,32
Finam:BR,2020-05-15T20:13:00+03:00,32.32,32.37,32.30,32.37,201
Finam:BR,2020-05-15T20:14:00+03:00,32.37,32.39,32.37,32.39,48
Finam:BR,2020-05-15T20:15:00+03:00,32.37,32.37,32.34,32.34,23
Finam:BR,2020-05-15T20:16:00+03:00,32.34,32.34,32.31,32.31,93
Finam:BR,2020-05-15T20:17:00+03:00,32.31,32.33,32.30,32.32,64
Finam:BR,2020-05-15T20:18:00+03:00,32.32,32.33,32.30,32.32,32
Finam:BR,2020-05-15T20:19:00+03:00,32.29,32.34,32.29,32.32,68
Finam:BR,2020-05-15T20:20:00+03:00,32.33,32.36,32.30,32.30,34
Finam:BR,2020-05-15T20:21:00+03:00,32.30,32.34,32.30,32.32,41
Finam:BR,2020-05-15T20:22:00+03:00,32.33,32.33,32.27,32.27,56
Finam:BR,2020-05-15T20:23:00+03:00,32.28,32.30,32.28,32.28,62
Finam:BR,2020-05-15T20:24:00+03:00,32.29,32.33,32.29,32.31,151
Finam:BR,2020-05-15T20:25:00+03:00,32.31,32.34,32.30,32.34,37
Finam:BR,2020-05-15T20:26:00+03:00,32.34,32.40,32.32,32.37,94
Finam:BR,2020-05-15T20:27:00+03:00,32.38,32.42,32.38,32.40,171
Finam:BR,2020-05-15T20:28:00+03:00,32.41,32.42,32.37,32.39,74
Finam:BR,2020-05-15T20:29:00+03:00,32.39,32.41,32.37,32.39,65
Finam:BR,2020-05-15T20:30:00+03:00,32.39,32.40,32.36,32.36,133
Finam:BR,2020-05-15T20:31:00+03:00,32.36,32.39,32.35,32.36,136
Finam:BR,2020-05-15T20:32:00+03:00,32.37,32.39,32.35,32.37,38
Finam:BR,2020-05-15T20:33:00+03:00,32.37,32.39,32.33,32.37,48
Finam:BR,2020-05-15T20:34:00+03:00,32.38,32.43,32.37,32.43,60
Finam:BR,2020-05-15T20:35:00+03:00,32.41,32.45,32.40,32.44,101
Finam:BR,2020-05-15T20:36:00+03:00,32.44,32.48,32.43,32.46,70
Finam:BR,2020-05-15T20:37:00+03:00,32.46,32.55,32.46,32.51,468
Finam:BR,2020-05-15T20:38:00+03:00,32.51,32.51,32.44,32.50,178
Finam:BR,2020-05-15T20:39:00+03:00,32.50,32.52,32.46,32.48,188
Finam:BR,2020-05-15T20:40:00+03:00,32.49,32.55,32.48,32.52,309
Finam:BR,2020-05-15T20:41:00+03:00,32.53,32.60,32.50,32.58,589
Finam:BR,2020-05-15T20:42:00+03:00,32.58,32.63,32.57,32.59,252
Finam:BR,2020-05-15T20:43:00+03:00,32.58,32.60,32.53,32.54,143
Finam:BR,2020-05-15T20:44:00+03:00,32.54,32.62,32.52,32.61,158
Finam:BR,2020-05-15T20:45:00+03:00,32.62,32.67,32.59,32.59,310
Finam:BR,2020-05-15T20:46:00+03:00,32.59,32.61,32.57,32.61,95
Finam:BR,2020-05-15T20:47:00+03:00,32.62,32.62,32.54,32.57,162
Finam:BR,2020-05-15T20:48:00+03:00,32.57,32.62,32.55,32.61,67
Finam:BR,2020-05-15T20:49:00+03:00,32.60,32.62,32.57,32.57,71
Finam:BR,2020-05-15T20:50:00+03:00,32.58,32.59,32.51,32.52,75
Finam:BR,2020-05-15T20:51:00+03:00,32.53,32.59,32.53,32.58,62
Finam:BR,2020-05-15T20:52:00+03:00,32.58,32.72,32.58,32.69,241
Finam:BR,2020-05-15T20:53:00+03:00,32.69,32.70,32.64,32.64,195
Finam:BR,2020-05-15T20:54:00+03:00,32.64,32.69,32.64,32.68,160
Finam:BR,2020-05-15T20:55:00+03:00,32.68,32.69,32.66,32.68,65
Finam:BR,2020-05-15T20:56:00+03:00,32.67,32.71,32.67,32.68,121
Finam:BR,2020-05-15T20:57:00+03:00,32.69,32.74,32.67,32.70,292
Finam:BR,2020-05-15T20:58:00+03:00,32.68,32.68,32.60,32.62,165
Finam:BR,2020-05-15T20:59:00+03:00,32.62,32.64,32.59,32.60,199
Finam:BR,2020-05-15T21:00:00+03:00,32.60,32.63,32.56,32.60,189
Finam:BR,2020-05-15T21:01:00+03:00,32.60,32.61,32.58,32.59,122
Finam:BR,2020-05-15T21:02:00+03:00,32.58,32.61,32.54,32.55,199
Finam:BR,2020-05-15T21:03:00+03:00,32.55,32.60,32.54,32.59,204
Finam:BR,2020-05-15T21:04:00+03:00,32.60,32.66,32.59,32.61,62
Finam:BR,2020-05-15T21:05:00+03:00,32.60,32.60,32.56,32.56,97
Finam:BR,2020-05-15T21:06:00+03:00,32.57,32.58,32.55,32.56,91
Finam:BR,2020-05-15T21:07:00+03:00,32.57,32.59,32.54,32.54,131
Finam:BR,2020-05-15T21:08:00+03:00,32.54,32.59,32.53,32.56,158
Finam:BR,2020-05-15T21:09:00+03:00,32.56,32.59,32.55,32.56,102
Finam:BR,2020-05-15T21:10:00+03:00,32.56,32.57,32.45,32.46,383
Finam:BR,2020-05-15T21:11:00+03:00,32.46,32.50,32.44,32.49,159
Finam:BR,2020-05-15T21:12:00+03:00,32.50,32.53,32.49,32.53,194
Finam:BR,2020-05-15T21:13:00+03:00,32.54,32.58,32.52,32.58,116
Finam:BR,2020-05-15T21:14:00+03:00,32.58,32.65,32.58,32.59,302
Finam:BR,2020-05-15T21:15:00+03:00,32.59,32.65,32.56,32.61,530
Finam:BR,2020-05-15T21:16:00+03:00,32.60,32.73,32.60,32.70,421
Finam:BR,2020-05-15T21:17:00+03:00,32.71,32.78,32.67,32.76,269
Finam:BR,2020-05-15T21:18:00+03:00,32.76,32.77,32.70,32.77,205
Finam:BR,2020-05-15T21:19:00+03:00,32.78,32.78,32.61,32.64,294
Finam:BR,2020-05-15T21:20:00+03:00,32.64,32.65,32.57,32.59,153
Finam:BR,2020-05-15T21:21:00+03:00,32.58,32.64,32.56,32.64,91
Finam:BR,2020-05-15T21:22:00+03:00,32.63,32.73,32.62,32.69,165
Finam:BR,2020-05-15T21:23:00+03:00,32.68,32.72,32.60,32.62,287
Finam:BR,2020-05-15T21:24:00+03:00,32.61,32.65,32.56,32.59,245
Finam:BR,2020-05-15T21:25:00+03:00,32.59,32.63,32.53,32.53,232
Finam:BR,2020-05-15T21:26:00+03:00,32.53,32.61,32.53,32.55,366
Finam:BR,2020-05-15T21:27:00+03:00,32.55,32.56,32.36,32.41,1166
Finam:BR,2020-05-15T21:28:00+03:00,32.42,32.57,32.41,32.53,1966
Finam:BR,2020-05-15T21:29:00+03:00,32.53,32.53,32.44,32.51,2245
Finam:BR,2020-05-15T21:30:00+03:00,32.51,32.57,32.50,32.53,477
Finam:BR,2020-05-15T21:31:00+03:00,32.52,32.54,32.52,32.53,145
Finam:BR,2020-05-15T21:32:00+03:00,32.54,32.54,32.49,32.49,89
Finam:BR,2020-05-15T21:33:00+03:00,32.48,32.48,32.45,32.45,209
Finam:BR,2020-05-15T21:34:00+03:00,32.45,32.49,32.45,32.45,75
Finam:BR,2020-05-15T21:35:00+03:00,32.44,32.47,32.44,32.47,56
Finam:BR,2020-05-15T21:36:00+03:00,32.49,32.49,32.46,32.46,49
Finam:BR,2020-05-15T21:37:00+03:00,32.47,32.51,32.46,32.49,119
Finam:BR,2020-05-15T21:38:00+03:00,32.48,32.48,32.44,32.46,126
Finam:BR,2020-05-15T21:39:00+03:00,32.46,32.46,32.37,32.37,260
Finam:BR,2020-05-15T21:40:00+03:00,32.37,32.40,32.34,32.37,121
Finam:BR,2020-05-15T21:41:00+03:00,32.37,32.42,32.35,32.40,97
Finam:BR,2020-05-15T21:42:00+03:00,32.40,32.42,32.40,32.41,25
Finam:BR,2020-05-15T21:43:00+03:00,32.41,32.41,32.37,32.38,33
Finam:BR,2020-05-15T21:44:00+03:00,32.50,32.50,32.39,32.43,55
Finam:BR,2020-05-15T21:45:00+03:00,32.43,32.46,32.41,32.45,70
Finam:BR,2020-05-15T21:46:00+03:00,32.45,32.46,32.45,32.45,12
Finam:BR,2020-05-15T21:47:00+03:00,32.44,32.51,32.44,32.51,82
Finam:BR,2020-05-15T21:48:00+03:00,32.51,32.53,32.50,32.50,37
Finam:BR,2020-05-15T21:49:00+03:00,32.50,32.52,32.50,32.50,36
Finam:BR,2020-05-15T21:50:00+03:00,32.50,32.55,32.50,32.54,19
Finam:BR,2020-05-15T21:51:00+03:00,32.53,32.54,32.53,32.54,11
Finam:BR,2020-05-15T21:52:00+03:00,32.54,32.56,32.52,32.55,112
Finam:BR,2020-05-15T21:53:00+03:00,32.54,32.55,32.53,32.55,34
Finam:BR,2020-05-15T21:54:00+03:00,32.53,32.55,32.52,32.55,36
Finam:BR,2020-05-15T21:55:00+03:00,32.55,32.56,32.54,32.54,31
Finam:BR,2020-05-15T21:56:00+03:00,32.54,32.56,32.54,32.56,81
Finam:BR,2020-05-15T21:57:00+03:00,32.56,32.57,32.55,32.55,111
Finam:BR,2020-05-15T21:58:00+03:00,32.56,32.59,32.56,32.57,97
Finam:BR,2020-05-15T21:59:00+03:00,32.57,32.57,32.55,32.57,13
Finam:BR,2020-05-15T22:00:00+03:00,32.57,32.59,32.55,32.56,89
Finam:BR,2020-05-15T22:01:00+03:00,32.56,32.59,32.56,32.57,34
Finam:BR,2020-05-15T22:02:00+03:00,32.56,32.60,32.55,32.60,95
Finam:BR,2020-05-15T22:03:00+03:00,32.60,32.62,32.60,32.62,70
Finam:BR,2020-05-15T22:04:00+03:00,32.62,32.66,32.61,32.64,140
Finam:BR,2020-05-15T22:05:00+03:00,32.65,32.66,32.64,32.64,24
Finam:BR,2020-05-15T22:06:00+03:00,32.65,32.67,32.65,32.66,24
Finam:BR,2020-05-15T22:07:00+03:00,32.67,32.69,32.64,32.68,89
Finam:BR,2020-05-15T22:08:00+03:00,32.68,32.69,32.67,32.67,40
Finam:BR,2020-05-15T22:09:00+03:00,32.67,32.68,32.66,32.68,10
Finam:BR,2020-05-15T22:10:00+03:00,32.68,32.69,32.66,32.67,40
Finam:BR,2020-05-15T22:11:00+03:00,32.67,32.70,32.67,32.70,31
Finam:BR,2020-05-15T22:12:00+03:00,32.71,32.72,32.70,32.70,22
Finam:BR,2020-05-15T22:13:00+03:00,32.70,32.70,32.67,32.68,64
Finam:BR,2020-05-15T22:14:00+03:00,32.68,32.68,32.64,32.67,89
Finam:BR,2020-05-15T22:15:00+03:00,32.66,32.66,32.62,32.63,38
Finam:BR,2020-05-15T22:16:00+03:00,32.64,32.65,32.63,32.63,84
Finam:BR,2020-05-15T22:17:00+03:00,32.63,32.67,32.60,32.67,140
Finam:BR,2020-05-15T22:18:00+03:00,32.68,32.68,32.65,32.65,23
Finam:BR,2020-05-15T22:19:00+03:00,32.64,32.64,32.62,32.62,21
Finam:BR,2020-05-15T22:20:00+03:00,32.61,32.61,32.59,32.59,137
Finam:BR,2020-05-15T22:21:00+03:00,32.60,32.61,32.59,32.59,52
Finam:BR,2020-05-15T22:22:00+03:00,32.59,32.60,32.58,32.60,18
Finam:BR,2020-05-15T22:23:00+03:00,32.60,32.60,32.58,32.59,26
Finam:BR,2020-05-15T22:24:00+03:00,32.60,32.61,32.60,32.61,31
Finam:BR,2020-05-15T22:25:00+03:00,32.62,32.64,32.62,32.64,54
Finam:BR,2020-05-15T22:26:00+03:00,32.63,32.64,32.62,32.62,29
Finam:BR,2020-05-15T22:27:00+03:00,32.60,32.62,32.58,32.58,56
Finam:BR,2020-05-15T22:28:00+03:00,32.58,32.58,32.55,32.57,60
Finam:BR,2020-05-15T22:29:00+03:00,32.57,32.58,32.57,32.58,35
Finam:BR,2020-05-15T22:30:00+03:00,32.59,32.63,32.58,32.61,88
Finam:BR,2020-05-15T22:31:00+03:00,32.61,32.64,32.60,32.63,188
Finam:BR,2020-05-15T22:32:00+03:00,32.63,32.64,32.62,32.64,37
Finam:BR,2020-05-15T22:33:00+03:00,32.64,32.64,32.63,32.64,19
Finam:BR,2020-05-15T22:34:00+03:00,32.65,32.66,32.63,32.66,48
Finam:BR,2020-05-15T22:35:00+03:00,32.66,32.69,32.65,32.65,34
Finam:BR,2020-05-15T22:36:00+03:00,32.65,32.67,32.61,32.64,49
Finam:BR,2020-05-15T22:37:00+03:00,32.65,32.65,32.63,32.64,18
Finam:BR,2020-05-15T22:38:00+03:00,32.64,32.67,32.64,32.67,14
Finam:BR,2020-05-15T22:39:00+03:00,32.67,32.67,32.66,32.66,21
Finam:BR,2020-05-15T22:40:00+03:00,32.67,32.67,32.65,32.65,62
Finam:BR,2020-05-15T22:41:00+03:00,32.66,32.67,32.65,32.65,27
Finam:BR,2020-05-15T22:42:00+03:00,32.65,32.65,32.62,32.63,98
Finam:BR,2020-05-15T22:43:00+03:00,32.64,32.64,32.64,32.64,6
Finam:BR,2020-05-15T22:44:00+03:00,32.65,32.65,32.64,32.64,17
Finam:BR,2020-05-15T22:45:00+03:00,32.63,32.66,32.63,32.65,20
Finam:BR,2020-05-15T22:46:00+03:00,32.66,32.66,32.65,32.65,27
Finam:BR,2020-05-15T22:47:00+03:00,32.66,32.66,32.64,32.65,40
Finam:BR,2020-05-15T22:48:00+03:00,32.64,32.66,32.64,32.66,8
Finam:BR,2020-05-15T22:49:00+03:00,32.67,32.69,32.66,32.68,50
Finam:BR,2020-05-15T22:50:00+03:00,32.68,32.71,32.67,32.70,149
Finam:BR,2020-05-15T22:51:00+03:00,32.70,32.72,32.69,32.72,28
Finam:BR,2020-05-15T22:52:00+03:00,32.72,32.72,32.69,32.71,43
Finam:BR,2020-05-15T22:53:00+03:00,32.70,32.72,32.69,32.69,54
Finam:BR,2020-05-15T22:54:00+03:00,32.69,32.70,32.68,32.68,15
Finam:BR,2020-05-15T22:55:00+03:00,32.68,32.75,32.68,32.72,153
Finam:BR,2020-05-15T22:56:00+03:00,32.71,32.72,32.71,32.72,12
Finam:BR,2020-05-15T22:57:00+03:00,32.72,32.73,32.66,32.68,94
Finam:BR,2020-05-15T22:58:00+03:00,32.68,32.70,32.67,32.70,21
Finam:BR,2020-05-15T22:59:00+03:00,32.71,32.77,32.71,32.75,69
Finam:BR,2020-05-15T23:00:00+03:00,32.75,32.75,32.69,32.70,46
Finam:BR,2020-05-15T23:01:00+03:00,32.71,32.71,32.70,32.70,10
Finam:BR,2020-05-15T23:02:00+03:00,32.70,32.70,32.69,32.70,28
Finam:BR,2020-05-15T23:03:00+03:00,32.70,32.73,32.70,32.73,17
Finam:BR,2020-05-15T23:04:00+03:00,32.72,32.76,32.72,32.76,118
Finam:BR,2020-05-15T23:05:00+03:00,32.76,32.76,32.74,32.74,16
Finam:BR,2020-05-15T23:06:00+03:00,32.73,32.73,32.71,32.73,6
Finam:BR,2020-05-15T23:07:00+03:00,32.73,32.76,32.73,32.76,13
Finam:BR,2020-05-15T23:08:00+03:00,32.74,32.76,32.74,32.76,33
Finam:BR,2020-05-15T23:09:00+03:00,32.75,32.76,32.74,32.75,11
Finam:BR,2020-05-15T23:10:00+03:00,32.75,32.76,32.74,32.76,21
Finam:BR,2020-05-15T23:11:00+03:00,32.73,32.75,32.72,32.73,19
Finam:BR,2020-05-15T23:12:00+03:00,32.74,32.74,32.71,32.72,21
Finam:BR,2020-05-15T23:13:00+03:00,32.73,32.75,32.71,32.75,18
Finam:BR,2020-05-15T23:14:00+03:00,32.76,32.77,32.73,32.74,16
Finam:BR,2020-05-15T23:15:00+03:00,32.75,32.76,32.72,32.73,18
Finam:BR,2020-05-15T23:16:00+03:00,32.74,32.74,32.74,32.74,29
Finam:BR,2020-05-15T23:17:00+03:00,32.74,32.77,32.74,32.75,26
Finam:BR,2020-05-15T23:18:00+03:00,32.75,32.78,32.75,32.78,66
Finam:BR,2020-05-15T23:19:00+03:00,32.79,32.91,32.78,32.82,415
Finam:BR,2020-05-15T23:20:00+03:00,32.82,32.83,32.77,32.80,97
Finam:BR,2020-05-15T23:21:00+03:00,32.79,32.79,32.78,32.79,5
Finam:BR,2020-05-15T23:22:00+03:00,32.79,32.79,32.77,32.77,11
Finam:BR,2020-05-15T23:23:00+03:00,32.78,32.79,32.78,32.79,10
Finam:BR,2020-05-15T23:24:00+03:00,32.78,32.79,32.78,32.78,15
Finam:BR,2020-05-15T23:25:00+03:00,32.78,32.79,32.77,32.77,5
Finam:BR,2020-05-15T23:26:00+03:00,32.78,32.81,32.78,32.80,32
Finam:BR,2020-05-15T23:27:00+03:00,32.79,32.79,32.78,32.79,14
Finam:BR,2020-05-15T23:28:00+03:00,32.79,32.79,32.77,32.79,11
Finam:BR,2020-05-15T23:29:00+03:00,32.78,32.79,32.78,32.79,6
Finam:BR,2020-05-15T23:30:00+03:00,32.79,32.81,32.78,32.81,27
Finam:BR,2020-05-15T23:31:00+03:00,32.80,32.85,32.79,32.83,41
Finam:BR,2020-05-15T23:32:00+03:00,32.83,32.83,32.81,32.82,7
Finam:BR,2020-05-15T23:33:00+03:00,32.81,32.81,32.81,32.81,5
Finam:BR,2020-05-15T23:34:00+03:00,32.81,32.82,32.81,32.82,5
Finam:BR,2020-05-15T23:35:00+03:00,32.82,32.86,32.81,32.86,17
Finam:BR,2020-05-15T23:36:00+03:00,32.85,32.88,32.85,32.87,45
Finam:BR,2020-05-15T23:37:00+03:00,32.86,32.88,32.84,32.87,35
Finam:BR,2020-05-15T23:38:00+03:00,32.87,32.89,32.87,32.89,7
Finam:BR,2020-05-15T23:39:00+03:00,32.88,32.89,32.87,32.87,8
Finam:BR,2020-05-15T23:40:00+03:00,32.88,32.89,32.85,32.88,31
Finam:BR,2020-05-15T23:41:00+03:00,32.87,32.88,32.86,32.88,21
Finam:BR,2020-05-15T23:42:00+03:00,32.87,32.88,32.87,32.88,12
Finam:BR,2020-05-15T23:43:00+03:00,32.87,32.88,32.86,32.87,11
Finam:BR,2020-05-15T23:44:00+03:00,32.87,32.89,32.86,32.89,19
Finam:BR,2020-05-15T23:45:00+03:00,32.89,32.89,32.86,32.87,18
Finam:BR,2020-05-15T23:46:00+03:00,32.87,32.88,32.85,32.88,47
Finam:BR,2020-05-15T23:47:00+03:00,32.87,32.90,32.87,32.88,13
Finam:BR,2020-05-15T23:48:00+03:00,32.87,32.88,32.86,32.86,9
Finam:BR,2020-05-15T23:49:00+03:00,32.86,32.90,32.85,32.88,39
Finam:BR,2020-05-15T23:50:00+03:00,32.87,32.91,32.87,32.89,19
Finam:BR,2020-05-15T23:51:00+03:00,32.88,32.88,32.87,32.88,4
Finam:BR,2020-05-15T23:52:00+03:00,32.87,32.87,32.86,32.87,20
Finam:BR,2020-05-15T23:53:00+03:00,32.86,32.86,32.85,32.85,13
Finam:BR,2020-05-15T23:54:00+03:00,32.86,32.86,32.83,32.83,56
Finam:BR,2020-05-15T23:55:00+03:00,32.83,32.84,32.80,32.80,10
Finam:BR,2020-05-15T23:56:00+03:00,32.78,32.78,32.77,32.77,2
Finam:BR,2020-05-15T23:57:00+03:00,32.79,32.80,32.78,32.80,12
Finam:BR,2020-05-15T23:58:00+03:00,32.81,32.85,32.78,32.82,27
Finam:BR,2020-05-15T23:59:00+03:00,32.82,32.90,32.82,32.89,49
