MOEX:MOEX,2020-05-18T10:00:00+03:00,114.89,115.00,114.20,114.32,11765
MOEX:MOEX,2020-05-18T10:01:00+03:00,114.25,114.84,114.25,114.68,9287
MOEX:MOEX,2020-05-18T10:02:00+03:00,114.68,114.80,114.56,114.74,6236
MOEX:MOEX,2020-05-18T10:03:00+03:00,114.74,114.79,114.46,114.60,9277
MOEX:MOEX,2020-05-18T10:04:00+03:00,114.59,114.67,114.53,114.67,2297
MOEX:MOEX,2020-05-18T10:05:00+03:00,114.66,114.80,114.24,114.32,13842
MOEX:MOEX,2020-05-18T10:06:00+03:00,114.26,114.36,113.93,114.14,12331
MOEX:MOEX,2020-05-18T10:07:00+03:00,114.14,114.44,114.07,114.34,4465
MOEX:MOEX,2020-05-18T10:08:00+03:00,114.39,114.48,114.20,114.20,4608
MOEX:MOEX,2020-05-18T10:09:00+03:00,114.24,114.40,114.04,114.08,1974
MOEX:MOEX,2020-05-18T10:10:00+03:00,114.13,114.18,113.90,113.90,9280
MOEX:MOEX,2020-05-18T10:11:00+03:00,113.97,113.97,113.59,113.59,8931
MOEX:MOEX,2020-05-18T10:12:00+03:00,113.60,114.00,113.57,113.81,7556
MOEX:MOEX,2020-05-18T10:13:00+03:00,113.89,113.93,113.71,113.81,7025
MOEX:MOEX,2020-05-18T10:14:00+03:00,113.82,113.97,113.77,113.87,1993
MOEX:MOEX,2020-05-18T10:15:00+03:00,113.91,114.07,113.85,113.87,10594
MOEX:MOEX,2020-05-18T10:16:00+03:00,113.92,113.95,113.77,113.84,5087
MOEX:MOEX,2020-05-18T10:17:00+03:00,113.85,114.14,113.77,114.02,5914
MOEX:MOEX,2020-05-18T10:18:00+03:00,114.05,114.05,113.90,113.96,2705
MOEX:MOEX,2020-05-18T10:19:00+03:00,113.92,114.11,113.90,114.11,3450
MOEX:MOEX,2020-05-18T10:20:00+03:00,114.06,114.20,114.03,114.03,2335
MOEX:MOEX,2020-05-18T10:21:00+03:00,114.06,114.06,113.91,113.96,2554
MOEX:MOEX,2020-05-18T10:22:00+03:00,113.96,114.05,113.81,114.01,3561
MOEX:MOEX,2020-05-18T10:23:00+03:00,114.01,114.14,113.95,113.97,4772
MOEX:MOEX,2020-05-18T10:24:00+03:00,113.93,114.00,113.82,113.94,2789
MOEX:MOEX,2020-05-18T10:25:00+03:00,113.98,114.04,113.87,113.92,3301
MOEX:MOEX,2020-05-18T10:26:00+03:00,113.92,114.05,113.86,113.95,4886
MOEX:MOEX,2020-05-18T10:27:00+03:00,113.95,113.99,113.36,113.39,14925
MOEX:MOEX,2020-05-18T10:28:00+03:00,113.39,113.57,113.27,113.40,7885
MOEX:MOEX,2020-05-18T10:29:00+03:00,113.46,113.81,113.40,113.80,9077
MOEX:MOEX,2020-05-18T10:30:00+03:00,113.80,114.00,113.76,113.83,10585
MOEX:MOEX,2020-05-18T10:31:00+03:00,113.75,114.45,113.75,114.10,30052
MOEX:MOEX,2020-05-18T10:32:00+03:00,114.14,114.14,113.94,113.99,1863
MOEX:MOEX,2020-05-18T10:33:00+03:00,113.99,114.06,113.93,114.06,2862
MOEX:MOEX,2020-05-18T10:34:00+03:00,114.04,114.20,114.01,114.14,10494
MOEX:MOEX,2020-05-18T10:35:00+03:00,114.12,114.23,114.05,114.14,3902
MOEX:MOEX,2020-05-18T10:36:00+03:00,114.15,114.36,114.14,114.26,8336
MOEX:MOEX,2020-05-18T10:37:00+03:00,114.27,114.40,114.27,114.34,2914
MOEX:MOEX,2020-05-18T10:38:00+03:00,114.35,114.45,114.32,114.37,3392
MOEX:MOEX,2020-05-18T10:39:00+03:00,114.37,114.37,114.27,114.29,1926
MOEX:MOEX,2020-05-18T10:40:00+03:00,114.29,114.41,114.29,114.39,3828
MOEX:MOEX,2020-05-18T10:41:00+03:00,114.42,114.56,114.38,114.50,13456
MOEX:MOEX,2020-05-18T10:42:00+03:00,114.50,114.52,114.37,114.45,6384
MOEX:MOEX,2020-05-18T10:43:00+03:00,114.43,114.54,114.43,114.46,2070
MOEX:MOEX,2020-05-18T10:44:00+03:00,114.46,114.46,114.39,114.40,3306
MOEX:MOEX,2020-05-18T10:45:00+03:00,114.41,114.43,114.33,114.43,1834
MOEX:MOEX,2020-05-18T10:46:00+03:00,114.38,114.42,114.22,114.30,2033
MOEX:MOEX,2020-05-18T10:47:00+03:00,114.30,114.30,114.26,114.30,904
MOEX:MOEX,2020-05-18T10:48:00+03:00,114.29,114.34,114.24,114.33,2786
MOEX:MOEX,2020-05-18T10:49:00+03:00,114.33,114.39,114.29,114.39,2950
MOEX:MOEX,2020-05-18T10:50:00+03:00,114.39,114.47,114.37,114.42,2127
MOEX:MOEX,2020-05-18T10:51:00+03:00,114.42,114.42,114.35,114.37,1724
MOEX:MOEX,2020-05-18T10:52:00+03:00,114.37,114.37,114.24,114.30,1418
MOEX:MOEX,2020-05-18T10:53:00+03:00,114.26,114.36,114.26,114.36,1875
MOEX:MOEX,2020-05-18T10:54:00+03:00,114.36,114.41,114.31,114.32,1831
MOEX:MOEX,2020-05-18T10:55:00+03:00,114.32,114.46,114.30,114.40,2197
MOEX:MOEX,2020-05-18T10:56:00+03:00,114.40,114.44,114.40,114.44,959
MOEX:MOEX,2020-05-18T10:57:00+03:00,114.44,114.48,114.40,114.40,2902
MOEX:MOEX,2020-05-18T10:58:00+03:00,114.41,114.44,114.41,114.41,1321
MOEX:MOEX,2020-05-18T10:59:00+03:00,114.41,114.41,114.40,114.40,899
MOEX:MOEX,2020-05-18T11:00:00+03:00,114.40,114.41,114.31,114.35,1499
MOEX:MOEX,2020-05-18T11:01:00+03:00,114.32,114.33,114.31,114.32,1136
MOEX:MOEX,2020-05-18T11:02:00+03:00,114.32,114.41,114.31,114.37,3098
MOEX:MOEX,2020-05-18T11:03:00+03:00,114.39,114.43,114.39,114.41,2216
MOEX:MOEX,2020-05-18T11:04:00+03:00,114.42,114.52,114.42,114.48,4276
MOEX:MOEX,2020-05-18T11:05:00+03:00,114.50,114.51,114.37,114.43,6262
MOEX:MOEX,2020-05-18T11:06:00+03:00,114.43,114.44,114.41,114.42,451
MOEX:MOEX,2020-05-18T11:07:00+03:00,114.43,114.44,114.42,114.43,965
MOEX:MOEX,2020-05-18T11:08:00+03:00,114.43,114.43,114.37,114.39,1811
MOEX:MOEX,2020-05-18T11:09:00+03:00,114.39,114.43,114.38,114.42,825
MOEX:MOEX,2020-05-18T11:10:00+03:00,114.42,114.50,114.42,114.48,2187
MOEX:MOEX,2020-05-18T11:11:00+03:00,114.48,114.51,114.48,114.51,3284
MOEX:MOEX,2020-05-18T11:12:00+03:00,114.51,114.52,114.49,114.49,1753
MOEX:MOEX,2020-05-18T11:13:00+03:00,114.50,114.50,114.48,114.49,1834
MOEX:MOEX,2020-05-18T11:14:00+03:00,114.50,114.52,114.48,114.49,3986
MOEX:MOEX,2020-05-18T11:15:00+03:00,114.51,114.51,114.42,114.45,2297
MOEX:MOEX,2020-05-18T11:16:00+03:00,114.46,114.52,114.45,114.51,2419
MOEX:MOEX,2020-05-18T11:17:00+03:00,114.50,114.55,114.47,114.51,8079
MOEX:MOEX,2020-05-18T11:18:00+03:00,114.50,114.52,114.47,114.50,2324
MOEX:MOEX,2020-05-18T11:19:00+03:00,114.50,114.52,114.48,114.50,1617
MOEX:MOEX,2020-05-18T11:20:00+03:00,114.48,114.52,114.48,114.50,1599
MOEX:MOEX,2020-05-18T11:21:00+03:00,114.50,114.50,114.40,114.45,4133
MOEX:MOEX,2020-05-18T11:22:00+03:00,114.43,114.45,114.38,114.44,2539
MOEX:MOEX,2020-05-18T11:23:00+03:00,114.44,114.47,114.43,114.47,373
MOEX:MOEX,2020-05-18T11:24:00+03:00,114.47,114.48,114.46,114.47,935
MOEX:MOEX,2020-05-18T11:25:00+03:00,114.47,114.47,114.46,114.46,793
MOEX:MOEX,2020-05-18T11:26:00+03:00,114.47,114.47,114.42,114.44,2359
MOEX:MOEX,2020-05-18T11:27:00+03:00,114.44,114.45,114.30,114.37,5751
MOEX:MOEX,2020-05-18T11:28:00+03:00,114.37,114.40,114.37,114.40,1107
MOEX:MOEX,2020-05-18T11:29:00+03:00,114.38,114.40,114.38,114.40,437
MOEX:MOEX,2020-05-18T11:30:00+03:00,114.40,114.40,114.35,114.38,2921
MOEX:MOEX,2020-05-18T11:31:00+03:00,114.38,114.43,114.37,114.43,7228
MOEX:MOEX,2020-05-18T11:32:00+03:00,114.43,114.43,114.40,114.41,1228
MOEX:MOEX,2020-05-18T11:33:00+03:00,114.41,114.41,114.40,114.41,1711
MOEX:MOEX,2020-05-18T11:34:00+03:00,114.41,114.42,114.40,114.41,1140
MOEX:MOEX,2020-05-18T11:35:00+03:00,114.42,114.76,114.42,114.74,20424
MOEX:MOEX,2020-05-18T11:36:00+03:00,114.74,114.74,114.67,114.71,3253
MOEX:MOEX,2020-05-18T11:37:00+03:00,114.71,114.93,114.70,114.86,9418
MOEX:MOEX,2020-05-18T11:38:00+03:00,114.90,114.95,114.81,114.94,5603
MOEX:MOEX,2020-05-18T11:39:00+03:00,114.94,115.40,114.91,115.33,62932
MOEX:MOEX,2020-05-18T11:40:00+03:00,115.32,115.40,115.25,115.38,11182
MOEX:MOEX,2020-05-18T11:41:00+03:00,115.39,115.50,115.04,115.19,25047
MOEX:MOEX,2020-05-18T11:42:00+03:00,115.16,115.39,115.09,115.13,7910
MOEX:MOEX,2020-05-18T11:43:00+03:00,115.09,115.27,115.09,115.25,3392
MOEX:MOEX,2020-05-18T11:44:00+03:00,115.22,115.28,115.22,115.27,1397
MOEX:MOEX,2020-05-18T11:45:00+03:00,115.27,115.35,115.26,115.35,1178
MOEX:MOEX,2020-05-18T11:46:00+03:00,115.35,115.50,115.35,115.50,11395
MOEX:MOEX,2020-05-18T11:47:00+03:00,115.50,115.50,115.35,115.38,5976
MOEX:MOEX,2020-05-18T11:48:00+03:00,115.39,115.40,115.25,115.29,5785
MOEX:MOEX,2020-05-18T11:49:00+03:00,115.27,115.44,115.15,115.24,23110
MOEX:MOEX,2020-05-18T11:50:00+03:00,115.24,115.30,115.15,115.22,12775
MOEX:MOEX,2020-05-18T11:51:00+03:00,115.22,115.33,115.17,115.28,1124
MOEX:MOEX,2020-05-18T11:52:00+03:00,115.28,115.33,115.19,115.28,4104
MOEX:MOEX,2020-05-18T11:53:00+03:00,115.26,115.28,115.23,115.24,1202
MOEX:MOEX,2020-05-18T11:54:00+03:00,115.24,115.28,115.23,115.27,2689
MOEX:MOEX,2020-05-18T11:55:00+03:00,115.27,115.27,115.23,115.25,2267
MOEX:MOEX,2020-05-18T11:56:00+03:00,115.24,115.26,115.15,115.20,5151
MOEX:MOEX,2020-05-18T11:57:00+03:00,115.19,115.23,115.15,115.21,8162
MOEX:MOEX,2020-05-18T11:58:00+03:00,115.21,115.35,115.15,115.30,23515
MOEX:MOEX,2020-05-18T11:59:00+03:00,115.29,115.34,115.28,115.33,2939
MOEX:MOEX,2020-05-18T12:00:00+03:00,115.30,115.35,115.30,115.34,966
MOEX:MOEX,2020-05-18T12:01:00+03:00,115.34,115.35,115.31,115.34,4559
MOEX:MOEX,2020-05-18T12:02:00+03:00,115.35,115.35,115.23,115.25,2463
MOEX:MOEX,2020-05-18T12:03:00+03:00,115.25,115.33,115.24,115.29,2408
MOEX:MOEX,2020-05-18T12:04:00+03:00,115.29,115.32,115.29,115.32,451
MOEX:MOEX,2020-05-18T12:05:00+03:00,115.31,115.31,115.25,115.28,2108
MOEX:MOEX,2020-05-18T12:06:00+03:00,115.26,115.29,115.26,115.29,1134
MOEX:MOEX,2020-05-18T12:07:00+03:00,115.28,115.29,115.28,115.29,503
MOEX:MOEX,2020-05-18T12:08:00+03:00,115.29,115.35,115.28,115.32,9850
MOEX:MOEX,2020-05-18T12:09:00+03:00,115.30,115.34,115.28,115.33,2710
MOEX:MOEX,2020-05-18T12:10:00+03:00,115.33,115.35,115.22,115.28,6525
MOEX:MOEX,2020-05-18T12:11:00+03:00,115.25,115.32,115.25,115.32,2973
MOEX:MOEX,2020-05-18T12:12:00+03:00,115.33,115.49,115.31,115.49,19451
MOEX:MOEX,2020-05-18T12:13:00+03:00,115.49,115.50,115.34,115.39,33553
MOEX:MOEX,2020-05-18T12:14:00+03:00,115.41,115.44,115.32,115.37,7657
MOEX:MOEX,2020-05-18T12:15:00+03:00,115.40,115.42,115.37,115.39,1626
MOEX:MOEX,2020-05-18T12:16:00+03:00,115.40,115.75,115.27,115.27,51456
MOEX:MOEX,2020-05-18T12:17:00+03:00,115.27,115.40,115.21,115.38,4770
MOEX:MOEX,2020-05-18T12:18:00+03:00,115.38,115.44,115.30,115.35,5763
MOEX:MOEX,2020-05-18T12:19:00+03:00,115.35,115.36,114.77,114.90,29929
MOEX:MOEX,2020-05-18T12:20:00+03:00,114.94,114.94,114.41,114.63,21774
MOEX:MOEX,2020-05-18T12:21:00+03:00,114.61,114.95,114.61,114.78,5560
MOEX:MOEX,2020-05-18T12:22:00+03:00,114.78,114.81,114.41,114.59,13524
MOEX:MOEX,2020-05-18T12:23:00+03:00,114.58,114.67,114.41,114.59,12781
MOEX:MOEX,2020-05-18T12:24:00+03:00,114.59,114.75,114.47,114.62,6812
MOEX:MOEX,2020-05-18T12:25:00+03:00,114.62,114.78,114.52,114.72,4399
MOEX:MOEX,2020-05-18T12:26:00+03:00,114.72,114.78,114.57,114.59,4825
MOEX:MOEX,2020-05-18T12:27:00+03:00,114.59,114.64,114.41,114.63,13185
MOEX:MOEX,2020-05-18T12:28:00+03:00,114.63,114.63,114.56,114.58,951
MOEX:MOEX,2020-05-18T12:29:00+03:00,114.58,114.62,114.42,114.62,2754
MOEX:MOEX,2020-05-18T12:30:00+03:00,114.62,114.67,114.55,114.57,2249
MOEX:MOEX,2020-05-18T12:31:00+03:00,114.57,114.66,114.57,114.66,1610
MOEX:MOEX,2020-05-18T12:32:00+03:00,114.66,114.71,114.58,114.62,3911
MOEX:MOEX,2020-05-18T12:33:00+03:00,114.62,114.67,114.61,114.65,1674
MOEX:MOEX,2020-05-18T12:34:00+03:00,114.65,114.71,114.65,114.70,2274
MOEX:MOEX,2020-05-18T12:35:00+03:00,114.70,114.87,114.69,114.82,5377
MOEX:MOEX,2020-05-18T12:36:00+03:00,114.83,114.97,114.74,114.96,5376
MOEX:MOEX,2020-05-18T12:37:00+03:00,114.96,114.98,114.85,114.85,1866
MOEX:MOEX,2020-05-18T12:38:00+03:00,114.85,115.09,114.84,114.85,16046
MOEX:MOEX,2020-05-18T12:39:00+03:00,114.81,114.84,114.59,114.60,7886
MOEX:MOEX,2020-05-18T12:40:00+03:00,114.63,114.67,114.60,114.64,2252
MOEX:MOEX,2020-05-18T12:41:00+03:00,114.64,114.64,114.43,114.51,4754
MOEX:MOEX,2020-05-18T12:42:00+03:00,114.51,114.72,114.51,114.71,2182
MOEX:MOEX,2020-05-18T12:43:00+03:00,114.71,114.75,114.71,114.74,1599
MOEX:MOEX,2020-05-18T12:44:00+03:00,114.74,114.74,114.64,114.71,1629
MOEX:MOEX,2020-05-18T12:45:00+03:00,114.70,114.70,114.65,114.68,1781
MOEX:MOEX,2020-05-18T12:46:00+03:00,114.65,114.68,114.53,114.68,2588
MOEX:MOEX,2020-05-18T12:47:00+03:00,114.62,114.70,114.57,114.60,3173
MOEX:MOEX,2020-05-18T12:48:00+03:00,114.62,115.00,114.41,114.47,18539
MOEX:MOEX,2020-05-18T12:49:00+03:00,114.46,114.55,113.89,113.92,35324
MOEX:MOEX,2020-05-18T12:50:00+03:00,113.93,114.11,113.85,114.09,13070
MOEX:MOEX,2020-05-18T12:51:00+03:00,114.09,114.23,114.07,114.15,3586
MOEX:MOEX,2020-05-18T12:52:00+03:00,114.18,114.20,113.92,114.14,7404
MOEX:MOEX,2020-05-18T12:53:00+03:00,114.13,114.20,114.01,114.16,5819
MOEX:MOEX,2020-05-18T12:54:00+03:00,114.19,114.19,113.96,114.07,5895
MOEX:MOEX,2020-05-18T12:55:00+03:00,114.07,114.15,114.05,114.10,1762
MOEX:MOEX,2020-05-18T12:56:00+03:00,114.09,114.55,113.96,114.08,18127
MOEX:MOEX,2020-05-18T12:57:00+03:00,114.08,114.20,114.00,114.17,2555
MOEX:MOEX,2020-05-18T12:58:00+03:00,114.18,114.23,114.11,114.19,2771
MOEX:MOEX,2020-05-18T12:59:00+03:00,114.19,114.20,114.12,114.19,1777
MOEX:MOEX,2020-05-18T13:00:00+03:00,114.15,114.17,114.08,114.11,3325
MOEX:MOEX,2020-05-18T13:01:00+03:00,114.12,114.20,114.11,114.17,1925
MOEX:MOEX,2020-05-18T13:02:00+03:00,114.19,114.23,114.11,114.16,3145
MOEX:MOEX,2020-05-18T13:03:00+03:00,114.12,114.19,114.10,114.10,3145
MOEX:MOEX,2020-05-18T13:04:00+03:00,114.12,114.12,113.93,114.00,7057
MOEX:MOEX,2020-05-18T13:05:00+03:00,114.00,114.10,113.99,114.05,3651
MOEX:MOEX,2020-05-18T13:06:00+03:00,114.06,114.11,114.00,114.11,1538
MOEX:MOEX,2020-05-18T13:07:00+03:00,114.12,114.12,113.97,113.99,3990
MOEX:MOEX,2020-05-18T13:08:00+03:00,114.02,114.03,113.90,113.90,6284
MOEX:MOEX,2020-05-18T13:09:00+03:00,113.90,114.07,113.85,114.01,8529
MOEX:MOEX,2020-05-18T13:10:00+03:00,114.01,114.07,113.90,113.95,11091
MOEX:MOEX,2020-05-18T13:11:00+03:00,113.95,114.00,113.87,113.94,7234
MOEX:MOEX,2020-05-18T13:12:00+03:00,113.94,114.00,113.90,113.97,1984
MOEX:MOEX,2020-05-18T13:13:00+03:00,113.99,113.99,113.91,113.95,1525
MOEX:MOEX,2020-05-18T13:14:00+03:00,113.97,114.00,113.95,113.98,4242
MOEX:MOEX,2020-05-18T13:15:00+03:00,113.97,114.12,113.89,113.97,12908
MOEX:MOEX,2020-05-18T13:16:00+03:00,113.96,114.08,113.92,113.99,3679
MOEX:MOEX,2020-05-18T13:17:00+03:00,114.00,114.02,113.97,114.00,1545
MOEX:MOEX,2020-05-18T13:18:00+03:00,114.00,114.01,113.93,113.96,3260
MOEX:MOEX,2020-05-18T13:19:00+03:00,113.93,113.94,113.88,113.90,2301
MOEX:MOEX,2020-05-18T13:20:00+03:00,113.90,114.00,113.88,113.97,14486
MOEX:MOEX,2020-05-18T13:21:00+03:00,113.97,113.99,113.93,113.99,2580
MOEX:MOEX,2020-05-18T13:22:00+03:00,113.99,114.00,113.91,113.91,12668
MOEX:MOEX,2020-05-18T13:23:00+03:00,113.90,113.98,113.88,113.98,4002
MOEX:MOEX,2020-05-18T13:24:00+03:00,113.96,114.00,113.90,113.90,2584
MOEX:MOEX,2020-05-18T13:25:00+03:00,113.92,113.96,113.90,113.94,1192
MOEX:MOEX,2020-05-18T13:26:00+03:00,113.94,113.94,113.90,113.92,1301
MOEX:MOEX,2020-05-18T13:27:00+03:00,113.92,113.93,113.88,113.89,5650
MOEX:MOEX,2020-05-18T13:28:00+03:00,113.91,113.93,113.88,113.89,2457
MOEX:MOEX,2020-05-18T13:29:00+03:00,113.89,113.98,113.89,113.93,6550
MOEX:MOEX,2020-05-18T13:30:00+03:00,113.96,113.98,113.94,113.98,1052
MOEX:MOEX,2020-05-18T13:31:00+03:00,113.98,113.98,113.94,113.97,1778
MOEX:MOEX,2020-05-18T13:32:00+03:00,113.97,114.00,113.95,113.98,2943
MOEX:MOEX,2020-05-18T13:33:00+03:00,113.98,114.00,113.97,113.99,1617
MOEX:MOEX,2020-05-18T13:34:00+03:00,113.99,113.99,113.97,113.98,627
MOEX:MOEX,2020-05-18T13:35:00+03:00,113.97,113.98,113.97,113.98,1214
MOEX:MOEX,2020-05-18T13:36:00+03:00,113.99,114.00,113.96,113.97,6063
MOEX:MOEX,2020-05-18T13:37:00+03:00,113.97,113.97,113.62,113.62,39599
MOEX:MOEX,2020-05-18T13:38:00+03:00,113.66,113.83,113.62,113.80,7773
MOEX:MOEX,2020-05-18T13:39:00+03:00,113.80,113.90,113.76,113.83,2293
MOEX:MOEX,2020-05-18T13:40:00+03:00,113.82,113.82,113.75,113.81,2517
MOEX:MOEX,2020-05-18T13:41:00+03:00,113.81,113.89,113.80,113.87,1918
MOEX:MOEX,2020-05-18T13:42:00+03:00,113.87,113.88,113.86,113.88,702
MOEX:MOEX,2020-05-18T13:43:00+03:00,113.88,113.88,113.87,113.88,1618
MOEX:MOEX,2020-05-18T13:44:00+03:00,113.87,113.89,113.87,113.88,1244
MOEX:MOEX,2020-05-18T13:45:00+03:00,113.89,113.90,113.89,113.89,1541
MOEX:MOEX,2020-05-18T13:46:00+03:00,113.90,113.94,113.89,113.93,2482
MOEX:MOEX,2020-05-18T13:47:00+03:00,113.93,113.93,113.92,113.93,894
MOEX:MOEX,2020-05-18T13:48:00+03:00,113.93,114.01,113.92,113.98,7809
MOEX:MOEX,2020-05-18T13:49:00+03:00,113.98,113.98,113.95,113.97,1794
MOEX:MOEX,2020-05-18T13:50:00+03:00,113.95,113.98,113.95,113.97,840
MOEX:MOEX,2020-05-18T13:51:00+03:00,113.97,114.01,113.91,114.00,5768
MOEX:MOEX,2020-05-18T13:52:00+03:00,114.01,114.04,113.97,114.03,4283
MOEX:MOEX,2020-05-18T13:53:00+03:00,114.04,114.06,114.03,114.06,1033
MOEX:MOEX,2020-05-18T13:54:00+03:00,114.05,114.06,114.04,114.06,634
MOEX:MOEX,2020-05-18T13:55:00+03:00,114.06,114.06,114.00,114.00,4868
MOEX:MOEX,2020-05-18T13:56:00+03:00,114.00,114.01,113.68,113.81,23002
MOEX:MOEX,2020-05-18T13:57:00+03:00,113.81,113.84,113.76,113.83,2844
MOEX:MOEX,2020-05-18T13:58:00+03:00,113.84,113.92,113.77,113.77,2608
MOEX:MOEX,2020-05-18T13:59:00+03:00,113.80,113.87,113.55,113.67,12733
MOEX:MOEX,2020-05-18T14:00:00+03:00,113.67,113.77,113.67,113.76,1196
MOEX:MOEX,2020-05-18T14:01:00+03:00,113.76,113.90,113.70,113.73,3178
MOEX:MOEX,2020-05-18T14:02:00+03:00,113.73,113.73,113.65,113.67,4209
MOEX:MOEX,2020-05-18T14:03:00+03:00,113.69,113.82,113.67,113.76,2959
MOEX:MOEX,2020-05-18T14:04:00+03:00,113.76,113.81,113.73,113.73,1698
MOEX:MOEX,2020-05-18T14:05:00+03:00,113.74,113.86,113.74,113.80,5116
MOEX:MOEX,2020-05-18T14:06:00+03:00,113.80,113.81,113.75,113.77,2827
MOEX:MOEX,2020-05-18T14:07:00+03:00,113.78,113.78,113.77,113.78,404
MOEX:MOEX,2020-05-18T14:08:00+03:00,113.77,113.87,113.77,113.86,3312
MOEX:MOEX,2020-05-18T14:09:00+03:00,113.86,113.86,113.78,113.81,3280
MOEX:MOEX,2020-05-18T14:10:00+03:00,113.80,113.81,113.79,113.80,1313
MOEX:MOEX,2020-05-18T14:11:00+03:00,113.80,113.83,113.80,113.80,599
MOEX:MOEX,2020-05-18T14:12:00+03:00,113.80,113.81,113.75,113.76,3137
MOEX:MOEX,2020-05-18T14:13:00+03:00,113.76,113.77,113.73,113.77,2264
MOEX:MOEX,2020-05-18T14:14:00+03:00,113.77,113.85,113.76,113.80,381
MOEX:MOEX,2020-05-18T14:15:00+03:00,113.78,113.79,113.78,113.79,878
MOEX:MOEX,2020-05-18T14:16:00+03:00,113.78,113.79,113.78,113.78,633
MOEX:MOEX,2020-05-18T14:17:00+03:00,113.78,113.79,113.78,113.79,1094
MOEX:MOEX,2020-05-18T14:18:00+03:00,113.79,113.79,113.76,113.77,2254
MOEX:MOEX,2020-05-18T14:19:00+03:00,113.76,113.81,113.76,113.80,2207
MOEX:MOEX,2020-05-18T14:20:00+03:00,113.80,113.80,113.76,113.80,1600
MOEX:MOEX,2020-05-18T14:21:00+03:00,113.79,113.87,113.79,113.84,2049
MOEX:MOEX,2020-05-18T14:22:00+03:00,113.84,113.85,113.79,113.81,1441
MOEX:MOEX,2020-05-18T14:23:00+03:00,113.80,113.82,113.57,113.61,13766
MOEX:MOEX,2020-05-18T14:24:00+03:00,113.60,113.76,113.60,113.76,5462
MOEX:MOEX,2020-05-18T14:25:00+03:00,113.76,113.84,113.67,113.74,3791
MOEX:MOEX,2020-05-18T14:26:00+03:00,113.75,113.81,113.75,113.79,1121
MOEX:MOEX,2020-05-18T14:27:00+03:00,113.79,113.80,113.72,113.74,2448
MOEX:MOEX,2020-05-18T14:28:00+03:00,113.73,113.77,113.73,113.77,1283
MOEX:MOEX,2020-05-18T14:29:00+03:00,113.75,113.77,113.73,113.73,1190
MOEX:MOEX,2020-05-18T14:30:00+03:00,113.73,113.76,113.73,113.74,2020
MOEX:MOEX,2020-05-18T14:31:00+03:00,113.73,113.74,113.71,113.73,955
MOEX:MOEX,2020-05-18T14:32:00+03:00,113.74,113.74,113.62,113.64,5068
MOEX:MOEX,2020-05-18T14:33:00+03:00,113.63,113.66,113.60,113.61,1711
MOEX:MOEX,2020-05-18T14:34:00+03:00,113.61,113.64,113.60,113.62,1321
MOEX:MOEX,2020-05-18T14:35:00+03:00,113.62,113.75,113.61,113.73,2673
MOEX:MOEX,2020-05-18T14:36:00+03:00,113.73,113.79,113.73,113.76,919
MOEX:MOEX,2020-05-18T14:37:00+03:00,113.75,113.77,113.62,113.67,2211
MOEX:MOEX,2020-05-18T14:38:00+03:00,113.68,113.76,113.68,113.73,1946
MOEX:MOEX,2020-05-18T14:39:00+03:00,113.73,113.77,113.73,113.75,1219
MOEX:MOEX,2020-05-18T14:40:00+03:00,113.77,113.92,113.77,113.87,4255
MOEX:MOEX,2020-05-18T14:41:00+03:00,113.89,113.99,113.85,113.93,6022
MOEX:MOEX,2020-05-18T14:42:00+03:00,113.94,114.03,113.93,114.03,4485
MOEX:MOEX,2020-05-18T14:43:00+03:00,114.03,114.03,114.02,114.03,1087
MOEX:MOEX,2020-05-18T14:44:00+03:00,114.02,114.03,113.95,113.98,2950
MOEX:MOEX,2020-05-18T14:45:00+03:00,113.95,114.00,113.95,113.99,935
MOEX:MOEX,2020-05-18T14:46:00+03:00,113.98,113.99,113.95,113.95,1328
MOEX:MOEX,2020-05-18T14:47:00+03:00,113.95,113.97,113.95,113.96,470
MOEX:MOEX,2020-05-18T14:48:00+03:00,113.97,114.00,113.96,114.00,1868
MOEX:MOEX,2020-05-18T14:49:00+03:00,114.00,114.00,113.97,114.00,3090
MOEX:MOEX,2020-05-18T14:50:00+03:00,113.99,114.06,113.98,114.05,3665
MOEX:MOEX,2020-05-18T14:51:00+03:00,114.05,114.05,114.00,114.05,1112
MOEX:MOEX,2020-05-18T14:52:00+03:00,114.05,114.06,114.00,114.04,1698
MOEX:MOEX,2020-05-18T14:53:00+03:00,114.04,114.04,114.00,114.02,1035
MOEX:MOEX,2020-05-18T14:54:00+03:00,114.01,114.03,114.01,114.02,1200
MOEX:MOEX,2020-05-18T14:55:00+03:00,114.01,114.02,114.00,114.02,701
MOEX:MOEX,2020-05-18T14:56:00+03:00,114.01,114.03,114.01,114.02,982
MOEX:MOEX,2020-05-18T14:57:00+03:00,114.02,114.03,114.00,114.02,1922
MOEX:MOEX,2020-05-18T14:58:00+03:00,114.01,114.01,113.17,113.51,77996
MOEX:MOEX,2020-05-18T14:59:00+03:00,113.51,113.68,113.45,113.65,4260
MOEX:MOEX,2020-05-18T15:00:00+03:00,113.64,113.65,113.55,113.61,1922
MOEX:MOEX,2020-05-18T15:01:00+03:00,113.60,113.61,113.53,113.58,2036
MOEX:MOEX,2020-05-18T15:02:00+03:00,113.57,113.59,113.35,113.39,7363
MOEX:MOEX,2020-05-18T15:03:00+03:00,113.39,113.49,113.28,113.42,5110
MOEX:MOEX,2020-05-18T15:04:00+03:00,113.43,113.45,113.36,113.44,3515
MOEX:MOEX,2020-05-18T15:05:00+03:00,113.44,113.50,113.41,113.50,2023
MOEX:MOEX,2020-05-18T15:06:00+03:00,113.50,113.52,113.38,113.48,7974
MOEX:MOEX,2020-05-18T15:07:00+03:00,113.52,113.58,113.49,113.55,2653
MOEX:MOEX,2020-05-18T15:08:00+03:00,113.54,113.54,113.45,113.52,5462
MOEX:MOEX,2020-05-18T15:09:00+03:00,113.51,113.68,113.50,113.53,28553
MOEX:MOEX,2020-05-18T15:10:00+03:00,113.56,113.67,113.50,113.64,2866
MOEX:MOEX,2020-05-18T15:11:00+03:00,113.65,113.68,113.61,113.66,4526
MOEX:MOEX,2020-05-18T15:12:00+03:00,113.67,113.69,113.66,113.67,1051
MOEX:MOEX,2020-05-18T15:13:00+03:00,113.67,113.67,113.66,113.67,1316
MOEX:MOEX,2020-05-18T15:14:00+03:00,113.66,113.70,113.66,113.70,1400
MOEX:MOEX,2020-05-18T15:15:00+03:00,113.66,113.84,113.66,113.84,6260
MOEX:MOEX,2020-05-18T15:16:00+03:00,113.84,113.85,113.82,113.83,1579
MOEX:MOEX,2020-05-18T15:17:00+03:00,113.84,113.87,113.83,113.86,1003
MOEX:MOEX,2020-05-18T15:18:00+03:00,113.87,113.89,113.86,113.88,1209
MOEX:MOEX,2020-05-18T15:19:00+03:00,113.88,113.90,113.88,113.90,1397
MOEX:MOEX,2020-05-18T15:20:00+03:00,113.90,113.94,113.83,113.89,3797
MOEX:MOEX,2020-05-18T15:21:00+03:00,113.85,113.88,113.77,113.78,1828
MOEX:MOEX,2020-05-18T15:22:00+03:00,113.79,113.84,113.78,113.83,1389
MOEX:MOEX,2020-05-18T15:23:00+03:00,113.84,113.84,113.78,113.81,825
MOEX:MOEX,2020-05-18T15:24:00+03:00,113.83,113.84,113.83,113.84,665
MOEX:MOEX,2020-05-18T15:25:00+03:00,113.84,113.90,113.84,113.89,981
MOEX:MOEX,2020-05-18T15:26:00+03:00,113.90,113.97,113.90,113.97,3028
MOEX:MOEX,2020-05-18T15:27:00+03:00,113.97,113.98,113.95,113.97,920
MOEX:MOEX,2020-05-18T15:28:00+03:00,113.97,113.97,113.96,113.96,1671
MOEX:MOEX,2020-05-18T15:29:00+03:00,113.96,113.97,113.96,113.97,1283
MOEX:MOEX,2020-05-18T15:30:00+03:00,113.97,114.05,113.96,114.05,7808
MOEX:MOEX,2020-05-18T15:31:00+03:00,114.05,114.06,114.02,114.06,3573
MOEX:MOEX,2020-05-18T15:32:00+03:00,114.06,114.06,114.01,114.03,5700
MOEX:MOEX,2020-05-18T15:33:00+03:00,114.04,114.06,113.98,114.03,8638
MOEX:MOEX,2020-05-18T15:34:00+03:00,114.05,114.05,113.98,114.02,1337
MOEX:MOEX,2020-05-18T15:35:00+03:00,114.02,114.05,114.00,114.02,3964
MOEX:MOEX,2020-05-18T15:36:00+03:00,114.01,114.02,113.97,114.00,3674
MOEX:MOEX,2020-05-18T15:37:00+03:00,114.01,114.06,113.99,114.05,4270
MOEX:MOEX,2020-05-18T15:38:00+03:00,114.04,114.05,113.98,113.99,3127
MOEX:MOEX,2020-05-18T15:39:00+03:00,113.98,114.00,113.98,113.99,1637
MOEX:MOEX,2020-05-18T15:40:00+03:00,113.97,114.00,113.97,113.99,1970
MOEX:MOEX,2020-05-18T15:41:00+03:00,113.99,114.02,113.99,114.02,720
MOEX:MOEX,2020-05-18T15:42:00+03:00,114.02,114.06,114.01,114.05,1237
MOEX:MOEX,2020-05-18T15:43:00+03:00,114.06,114.06,114.00,114.02,4389
MOEX:MOEX,2020-05-18T15:44:00+03:00,114.05,114.06,114.03,114.06,1687
MOEX:MOEX,2020-05-18T15:45:00+03:00,114.06,114.06,114.03,114.05,2579
MOEX:MOEX,2020-05-18T15:46:00+03:00,114.04,114.06,114.04,114.06,847
MOEX:MOEX,2020-05-18T15:47:00+03:00,114.06,114.20,114.03,114.18,24848
MOEX:MOEX,2020-05-18T15:48:00+03:00,114.17,114.20,114.09,114.18,4045
MOEX:MOEX,2020-05-18T15:49:00+03:00,114.19,114.44,114.16,114.40,12359
MOEX:MOEX,2020-05-18T15:50:00+03:00,114.38,114.49,114.38,114.47,4434
MOEX:MOEX,2020-05-18T15:51:00+03:00,114.47,114.47,114.27,114.40,4192
MOEX:MOEX,2020-05-18T15:52:00+03:00,114.40,114.44,114.34,114.37,4464
MOEX:MOEX,2020-05-18T15:53:00+03:00,114.39,114.39,114.33,114.38,711
MOEX:MOEX,2020-05-18T15:54:00+03:00,114.38,114.42,114.26,114.33,4489
MOEX:MOEX,2020-05-18T15:55:00+03:00,114.34,114.34,114.25,114.31,2472
MOEX:MOEX,2020-05-18T15:56:00+03:00,114.36,114.42,114.33,114.40,1745
MOEX:MOEX,2020-05-18T15:57:00+03:00,114.41,114.41,114.30,114.37,3838
MOEX:MOEX,2020-05-18T15:58:00+03:00,114.40,114.40,114.29,114.38,5560
MOEX:MOEX,2020-05-18T15:59:00+03:00,114.36,114.40,114.28,114.40,1679
MOEX:MOEX,2020-05-18T16:00:00+03:00,114.40,114.43,114.39,114.41,1508
MOEX:MOEX,2020-05-18T16:01:00+03:00,114.42,114.44,114.30,114.38,2553
MOEX:MOEX,2020-05-18T16:02:00+03:00,114.37,114.38,114.27,114.34,3050
MOEX:MOEX,2020-05-18T16:03:00+03:00,114.34,114.40,114.33,114.40,1271
MOEX:MOEX,2020-05-18T16:04:00+03:00,114.40,114.47,114.40,114.42,2373
MOEX:MOEX,2020-05-18T16:05:00+03:00,114.44,114.44,114.32,114.35,3019
MOEX:MOEX,2020-05-18T16:06:00+03:00,114.36,114.39,114.34,114.38,1179
MOEX:MOEX,2020-05-18T16:07:00+03:00,114.38,114.39,114.28,114.29,2698
MOEX:MOEX,2020-05-18T16:08:00+03:00,114.29,114.34,114.27,114.29,2575
MOEX:MOEX,2020-05-18T16:09:00+03:00,114.30,114.42,114.29,114.40,4752
MOEX:MOEX,2020-05-18T16:10:00+03:00,114.40,114.42,114.39,114.39,1228
MOEX:MOEX,2020-05-18T16:11:00+03:00,114.39,114.40,114.25,114.28,3385
MOEX:MOEX,2020-05-18T16:12:00+03:00,114.28,114.33,114.25,114.29,1901
MOEX:MOEX,2020-05-18T16:13:00+03:00,114.30,114.30,114.15,114.20,3224
MOEX:MOEX,2020-05-18T16:14:00+03:00,114.20,114.28,114.11,114.23,3197
MOEX:MOEX,2020-05-18T16:15:00+03:00,114.23,114.24,114.07,114.14,2872
MOEX:MOEX,2020-05-18T16:16:00+03:00,114.14,114.19,113.70,113.80,39638
MOEX:MOEX,2020-05-18T16:17:00+03:00,113.80,113.89,113.73,113.81,6387
MOEX:MOEX,2020-05-18T16:18:00+03:00,113.81,113.82,113.77,113.82,2861
MOEX:MOEX,2020-05-18T16:19:00+03:00,113.82,113.89,113.75,113.83,8748
MOEX:MOEX,2020-05-18T16:20:00+03:00,113.82,113.84,113.81,113.83,863
MOEX:MOEX,2020-05-18T16:21:00+03:00,113.83,113.83,113.50,113.56,17603
MOEX:MOEX,2020-05-18T16:22:00+03:00,113.57,113.67,113.57,113.60,2817
MOEX:MOEX,2020-05-18T16:23:00+03:00,113.58,113.79,113.58,113.78,3291
MOEX:MOEX,2020-05-18T16:24:00+03:00,113.78,113.83,113.66,113.77,5497
MOEX:MOEX,2020-05-18T16:25:00+03:00,113.77,113.79,113.75,113.79,984
MOEX:MOEX,2020-05-18T16:26:00+03:00,113.79,113.80,113.73,113.76,2248
MOEX:MOEX,2020-05-18T16:27:00+03:00,113.75,113.76,113.72,113.76,838
MOEX:MOEX,2020-05-18T16:28:00+03:00,113.76,113.76,113.67,113.68,3645
MOEX:MOEX,2020-05-18T16:29:00+03:00,113.68,113.72,113.52,113.54,8337
MOEX:MOEX,2020-05-18T16:30:00+03:00,113.54,113.72,113.51,113.67,6042
MOEX:MOEX,2020-05-18T16:31:00+03:00,113.67,113.79,113.58,113.77,2704
MOEX:MOEX,2020-05-18T16:32:00+03:00,113.77,113.91,113.77,113.89,2326
MOEX:MOEX,2020-05-18T16:33:00+03:00,113.90,113.90,113.86,113.90,1824
MOEX:MOEX,2020-05-18T16:34:00+03:00,113.90,113.90,113.87,113.87,1323
MOEX:MOEX,2020-05-18T16:35:00+03:00,113.87,113.91,113.86,113.91,779
MOEX:MOEX,2020-05-18T16:36:00+03:00,113.91,113.99,113.91,113.99,3716
MOEX:MOEX,2020-05-18T16:37:00+03:00,113.99,114.10,113.96,113.99,13315
MOEX:MOEX,2020-05-18T16:38:00+03:00,113.99,114.00,113.94,113.96,1026
MOEX:MOEX,2020-05-18T16:39:00+03:00,113.96,114.00,113.91,113.98,4290
MOEX:MOEX,2020-05-18T16:40:00+03:00,113.98,113.98,113.94,113.98,588
MOEX:MOEX,2020-05-18T16:41:00+03:00,113.96,114.00,113.96,114.00,1782
MOEX:MOEX,2020-05-18T16:42:00+03:00,114.00,114.00,113.97,113.99,2460
MOEX:MOEX,2020-05-18T16:43:00+03:00,113.98,114.00,113.98,114.00,602
MOEX:MOEX,2020-05-18T16:44:00+03:00,114.00,114.00,113.97,113.98,1647
MOEX:MOEX,2020-05-18T16:45:00+03:00,113.99,114.00,113.97,113.99,2394
MOEX:MOEX,2020-05-18T16:46:00+03:00,113.99,113.99,113.97,113.99,988
MOEX:MOEX,2020-05-18T16:47:00+03:00,113.99,114.00,113.97,113.98,1646
MOEX:MOEX,2020-05-18T16:48:00+03:00,114.00,114.00,113.98,113.99,1555
MOEX:MOEX,2020-05-18T16:49:00+03:00,113.99,113.99,113.91,113.94,1956
MOEX:MOEX,2020-05-18T16:50:00+03:00,113.94,113.94,113.82,113.94,3637
MOEX:MOEX,2020-05-18T16:51:00+03:00,113.94,113.94,113.91,113.93,1025
MOEX:MOEX,2020-05-18T16:52:00+03:00,113.93,113.95,113.92,113.94,1256
MOEX:MOEX,2020-05-18T16:53:00+03:00,113.95,114.00,113.94,113.97,2457
MOEX:MOEX,2020-05-18T16:54:00+03:00,114.00,114.02,113.97,114.02,2303
MOEX:MOEX,2020-05-18T16:55:00+03:00,114.01,114.01,113.89,113.94,2313
MOEX:MOEX,2020-05-18T16:56:00+03:00,113.94,113.94,113.89,113.90,963
MOEX:MOEX,2020-05-18T16:57:00+03:00,113.89,113.89,113.85,113.88,2281
MOEX:MOEX,2020-05-18T16:58:00+03:00,113.89,113.90,113.88,113.90,1046
MOEX:MOEX,2020-05-18T16:59:00+03:00,113.89,113.90,113.87,113.89,1878
MOEX:MOEX,2020-05-18T17:00:00+03:00,113.87,113.90,113.85,113.86,1064
MOEX:MOEX,2020-05-18T17:01:00+03:00,113.86,113.87,113.85,113.85,1364
MOEX:MOEX,2020-05-18T17:02:00+03:00,113.86,113.90,113.85,113.90,1459
MOEX:MOEX,2020-05-18T17:03:00+03:00,113.88,113.90,113.85,113.90,1255
MOEX:MOEX,2020-05-18T17:04:00+03:00,113.88,113.90,113.87,113.87,2281
MOEX:MOEX,2020-05-18T17:05:00+03:00,113.87,113.90,113.87,113.89,445
MOEX:MOEX,2020-05-18T17:06:00+03:00,113.89,113.90,113.87,113.88,2622
MOEX:MOEX,2020-05-18T17:07:00+03:00,113.87,113.99,113.87,113.99,4182
MOEX:MOEX,2020-05-18T17:08:00+03:00,113.99,114.00,113.95,114.00,3921
MOEX:MOEX,2020-05-18T17:09:00+03:00,113.99,114.00,113.90,113.96,5513
MOEX:MOEX,2020-05-18T17:10:00+03:00,114.00,114.00,113.96,113.98,2244
MOEX:MOEX,2020-05-18T17:11:00+03:00,113.98,114.00,113.97,114.00,320
MOEX:MOEX,2020-05-18T17:12:00+03:00,114.00,114.00,113.96,113.98,2003
MOEX:MOEX,2020-05-18T17:13:00+03:00,113.99,114.00,113.92,113.99,4364
MOEX:MOEX,2020-05-18T17:14:00+03:00,113.99,114.00,113.99,114.00,580
MOEX:MOEX,2020-05-18T17:15:00+03:00,113.99,114.00,113.99,114.00,2116
MOEX:MOEX,2020-05-18T17:16:00+03:00,114.00,114.00,113.99,114.00,1387
MOEX:MOEX,2020-05-18T17:17:00+03:00,114.00,114.00,113.97,113.99,1991
MOEX:MOEX,2020-05-18T17:18:00+03:00,113.99,114.00,113.96,114.00,1526
MOEX:MOEX,2020-05-18T17:19:00+03:00,114.00,114.00,113.98,113.98,1451
MOEX:MOEX,2020-05-18T17:20:00+03:00,113.98,113.99,113.96,113.98,1532
MOEX:MOEX,2020-05-18T17:21:00+03:00,113.98,114.00,113.98,114.00,1436
MOEX:MOEX,2020-05-18T17:22:00+03:00,114.00,114.00,113.94,113.99,2742
MOEX:MOEX,2020-05-18T17:23:00+03:00,113.99,114.00,113.95,114.00,1417
MOEX:MOEX,2020-05-18T17:24:00+03:00,113.99,114.00,113.98,114.00,1881
MOEX:MOEX,2020-05-18T17:25:00+03:00,114.00,114.00,113.99,113.99,2384
MOEX:MOEX,2020-05-18T17:26:00+03:00,114.00,114.00,113.99,114.00,4131
MOEX:MOEX,2020-05-18T17:27:00+03:00,114.00,114.05,113.98,114.05,7695
MOEX:MOEX,2020-05-18T17:28:00+03:00,114.05,114.05,113.98,114.01,1867
MOEX:MOEX,2020-05-18T17:29:00+03:00,114.00,114.04,114.00,114.04,1502
MOEX:MOEX,2020-05-18T17:30:00+03:00,114.00,114.04,114.00,114.03,3512
MOEX:MOEX,2020-05-18T17:31:00+03:00,114.04,114.04,114.00,114.04,9477
MOEX:MOEX,2020-05-18T17:32:00+03:00,114.04,114.05,114.03,114.05,7447
MOEX:MOEX,2020-05-18T17:33:00+03:00,114.05,114.05,114.02,114.04,1979
MOEX:MOEX,2020-05-18T17:34:00+03:00,114.04,114.04,114.02,114.02,3548
MOEX:MOEX,2020-05-18T17:35:00+03:00,114.02,114.04,114.00,114.04,2092
MOEX:MOEX,2020-05-18T17:36:00+03:00,114.04,114.05,113.97,114.05,11809
MOEX:MOEX,2020-05-18T17:37:00+03:00,114.05,114.05,114.03,114.05,23832
MOEX:MOEX,2020-05-18T17:38:00+03:00,114.05,114.05,114.03,114.04,12313
MOEX:MOEX,2020-05-18T17:39:00+03:00,114.03,114.04,114.03,114.03,10228
MOEX:MOEX,2020-05-18T17:40:00+03:00,114.03,114.30,114.03,114.21,35802
MOEX:MOEX,2020-05-18T17:41:00+03:00,114.20,114.22,114.07,114.10,6998
MOEX:MOEX,2020-05-18T17:42:00+03:00,114.09,114.50,114.03,114.47,33415
MOEX:MOEX,2020-05-18T17:43:00+03:00,114.44,114.49,114.41,114.47,2597
MOEX:MOEX,2020-05-18T17:44:00+03:00,114.46,114.72,114.45,114.70,17100
MOEX:MOEX,2020-05-18T17:45:00+03:00,114.72,114.81,114.68,114.72,7678
MOEX:MOEX,2020-05-18T17:46:00+03:00,114.72,114.75,114.55,114.70,6505
MOEX:MOEX,2020-05-18T17:47:00+03:00,114.70,114.88,114.67,114.87,9080
MOEX:MOEX,2020-05-18T17:48:00+03:00,114.84,114.99,114.84,114.98,8811
MOEX:MOEX,2020-05-18T17:49:00+03:00,114.98,115.28,114.91,115.25,40460
MOEX:MOEX,2020-05-18T17:50:00+03:00,115.23,115.24,115.11,115.15,6215
MOEX:MOEX,2020-05-18T17:51:00+03:00,115.15,115.20,115.10,115.17,5459
MOEX:MOEX,2020-05-18T17:52:00+03:00,115.19,115.19,114.89,114.93,16711
MOEX:MOEX,2020-05-18T17:53:00+03:00,114.90,115.10,114.85,115.08,7088
MOEX:MOEX,2020-05-18T17:54:00+03:00,115.10,115.12,115.04,115.11,7032
MOEX:MOEX,2020-05-18T17:55:00+03:00,115.12,115.15,115.04,115.14,3879
MOEX:MOEX,2020-05-18T17:56:00+03:00,115.13,115.50,115.10,115.38,51112
MOEX:MOEX,2020-05-18T17:57:00+03:00,115.36,115.38,115.17,115.17,2819
MOEX:MOEX,2020-05-18T17:58:00+03:00,115.17,115.25,115.16,115.20,2453
MOEX:MOEX,2020-05-18T17:59:00+03:00,115.20,115.21,115.17,115.20,1805
MOEX:MOEX,2020-05-18T18:00:00+03:00,115.20,115.25,115.12,115.12,2822
MOEX:MOEX,2020-05-18T18:01:00+03:00,115.14,115.14,115.12,115.12,1013
MOEX:MOEX,2020-05-18T18:02:00+03:00,115.13,115.22,115.12,115.17,3053
MOEX:MOEX,2020-05-18T18:03:00+03:00,115.17,115.21,115.15,115.21,1657
MOEX:MOEX,2020-05-18T18:04:00+03:00,115.22,115.30,115.16,115.16,4203
MOEX:MOEX,2020-05-18T18:05:00+03:00,115.19,115.19,115.13,115.16,2943
MOEX:MOEX,2020-05-18T18:06:00+03:00,115.19,115.26,115.16,115.21,4333
MOEX:MOEX,2020-05-18T18:07:00+03:00,115.20,115.25,115.13,115.19,2788
MOEX:MOEX,2020-05-18T18:08:00+03:00,115.19,115.20,115.10,115.11,5692
MOEX:MOEX,2020-05-18T18:09:00+03:00,115.12,115.18,115.07,115.10,3186
MOEX:MOEX,2020-05-18T18:10:00+03:00,115.10,115.10,115.00,115.04,9133
MOEX:MOEX,2020-05-18T18:11:00+03:00,115.04,115.14,114.87,115.02,21198
MOEX:MOEX,2020-05-18T18:12:00+03:00,115.02,115.04,114.85,114.85,11361
MOEX:MOEX,2020-05-18T18:13:00+03:00,114.88,114.94,114.85,114.94,3013
MOEX:MOEX,2020-05-18T18:14:00+03:00,114.93,114.95,114.87,114.91,2376
MOEX:MOEX,2020-05-18T18:15:00+03:00,114.91,115.00,114.90,114.96,6335
MOEX:MOEX,2020-05-18T18:16:00+03:00,114.96,115.11,114.96,115.07,6127
MOEX:MOEX,2020-05-18T18:17:00+03:00,115.07,115.14,114.91,115.08,4596
MOEX:MOEX,2020-05-18T18:18:00+03:00,115.08,115.10,115.00,115.05,4496
MOEX:MOEX,2020-05-18T18:19:00+03:00,115.05,115.10,114.94,114.96,7152
MOEX:MOEX,2020-05-18T18:20:00+03:00,114.94,114.94,114.90,114.93,1404
MOEX:MOEX,2020-05-18T18:21:00+03:00,114.93,115.00,114.91,114.94,3987
MOEX:MOEX,2020-05-18T18:22:00+03:00,114.93,115.00,114.90,114.99,3686
MOEX:MOEX,2020-05-18T18:23:00+03:00,114.96,115.00,114.91,114.95,3581
MOEX:MOEX,2020-05-18T18:24:00+03:00,114.95,115.00,114.90,114.99,3412
MOEX:MOEX,2020-05-18T18:25:00+03:00,114.99,115.00,114.95,115.00,2398
MOEX:MOEX,2020-05-18T18:26:00+03:00,114.99,114.99,114.94,114.97,1660
MOEX:MOEX,2020-05-18T18:27:00+03:00,114.95,115.10,114.93,115.08,24700
MOEX:MOEX,2020-05-18T18:28:00+03:00,115.06,115.09,115.06,115.09,2385
MOEX:MOEX,2020-05-18T18:29:00+03:00,115.07,115.11,115.05,115.11,3235
MOEX:MOEX,2020-05-18T18:30:00+03:00,115.11,115.15,115.07,115.14,3912
MOEX:MOEX,2020-05-18T18:31:00+03:00,115.15,115.15,115.10,115.11,3253
MOEX:MOEX,2020-05-18T18:32:00+03:00,115.10,115.20,115.09,115.19,6248
MOEX:MOEX,2020-05-18T18:33:00+03:00,115.19,115.34,115.19,115.34,5341
MOEX:MOEX,2020-05-18T18:34:00+03:00,115.35,115.43,115.30,115.38,4803
MOEX:MOEX,2020-05-18T18:35:00+03:00,115.39,115.40,115.24,115.27,3762
MOEX:MOEX,2020-05-18T18:36:00+03:00,115.28,115.32,115.22,115.23,2801
MOEX:MOEX,2020-05-18T18:37:00+03:00,115.23,115.32,115.14,115.30,8597
MOEX:MOEX,2020-05-18T18:38:00+03:00,115.30,115.37,115.30,115.31,10038
MOEX:MOEX,2020-05-18T18:39:00+03:00,115.32,115.39,115.31,115.39,7553
MOEX:MOEX,2020-05-18T18:45:00+03:00,115.91,115.91,115.91,115.91,102140
MOEX:MOEX,2020-05-18T18:46:00+03:00,115.91,115.91,115.91,115.91,123
MOEX:MOEX,2020-05-18T18:47:00+03:00,115.91,115.91,115.91,115.91,104
MOEX:MOEX,2020-05-18T18:48:00+03:00,115.91,115.91,115.91,115.91,176
MOEX:MOEX,2020-05-18T18:49:00+03:00,115.91,115.91,115.91,115.91,500
