MOEX:PLZL,2022-01-21T06:59:00+03:00,11930.0,11930.0,11930.0,11930.0,6
MOEX:PLZL,2022-01-21T07:00:00+03:00,11949.5,11949.5,11752.5,11810.0,794
MOEX:PLZL,2022-01-21T07:01:00+03:00,11824.0,11858.5,11756.0,11847.0,892
MOEX:PLZL,2022-01-21T07:02:00+03:00,11850.0,11906.0,11850.0,11905.0,479
MOEX:PLZL,2022-01-21T07:03:00+03:00,11895.0,11910.5,11886.0,11886.0,116
MOEX:PLZL,2022-01-21T07:04:00+03:00,11886.0,11902.5,11853.0,11853.0,87
MOEX:PLZL,2022-01-21T07:05:00+03:00,11855.0,11873.5,11800.0,11800.0,357
MOEX:PLZL,2022-01-21T07:06:00+03:00,11800.0,11819.5,11800.0,11803.0,82
MOEX:PLZL,2022-01-21T07:07:00+03:00,11803.0,11803.0,11766.0,11776.0,272
MOEX:PLZL,2022-01-21T07:08:00+03:00,11796.0,11852.0,11795.5,11834.5,233
MOEX:PLZL,2022-01-21T07:09:00+03:00,11859.0,11862.0,11826.0,11828.0,162
MOEX:PLZL,2022-01-21T07:10:00+03:00,11830.0,11855.5,11828.0,11833.5,86
MOEX:PLZL,2022-01-21T07:11:00+03:00,11850.5,11858.5,11819.0,11829.0,84
MOEX:PLZL,2022-01-21T07:12:00+03:00,11828.0,11845.5,11819.0,11828.0,139
MOEX:PLZL,2022-01-21T07:13:00+03:00,11828.0,11849.5,11811.0,11836.5,67
MOEX:PLZL,2022-01-21T07:14:00+03:00,11849.5,11869.5,11849.5,11864.0,75
MOEX:PLZL,2022-01-21T07:15:00+03:00,11853.0,11853.0,11815.0,11821.0,84
MOEX:PLZL,2022-01-21T07:16:00+03:00,11834.0,11839.0,11834.0,11839.0,13
MOEX:PLZL,2022-01-21T07:17:00+03:00,11838.0,11839.0,11838.0,11838.0,9
MOEX:PLZL,2022-01-21T07:18:00+03:00,11838.0,11842.5,11835.0,11835.5,126
MOEX:PLZL,2022-01-21T07:19:00+03:00,11837.0,11846.0,11803.5,11810.5,424
MOEX:PLZL,2022-01-21T07:20:00+03:00,11804.0,11817.5,11800.0,11817.5,412
MOEX:PLZL,2022-01-21T07:21:00+03:00,11813.5,11817.5,11800.5,11807.5,22
MOEX:PLZL,2022-01-21T07:22:00+03:00,11800.0,11826.0,11800.0,11826.0,33
MOEX:PLZL,2022-01-21T07:23:00+03:00,11814.5,11819.0,11809.0,11814.0,7
MOEX:PLZL,2022-01-21T07:24:00+03:00,11819.0,11819.0,11803.0,11803.0,25
MOEX:PLZL,2022-01-21T07:25:00+03:00,11810.5,11810.5,11770.0,11786.5,479
MOEX:PLZL,2022-01-21T07:26:00+03:00,11785.0,11785.0,11770.0,11770.0,33
MOEX:PLZL,2022-01-21T07:27:00+03:00,11794.0,11794.0,11766.0,11791.0,64
MOEX:PLZL,2022-01-21T07:28:00+03:00,11778.0,11823.0,11778.0,11823.0,83
MOEX:PLZL,2022-01-21T07:29:00+03:00,11802.0,11802.0,11788.5,11800.0,31
MOEX:PLZL,2022-01-21T07:30:00+03:00,11789.5,11791.0,11770.0,11789.5,203
MOEX:PLZL,2022-01-21T07:31:00+03:00,11786.5,11786.5,11735.5,11776.0,624
MOEX:PLZL,2022-01-21T07:32:00+03:00,11774.0,11774.0,11758.5,11759.0,46
MOEX:PLZL,2022-01-21T07:33:00+03:00,11750.0,11775.0,11740.0,11766.0,68
MOEX:PLZL,2022-01-21T07:34:00+03:00,11766.5,11766.5,11740.0,11753.5,162
MOEX:PLZL,2022-01-21T07:35:00+03:00,11753.5,11803.0,11744.5,11781.5,102
MOEX:PLZL,2022-01-21T07:36:00+03:00,11781.5,11782.5,11750.0,11759.0,126
MOEX:PLZL,2022-01-21T07:37:00+03:00,11759.0,11759.5,11744.0,11747.5,57
MOEX:PLZL,2022-01-21T07:38:00+03:00,11748.5,11764.0,11735.5,11763.5,235
MOEX:PLZL,2022-01-21T07:39:00+03:00,11750.0,11767.5,11750.0,11767.5,39
MOEX:PLZL,2022-01-21T07:40:00+03:00,11762.0,11768.0,11762.0,11768.0,3
MOEX:PLZL,2022-01-21T07:41:00+03:00,11768.0,11811.5,11768.0,11808.5,416
MOEX:PLZL,2022-01-21T07:42:00+03:00,11818.0,11835.0,11794.5,11796.5,117
MOEX:PLZL,2022-01-21T07:43:00+03:00,11795.0,11804.5,11795.0,11796.5,123
MOEX:PLZL,2022-01-21T07:44:00+03:00,11806.5,11812.5,11802.0,11812.0,69
MOEX:PLZL,2022-01-21T07:45:00+03:00,11820.0,11842.0,11820.0,11842.0,24
MOEX:PLZL,2022-01-21T07:46:00+03:00,11842.0,11866.5,11842.0,11861.5,191
MOEX:PLZL,2022-01-21T07:47:00+03:00,11853.0,11869.0,11842.0,11854.0,130
MOEX:PLZL,2022-01-21T07:48:00+03:00,11848.5,11887.0,11848.0,11887.0,123
MOEX:PLZL,2022-01-21T07:49:00+03:00,11887.0,11907.0,11876.5,11876.5,76
MOEX:PLZL,2022-01-21T07:50:00+03:00,11874.5,11874.5,11858.5,11860.0,41
MOEX:PLZL,2022-01-21T07:51:00+03:00,11857.0,11867.5,11851.0,11867.5,44
MOEX:PLZL,2022-01-21T07:52:00+03:00,11865.5,11866.0,11851.0,11851.0,22
MOEX:PLZL,2022-01-21T07:53:00+03:00,11856.0,11862.5,11816.0,11821.0,362
MOEX:PLZL,2022-01-21T07:54:00+03:00,11820.5,11826.5,11806.0,11806.5,292
MOEX:PLZL,2022-01-21T07:55:00+03:00,11826.5,11860.0,11816.5,11860.0,618
MOEX:PLZL,2022-01-21T07:56:00+03:00,11860.5,11871.0,11840.5,11845.0,382
MOEX:PLZL,2022-01-21T07:57:00+03:00,11842.0,11845.0,11835.5,11845.0,9
MOEX:PLZL,2022-01-21T07:58:00+03:00,11843.5,11875.0,11843.5,11875.0,64
MOEX:PLZL,2022-01-21T07:59:00+03:00,11875.0,11908.0,11875.0,11875.5,243
MOEX:PLZL,2022-01-21T08:00:00+03:00,11875.0,11881.0,11861.0,11871.5,40
MOEX:PLZL,2022-01-21T08:01:00+03:00,11871.5,11875.0,11862.5,11875.0,6
MOEX:PLZL,2022-01-21T08:02:00+03:00,11866.5,11908.0,11866.5,11908.0,48
MOEX:PLZL,2022-01-21T08:03:00+03:00,11886.0,11906.0,11886.0,11901.0,140
MOEX:PLZL,2022-01-21T08:04:00+03:00,11906.5,11935.0,11901.5,11906.0,160
MOEX:PLZL,2022-01-21T08:05:00+03:00,11926.0,11926.0,11871.5,11887.0,318
MOEX:PLZL,2022-01-21T08:06:00+03:00,11894.0,11909.0,11894.0,11894.0,31
MOEX:PLZL,2022-01-21T08:07:00+03:00,11900.0,11900.0,11896.0,11897.5,5
MOEX:PLZL,2022-01-21T08:08:00+03:00,11890.0,11890.0,11890.0,11890.0,2
MOEX:PLZL,2022-01-21T08:09:00+03:00,11888.0,11894.5,11883.5,11894.5,22
MOEX:PLZL,2022-01-21T08:10:00+03:00,11894.5,11897.5,11883.0,11892.5,33
MOEX:PLZL,2022-01-21T08:11:00+03:00,11876.0,11876.0,11862.0,11862.5,43
MOEX:PLZL,2022-01-21T08:12:00+03:00,11874.5,11880.0,11871.5,11871.5,70
MOEX:PLZL,2022-01-21T08:13:00+03:00,11877.5,11895.0,11877.5,11895.0,26
MOEX:PLZL,2022-01-21T08:14:00+03:00,11885.0,11885.0,11867.0,11867.0,20
MOEX:PLZL,2022-01-21T08:16:00+03:00,11872.0,11875.0,11848.0,11848.0,47
MOEX:PLZL,2022-01-21T08:17:00+03:00,11850.0,11852.0,11850.0,11850.0,83
MOEX:PLZL,2022-01-21T08:18:00+03:00,11856.0,11856.0,11830.0,11830.0,885
MOEX:PLZL,2022-01-21T08:19:00+03:00,11830.5,11837.0,11830.0,11830.0,28
MOEX:PLZL,2022-01-21T08:20:00+03:00,11830.5,11850.0,11830.5,11850.0,79
MOEX:PLZL,2022-01-21T08:21:00+03:00,11840.0,11850.0,11840.0,11850.0,4
MOEX:PLZL,2022-01-21T08:22:00+03:00,11852.5,11861.0,11852.5,11853.5,11
MOEX:PLZL,2022-01-21T08:23:00+03:00,11869.5,11869.5,11869.5,11869.5,1
MOEX:PLZL,2022-01-21T08:24:00+03:00,11856.0,11856.0,11846.5,11846.5,37
MOEX:PLZL,2022-01-21T08:25:00+03:00,11843.0,11889.0,11843.0,11889.0,109
MOEX:PLZL,2022-01-21T08:26:00+03:00,11889.0,11896.5,11874.0,11881.5,93
MOEX:PLZL,2022-01-21T08:27:00+03:00,11877.5,11898.5,11877.5,11898.5,41
MOEX:PLZL,2022-01-21T08:28:00+03:00,11883.0,11900.0,11883.0,11899.0,15
MOEX:PLZL,2022-01-21T08:29:00+03:00,11900.0,11901.0,11890.0,11890.0,117
MOEX:PLZL,2022-01-21T08:30:00+03:00,11890.5,11890.5,11874.0,11874.0,13
MOEX:PLZL,2022-01-21T08:31:00+03:00,11874.5,11890.0,11874.5,11890.0,9
MOEX:PLZL,2022-01-21T08:32:00+03:00,11890.5,11890.5,11861.5,11865.5,124
MOEX:PLZL,2022-01-21T08:33:00+03:00,11855.0,11860.0,11840.5,11854.5,112
MOEX:PLZL,2022-01-21T08:34:00+03:00,11857.5,11862.0,11844.0,11844.0,52
MOEX:PLZL,2022-01-21T08:35:00+03:00,11853.5,11861.5,11853.5,11860.0,15
MOEX:PLZL,2022-01-21T08:36:00+03:00,11850.5,11850.5,11850.5,11850.5,2
MOEX:PLZL,2022-01-21T08:37:00+03:00,11852.0,11852.0,11852.0,11852.0,1
MOEX:PLZL,2022-01-21T08:38:00+03:00,11867.0,11910.0,11867.0,11902.5,123
MOEX:PLZL,2022-01-21T08:39:00+03:00,11912.0,11920.0,11912.0,11912.0,13
MOEX:PLZL,2022-01-21T08:40:00+03:00,11912.5,11919.5,11906.0,11919.5,11
MOEX:PLZL,2022-01-21T08:41:00+03:00,11919.5,11932.5,11918.0,11929.0,89
MOEX:PLZL,2022-01-21T08:42:00+03:00,11929.0,11932.5,11929.0,11930.5,19
MOEX:PLZL,2022-01-21T08:43:00+03:00,11930.0,11939.5,11930.0,11939.5,42
MOEX:PLZL,2022-01-21T08:44:00+03:00,11943.0,11945.0,11905.5,11915.0,562
MOEX:PLZL,2022-01-21T08:45:00+03:00,11916.5,11969.5,11916.5,11926.0,662
MOEX:PLZL,2022-01-21T08:46:00+03:00,11926.0,11950.0,11926.0,11950.0,135
MOEX:PLZL,2022-01-21T08:47:00+03:00,11948.0,11960.0,11940.0,11960.0,109
MOEX:PLZL,2022-01-21T08:48:00+03:00,11966.5,11972.5,11960.5,11960.5,35
MOEX:PLZL,2022-01-21T08:49:00+03:00,11971.0,11972.5,11970.0,11972.5,16
MOEX:PLZL,2022-01-21T08:50:00+03:00,11972.5,11987.0,11964.0,11973.0,45
MOEX:PLZL,2022-01-21T08:51:00+03:00,11981.5,11997.0,11981.5,11985.5,316
MOEX:PLZL,2022-01-21T08:52:00+03:00,11987.0,11987.0,11985.5,11985.5,39
MOEX:PLZL,2022-01-21T08:53:00+03:00,11986.5,11986.5,11918.0,11919.5,214
MOEX:PLZL,2022-01-21T08:54:00+03:00,11925.0,11965.0,11920.0,11959.0,72
MOEX:PLZL,2022-01-21T08:55:00+03:00,11968.5,11969.0,11940.5,11941.0,64
MOEX:PLZL,2022-01-21T08:56:00+03:00,11944.0,11952.0,11935.5,11935.5,50
MOEX:PLZL,2022-01-21T08:57:00+03:00,11936.0,11944.5,11922.0,11922.0,59
MOEX:PLZL,2022-01-21T08:58:00+03:00,11925.0,11928.5,11913.0,11925.0,30
MOEX:PLZL,2022-01-21T08:59:00+03:00,11928.5,11928.5,11911.5,11915.5,38
MOEX:PLZL,2022-01-21T09:00:00+03:00,11915.5,11915.5,11900.5,11915.5,17
MOEX:PLZL,2022-01-21T09:01:00+03:00,11919.5,11946.0,11919.5,11925.5,250
MOEX:PLZL,2022-01-21T09:02:00+03:00,11927.5,11927.5,11927.0,11927.0,3
MOEX:PLZL,2022-01-21T09:03:00+03:00,11928.0,11939.5,11928.0,11928.0,4
MOEX:PLZL,2022-01-21T09:04:00+03:00,11938.0,11938.0,11912.0,11913.0,196
MOEX:PLZL,2022-01-21T09:05:00+03:00,11904.5,11905.0,11902.5,11905.0,8
MOEX:PLZL,2022-01-21T09:06:00+03:00,11905.0,11925.5,11905.0,11924.0,65
MOEX:PLZL,2022-01-21T09:07:00+03:00,11941.0,11947.0,11911.5,11927.5,78
MOEX:PLZL,2022-01-21T09:08:00+03:00,11931.0,11931.0,11927.5,11927.5,20
MOEX:PLZL,2022-01-21T09:09:00+03:00,11939.5,11940.0,11928.0,11940.0,7
MOEX:PLZL,2022-01-21T09:10:00+03:00,11936.5,11947.5,11927.5,11947.5,21
MOEX:PLZL,2022-01-21T09:11:00+03:00,11949.5,11957.0,11949.5,11957.0,54
MOEX:PLZL,2022-01-21T09:12:00+03:00,11959.5,11972.5,11938.5,11943.0,102
MOEX:PLZL,2022-01-21T09:13:00+03:00,11930.5,11966.0,11928.5,11965.0,198
MOEX:PLZL,2022-01-21T09:14:00+03:00,11942.5,11942.5,11929.5,11929.5,62
MOEX:PLZL,2022-01-21T09:15:00+03:00,11929.5,11950.5,11900.0,11945.5,128
MOEX:PLZL,2022-01-21T09:16:00+03:00,11945.0,11945.0,11945.0,11945.0,1
MOEX:PLZL,2022-01-21T09:17:00+03:00,11940.0,11940.0,11921.5,11921.5,14
MOEX:PLZL,2022-01-21T09:18:00+03:00,11921.5,11944.0,11921.5,11944.0,23
MOEX:PLZL,2022-01-21T09:19:00+03:00,11943.0,11943.0,11885.5,11902.5,327
MOEX:PLZL,2022-01-21T09:20:00+03:00,11903.5,11913.0,11891.0,11910.0,67
MOEX:PLZL,2022-01-21T09:21:00+03:00,11907.0,11907.0,11855.5,11881.5,306
MOEX:PLZL,2022-01-21T09:22:00+03:00,11872.0,11899.5,11869.0,11899.5,83
MOEX:PLZL,2022-01-21T09:23:00+03:00,11919.5,11922.0,11919.5,11922.0,11
MOEX:PLZL,2022-01-21T09:24:00+03:00,11904.5,11904.5,11901.5,11901.5,5
MOEX:PLZL,2022-01-21T09:25:00+03:00,11891.0,11934.0,11891.0,11907.0,204
MOEX:PLZL,2022-01-21T09:26:00+03:00,11889.5,11896.0,11875.5,11881.5,57
MOEX:PLZL,2022-01-21T09:27:00+03:00,11880.5,11905.5,11865.0,11905.0,133
MOEX:PLZL,2022-01-21T09:28:00+03:00,11900.0,11921.0,11900.0,11921.0,39
MOEX:PLZL,2022-01-21T09:29:00+03:00,11921.0,11921.5,11881.0,11895.0,86
MOEX:PLZL,2022-01-21T09:30:00+03:00,11915.0,11915.0,11914.5,11914.5,7
MOEX:PLZL,2022-01-21T09:31:00+03:00,11911.5,11929.0,11899.5,11917.0,57
MOEX:PLZL,2022-01-21T09:32:00+03:00,11914.0,11937.5,11914.0,11926.0,357
MOEX:PLZL,2022-01-21T09:35:00+03:00,11926.0,11926.0,11860.0,11923.0,307
MOEX:PLZL,2022-01-21T09:36:00+03:00,11926.0,11949.5,11926.0,11943.0,10
MOEX:PLZL,2022-01-21T09:37:00+03:00,11946.0,11965.5,11934.0,11963.5,169
MOEX:PLZL,2022-01-21T09:38:00+03:00,11963.5,11976.5,11962.0,11970.0,63
MOEX:PLZL,2022-01-21T09:39:00+03:00,11962.5,11962.5,11943.0,11950.5,109
MOEX:PLZL,2022-01-21T09:40:00+03:00,11938.0,11960.0,11937.5,11960.0,12
MOEX:PLZL,2022-01-21T09:41:00+03:00,11970.0,11978.5,11958.5,11962.0,88
MOEX:PLZL,2022-01-21T09:42:00+03:00,11967.5,11974.5,11967.5,11970.0,9
MOEX:PLZL,2022-01-21T09:43:00+03:00,11970.0,11971.0,11970.0,11971.0,7
MOEX:PLZL,2022-01-21T09:44:00+03:00,11971.5,11993.5,11971.5,11980.0,262
MOEX:PLZL,2022-01-21T09:45:00+03:00,11976.0,11980.0,11969.0,11969.5,27
MOEX:PLZL,2022-01-21T09:46:00+03:00,11969.5,11993.5,11968.0,11980.0,167
MOEX:PLZL,2022-01-21T09:47:00+03:00,11982.5,11982.5,11969.0,11979.5,25
MOEX:PLZL,2022-01-21T09:48:00+03:00,11978.0,11978.0,11953.5,11953.5,137
MOEX:PLZL,2022-01-21T09:49:00+03:00,11950.0,11961.5,11938.5,11945.5,72
MOEX:PLZL,2022-01-21T09:50:00+03:00,11957.5,11961.0,11938.5,11938.5,57
MOEX:PLZL,2022-01-21T09:51:00+03:00,11937.0,11937.5,11924.5,11924.5,10
MOEX:PLZL,2022-01-21T09:52:00+03:00,11925.0,11925.0,11911.0,11920.0,26
MOEX:PLZL,2022-01-21T09:53:00+03:00,11912.0,11918.0,11905.5,11918.0,71
MOEX:PLZL,2022-01-21T09:54:00+03:00,11918.5,11925.0,11916.0,11925.0,86
MOEX:PLZL,2022-01-21T09:55:00+03:00,11918.5,11918.5,11890.5,11890.5,261
MOEX:PLZL,2022-01-21T09:56:00+03:00,11895.0,11908.5,11895.0,11903.5,12
MOEX:PLZL,2022-01-21T09:57:00+03:00,11912.5,11912.5,11900.5,11911.5,7
MOEX:PLZL,2022-01-21T09:58:00+03:00,11900.0,11911.0,11890.0,11902.0,116
MOEX:PLZL,2022-01-21T09:59:00+03:00,11911.0,11911.5,11896.0,11898.5,33
MOEX:PLZL,2022-01-21T10:00:00+03:00,11885.5,11920.0,11885.0,11895.5,496
MOEX:PLZL,2022-01-21T10:01:00+03:00,11908.5,11910.0,11880.5,11881.0,758
MOEX:PLZL,2022-01-21T10:02:00+03:00,11881.0,11882.0,11868.0,11868.0,43
MOEX:PLZL,2022-01-21T10:03:00+03:00,11868.0,11872.5,11851.5,11851.5,425
MOEX:PLZL,2022-01-21T10:04:00+03:00,11851.5,11896.5,11850.5,11896.5,371
MOEX:PLZL,2022-01-21T10:05:00+03:00,11890.0,11890.0,11847.5,11857.5,393
MOEX:PLZL,2022-01-21T10:06:00+03:00,11869.0,11884.0,11849.0,11857.5,284
MOEX:PLZL,2022-01-21T10:07:00+03:00,11863.5,11873.5,11837.5,11866.5,217
MOEX:PLZL,2022-01-21T10:08:00+03:00,11859.0,11884.5,11839.5,11842.0,161
MOEX:PLZL,2022-01-21T10:09:00+03:00,11856.5,11878.5,11854.5,11854.5,240
MOEX:PLZL,2022-01-21T10:10:00+03:00,11862.5,11932.0,11862.5,11923.0,786
MOEX:PLZL,2022-01-21T10:11:00+03:00,11927.0,11927.0,11912.5,11921.0,16
MOEX:PLZL,2022-01-21T10:12:00+03:00,11921.0,11929.5,11901.5,11906.0,70
MOEX:PLZL,2022-01-21T10:13:00+03:00,11900.0,11915.0,11900.0,11915.0,65
MOEX:PLZL,2022-01-21T10:14:00+03:00,11919.0,11930.0,11919.0,11929.0,27
MOEX:PLZL,2022-01-21T10:15:00+03:00,11914.5,11929.5,11914.0,11918.0,40
MOEX:PLZL,2022-01-21T10:16:00+03:00,11918.5,11930.0,11913.5,11922.0,67
MOEX:PLZL,2022-01-21T10:17:00+03:00,11912.5,11928.5,11912.5,11928.5,31
MOEX:PLZL,2022-01-21T10:18:00+03:00,11929.0,11935.0,11927.5,11934.5,239
MOEX:PLZL,2022-01-21T10:19:00+03:00,11934.0,11934.0,11908.5,11927.5,412
MOEX:PLZL,2022-01-21T10:20:00+03:00,11932.0,11971.5,11932.0,11971.5,1532
MOEX:PLZL,2022-01-21T10:21:00+03:00,11973.0,12030.0,11973.0,12029.0,1121
MOEX:PLZL,2022-01-21T10:22:00+03:00,12030.0,12070.0,12015.0,12061.5,1602
MOEX:PLZL,2022-01-21T10:23:00+03:00,12069.0,12093.0,12062.0,12076.0,514
MOEX:PLZL,2022-01-21T10:24:00+03:00,12090.0,12090.0,12071.0,12083.0,98
MOEX:PLZL,2022-01-21T10:25:00+03:00,12080.0,12110.0,12080.0,12099.5,686
MOEX:PLZL,2022-01-21T10:26:00+03:00,12110.0,12130.0,12092.0,12111.0,288
MOEX:PLZL,2022-01-21T10:27:00+03:00,12114.0,12120.0,12096.5,12111.0,272
MOEX:PLZL,2022-01-21T10:28:00+03:00,12124.5,12170.0,12123.5,12148.5,1793
MOEX:PLZL,2022-01-21T10:29:00+03:00,12141.0,12164.0,12130.0,12151.0,931
MOEX:PLZL,2022-01-21T10:30:00+03:00,12144.5,12156.5,12124.0,12124.0,575
MOEX:PLZL,2022-01-21T10:31:00+03:00,12123.5,12164.0,12117.0,12152.5,929
MOEX:PLZL,2022-01-21T10:32:00+03:00,12150.0,12175.5,12150.0,12167.0,878
MOEX:PLZL,2022-01-21T10:33:00+03:00,12172.5,12172.5,12142.0,12160.0,353
MOEX:PLZL,2022-01-21T10:34:00+03:00,12159.5,12162.0,12130.5,12146.5,742
MOEX:PLZL,2022-01-21T10:35:00+03:00,12146.5,12146.5,12106.0,12108.0,440
MOEX:PLZL,2022-01-21T10:36:00+03:00,12110.0,12120.0,12090.5,12090.5,156
MOEX:PLZL,2022-01-21T10:37:00+03:00,12091.0,12108.5,12090.5,12090.5,53
MOEX:PLZL,2022-01-21T10:38:00+03:00,12091.5,12113.0,12083.5,12104.0,400
MOEX:PLZL,2022-01-21T10:39:00+03:00,12114.5,12135.5,12114.5,12129.5,199
MOEX:PLZL,2022-01-21T10:40:00+03:00,12130.0,12135.0,12092.0,12110.0,460
MOEX:PLZL,2022-01-21T10:41:00+03:00,12112.5,12133.0,12112.5,12133.0,80
MOEX:PLZL,2022-01-21T10:42:00+03:00,12111.5,12131.5,12109.0,12109.0,167
MOEX:PLZL,2022-01-21T10:43:00+03:00,12104.5,12119.0,12100.0,12105.0,312
MOEX:PLZL,2022-01-21T10:44:00+03:00,12105.0,12128.5,12100.5,12128.5,89
MOEX:PLZL,2022-01-21T10:45:00+03:00,12132.0,12132.0,12111.0,12111.0,19
MOEX:PLZL,2022-01-21T10:46:00+03:00,12111.0,12118.5,12100.0,12103.0,252
MOEX:PLZL,2022-01-21T10:47:00+03:00,12114.5,12130.0,12114.0,12115.0,246
MOEX:PLZL,2022-01-21T10:48:00+03:00,12117.0,12117.0,12112.0,12112.5,178
MOEX:PLZL,2022-01-21T10:49:00+03:00,12115.0,12125.0,12114.0,12125.0,130
MOEX:PLZL,2022-01-21T10:50:00+03:00,12118.0,12177.0,12118.0,12163.0,1139
MOEX:PLZL,2022-01-21T10:51:00+03:00,12159.5,12169.0,12142.5,12158.5,273
MOEX:PLZL,2022-01-21T10:52:00+03:00,12158.5,12159.0,12120.0,12120.0,156
MOEX:PLZL,2022-01-21T10:53:00+03:00,12133.5,12148.5,12119.0,12137.0,581
MOEX:PLZL,2022-01-21T10:54:00+03:00,12141.5,12174.0,12141.5,12163.0,253
MOEX:PLZL,2022-01-21T10:55:00+03:00,12174.5,12198.0,12160.5,12181.0,1178
MOEX:PLZL,2022-01-21T10:56:00+03:00,12178.0,12196.0,12174.5,12196.0,410
MOEX:PLZL,2022-01-21T10:57:00+03:00,12181.5,12198.0,12180.0,12186.5,761
MOEX:PLZL,2022-01-21T10:58:00+03:00,12186.5,12193.5,12177.0,12187.0,213
MOEX:PLZL,2022-01-21T10:59:00+03:00,12177.0,12198.0,12177.0,12198.0,349
MOEX:PLZL,2022-01-21T11:00:00+03:00,12195.5,12196.0,12180.0,12192.0,323
MOEX:PLZL,2022-01-21T11:01:00+03:00,12190.5,12190.5,12165.0,12166.0,1581
MOEX:PLZL,2022-01-21T11:02:00+03:00,12165.5,12174.5,12164.5,12174.5,553
MOEX:PLZL,2022-01-21T11:03:00+03:00,12166.0,12175.5,12161.5,12161.5,290
MOEX:PLZL,2022-01-21T11:04:00+03:00,12175.0,12195.0,12169.0,12178.5,777
MOEX:PLZL,2022-01-21T11:05:00+03:00,12181.5,12182.0,12174.0,12182.0,132
MOEX:PLZL,2022-01-21T11:06:00+03:00,12182.0,12185.0,12180.0,12180.0,62
MOEX:PLZL,2022-01-21T11:07:00+03:00,12180.0,12186.0,12170.0,12185.0,674
MOEX:PLZL,2022-01-21T11:08:00+03:00,12177.5,12185.5,12176.5,12185.5,56
MOEX:PLZL,2022-01-21T11:09:00+03:00,12185.0,12185.0,12180.0,12180.0,166
MOEX:PLZL,2022-01-21T11:10:00+03:00,12178.0,12185.5,12126.0,12130.0,2624
MOEX:PLZL,2022-01-21T11:11:00+03:00,12137.0,12138.5,12128.0,12128.5,255
MOEX:PLZL,2022-01-21T11:12:00+03:00,12137.5,12137.5,12105.0,12108.5,3033
MOEX:PLZL,2022-01-21T11:13:00+03:00,12109.5,12126.5,12107.5,12110.0,619
MOEX:PLZL,2022-01-21T11:14:00+03:00,12118.0,12118.0,12067.5,12085.5,1017
MOEX:PLZL,2022-01-21T11:15:00+03:00,12088.5,12108.5,12077.5,12087.0,640
MOEX:PLZL,2022-01-21T11:16:00+03:00,12096.0,12104.0,12087.5,12104.0,362
MOEX:PLZL,2022-01-21T11:17:00+03:00,12100.5,12100.5,12081.0,12088.5,2274
MOEX:PLZL,2022-01-21T11:18:00+03:00,12091.5,12095.5,12081.0,12081.0,1008
MOEX:PLZL,2022-01-21T11:19:00+03:00,12082.0,12088.0,12081.0,12081.5,406
MOEX:PLZL,2022-01-21T11:20:00+03:00,12081.5,12100.0,12081.0,12093.5,1098
MOEX:PLZL,2022-01-21T11:21:00+03:00,12101.5,12104.5,12094.0,12103.0,569
MOEX:PLZL,2022-01-21T11:22:00+03:00,12096.5,12099.5,12081.0,12083.5,1090
MOEX:PLZL,2022-01-21T11:23:00+03:00,12083.0,12092.0,12083.0,12088.5,75
MOEX:PLZL,2022-01-21T11:24:00+03:00,12088.5,12089.5,12081.0,12083.5,305
MOEX:PLZL,2022-01-21T11:25:00+03:00,12085.0,12092.0,12083.0,12092.0,2663
MOEX:PLZL,2022-01-21T11:26:00+03:00,12086.5,12091.0,12085.0,12090.0,57
MOEX:PLZL,2022-01-21T11:27:00+03:00,12086.5,12112.0,12070.5,12111.0,4815
MOEX:PLZL,2022-01-21T11:28:00+03:00,12111.5,12112.5,12100.0,12104.0,377
MOEX:PLZL,2022-01-21T11:29:00+03:00,12112.0,12132.5,12112.0,12123.0,424
MOEX:PLZL,2022-01-21T11:30:00+03:00,12123.0,12123.0,12100.0,12100.0,539
MOEX:PLZL,2022-01-21T11:31:00+03:00,12100.0,12136.0,12099.5,12131.0,830
MOEX:PLZL,2022-01-21T11:32:00+03:00,12123.5,12143.5,12107.0,12116.0,565
MOEX:PLZL,2022-01-21T11:33:00+03:00,12107.5,12124.0,12106.5,12116.5,95
MOEX:PLZL,2022-01-21T11:34:00+03:00,12116.5,12120.0,12103.5,12103.5,309
MOEX:PLZL,2022-01-21T11:35:00+03:00,12103.5,12135.5,12085.0,12135.5,1365
MOEX:PLZL,2022-01-21T11:36:00+03:00,12135.5,12143.0,12125.5,12130.0,293
MOEX:PLZL,2022-01-21T11:37:00+03:00,12125.5,12142.0,12115.5,12142.0,301
MOEX:PLZL,2022-01-21T11:38:00+03:00,12131.5,12131.5,12120.5,12121.5,98
MOEX:PLZL,2022-01-21T11:39:00+03:00,12121.5,12130.0,12121.5,12126.5,273
MOEX:PLZL,2022-01-21T11:40:00+03:00,12130.0,12140.5,12124.5,12140.5,994
MOEX:PLZL,2022-01-21T11:41:00+03:00,12136.0,12149.5,12136.0,12149.5,239
MOEX:PLZL,2022-01-21T11:42:00+03:00,12145.0,12157.0,12145.0,12157.0,630
MOEX:PLZL,2022-01-21T11:43:00+03:00,12153.5,12157.0,12142.0,12150.5,252
MOEX:PLZL,2022-01-21T11:44:00+03:00,12150.0,12165.0,12150.0,12165.0,120
MOEX:PLZL,2022-01-21T11:45:00+03:00,12170.0,12184.0,12155.0,12163.0,626
MOEX:PLZL,2022-01-21T11:46:00+03:00,12155.5,12176.5,12130.0,12158.5,1354
MOEX:PLZL,2022-01-21T11:47:00+03:00,12158.5,12175.0,12158.0,12175.0,211
MOEX:PLZL,2022-01-21T11:48:00+03:00,12178.5,12186.0,12171.5,12186.0,3488
MOEX:PLZL,2022-01-21T11:49:00+03:00,12180.5,12185.5,12178.5,12180.5,148
MOEX:PLZL,2022-01-21T11:50:00+03:00,12180.5,12185.0,12175.0,12180.5,362
MOEX:PLZL,2022-01-21T11:51:00+03:00,12181.0,12186.0,12172.5,12180.0,1088
MOEX:PLZL,2022-01-21T11:52:00+03:00,12180.0,12184.0,12179.5,12184.0,316
MOEX:PLZL,2022-01-21T11:53:00+03:00,12180.5,12186.0,12179.5,12182.0,322
MOEX:PLZL,2022-01-21T11:54:00+03:00,12182.0,12186.0,12180.0,12183.0,350
MOEX:PLZL,2022-01-21T11:55:00+03:00,12186.0,12186.0,12180.0,12180.0,320
MOEX:PLZL,2022-01-21T11:56:00+03:00,12180.5,12182.0,12180.0,12181.0,316
MOEX:PLZL,2022-01-21T11:57:00+03:00,12181.0,12186.0,12173.5,12181.0,516
MOEX:PLZL,2022-01-21T11:58:00+03:00,12185.5,12185.5,12172.0,12184.5,956
MOEX:PLZL,2022-01-21T11:59:00+03:00,12184.5,12239.0,12180.5,12239.0,2120
MOEX:PLZL,2022-01-21T12:00:00+03:00,12240.0,12247.0,12211.0,12217.5,1346
MOEX:PLZL,2022-01-21T12:01:00+03:00,12217.5,12218.0,12192.5,12192.5,377
MOEX:PLZL,2022-01-21T12:02:00+03:00,12190.0,12200.0,12185.0,12199.0,263
MOEX:PLZL,2022-01-21T12:03:00+03:00,12194.0,12194.0,12180.0,12180.0,995
MOEX:PLZL,2022-01-21T12:04:00+03:00,12180.0,12184.0,12178.0,12181.5,486
MOEX:PLZL,2022-01-21T12:05:00+03:00,12181.5,12239.0,12180.5,12233.5,2250
MOEX:PLZL,2022-01-21T12:06:00+03:00,12239.0,12239.0,12228.0,12230.0,454
MOEX:PLZL,2022-01-21T12:07:00+03:00,12230.0,12240.0,12230.0,12239.5,809
MOEX:PLZL,2022-01-21T12:08:00+03:00,12239.5,12282.5,12234.0,12282.5,2429
MOEX:PLZL,2022-01-21T12:09:00+03:00,12279.5,12298.0,12278.0,12298.0,1108
MOEX:PLZL,2022-01-21T12:10:00+03:00,12289.0,12297.5,12268.0,12276.0,805
MOEX:PLZL,2022-01-21T12:11:00+03:00,12276.0,12283.0,12274.5,12276.0,179
MOEX:PLZL,2022-01-21T12:12:00+03:00,12280.0,12295.0,12277.0,12277.0,660
MOEX:PLZL,2022-01-21T12:13:00+03:00,12272.5,12272.5,12238.0,12245.0,424
MOEX:PLZL,2022-01-21T12:14:00+03:00,12250.0,12272.0,12230.5,12272.0,852
MOEX:PLZL,2022-01-21T12:15:00+03:00,12264.0,12264.0,12252.0,12253.5,650
MOEX:PLZL,2022-01-21T12:16:00+03:00,12261.0,12299.0,12254.0,12299.0,2792
MOEX:PLZL,2022-01-21T12:17:00+03:00,12299.0,12319.5,12281.0,12306.5,3765
MOEX:PLZL,2022-01-21T12:18:00+03:00,12299.0,12300.0,12265.5,12265.5,393
MOEX:PLZL,2022-01-21T12:19:00+03:00,12266.0,12276.5,12259.5,12266.0,156
MOEX:PLZL,2022-01-21T12:20:00+03:00,12266.0,12293.0,12260.0,12293.0,537
MOEX:PLZL,2022-01-21T12:21:00+03:00,12293.5,12299.0,12280.5,12293.5,539
MOEX:PLZL,2022-01-21T12:22:00+03:00,12294.0,12299.5,12291.0,12293.0,541
MOEX:PLZL,2022-01-21T12:23:00+03:00,12289.5,12298.0,12286.5,12295.0,355
MOEX:PLZL,2022-01-21T12:24:00+03:00,12287.5,12293.5,12280.0,12290.5,521
MOEX:PLZL,2022-01-21T12:25:00+03:00,12280.5,12293.0,12280.5,12290.0,161
MOEX:PLZL,2022-01-21T12:26:00+03:00,12293.0,12315.0,12292.0,12313.0,1453
MOEX:PLZL,2022-01-21T12:27:00+03:00,12306.0,12318.0,12290.5,12291.0,494
MOEX:PLZL,2022-01-21T12:28:00+03:00,12296.0,12307.0,12295.0,12302.0,418
MOEX:PLZL,2022-01-21T12:29:00+03:00,12300.0,12300.0,12284.0,12285.5,796
MOEX:PLZL,2022-01-21T12:30:00+03:00,12284.0,12292.0,12280.0,12284.0,308
MOEX:PLZL,2022-01-21T12:31:00+03:00,12283.5,12292.0,12283.0,12284.5,40
MOEX:PLZL,2022-01-21T12:32:00+03:00,12292.0,12297.0,12285.5,12285.5,69
MOEX:PLZL,2022-01-21T12:33:00+03:00,12285.5,12291.0,12278.0,12291.0,298
MOEX:PLZL,2022-01-21T12:34:00+03:00,12291.0,12297.0,12277.5,12284.5,179
MOEX:PLZL,2022-01-21T12:35:00+03:00,12290.0,12304.0,12287.0,12298.5,650
MOEX:PLZL,2022-01-21T12:36:00+03:00,12296.0,12300.0,12276.0,12281.0,351
MOEX:PLZL,2022-01-21T12:37:00+03:00,12281.0,12288.0,12265.0,12268.0,587
MOEX:PLZL,2022-01-21T12:38:00+03:00,12268.0,12274.0,12265.0,12267.0,312
MOEX:PLZL,2022-01-21T12:39:00+03:00,12271.0,12271.0,12260.5,12266.5,109
MOEX:PLZL,2022-01-21T12:40:00+03:00,12260.0,12270.5,12259.5,12265.5,758
MOEX:PLZL,2022-01-21T12:41:00+03:00,12265.5,12266.0,12260.0,12260.5,46
MOEX:PLZL,2022-01-21T12:42:00+03:00,12260.5,12267.0,12259.5,12263.0,568
MOEX:PLZL,2022-01-21T12:43:00+03:00,12263.0,12299.0,12263.0,12292.0,657
MOEX:PLZL,2022-01-21T12:44:00+03:00,12287.5,12287.5,12268.5,12280.5,218
MOEX:PLZL,2022-01-21T12:45:00+03:00,12272.0,12274.0,12260.5,12260.5,149
MOEX:PLZL,2022-01-21T12:46:00+03:00,12264.5,12274.0,12260.5,12266.0,155
MOEX:PLZL,2022-01-21T12:47:00+03:00,12269.5,12275.5,12264.5,12264.5,294
MOEX:PLZL,2022-01-21T12:48:00+03:00,12265.0,12276.0,12264.5,12274.5,145
MOEX:PLZL,2022-01-21T12:49:00+03:00,12274.5,12274.5,12267.5,12274.5,215
MOEX:PLZL,2022-01-21T12:50:00+03:00,12276.0,12286.5,12276.0,12280.5,297
MOEX:PLZL,2022-01-21T12:51:00+03:00,12276.0,12278.0,12270.0,12271.5,273
MOEX:PLZL,2022-01-21T12:52:00+03:00,12276.5,12276.5,12272.0,12276.5,14
MOEX:PLZL,2022-01-21T12:53:00+03:00,12274.5,12282.0,12270.0,12277.5,122
MOEX:PLZL,2022-01-21T12:54:00+03:00,12279.0,12283.0,12278.0,12278.0,126
MOEX:PLZL,2022-01-21T12:55:00+03:00,12277.0,12280.0,12276.5,12276.5,30
MOEX:PLZL,2022-01-21T12:56:00+03:00,12276.5,12287.0,12276.5,12287.0,63
MOEX:PLZL,2022-01-21T12:57:00+03:00,12287.0,12287.0,12274.0,12274.0,304
MOEX:PLZL,2022-01-21T12:58:00+03:00,12270.5,12278.5,12270.5,12272.5,24
MOEX:PLZL,2022-01-21T12:59:00+03:00,12272.5,12272.5,12265.5,12270.5,100
MOEX:PLZL,2022-01-21T13:00:00+03:00,12265.5,12266.0,12260.0,12265.0,791
MOEX:PLZL,2022-01-21T13:01:00+03:00,12261.0,12264.5,12260.0,12260.5,192
MOEX:PLZL,2022-01-21T13:02:00+03:00,12260.0,12262.5,12259.5,12260.0,234
MOEX:PLZL,2022-01-21T13:03:00+03:00,12259.5,12265.0,12259.5,12262.0,51
MOEX:PLZL,2022-01-21T13:04:00+03:00,12260.0,12265.0,12259.5,12259.5,119
MOEX:PLZL,2022-01-21T13:05:00+03:00,12259.5,12274.5,12259.5,12263.0,198
MOEX:PLZL,2022-01-21T13:06:00+03:00,12265.0,12265.0,12265.0,12265.0,29
MOEX:PLZL,2022-01-21T13:07:00+03:00,12270.0,12274.0,12265.0,12266.0,249
MOEX:PLZL,2022-01-21T13:08:00+03:00,12263.0,12285.0,12263.0,12285.0,112
MOEX:PLZL,2022-01-21T13:09:00+03:00,12282.0,12282.0,12272.0,12282.0,64
MOEX:PLZL,2022-01-21T13:10:00+03:00,12276.5,12287.0,12276.5,12285.0,217
MOEX:PLZL,2022-01-21T13:11:00+03:00,12282.0,12295.0,12282.0,12293.0,296
MOEX:PLZL,2022-01-21T13:12:00+03:00,12293.0,12293.0,12285.0,12286.0,115
MOEX:PLZL,2022-01-21T13:13:00+03:00,12285.0,12295.0,12285.0,12291.5,737
MOEX:PLZL,2022-01-21T13:14:00+03:00,12288.0,12294.0,12285.0,12294.0,117
MOEX:PLZL,2022-01-21T13:15:00+03:00,12290.0,12293.0,12286.5,12290.0,79
MOEX:PLZL,2022-01-21T13:16:00+03:00,12293.0,12293.0,12286.0,12290.0,76
MOEX:PLZL,2022-01-21T13:17:00+03:00,12289.0,12298.5,12289.0,12294.5,193
MOEX:PLZL,2022-01-21T13:18:00+03:00,12290.5,12294.5,12288.0,12288.0,192
MOEX:PLZL,2022-01-21T13:19:00+03:00,12287.5,12287.5,12286.0,12286.0,21
MOEX:PLZL,2022-01-21T13:20:00+03:00,12286.5,12308.0,12286.0,12301.0,308
MOEX:PLZL,2022-01-21T13:21:00+03:00,12305.5,12306.0,12290.5,12299.0,131
MOEX:PLZL,2022-01-21T13:22:00+03:00,12300.0,12304.0,12293.0,12304.0,21
MOEX:PLZL,2022-01-21T13:23:00+03:00,12300.0,12305.0,12293.0,12295.5,54
MOEX:PLZL,2022-01-21T13:24:00+03:00,12297.0,12305.0,12297.0,12305.0,49
MOEX:PLZL,2022-01-21T13:25:00+03:00,12305.0,12305.5,12289.5,12289.5,201
MOEX:PLZL,2022-01-21T13:26:00+03:00,12289.0,12292.5,12285.0,12290.5,169
MOEX:PLZL,2022-01-21T13:27:00+03:00,12292.5,12304.5,12292.5,12300.5,292
MOEX:PLZL,2022-01-21T13:28:00+03:00,12297.0,12314.0,12294.5,12309.0,1159
MOEX:PLZL,2022-01-21T13:29:00+03:00,12314.5,12314.5,12300.5,12301.0,219
MOEX:PLZL,2022-01-21T13:30:00+03:00,12301.0,12308.0,12285.0,12290.0,379
MOEX:PLZL,2022-01-21T13:31:00+03:00,12295.0,12295.0,12285.0,12290.0,114
MOEX:PLZL,2022-01-21T13:32:00+03:00,12295.0,12305.0,12285.0,12300.0,543
MOEX:PLZL,2022-01-21T13:33:00+03:00,12304.5,12304.5,12294.5,12303.0,140
MOEX:PLZL,2022-01-21T13:34:00+03:00,12304.0,12305.0,12299.5,12303.0,154
MOEX:PLZL,2022-01-21T13:35:00+03:00,12302.0,12302.0,12294.0,12299.5,318
MOEX:PLZL,2022-01-21T13:36:00+03:00,12299.0,12304.5,12295.0,12297.0,381
MOEX:PLZL,2022-01-21T13:37:00+03:00,12297.0,12297.0,12290.5,12296.0,56
MOEX:PLZL,2022-01-21T13:38:00+03:00,12302.5,12302.5,12285.0,12285.0,792
MOEX:PLZL,2022-01-21T13:39:00+03:00,12288.5,12294.0,12285.0,12294.0,81
MOEX:PLZL,2022-01-21T13:40:00+03:00,12294.0,12295.5,12285.0,12294.0,341
MOEX:PLZL,2022-01-21T13:41:00+03:00,12291.5,12291.5,12285.0,12285.5,307
MOEX:PLZL,2022-01-21T13:42:00+03:00,12288.5,12294.0,12285.0,12291.0,48
MOEX:PLZL,2022-01-21T13:43:00+03:00,12293.0,12296.5,12288.0,12296.5,110
MOEX:PLZL,2022-01-21T13:44:00+03:00,12290.0,12295.0,12290.0,12295.0,20
MOEX:PLZL,2022-01-21T13:45:00+03:00,12289.0,12293.5,12285.0,12285.0,177
MOEX:PLZL,2022-01-21T13:46:00+03:00,12285.0,12290.0,12285.0,12289.5,54
MOEX:PLZL,2022-01-21T13:47:00+03:00,12289.5,12292.5,12285.5,12287.0,94
MOEX:PLZL,2022-01-21T13:48:00+03:00,12286.0,12290.0,12285.0,12285.0,171
MOEX:PLZL,2022-01-21T13:49:00+03:00,12287.0,12289.0,12285.0,12288.5,61
MOEX:PLZL,2022-01-21T13:50:00+03:00,12288.5,12291.5,12286.0,12291.5,147
MOEX:PLZL,2022-01-21T13:51:00+03:00,12291.5,12292.0,12290.0,12290.0,23
MOEX:PLZL,2022-01-21T13:52:00+03:00,12292.0,12292.0,12286.0,12291.0,35
MOEX:PLZL,2022-01-21T13:53:00+03:00,12290.5,12292.0,12286.0,12286.0,140
MOEX:PLZL,2022-01-21T13:54:00+03:00,12291.5,12293.0,12286.0,12293.0,206
MOEX:PLZL,2022-01-21T13:55:00+03:00,12294.5,12298.0,12291.5,12295.0,146
MOEX:PLZL,2022-01-21T13:56:00+03:00,12297.5,12299.0,12294.0,12297.0,70
MOEX:PLZL,2022-01-21T13:57:00+03:00,12294.0,12300.0,12294.0,12294.0,40
MOEX:PLZL,2022-01-21T13:58:00+03:00,12298.5,12305.0,12298.5,12304.0,449
MOEX:PLZL,2022-01-21T13:59:00+03:00,12304.0,12304.0,12298.5,12304.0,66
MOEX:PLZL,2022-01-21T14:00:00+03:00,12305.0,12305.0,12298.5,12302.5,60
MOEX:PLZL,2022-01-21T14:01:00+03:00,12303.0,12303.0,12298.5,12299.0,237
MOEX:PLZL,2022-01-21T14:02:00+03:00,12302.0,12305.0,12298.5,12305.0,257
MOEX:PLZL,2022-01-21T14:03:00+03:00,12303.0,12308.5,12303.0,12308.5,238
MOEX:PLZL,2022-01-21T14:04:00+03:00,12308.5,12308.5,12303.0,12305.0,17
MOEX:PLZL,2022-01-21T14:05:00+03:00,12305.0,12305.0,12298.5,12298.5,2509
MOEX:PLZL,2022-01-21T14:06:00+03:00,12298.5,12301.0,12291.5,12291.5,3422
MOEX:PLZL,2022-01-21T14:07:00+03:00,12291.5,12293.0,12291.5,12291.5,481
MOEX:PLZL,2022-01-21T14:08:00+03:00,12294.5,12295.0,12291.5,12294.0,42
MOEX:PLZL,2022-01-21T14:09:00+03:00,12294.0,12295.0,12291.5,12291.5,127
MOEX:PLZL,2022-01-21T14:10:00+03:00,12294.5,12294.5,12291.5,12294.5,121
MOEX:PLZL,2022-01-21T14:11:00+03:00,12293.5,12299.5,12293.5,12293.5,110
MOEX:PLZL,2022-01-21T14:12:00+03:00,12293.0,12298.5,12293.0,12297.0,56
MOEX:PLZL,2022-01-21T14:13:00+03:00,12296.0,12296.0,12291.5,12294.5,87
MOEX:PLZL,2022-01-21T14:14:00+03:00,12291.5,12294.5,12291.5,12293.0,416
MOEX:PLZL,2022-01-21T14:15:00+03:00,12291.5,12293.5,12291.5,12291.5,2084
MOEX:PLZL,2022-01-21T14:16:00+03:00,12293.0,12297.0,12291.5,12295.5,1587
MOEX:PLZL,2022-01-21T14:17:00+03:00,12296.0,12296.5,12291.5,12291.5,116
MOEX:PLZL,2022-01-21T14:18:00+03:00,12295.5,12295.5,12291.5,12295.0,179
MOEX:PLZL,2022-01-21T14:19:00+03:00,12291.5,12296.0,12291.5,12295.0,596
MOEX:PLZL,2022-01-21T14:20:00+03:00,12294.0,12296.5,12291.5,12292.0,90
MOEX:PLZL,2022-01-21T14:21:00+03:00,12291.5,12296.5,12291.5,12291.5,63
MOEX:PLZL,2022-01-21T14:22:00+03:00,12294.0,12296.0,12291.5,12295.5,53
MOEX:PLZL,2022-01-21T14:23:00+03:00,12296.5,12304.0,12296.5,12302.0,1172
MOEX:PLZL,2022-01-21T14:24:00+03:00,12302.0,12319.5,12302.0,12312.0,1746
MOEX:PLZL,2022-01-21T14:25:00+03:00,12313.0,12342.0,12313.0,12326.0,1231
MOEX:PLZL,2022-01-21T14:26:00+03:00,12333.5,12333.5,12318.0,12318.0,176
MOEX:PLZL,2022-01-21T14:27:00+03:00,12323.0,12323.5,12312.0,12321.0,50
MOEX:PLZL,2022-01-21T14:28:00+03:00,12316.5,12329.5,12312.0,12317.0,277
MOEX:PLZL,2022-01-21T14:29:00+03:00,12318.0,12330.0,12318.0,12329.5,82
MOEX:PLZL,2022-01-21T14:30:00+03:00,12330.0,12334.5,12316.5,12319.5,177
MOEX:PLZL,2022-01-21T14:31:00+03:00,12324.0,12325.5,12315.0,12320.0,51
MOEX:PLZL,2022-01-21T14:32:00+03:00,12320.0,12325.0,12320.0,12324.5,46
MOEX:PLZL,2022-01-21T14:33:00+03:00,12323.0,12323.0,12306.5,12313.0,656
MOEX:PLZL,2022-01-21T14:34:00+03:00,12305.5,12305.5,12291.5,12294.5,1451
MOEX:PLZL,2022-01-21T14:35:00+03:00,12294.5,12303.5,12293.5,12297.0,320
MOEX:PLZL,2022-01-21T14:36:00+03:00,12303.5,12314.0,12295.5,12296.5,128
MOEX:PLZL,2022-01-21T14:37:00+03:00,12304.0,12308.0,12297.5,12308.0,67
MOEX:PLZL,2022-01-21T14:38:00+03:00,12308.0,12320.0,12308.0,12320.0,90
MOEX:PLZL,2022-01-21T14:39:00+03:00,12319.5,12319.5,12295.0,12296.5,321
MOEX:PLZL,2022-01-21T14:40:00+03:00,12299.5,12300.0,12291.5,12291.5,1613
MOEX:PLZL,2022-01-21T14:41:00+03:00,12292.0,12297.0,12291.5,12291.5,695
MOEX:PLZL,2022-01-21T14:42:00+03:00,12294.5,12299.5,12291.5,12291.5,1355
MOEX:PLZL,2022-01-21T14:43:00+03:00,12294.0,12306.0,12292.5,12292.5,181
MOEX:PLZL,2022-01-21T14:44:00+03:00,12292.5,12299.0,12291.5,12291.5,163
MOEX:PLZL,2022-01-21T14:45:00+03:00,12291.5,12297.5,12291.5,12291.5,1913
MOEX:PLZL,2022-01-21T14:46:00+03:00,12294.5,12299.5,12285.0,12293.5,2609
MOEX:PLZL,2022-01-21T14:47:00+03:00,12287.0,12295.0,12285.0,12289.0,404
MOEX:PLZL,2022-01-21T14:48:00+03:00,12289.0,12296.0,12286.0,12288.0,76
MOEX:PLZL,2022-01-21T14:49:00+03:00,12295.0,12295.0,12285.0,12285.0,604
MOEX:PLZL,2022-01-21T14:50:00+03:00,12285.0,12298.0,12285.0,12298.0,404
MOEX:PLZL,2022-01-21T14:51:00+03:00,12293.5,12296.5,12289.0,12290.5,281
MOEX:PLZL,2022-01-21T14:52:00+03:00,12290.5,12295.0,12285.0,12285.0,583
MOEX:PLZL,2022-01-21T14:53:00+03:00,12290.0,12291.0,12285.0,12285.0,348
MOEX:PLZL,2022-01-21T14:54:00+03:00,12287.5,12342.0,12285.0,12340.0,1276
MOEX:PLZL,2022-01-21T14:55:00+03:00,12337.5,12379.5,12337.5,12364.0,2999
MOEX:PLZL,2022-01-21T14:56:00+03:00,12363.0,12388.0,12337.0,12349.0,1013
MOEX:PLZL,2022-01-21T14:57:00+03:00,12355.0,12356.0,12320.0,12345.0,658
MOEX:PLZL,2022-01-21T14:58:00+03:00,12336.0,12347.5,12330.5,12334.5,109
MOEX:PLZL,2022-01-21T14:59:00+03:00,12336.0,12337.5,12310.5,12317.0,544
MOEX:PLZL,2022-01-21T15:00:00+03:00,12313.5,12327.5,12310.5,12313.0,540
MOEX:PLZL,2022-01-21T15:01:00+03:00,12313.0,12340.0,12312.0,12316.5,189
MOEX:PLZL,2022-01-21T15:02:00+03:00,12320.0,12325.0,12314.0,12325.0,19
MOEX:PLZL,2022-01-21T15:03:00+03:00,12322.5,12330.0,12307.5,12330.0,361
MOEX:PLZL,2022-01-21T15:04:00+03:00,12335.5,12336.5,12312.0,12312.0,141
MOEX:PLZL,2022-01-21T15:05:00+03:00,12310.0,12319.0,12306.0,12309.0,135
MOEX:PLZL,2022-01-21T15:06:00+03:00,12316.5,12316.5,12309.5,12310.0,75
MOEX:PLZL,2022-01-21T15:07:00+03:00,12316.0,12344.5,12316.0,12334.0,476
MOEX:PLZL,2022-01-21T15:08:00+03:00,12341.5,12357.5,12330.0,12349.5,702
MOEX:PLZL,2022-01-21T15:09:00+03:00,12355.5,12367.5,12335.5,12352.5,562
MOEX:PLZL,2022-01-21T15:10:00+03:00,12353.0,12353.0,12317.0,12346.0,1241
MOEX:PLZL,2022-01-21T15:11:00+03:00,12347.5,12354.5,12335.0,12354.5,829
MOEX:PLZL,2022-01-21T15:12:00+03:00,12356.0,12361.0,12348.5,12361.0,274
MOEX:PLZL,2022-01-21T15:13:00+03:00,12359.0,12370.0,12353.5,12370.0,163
MOEX:PLZL,2022-01-21T15:14:00+03:00,12370.0,12385.0,12370.0,12378.0,222
MOEX:PLZL,2022-01-21T15:15:00+03:00,12378.0,12390.0,12377.0,12388.0,333
MOEX:PLZL,2022-01-21T15:16:00+03:00,12388.5,12388.5,12370.0,12376.5,731
MOEX:PLZL,2022-01-21T15:17:00+03:00,12380.0,12383.0,12375.0,12381.5,91
MOEX:PLZL,2022-01-21T15:18:00+03:00,12376.0,12381.5,12370.0,12379.5,88
MOEX:PLZL,2022-01-21T15:19:00+03:00,12376.5,12380.0,12370.0,12370.0,1130
MOEX:PLZL,2022-01-21T15:20:00+03:00,12370.0,12384.5,12370.0,12379.5,487
MOEX:PLZL,2022-01-21T15:21:00+03:00,12381.0,12388.5,12378.5,12388.5,275
MOEX:PLZL,2022-01-21T15:22:00+03:00,12387.0,12395.0,12385.0,12395.0,638
MOEX:PLZL,2022-01-21T15:23:00+03:00,12395.0,12400.0,12377.5,12397.0,1022
MOEX:PLZL,2022-01-21T15:24:00+03:00,12389.0,12396.5,12388.5,12389.5,70
MOEX:PLZL,2022-01-21T15:25:00+03:00,12389.5,12400.0,12389.5,12399.5,3285
MOEX:PLZL,2022-01-21T15:26:00+03:00,12398.5,12411.0,12398.0,12407.0,421
MOEX:PLZL,2022-01-21T15:27:00+03:00,12406.0,12412.0,12401.0,12412.0,112
MOEX:PLZL,2022-01-21T15:28:00+03:00,12411.0,12415.0,12405.0,12411.0,98
MOEX:PLZL,2022-01-21T15:29:00+03:00,12410.0,12418.5,12400.0,12418.5,464
MOEX:PLZL,2022-01-21T15:30:00+03:00,12418.5,12419.5,12398.0,12407.0,784
MOEX:PLZL,2022-01-21T15:31:00+03:00,12407.0,12412.0,12399.0,12412.0,222
MOEX:PLZL,2022-01-21T15:32:00+03:00,12406.5,12411.0,12400.0,12401.0,800
MOEX:PLZL,2022-01-21T15:33:00+03:00,12400.0,12409.0,12400.0,12402.0,464
MOEX:PLZL,2022-01-21T15:34:00+03:00,12408.0,12418.5,12400.0,12405.0,2368
MOEX:PLZL,2022-01-21T15:35:00+03:00,12408.0,12413.0,12404.0,12404.0,80
MOEX:PLZL,2022-01-21T15:36:00+03:00,12408.5,12408.5,12400.0,12400.0,973
MOEX:PLZL,2022-01-21T15:37:00+03:00,12400.0,12408.0,12400.0,12408.0,2047
MOEX:PLZL,2022-01-21T15:38:00+03:00,12408.0,12408.0,12401.0,12401.5,198
MOEX:PLZL,2022-01-21T15:39:00+03:00,12407.0,12407.0,12401.0,12407.0,17
MOEX:PLZL,2022-01-21T15:40:00+03:00,12406.5,12407.0,12400.0,12400.5,328
MOEX:PLZL,2022-01-21T15:41:00+03:00,12400.0,12407.0,12400.0,12407.0,189
MOEX:PLZL,2022-01-21T15:42:00+03:00,12405.5,12407.0,12400.0,12401.5,192
MOEX:PLZL,2022-01-21T15:43:00+03:00,12401.5,12402.0,12400.0,12400.0,544
MOEX:PLZL,2022-01-21T15:44:00+03:00,12400.5,12410.0,12400.0,12409.0,652
MOEX:PLZL,2022-01-21T15:45:00+03:00,12406.5,12411.0,12406.0,12411.0,297
MOEX:PLZL,2022-01-21T15:46:00+03:00,12411.0,12411.0,12401.5,12403.5,165
MOEX:PLZL,2022-01-21T15:47:00+03:00,12402.5,12409.0,12400.0,12407.0,154
MOEX:PLZL,2022-01-21T15:48:00+03:00,12400.5,12406.0,12400.0,12401.0,72
MOEX:PLZL,2022-01-21T15:49:00+03:00,12405.5,12411.5,12401.0,12410.0,272
MOEX:PLZL,2022-01-21T15:50:00+03:00,12409.5,12410.0,12400.5,12407.0,342
MOEX:PLZL,2022-01-21T15:51:00+03:00,12405.0,12409.0,12400.0,12405.0,216
MOEX:PLZL,2022-01-21T15:52:00+03:00,12405.5,12405.5,12400.0,12400.0,69
MOEX:PLZL,2022-01-21T15:53:00+03:00,12404.0,12405.5,12400.5,12402.0,98
MOEX:PLZL,2022-01-21T15:54:00+03:00,12403.0,12403.0,12400.0,12400.5,1426
MOEX:PLZL,2022-01-21T15:55:00+03:00,12400.5,12416.5,12400.5,12409.5,234
MOEX:PLZL,2022-01-21T15:56:00+03:00,12414.5,12415.0,12400.0,12411.0,340
MOEX:PLZL,2022-01-21T15:57:00+03:00,12409.0,12415.0,12403.0,12408.5,138
MOEX:PLZL,2022-01-21T15:58:00+03:00,12408.5,12419.0,12408.5,12414.5,330
MOEX:PLZL,2022-01-21T15:59:00+03:00,12413.0,12414.5,12405.0,12411.5,112
MOEX:PLZL,2022-01-21T16:00:00+03:00,12411.0,12415.5,12408.0,12414.5,174
MOEX:PLZL,2022-01-21T16:01:00+03:00,12411.5,12418.0,12408.5,12411.5,705
MOEX:PLZL,2022-01-21T16:02:00+03:00,12408.5,12411.0,12405.0,12405.0,336
MOEX:PLZL,2022-01-21T16:03:00+03:00,12410.5,12412.5,12405.0,12412.0,270
MOEX:PLZL,2022-01-21T16:04:00+03:00,12406.0,12409.0,12400.5,12400.5,188
MOEX:PLZL,2022-01-21T16:05:00+03:00,12404.5,12411.5,12400.5,12410.0,104
MOEX:PLZL,2022-01-21T16:06:00+03:00,12408.0,12413.5,12407.5,12413.5,25
MOEX:PLZL,2022-01-21T16:07:00+03:00,12410.0,12415.0,12410.0,12411.0,15
MOEX:PLZL,2022-01-21T16:08:00+03:00,12410.5,12411.0,12405.0,12411.0,258
MOEX:PLZL,2022-01-21T16:09:00+03:00,12406.5,12425.0,12405.5,12425.0,1091
MOEX:PLZL,2022-01-21T16:10:00+03:00,12417.5,12430.0,12417.5,12426.5,462
MOEX:PLZL,2022-01-21T16:11:00+03:00,12418.0,12425.5,12411.0,12412.0,201
MOEX:PLZL,2022-01-21T16:12:00+03:00,12414.0,12418.0,12412.5,12412.5,43
MOEX:PLZL,2022-01-21T16:13:00+03:00,12412.0,12412.0,12405.0,12406.0,101
MOEX:PLZL,2022-01-21T16:14:00+03:00,12410.0,12420.0,12405.5,12406.5,237
MOEX:PLZL,2022-01-21T16:15:00+03:00,12411.0,12417.0,12405.0,12417.0,160
MOEX:PLZL,2022-01-21T16:16:00+03:00,12411.5,12421.0,12411.5,12418.0,219
MOEX:PLZL,2022-01-21T16:17:00+03:00,12418.0,12423.5,12415.5,12422.0,305
MOEX:PLZL,2022-01-21T16:18:00+03:00,12421.5,12422.0,12409.5,12418.0,297
MOEX:PLZL,2022-01-21T16:19:00+03:00,12416.0,12418.5,12408.0,12418.5,43
MOEX:PLZL,2022-01-21T16:20:00+03:00,12418.5,12418.5,12410.5,12410.5,79
MOEX:PLZL,2022-01-21T16:21:00+03:00,12414.0,12417.5,12405.0,12408.0,292
MOEX:PLZL,2022-01-21T16:22:00+03:00,12414.5,12420.0,12407.5,12414.5,218
MOEX:PLZL,2022-01-21T16:23:00+03:00,12410.5,12414.0,12410.0,12414.0,15
MOEX:PLZL,2022-01-21T16:24:00+03:00,12415.0,12418.0,12410.5,12417.0,31
MOEX:PLZL,2022-01-21T16:25:00+03:00,12415.0,12418.0,12414.5,12414.5,37
MOEX:PLZL,2022-01-21T16:26:00+03:00,12412.0,12418.0,12411.5,12418.0,30
MOEX:PLZL,2022-01-21T16:27:00+03:00,12418.0,12421.0,12413.0,12415.0,365
MOEX:PLZL,2022-01-21T16:28:00+03:00,12415.0,12419.0,12410.0,12410.0,296
MOEX:PLZL,2022-01-21T16:29:00+03:00,12411.0,12416.0,12406.5,12406.5,314
MOEX:PLZL,2022-01-21T16:30:00+03:00,12415.0,12415.0,12405.0,12405.5,272
MOEX:PLZL,2022-01-21T16:31:00+03:00,12405.5,12416.0,12405.0,12416.0,412
MOEX:PLZL,2022-01-21T16:32:00+03:00,12412.0,12412.5,12405.5,12405.5,71
MOEX:PLZL,2022-01-21T16:33:00+03:00,12411.5,12415.0,12406.5,12415.0,42
MOEX:PLZL,2022-01-21T16:34:00+03:00,12415.0,12420.0,12411.5,12419.0,221
MOEX:PLZL,2022-01-21T16:35:00+03:00,12418.5,12419.5,12411.0,12418.0,100
MOEX:PLZL,2022-01-21T16:36:00+03:00,12418.0,12422.0,12413.0,12422.0,346
MOEX:PLZL,2022-01-21T16:37:00+03:00,12422.0,12425.5,12420.0,12424.5,338
MOEX:PLZL,2022-01-21T16:38:00+03:00,12420.5,12425.0,12405.0,12407.5,366
MOEX:PLZL,2022-01-21T16:39:00+03:00,12414.0,12414.5,12407.5,12411.5,16
MOEX:PLZL,2022-01-21T16:40:00+03:00,12414.5,12414.5,12408.5,12414.0,53
MOEX:PLZL,2022-01-21T16:41:00+03:00,12411.0,12422.5,12410.0,12414.0,246
MOEX:PLZL,2022-01-21T16:42:00+03:00,12418.0,12421.0,12411.0,12411.0,74
MOEX:PLZL,2022-01-21T16:43:00+03:00,12415.5,12419.5,12410.5,12419.5,190
MOEX:PLZL,2022-01-21T16:44:00+03:00,12420.0,12421.0,12412.0,12421.0,121
MOEX:PLZL,2022-01-21T16:45:00+03:00,12421.0,12422.0,12413.5,12413.5,177
MOEX:PLZL,2022-01-21T16:46:00+03:00,12414.5,12422.5,12414.0,12421.5,161
MOEX:PLZL,2022-01-21T16:47:00+03:00,12421.5,12422.5,12415.0,12418.5,79
MOEX:PLZL,2022-01-21T16:48:00+03:00,12421.0,12422.0,12415.0,12415.5,290
MOEX:PLZL,2022-01-21T16:49:00+03:00,12415.0,12417.0,12410.0,12410.0,496
MOEX:PLZL,2022-01-21T16:50:00+03:00,12413.0,12415.0,12400.0,12405.0,1878
MOEX:PLZL,2022-01-21T16:51:00+03:00,12403.0,12404.0,12380.0,12389.0,2185
MOEX:PLZL,2022-01-21T16:52:00+03:00,12383.0,12386.0,12380.0,12386.0,871
MOEX:PLZL,2022-01-21T16:53:00+03:00,12380.0,12386.0,12380.0,12381.5,230
MOEX:PLZL,2022-01-21T16:54:00+03:00,12380.0,12386.0,12380.0,12380.5,525
MOEX:PLZL,2022-01-21T16:55:00+03:00,12380.5,12386.0,12380.0,12385.0,434
MOEX:PLZL,2022-01-21T16:56:00+03:00,12381.0,12405.0,12381.0,12404.0,343
MOEX:PLZL,2022-01-21T16:57:00+03:00,12404.0,12404.5,12390.0,12399.0,290
MOEX:PLZL,2022-01-21T16:58:00+03:00,12397.5,12405.0,12395.0,12404.5,70
MOEX:PLZL,2022-01-21T16:59:00+03:00,12401.0,12405.0,12400.0,12400.0,281
MOEX:PLZL,2022-01-21T17:00:00+03:00,12404.0,12404.5,12400.0,12404.5,452
MOEX:PLZL,2022-01-21T17:01:00+03:00,12403.0,12404.5,12400.0,12402.5,823
MOEX:PLZL,2022-01-21T17:02:00+03:00,12402.5,12402.5,12397.0,12397.0,5047
MOEX:PLZL,2022-01-21T17:03:00+03:00,12393.5,12397.0,12375.5,12380.5,564
MOEX:PLZL,2022-01-21T17:04:00+03:00,12383.5,12383.5,12380.0,12380.0,1175
MOEX:PLZL,2022-01-21T17:05:00+03:00,12380.0,12391.0,12380.0,12384.0,175
MOEX:PLZL,2022-01-21T17:06:00+03:00,12383.5,12403.0,12380.5,12403.0,1306
MOEX:PLZL,2022-01-21T17:07:00+03:00,12403.0,12415.0,12400.0,12405.5,1052
MOEX:PLZL,2022-01-21T17:08:00+03:00,12400.5,12407.0,12400.0,12407.0,99
MOEX:PLZL,2022-01-21T17:09:00+03:00,12406.5,12406.5,12400.0,12400.5,546
MOEX:PLZL,2022-01-21T17:10:00+03:00,12400.0,12400.0,12385.0,12385.0,554
MOEX:PLZL,2022-01-21T17:11:00+03:00,12385.5,12392.5,12385.0,12385.0,460
MOEX:PLZL,2022-01-21T17:12:00+03:00,12385.0,12386.0,12385.0,12385.0,227
MOEX:PLZL,2022-01-21T17:13:00+03:00,12385.0,12392.5,12385.0,12392.5,155
MOEX:PLZL,2022-01-21T17:14:00+03:00,12386.0,12392.5,12386.0,12386.0,108
MOEX:PLZL,2022-01-21T17:15:00+03:00,12386.0,12390.5,12385.0,12390.5,368
MOEX:PLZL,2022-01-21T17:16:00+03:00,12390.0,12391.5,12385.0,12385.5,408
MOEX:PLZL,2022-01-21T17:17:00+03:00,12385.5,12392.0,12385.5,12390.0,183
MOEX:PLZL,2022-01-21T17:18:00+03:00,12390.0,12394.0,12388.5,12394.0,289
MOEX:PLZL,2022-01-21T17:19:00+03:00,12388.5,12394.0,12385.5,12386.0,271
MOEX:PLZL,2022-01-21T17:20:00+03:00,12386.0,12397.5,12386.0,12392.0,233
MOEX:PLZL,2022-01-21T17:21:00+03:00,12392.0,12406.5,12392.0,12406.5,904
MOEX:PLZL,2022-01-21T17:22:00+03:00,12401.0,12406.5,12400.0,12400.0,1804
MOEX:PLZL,2022-01-21T17:23:00+03:00,12400.0,12402.5,12390.0,12390.0,2504
MOEX:PLZL,2022-01-21T17:24:00+03:00,12390.0,12392.5,12390.0,12390.0,939
MOEX:PLZL,2022-01-21T17:25:00+03:00,12390.0,12393.5,12385.0,12389.0,1002
MOEX:PLZL,2022-01-21T17:26:00+03:00,12387.0,12390.0,12385.0,12388.5,163
MOEX:PLZL,2022-01-21T17:27:00+03:00,12388.5,12390.5,12385.0,12390.0,114
MOEX:PLZL,2022-01-21T17:28:00+03:00,12390.0,12392.0,12387.5,12392.0,152
MOEX:PLZL,2022-01-21T17:29:00+03:00,12394.0,12403.5,12394.0,12403.5,181
MOEX:PLZL,2022-01-21T17:30:00+03:00,12400.0,12403.0,12399.0,12403.0,166
MOEX:PLZL,2022-01-21T17:31:00+03:00,12403.0,12403.0,12398.5,12403.0,25
MOEX:PLZL,2022-01-21T17:32:00+03:00,12398.0,12398.0,12395.0,12395.0,361
MOEX:PLZL,2022-01-21T17:33:00+03:00,12395.0,12402.5,12395.0,12398.0,169
MOEX:PLZL,2022-01-21T17:34:00+03:00,12400.0,12420.0,12400.0,12413.0,592
MOEX:PLZL,2022-01-21T17:35:00+03:00,12417.0,12434.0,12417.0,12428.0,1508
MOEX:PLZL,2022-01-21T17:36:00+03:00,12431.0,12437.5,12427.0,12437.5,579
MOEX:PLZL,2022-01-21T17:37:00+03:00,12437.5,12437.5,12432.0,12435.0,98
MOEX:PLZL,2022-01-21T17:38:00+03:00,12437.5,12455.0,12437.5,12454.5,1766
MOEX:PLZL,2022-01-21T17:39:00+03:00,12454.0,12463.0,12443.0,12443.5,863
MOEX:PLZL,2022-01-21T17:40:00+03:00,12449.0,12449.0,12431.0,12438.0,413
MOEX:PLZL,2022-01-21T17:41:00+03:00,12437.5,12437.5,12407.5,12411.5,889
MOEX:PLZL,2022-01-21T17:42:00+03:00,12412.5,12429.0,12412.5,12425.5,341
MOEX:PLZL,2022-01-21T17:43:00+03:00,12426.5,12433.5,12416.5,12421.5,1150
MOEX:PLZL,2022-01-21T17:44:00+03:00,12427.5,12436.5,12420.5,12430.5,686
MOEX:PLZL,2022-01-21T17:45:00+03:00,12430.0,12440.0,12430.0,12438.5,438
MOEX:PLZL,2022-01-21T17:46:00+03:00,12431.5,12453.5,12431.5,12452.5,2193
MOEX:PLZL,2022-01-21T17:47:00+03:00,12452.5,12452.5,12430.0,12430.5,482
MOEX:PLZL,2022-01-21T17:48:00+03:00,12431.5,12433.0,12430.0,12433.0,434
MOEX:PLZL,2022-01-21T17:49:00+03:00,12430.5,12432.5,12413.5,12418.0,1064
MOEX:PLZL,2022-01-21T17:50:00+03:00,12415.5,12417.0,12411.0,12411.0,544
MOEX:PLZL,2022-01-21T17:51:00+03:00,12411.0,12411.0,12400.0,12400.0,1521
MOEX:PLZL,2022-01-21T17:52:00+03:00,12400.0,12405.0,12395.0,12405.0,855
MOEX:PLZL,2022-01-21T17:53:00+03:00,12396.0,12399.0,12391.5,12392.0,259
MOEX:PLZL,2022-01-21T17:54:00+03:00,12394.0,12394.0,12390.0,12390.0,331
MOEX:PLZL,2022-01-21T17:55:00+03:00,12390.0,12393.0,12390.0,12390.0,120
MOEX:PLZL,2022-01-21T17:56:00+03:00,12390.0,12404.5,12390.0,12404.5,443
MOEX:PLZL,2022-01-21T17:57:00+03:00,12402.0,12423.5,12401.5,12412.5,434
MOEX:PLZL,2022-01-21T17:58:00+03:00,12416.0,12428.5,12381.0,12381.0,761
MOEX:PLZL,2022-01-21T17:59:00+03:00,12387.0,12394.5,12316.5,12319.0,2180
MOEX:PLZL,2022-01-21T18:00:00+03:00,12324.5,12345.0,12317.5,12320.5,1140
MOEX:PLZL,2022-01-21T18:01:00+03:00,12322.5,12341.0,12319.5,12335.0,934
MOEX:PLZL,2022-01-21T18:02:00+03:00,12337.0,12345.0,12332.5,12335.0,803
MOEX:PLZL,2022-01-21T18:03:00+03:00,12338.0,12358.0,12332.5,12347.0,1272
MOEX:PLZL,2022-01-21T18:04:00+03:00,12346.5,12347.0,12340.0,12342.0,154
MOEX:PLZL,2022-01-21T18:05:00+03:00,12342.0,12346.0,12302.0,12305.0,730
MOEX:PLZL,2022-01-21T18:06:00+03:00,12312.5,12312.5,12239.0,12250.0,2840
MOEX:PLZL,2022-01-21T18:07:00+03:00,12243.5,12297.5,12243.5,12287.5,1123
MOEX:PLZL,2022-01-21T18:08:00+03:00,12295.0,12310.5,12272.0,12275.0,1026
MOEX:PLZL,2022-01-21T18:09:00+03:00,12274.5,12284.0,12270.0,12284.0,648
MOEX:PLZL,2022-01-21T18:10:00+03:00,12282.5,12306.0,12276.0,12302.0,725
MOEX:PLZL,2022-01-21T18:11:00+03:00,12305.0,12336.5,12299.5,12333.0,477
MOEX:PLZL,2022-01-21T18:12:00+03:00,12330.5,12330.5,12290.0,12290.0,880
MOEX:PLZL,2022-01-21T18:13:00+03:00,12297.0,12298.5,12290.0,12290.0,523
MOEX:PLZL,2022-01-21T18:14:00+03:00,12290.5,12290.5,12242.5,12248.5,1535
MOEX:PLZL,2022-01-21T18:15:00+03:00,12248.5,12310.0,12248.5,12299.5,579
MOEX:PLZL,2022-01-21T18:16:00+03:00,12308.5,12325.0,12303.0,12325.0,1131
MOEX:PLZL,2022-01-21T18:17:00+03:00,12323.0,12344.0,12310.0,12325.5,979
MOEX:PLZL,2022-01-21T18:18:00+03:00,12326.0,12334.0,12293.0,12306.0,229
MOEX:PLZL,2022-01-21T18:19:00+03:00,12293.5,12301.0,12277.0,12277.0,1952
MOEX:PLZL,2022-01-21T18:20:00+03:00,12279.5,12282.5,12255.0,12272.0,744
MOEX:PLZL,2022-01-21T18:21:00+03:00,12271.5,12311.5,12271.5,12305.5,894
MOEX:PLZL,2022-01-21T18:22:00+03:00,12301.0,12325.0,12299.5,12321.5,804
MOEX:PLZL,2022-01-21T18:23:00+03:00,12312.5,12325.0,12312.0,12325.0,400
MOEX:PLZL,2022-01-21T18:24:00+03:00,12324.0,12324.0,12282.0,12292.0,821
MOEX:PLZL,2022-01-21T18:25:00+03:00,12302.5,12309.5,12260.0,12272.0,2241
MOEX:PLZL,2022-01-21T18:26:00+03:00,12271.5,12284.5,12250.0,12283.5,850
MOEX:PLZL,2022-01-21T18:27:00+03:00,12286.5,12324.5,12286.5,12324.5,407
MOEX:PLZL,2022-01-21T18:28:00+03:00,12322.0,12325.0,12315.0,12316.5,426
MOEX:PLZL,2022-01-21T18:29:00+03:00,12323.0,12343.0,12302.0,12333.0,993
MOEX:PLZL,2022-01-21T18:30:00+03:00,12334.0,12350.0,12321.5,12334.0,744
MOEX:PLZL,2022-01-21T18:31:00+03:00,12335.0,12347.5,12319.0,12330.0,1025
MOEX:PLZL,2022-01-21T18:32:00+03:00,12330.5,12347.0,12313.0,12341.5,937
MOEX:PLZL,2022-01-21T18:33:00+03:00,12332.0,12374.5,12332.0,12362.5,722
MOEX:PLZL,2022-01-21T18:34:00+03:00,12362.0,12394.5,12361.5,12375.5,955
MOEX:PLZL,2022-01-21T18:35:00+03:00,12369.0,12384.0,12369.0,12382.0,689
MOEX:PLZL,2022-01-21T18:36:00+03:00,12384.0,12395.0,12384.0,12395.0,542
MOEX:PLZL,2022-01-21T18:37:00+03:00,12395.0,12400.0,12390.0,12395.5,558
MOEX:PLZL,2022-01-21T18:38:00+03:00,12390.5,12394.5,12352.0,12363.5,679
MOEX:PLZL,2022-01-21T18:39:00+03:00,12372.5,12372.5,12359.0,12365.0,456
MOEX:PLZL,2022-01-21T18:45:00+03:00,12349.5,12349.5,12349.5,12349.5,15977
MOEX:PLZL,2022-01-21T18:46:00+03:00,12349.5,12349.5,12349.5,12349.5,4
MOEX:PLZL,2022-01-21T18:47:00+03:00,12349.5,12349.5,12349.5,12349.5,71
MOEX:PLZL,2022-01-21T18:49:00+03:00,12349.5,12349.5,12349.5,12349.5,1
MOEX:PLZL,2022-01-21T19:04:00+03:00,12340.0,12340.0,12340.0,12340.0,68
MOEX:PLZL,2022-01-21T19:05:00+03:00,12340.0,12385.0,12306.0,12320.0,983
MOEX:PLZL,2022-01-21T19:06:00+03:00,12315.5,12348.5,12314.5,12319.5,204
MOEX:PLZL,2022-01-21T19:07:00+03:00,12314.5,12326.0,12314.5,12317.0,55
MOEX:PLZL,2022-01-21T19:08:00+03:00,12328.0,12328.0,12304.5,12306.0,195
MOEX:PLZL,2022-01-21T19:09:00+03:00,12300.0,12301.5,12291.0,12291.0,112
MOEX:PLZL,2022-01-21T19:10:00+03:00,12292.0,12294.5,12275.5,12277.5,216
MOEX:PLZL,2022-01-21T19:11:00+03:00,12280.0,12295.5,12248.0,12289.5,1139
MOEX:PLZL,2022-01-21T19:12:00+03:00,12280.5,12306.0,12280.0,12297.5,105
MOEX:PLZL,2022-01-21T19:13:00+03:00,12309.5,12314.5,12302.0,12310.5,17
MOEX:PLZL,2022-01-21T19:14:00+03:00,12311.5,12311.5,12309.5,12309.5,25
MOEX:PLZL,2022-01-21T19:15:00+03:00,12319.0,12320.0,12300.5,12313.0,171
MOEX:PLZL,2022-01-21T19:16:00+03:00,12315.0,12315.0,12301.5,12301.5,31
MOEX:PLZL,2022-01-21T19:17:00+03:00,12300.5,12312.0,12300.5,12300.5,33
MOEX:PLZL,2022-01-21T19:18:00+03:00,12301.0,12311.0,12297.0,12301.5,59
MOEX:PLZL,2022-01-21T19:19:00+03:00,12304.5,12304.5,12304.0,12304.0,25
MOEX:PLZL,2022-01-21T19:20:00+03:00,12304.5,12304.5,12304.5,12304.5,1
MOEX:PLZL,2022-01-21T19:21:00+03:00,12315.0,12316.0,12315.0,12316.0,4
MOEX:PLZL,2022-01-21T19:22:00+03:00,12315.0,12336.0,12310.5,12335.5,304
MOEX:PLZL,2022-01-21T19:23:00+03:00,12329.0,12350.0,12329.0,12342.5,137
MOEX:PLZL,2022-01-21T19:24:00+03:00,12344.0,12344.0,12320.0,12320.0,139
MOEX:PLZL,2022-01-21T19:25:00+03:00,12329.5,12330.0,12328.0,12330.0,83
MOEX:PLZL,2022-01-21T19:26:00+03:00,12337.0,12337.0,12337.0,12337.0,2
MOEX:PLZL,2022-01-21T19:27:00+03:00,12338.0,12350.0,12338.0,12350.0,222
MOEX:PLZL,2022-01-21T19:28:00+03:00,12342.5,12356.5,12342.5,12353.5,36
MOEX:PLZL,2022-01-21T19:29:00+03:00,12360.0,12362.0,12348.5,12348.5,90
MOEX:PLZL,2022-01-21T19:30:00+03:00,12335.0,12348.5,12335.0,12335.5,12
MOEX:PLZL,2022-01-21T19:31:00+03:00,12346.0,12346.0,12334.5,12343.0,21
MOEX:PLZL,2022-01-21T19:33:00+03:00,12334.5,12334.5,12334.5,12334.5,6
MOEX:PLZL,2022-01-21T19:34:00+03:00,12335.0,12348.0,12335.0,12348.0,32
MOEX:PLZL,2022-01-21T19:35:00+03:00,12348.0,12348.0,12331.0,12342.0,236
MOEX:PLZL,2022-01-21T19:36:00+03:00,12333.0,12333.0,12333.0,12333.0,1
MOEX:PLZL,2022-01-21T19:37:00+03:00,12333.0,12333.0,12333.0,12333.0,2
MOEX:PLZL,2022-01-21T19:38:00+03:00,12333.0,12333.0,12330.0,12330.0,165
MOEX:PLZL,2022-01-21T19:39:00+03:00,12330.0,12340.0,12330.0,12340.0,34
MOEX:PLZL,2022-01-21T19:40:00+03:00,12331.5,12340.0,12330.0,12340.0,187
MOEX:PLZL,2022-01-21T19:41:00+03:00,12339.5,12339.5,12332.0,12332.5,4
MOEX:PLZL,2022-01-21T19:43:00+03:00,12330.5,12331.0,12330.0,12331.0,12
MOEX:PLZL,2022-01-21T19:44:00+03:00,12330.0,12330.0,12320.5,12320.5,214
MOEX:PLZL,2022-01-21T19:45:00+03:00,12321.5,12321.5,12320.0,12320.0,6
MOEX:PLZL,2022-01-21T19:46:00+03:00,12321.5,12331.0,12321.5,12331.0,16
MOEX:PLZL,2022-01-21T19:47:00+03:00,12326.5,12326.5,12320.5,12320.5,4
MOEX:PLZL,2022-01-21T19:48:00+03:00,12320.5,12326.5,12320.5,12326.5,12
MOEX:PLZL,2022-01-21T19:49:00+03:00,12326.5,12326.5,12325.5,12325.5,15
MOEX:PLZL,2022-01-21T19:50:00+03:00,12331.5,12334.5,12325.0,12330.0,16
MOEX:PLZL,2022-01-21T19:51:00+03:00,12330.0,12330.0,12325.0,12325.0,3
MOEX:PLZL,2022-01-21T19:52:00+03:00,12325.0,12325.0,12323.5,12323.5,28
MOEX:PLZL,2022-01-21T19:53:00+03:00,12334.0,12334.0,12334.0,12334.0,2
MOEX:PLZL,2022-01-21T19:54:00+03:00,12334.5,12339.0,12334.0,12334.0,42
MOEX:PLZL,2022-01-21T19:55:00+03:00,12334.0,12334.0,12334.0,12334.0,2
MOEX:PLZL,2022-01-21T19:56:00+03:00,12330.0,12338.5,12330.0,12338.5,12
MOEX:PLZL,2022-01-21T19:58:00+03:00,12335.0,12342.5,12333.5,12342.5,29
MOEX:PLZL,2022-01-21T19:59:00+03:00,12345.0,12350.5,12345.0,12350.5,22
MOEX:PLZL,2022-01-21T20:00:00+03:00,12349.0,12349.0,12336.5,12339.0,43
MOEX:PLZL,2022-01-21T20:01:00+03:00,12335.0,12337.0,12335.0,12337.0,27
MOEX:PLZL,2022-01-21T20:02:00+03:00,12336.0,12336.0,12336.0,12336.0,2
MOEX:PLZL,2022-01-21T20:03:00+03:00,12330.5,12330.5,12330.5,12330.5,1
MOEX:PLZL,2022-01-21T20:04:00+03:00,12335.5,12336.0,12330.5,12330.5,11
MOEX:PLZL,2022-01-21T20:05:00+03:00,12330.0,12336.0,12330.0,12336.0,71
MOEX:PLZL,2022-01-21T20:06:00+03:00,12332.5,12347.0,12332.0,12347.0,10
MOEX:PLZL,2022-01-21T20:07:00+03:00,12335.5,12347.0,12335.5,12347.0,26
MOEX:PLZL,2022-01-21T20:08:00+03:00,12347.0,12347.0,12335.0,12343.5,15
MOEX:PLZL,2022-01-21T20:09:00+03:00,12343.5,12345.0,12337.0,12337.0,14
MOEX:PLZL,2022-01-21T20:10:00+03:00,12337.5,12337.5,12337.0,12337.0,40
MOEX:PLZL,2022-01-21T20:11:00+03:00,12347.0,12355.0,12347.0,12355.0,115
MOEX:PLZL,2022-01-21T20:12:00+03:00,12355.0,12355.5,12337.0,12337.0,832
MOEX:PLZL,2022-01-21T20:13:00+03:00,12337.5,12349.0,12337.5,12349.0,7
MOEX:PLZL,2022-01-21T20:14:00+03:00,12339.5,12339.5,12330.0,12330.0,143
MOEX:PLZL,2022-01-21T20:15:00+03:00,12331.0,12331.0,12331.0,12331.0,10
MOEX:PLZL,2022-01-21T20:16:00+03:00,12331.0,12331.0,12331.0,12331.0,21
MOEX:PLZL,2022-01-21T20:17:00+03:00,12331.0,12331.0,12331.0,12331.0,5
MOEX:PLZL,2022-01-21T20:18:00+03:00,12338.0,12338.0,12331.0,12331.5,4
MOEX:PLZL,2022-01-21T20:19:00+03:00,12331.5,12331.5,12330.0,12331.0,79
MOEX:PLZL,2022-01-21T20:20:00+03:00,12331.0,12331.0,12330.0,12330.5,117
MOEX:PLZL,2022-01-21T20:21:00+03:00,12330.0,12330.0,12323.0,12323.0,26
MOEX:PLZL,2022-01-21T20:22:00+03:00,12329.0,12336.5,12325.0,12336.5,14
MOEX:PLZL,2022-01-21T20:23:00+03:00,12338.0,12341.0,12338.0,12341.0,6
MOEX:PLZL,2022-01-21T20:24:00+03:00,12341.5,12341.5,12329.0,12335.0,61
MOEX:PLZL,2022-01-21T20:25:00+03:00,12331.0,12331.0,12307.5,12320.0,262
MOEX:PLZL,2022-01-21T20:26:00+03:00,12326.5,12330.0,12313.0,12330.0,37
MOEX:PLZL,2022-01-21T20:27:00+03:00,12334.5,12334.5,12325.0,12332.5,37
MOEX:PLZL,2022-01-21T20:28:00+03:00,12330.0,12332.0,12327.0,12327.0,477
MOEX:PLZL,2022-01-21T20:29:00+03:00,12327.0,12338.0,12325.5,12338.0,266
MOEX:PLZL,2022-01-21T20:30:00+03:00,12328.5,12337.0,12328.5,12337.0,17
MOEX:PLZL,2022-01-21T20:32:00+03:00,12332.5,12340.0,12324.5,12324.5,39
MOEX:PLZL,2022-01-21T20:33:00+03:00,12328.0,12337.0,12327.5,12329.0,111
MOEX:PLZL,2022-01-21T20:34:00+03:00,12340.0,12340.0,12333.5,12333.5,5
MOEX:PLZL,2022-01-21T20:35:00+03:00,12339.5,12341.0,12336.5,12338.0,11
MOEX:PLZL,2022-01-21T20:36:00+03:00,12338.0,12348.0,12338.0,12348.0,116
MOEX:PLZL,2022-01-21T20:37:00+03:00,12346.0,12348.5,12337.5,12337.5,45
MOEX:PLZL,2022-01-21T20:38:00+03:00,12339.0,12345.5,12329.5,12340.0,541
MOEX:PLZL,2022-01-21T20:39:00+03:00,12340.0,12348.5,12340.0,12348.5,11
MOEX:PLZL,2022-01-21T20:40:00+03:00,12347.0,12347.0,12347.0,12347.0,10
MOEX:PLZL,2022-01-21T20:42:00+03:00,12339.0,12347.0,12339.0,12339.5,15
MOEX:PLZL,2022-01-21T20:43:00+03:00,12339.5,12339.5,12338.0,12338.0,14
MOEX:PLZL,2022-01-21T20:44:00+03:00,12338.0,12338.0,12338.0,12338.0,3
MOEX:PLZL,2022-01-21T20:45:00+03:00,12335.0,12335.0,12334.0,12334.0,6
MOEX:PLZL,2022-01-21T20:46:00+03:00,12332.0,12339.5,12322.0,12322.5,151
MOEX:PLZL,2022-01-21T20:47:00+03:00,12322.0,12322.0,12321.0,12321.0,7
MOEX:PLZL,2022-01-21T20:49:00+03:00,12330.0,12330.0,12325.0,12327.5,5
MOEX:PLZL,2022-01-21T20:50:00+03:00,12336.0,12336.0,12320.5,12327.0,18
MOEX:PLZL,2022-01-21T20:51:00+03:00,12331.0,12332.5,12331.0,12332.5,45
MOEX:PLZL,2022-01-21T20:52:00+03:00,12327.5,12337.0,12327.0,12337.0,9
MOEX:PLZL,2022-01-21T20:53:00+03:00,12336.0,12336.0,12336.0,12336.0,1
MOEX:PLZL,2022-01-21T20:54:00+03:00,12333.0,12333.0,12333.0,12333.0,1
MOEX:PLZL,2022-01-21T20:55:00+03:00,12327.0,12327.0,12327.0,12327.0,2
MOEX:PLZL,2022-01-21T20:56:00+03:00,12327.0,12327.0,12322.0,12322.0,12
MOEX:PLZL,2022-01-21T20:57:00+03:00,12322.0,12322.0,12322.0,12322.0,2
MOEX:PLZL,2022-01-21T20:58:00+03:00,12325.0,12327.0,12325.0,12327.0,11
MOEX:PLZL,2022-01-21T20:59:00+03:00,12327.0,12329.5,12320.0,12320.0,47
MOEX:PLZL,2022-01-21T21:00:00+03:00,12325.5,12325.5,12314.5,12314.5,8
MOEX:PLZL,2022-01-21T21:01:00+03:00,12314.5,12320.0,12308.0,12308.0,187
MOEX:PLZL,2022-01-21T21:02:00+03:00,12307.0,12310.0,12305.0,12310.0,61
MOEX:PLZL,2022-01-21T21:03:00+03:00,12305.0,12305.0,12287.0,12287.0,201
MOEX:PLZL,2022-01-21T21:04:00+03:00,12280.5,12287.5,12273.5,12278.5,214
MOEX:PLZL,2022-01-21T21:05:00+03:00,12273.5,12273.5,12260.5,12261.0,246
MOEX:PLZL,2022-01-21T21:06:00+03:00,12261.0,12270.0,12261.0,12261.0,14
MOEX:PLZL,2022-01-21T21:07:00+03:00,12272.0,12272.0,12261.0,12261.0,94
MOEX:PLZL,2022-01-21T21:08:00+03:00,12262.0,12274.0,12260.5,12264.0,71
MOEX:PLZL,2022-01-21T21:09:00+03:00,12264.5,12281.5,12264.0,12264.5,154
MOEX:PLZL,2022-01-21T21:10:00+03:00,12282.0,12282.0,12275.5,12275.5,4
MOEX:PLZL,2022-01-21T21:11:00+03:00,12275.5,12287.0,12275.0,12287.0,43
MOEX:PLZL,2022-01-21T21:12:00+03:00,12275.5,12275.5,12271.5,12271.5,20
MOEX:PLZL,2022-01-21T21:13:00+03:00,12272.0,12283.0,12272.0,12272.0,33
MOEX:PLZL,2022-01-21T21:14:00+03:00,12282.5,12307.5,12282.5,12300.0,453
MOEX:PLZL,2022-01-21T21:15:00+03:00,12307.0,12310.0,12300.0,12309.0,108
MOEX:PLZL,2022-01-21T21:16:00+03:00,12300.0,12300.0,12300.0,12300.0,5
MOEX:PLZL,2022-01-21T21:17:00+03:00,12300.0,12300.0,12293.5,12293.5,16
MOEX:PLZL,2022-01-21T21:18:00+03:00,12293.5,12303.5,12292.5,12303.5,29
MOEX:PLZL,2022-01-21T21:19:00+03:00,12289.5,12289.5,12272.0,12285.5,206
MOEX:PLZL,2022-01-21T21:20:00+03:00,12285.0,12285.0,12271.0,12271.0,27
MOEX:PLZL,2022-01-21T21:21:00+03:00,12279.5,12282.5,12270.0,12273.0,57
MOEX:PLZL,2022-01-21T21:22:00+03:00,12274.5,12285.5,12274.5,12285.5,4
MOEX:PLZL,2022-01-21T21:23:00+03:00,12276.0,12276.0,12268.5,12268.5,71
MOEX:PLZL,2022-01-21T21:24:00+03:00,12266.5,12266.5,12264.0,12264.0,36
MOEX:PLZL,2022-01-21T21:25:00+03:00,12264.5,12270.0,12261.0,12261.0,17
MOEX:PLZL,2022-01-21T21:26:00+03:00,12261.5,12272.5,12261.0,12272.5,47
MOEX:PLZL,2022-01-21T21:27:00+03:00,12273.0,12273.0,12273.0,12273.0,6
MOEX:PLZL,2022-01-21T21:28:00+03:00,12268.0,12268.0,12261.5,12261.5,3
MOEX:PLZL,2022-01-21T21:29:00+03:00,12268.0,12268.0,12268.0,12268.0,1
MOEX:PLZL,2022-01-21T21:30:00+03:00,12268.0,12268.0,12262.0,12268.0,50
MOEX:PLZL,2022-01-21T21:31:00+03:00,12273.0,12273.0,12269.5,12269.5,2
MOEX:PLZL,2022-01-21T21:32:00+03:00,12269.5,12269.5,12257.0,12269.0,76
MOEX:PLZL,2022-01-21T21:33:00+03:00,12269.0,12269.0,12268.5,12268.5,12
MOEX:PLZL,2022-01-21T21:34:00+03:00,12260.5,12260.5,12260.5,12260.5,1
MOEX:PLZL,2022-01-21T21:35:00+03:00,12265.0,12265.0,12265.0,12265.0,1
MOEX:PLZL,2022-01-21T21:36:00+03:00,12265.0,12265.0,12260.0,12260.0,2
MOEX:PLZL,2022-01-21T21:37:00+03:00,12265.0,12265.0,12260.5,12260.5,39
MOEX:PLZL,2022-01-21T21:38:00+03:00,12268.5,12269.5,12268.5,12269.5,56
MOEX:PLZL,2022-01-21T21:39:00+03:00,12265.5,12265.5,12265.5,12265.5,1
MOEX:PLZL,2022-01-21T21:40:00+03:00,12266.0,12266.0,12257.0,12266.0,402
MOEX:PLZL,2022-01-21T21:41:00+03:00,12261.0,12272.5,12259.0,12272.5,84
MOEX:PLZL,2022-01-21T21:42:00+03:00,12271.0,12271.0,12262.0,12263.0,44
MOEX:PLZL,2022-01-21T21:43:00+03:00,12259.0,12259.0,12258.5,12258.5,11
MOEX:PLZL,2022-01-21T21:44:00+03:00,12268.0,12271.0,12268.0,12271.0,28
MOEX:PLZL,2022-01-21T21:45:00+03:00,12262.5,12271.0,12262.5,12270.5,36
MOEX:PLZL,2022-01-21T21:46:00+03:00,12263.5,12263.5,12263.0,12263.0,17
MOEX:PLZL,2022-01-21T21:47:00+03:00,12264.0,12264.0,12260.0,12260.0,45
MOEX:PLZL,2022-01-21T21:48:00+03:00,12263.0,12263.0,12230.0,12230.0,680
MOEX:PLZL,2022-01-21T21:49:00+03:00,12230.0,12236.5,12230.0,12236.5,41
MOEX:PLZL,2022-01-21T21:50:00+03:00,12237.0,12242.0,12237.0,12240.0,100
MOEX:PLZL,2022-01-21T21:51:00+03:00,12247.0,12247.0,12237.0,12237.0,7
MOEX:PLZL,2022-01-21T21:52:00+03:00,12246.5,12246.5,12240.0,12240.0,6
MOEX:PLZL,2022-01-21T21:53:00+03:00,12235.5,12235.5,12232.0,12232.0,27
MOEX:PLZL,2022-01-21T21:54:00+03:00,12233.5,12255.5,12233.5,12251.5,203
MOEX:PLZL,2022-01-21T21:55:00+03:00,12246.0,12246.0,12245.5,12245.5,5
MOEX:PLZL,2022-01-21T21:56:00+03:00,12242.5,12242.5,12242.5,12242.5,1
MOEX:PLZL,2022-01-21T21:57:00+03:00,12254.5,12259.5,12254.5,12259.5,26
MOEX:PLZL,2022-01-21T21:58:00+03:00,12257.0,12270.0,12257.0,12270.0,374
MOEX:PLZL,2022-01-21T21:59:00+03:00,12271.0,12279.0,12265.0,12279.0,19
MOEX:PLZL,2022-01-21T22:00:00+03:00,12285.0,12286.5,12276.0,12286.5,43
MOEX:PLZL,2022-01-21T22:01:00+03:00,12273.0,12273.0,12273.0,12273.0,1
MOEX:PLZL,2022-01-21T22:02:00+03:00,12273.0,12278.0,12265.0,12278.0,25
MOEX:PLZL,2022-01-21T22:03:00+03:00,12278.0,12278.0,12278.0,12278.0,2
MOEX:PLZL,2022-01-21T22:05:00+03:00,12269.0,12270.0,12268.5,12270.0,24
MOEX:PLZL,2022-01-21T22:06:00+03:00,12270.0,12274.5,12270.0,12274.5,167
MOEX:PLZL,2022-01-21T22:08:00+03:00,12266.0,12266.0,12266.0,12266.0,4
MOEX:PLZL,2022-01-21T22:10:00+03:00,12278.0,12280.0,12278.0,12280.0,54
MOEX:PLZL,2022-01-21T22:11:00+03:00,12279.5,12279.5,12278.5,12278.5,3
MOEX:PLZL,2022-01-21T22:12:00+03:00,12278.5,12279.5,12278.5,12279.5,8
MOEX:PLZL,2022-01-21T22:13:00+03:00,12288.0,12293.5,12280.0,12293.5,14
MOEX:PLZL,2022-01-21T22:14:00+03:00,12297.5,12297.5,12278.5,12278.5,22
MOEX:PLZL,2022-01-21T22:15:00+03:00,12277.5,12299.0,12276.0,12299.0,389
MOEX:PLZL,2022-01-21T22:16:00+03:00,12291.5,12299.0,12291.5,12299.0,11
MOEX:PLZL,2022-01-21T22:17:00+03:00,12297.0,12297.0,12297.0,12297.0,3
MOEX:PLZL,2022-01-21T22:18:00+03:00,12289.5,12289.5,12289.5,12289.5,1
MOEX:PLZL,2022-01-21T22:19:00+03:00,12299.0,12299.5,12299.0,12299.5,22
MOEX:PLZL,2022-01-21T22:20:00+03:00,12299.0,12300.0,12299.0,12300.0,104
MOEX:PLZL,2022-01-21T22:21:00+03:00,12303.0,12304.0,12300.5,12300.5,66
MOEX:PLZL,2022-01-21T22:22:00+03:00,12309.0,12309.0,12309.0,12309.0,4
MOEX:PLZL,2022-01-21T22:23:00+03:00,12309.0,12314.0,12302.5,12302.5,107
MOEX:PLZL,2022-01-21T22:24:00+03:00,12300.5,12309.5,12300.0,12309.5,55
MOEX:PLZL,2022-01-21T22:26:00+03:00,12309.0,12309.0,12306.5,12306.5,2
MOEX:PLZL,2022-01-21T22:28:00+03:00,12299.0,12299.0,12290.5,12299.0,13
MOEX:PLZL,2022-01-21T22:29:00+03:00,12299.0,12299.0,12287.0,12287.0,12
MOEX:PLZL,2022-01-21T22:30:00+03:00,12296.0,12299.0,12296.0,12299.0,14
MOEX:PLZL,2022-01-21T22:31:00+03:00,12287.0,12298.0,12287.0,12298.0,7
MOEX:PLZL,2022-01-21T22:32:00+03:00,12289.0,12289.0,12288.0,12289.0,8
MOEX:PLZL,2022-01-21T22:33:00+03:00,12288.5,12297.0,12280.0,12289.0,103
MOEX:PLZL,2022-01-21T22:34:00+03:00,12281.5,12281.5,12281.5,12281.5,1
MOEX:PLZL,2022-01-21T22:35:00+03:00,12289.5,12289.5,12289.5,12289.5,1
MOEX:PLZL,2022-01-21T22:36:00+03:00,12290.0,12306.0,12290.0,12306.0,395
MOEX:PLZL,2022-01-21T22:37:00+03:00,12296.5,12307.0,12296.5,12307.0,4
MOEX:PLZL,2022-01-21T22:38:00+03:00,12300.0,12300.0,12291.0,12291.0,105
MOEX:PLZL,2022-01-21T22:39:00+03:00,12291.5,12291.5,12291.5,12291.5,1
MOEX:PLZL,2022-01-21T22:40:00+03:00,12305.5,12305.5,12303.5,12303.5,175
MOEX:PLZL,2022-01-21T22:41:00+03:00,12292.5,12292.5,12292.5,12292.5,4
MOEX:PLZL,2022-01-21T22:42:00+03:00,12295.0,12303.5,12294.0,12303.5,4
MOEX:PLZL,2022-01-21T22:44:00+03:00,12295.0,12295.0,12285.0,12294.5,67
MOEX:PLZL,2022-01-21T22:45:00+03:00,12285.0,12288.5,12280.0,12280.0,102
MOEX:PLZL,2022-01-21T22:46:00+03:00,12282.5,12282.5,12265.0,12265.0,92
MOEX:PLZL,2022-01-21T22:47:00+03:00,12265.0,12265.0,12264.0,12264.0,2
MOEX:PLZL,2022-01-21T22:48:00+03:00,12265.5,12265.5,12265.5,12265.5,3
MOEX:PLZL,2022-01-21T22:49:00+03:00,12265.5,12280.5,12265.5,12280.5,7
MOEX:PLZL,2022-01-21T22:50:00+03:00,12269.5,12269.5,12268.0,12268.0,5
MOEX:PLZL,2022-01-21T22:51:00+03:00,12268.0,12268.0,12267.0,12267.0,7
MOEX:PLZL,2022-01-21T22:52:00+03:00,12267.0,12267.0,12267.0,12267.0,7
MOEX:PLZL,2022-01-21T22:53:00+03:00,12267.0,12267.0,12267.0,12267.0,11
MOEX:PLZL,2022-01-21T22:54:00+03:00,12267.0,12273.0,12267.0,12273.0,11
MOEX:PLZL,2022-01-21T22:55:00+03:00,12267.0,12267.0,12267.0,12267.0,1
MOEX:PLZL,2022-01-21T22:56:00+03:00,12267.0,12275.5,12267.0,12275.5,7
MOEX:PLZL,2022-01-21T22:57:00+03:00,12270.5,12270.5,12241.5,12242.5,316
MOEX:PLZL,2022-01-21T22:58:00+03:00,12252.5,12257.5,12252.5,12257.5,76
MOEX:PLZL,2022-01-21T22:59:00+03:00,12257.5,12264.0,12257.5,12257.5,4
MOEX:PLZL,2022-01-21T23:00:00+03:00,12263.0,12272.5,12263.0,12272.5,7
MOEX:PLZL,2022-01-21T23:01:00+03:00,12275.0,12279.5,12270.0,12279.5,12
MOEX:PLZL,2022-01-21T23:03:00+03:00,12283.5,12287.5,12279.5,12279.5,23
MOEX:PLZL,2022-01-21T23:04:00+03:00,12270.0,12273.5,12270.0,12273.5,14
MOEX:PLZL,2022-01-21T23:05:00+03:00,12273.5,12273.5,12256.0,12256.0,283
MOEX:PLZL,2022-01-21T23:06:00+03:00,12263.5,12263.5,12263.5,12263.5,16
MOEX:PLZL,2022-01-21T23:07:00+03:00,12250.0,12261.0,12246.0,12246.0,42
MOEX:PLZL,2022-01-21T23:08:00+03:00,12246.0,12253.5,12246.0,12246.0,9
MOEX:PLZL,2022-01-21T23:09:00+03:00,12247.0,12259.0,12247.0,12259.0,10
MOEX:PLZL,2022-01-21T23:10:00+03:00,12247.5,12247.5,12245.0,12245.0,127
MOEX:PLZL,2022-01-21T23:11:00+03:00,12245.0,12245.0,12240.0,12245.0,139
MOEX:PLZL,2022-01-21T23:12:00+03:00,12238.5,12245.0,12238.5,12245.0,18
MOEX:PLZL,2022-01-21T23:13:00+03:00,12238.0,12238.0,12238.0,12238.0,5
MOEX:PLZL,2022-01-21T23:14:00+03:00,12238.0,12240.0,12238.0,12240.0,26
MOEX:PLZL,2022-01-21T23:15:00+03:00,12244.5,12245.0,12238.0,12239.0,18
MOEX:PLZL,2022-01-21T23:16:00+03:00,12245.0,12249.0,12245.0,12249.0,35
MOEX:PLZL,2022-01-21T23:17:00+03:00,12249.0,12249.0,12249.0,12249.0,1
MOEX:PLZL,2022-01-21T23:18:00+03:00,12249.0,12253.0,12243.0,12243.5,41
MOEX:PLZL,2022-01-21T23:19:00+03:00,12253.5,12254.5,12253.5,12254.0,7
MOEX:PLZL,2022-01-21T23:21:00+03:00,12245.5,12255.0,12245.5,12255.0,27
MOEX:PLZL,2022-01-21T23:22:00+03:00,12256.0,12258.0,12252.0,12254.0,62
MOEX:PLZL,2022-01-21T23:23:00+03:00,12262.0,12279.5,12258.0,12264.5,322
MOEX:PLZL,2022-01-21T23:24:00+03:00,12264.5,12277.5,12262.5,12276.5,114
MOEX:PLZL,2022-01-21T23:25:00+03:00,12272.0,12272.0,12267.0,12267.0,7
MOEX:PLZL,2022-01-21T23:26:00+03:00,12265.0,12267.0,12262.5,12264.0,125
MOEX:PLZL,2022-01-21T23:27:00+03:00,12260.5,12261.5,12258.0,12261.5,237
MOEX:PLZL,2022-01-21T23:28:00+03:00,12258.5,12258.5,12257.5,12257.5,60
MOEX:PLZL,2022-01-21T23:29:00+03:00,12257.5,12258.0,12246.5,12256.5,116
MOEX:PLZL,2022-01-21T23:30:00+03:00,12250.0,12256.5,12248.5,12253.5,112
MOEX:PLZL,2022-01-21T23:31:00+03:00,12250.5,12257.5,12250.5,12257.5,27
MOEX:PLZL,2022-01-21T23:32:00+03:00,12257.5,12261.0,12257.5,12260.5,105
MOEX:PLZL,2022-01-21T23:33:00+03:00,12260.5,12261.0,12260.5,12261.0,65
MOEX:PLZL,2022-01-21T23:35:00+03:00,12261.0,12261.0,12256.0,12261.0,46
MOEX:PLZL,2022-01-21T23:36:00+03:00,12262.0,12267.0,12262.0,12265.5,67
MOEX:PLZL,2022-01-21T23:37:00+03:00,12266.5,12274.0,12265.5,12274.0,141
MOEX:PLZL,2022-01-21T23:38:00+03:00,12272.5,12275.0,12272.5,12275.0,19
MOEX:PLZL,2022-01-21T23:39:00+03:00,12275.5,12280.0,12267.5,12267.5,111
MOEX:PLZL,2022-01-21T23:40:00+03:00,12268.0,12279.0,12267.5,12267.5,9
MOEX:PLZL,2022-01-21T23:41:00+03:00,12279.0,12279.0,12279.0,12279.0,4
MOEX:PLZL,2022-01-21T23:42:00+03:00,12279.0,12280.0,12271.0,12280.0,55
MOEX:PLZL,2022-01-21T23:43:00+03:00,12280.0,12280.0,12274.0,12274.0,121
MOEX:PLZL,2022-01-21T23:44:00+03:00,12275.0,12296.5,12274.5,12285.5,131
MOEX:PLZL,2022-01-21T23:45:00+03:00,12286.0,12291.5,12267.0,12267.0,293
MOEX:PLZL,2022-01-21T23:46:00+03:00,12267.0,12269.5,12261.0,12264.0,44
MOEX:PLZL,2022-01-21T23:47:00+03:00,12264.0,12264.0,12264.0,12264.0,2
MOEX:PLZL,2022-01-21T23:48:00+03:00,12274.0,12298.0,12262.0,12285.0,272
MOEX:PLZL,2022-01-21T23:49:00+03:00,12280.5,12310.0,12269.0,12310.0,140
