MOEX:PLZL,2021-12-28T07:01:00+03:00,13045.5,13046.0,13045.5,13046.0,7
MOEX:PLZL,2021-12-28T07:02:00+03:00,13054.0,13054.0,13054.0,13054.0,8
MOEX:PLZL,2021-12-28T07:03:00+03:00,13058.0,13058.0,13058.0,13058.0,1
MOEX:PLZL,2021-12-28T07:04:00+03:00,13057.0,13057.0,13056.5,13056.5,3
MOEX:PLZL,2021-12-28T07:05:00+03:00,13067.5,13086.0,13067.5,13069.5,40
MOEX:PLZL,2021-12-28T07:06:00+03:00,13081.5,13090.0,13076.5,13090.0,147
MOEX:PLZL,2021-12-28T07:07:00+03:00,13094.5,13134.0,13094.5,13134.0,430
MOEX:PLZL,2021-12-28T07:08:00+03:00,13108.0,13109.5,13091.5,13094.5,262
MOEX:PLZL,2021-12-28T07:09:00+03:00,13090.0,13096.0,13090.0,13090.5,11
MOEX:PLZL,2021-12-28T07:10:00+03:00,13090.5,13096.5,13090.0,13096.0,11
MOEX:PLZL,2021-12-28T07:11:00+03:00,13090.5,13100.0,13074.5,13096.0,80
MOEX:PLZL,2021-12-28T07:12:00+03:00,13100.0,13100.0,13096.0,13096.0,7
MOEX:PLZL,2021-12-28T07:13:00+03:00,13100.0,13100.0,13089.0,13090.0,291
MOEX:PLZL,2021-12-28T07:14:00+03:00,13077.0,13077.0,13072.0,13072.0,3
MOEX:PLZL,2021-12-28T07:15:00+03:00,13072.0,13079.0,13072.0,13072.0,17
MOEX:PLZL,2021-12-28T07:16:00+03:00,13072.5,13072.5,13072.5,13072.5,11
MOEX:PLZL,2021-12-28T07:17:00+03:00,13072.5,13072.5,13065.5,13065.5,24
MOEX:PLZL,2021-12-28T07:18:00+03:00,13065.0,13085.0,13065.0,13085.0,116
MOEX:PLZL,2021-12-28T07:19:00+03:00,13077.0,13089.5,13066.5,13089.5,17
MOEX:PLZL,2021-12-28T07:20:00+03:00,13071.0,13090.0,13071.0,13090.0,131
MOEX:PLZL,2021-12-28T07:21:00+03:00,13086.0,13086.0,13085.0,13085.0,3
MOEX:PLZL,2021-12-28T07:22:00+03:00,13085.0,13097.0,13085.0,13096.5,267
MOEX:PLZL,2021-12-28T07:23:00+03:00,13098.5,13099.5,13084.5,13099.5,26
MOEX:PLZL,2021-12-28T07:24:00+03:00,13099.5,13099.5,13099.0,13099.0,29
MOEX:PLZL,2021-12-28T07:26:00+03:00,13088.5,13094.5,13082.0,13094.5,10
MOEX:PLZL,2021-12-28T07:27:00+03:00,13094.5,13094.5,13094.5,13094.5,85
MOEX:PLZL,2021-12-28T07:28:00+03:00,13092.0,13099.0,13092.0,13092.0,18
MOEX:PLZL,2021-12-28T07:29:00+03:00,13092.0,13098.5,13092.0,13098.5,21
MOEX:PLZL,2021-12-28T07:30:00+03:00,13098.0,13098.0,13098.0,13098.0,2
MOEX:PLZL,2021-12-28T07:31:00+03:00,13092.0,13096.0,13083.0,13096.0,14
MOEX:PLZL,2021-12-28T07:32:00+03:00,13085.5,13085.5,13083.0,13083.0,4
MOEX:PLZL,2021-12-28T07:33:00+03:00,13083.0,13083.0,13083.0,13083.0,4
MOEX:PLZL,2021-12-28T07:36:00+03:00,13081.5,13090.0,13081.5,13090.0,5
MOEX:PLZL,2021-12-28T07:37:00+03:00,13082.0,13092.5,13082.0,13092.5,6
MOEX:PLZL,2021-12-28T07:39:00+03:00,13091.5,13092.0,13091.5,13092.0,17
MOEX:PLZL,2021-12-28T07:40:00+03:00,13092.0,13092.5,13092.0,13092.5,25
MOEX:PLZL,2021-12-28T07:41:00+03:00,13092.0,13093.0,13092.0,13093.0,28
MOEX:PLZL,2021-12-28T07:42:00+03:00,13092.0,13092.0,13078.5,13078.5,8
MOEX:PLZL,2021-12-28T07:43:00+03:00,13092.0,13092.0,13091.0,13091.0,49
MOEX:PLZL,2021-12-28T07:45:00+03:00,13091.0,13091.0,13091.0,13091.0,1
MOEX:PLZL,2021-12-28T07:46:00+03:00,13087.0,13087.0,13087.0,13087.0,4
MOEX:PLZL,2021-12-28T07:47:00+03:00,13090.0,13112.0,13090.0,13105.0,491
MOEX:PLZL,2021-12-28T07:48:00+03:00,13104.0,13105.5,13101.5,13101.5,23
MOEX:PLZL,2021-12-28T07:49:00+03:00,13096.5,13110.5,13096.5,13110.5,274
MOEX:PLZL,2021-12-28T07:50:00+03:00,13117.0,13117.0,13100.5,13103.0,27
MOEX:PLZL,2021-12-28T07:51:00+03:00,13103.0,13103.5,13097.5,13097.5,29
MOEX:PLZL,2021-12-28T07:52:00+03:00,13098.5,13110.5,13096.5,13097.0,49
MOEX:PLZL,2021-12-28T07:53:00+03:00,13097.0,13097.0,13092.0,13092.0,32
MOEX:PLZL,2021-12-28T07:55:00+03:00,13092.0,13100.5,13091.0,13094.0,21
MOEX:PLZL,2021-12-28T07:57:00+03:00,13091.5,13100.0,13091.0,13091.0,11
MOEX:PLZL,2021-12-28T07:58:00+03:00,13090.5,13095.0,13085.0,13095.0,27
MOEX:PLZL,2021-12-28T08:00:00+03:00,13085.0,13095.0,13085.0,13095.0,5
MOEX:PLZL,2021-12-28T08:01:00+03:00,13094.5,13100.0,13094.5,13094.5,10
MOEX:PLZL,2021-12-28T08:03:00+03:00,13094.5,13094.5,13090.5,13090.5,4
MOEX:PLZL,2021-12-28T08:04:00+03:00,13091.0,13091.0,13091.0,13091.0,3
MOEX:PLZL,2021-12-28T08:05:00+03:00,13091.0,13091.5,13091.0,13091.5,4
MOEX:PLZL,2021-12-28T08:06:00+03:00,13091.5,13097.5,13091.5,13097.5,2
MOEX:PLZL,2021-12-28T08:08:00+03:00,13097.5,13098.0,13097.5,13098.0,16
MOEX:PLZL,2021-12-28T08:09:00+03:00,13098.0,13098.0,13098.0,13098.0,4
MOEX:PLZL,2021-12-28T08:10:00+03:00,13098.0,13098.0,13098.0,13098.0,5
MOEX:PLZL,2021-12-28T08:11:00+03:00,13098.0,13110.0,13098.0,13110.0,82
MOEX:PLZL,2021-12-28T08:13:00+03:00,13108.0,13113.0,13108.0,13113.0,126
MOEX:PLZL,2021-12-28T08:14:00+03:00,13109.5,13109.5,13109.5,13109.5,2
MOEX:PLZL,2021-12-28T08:15:00+03:00,13113.0,13113.0,13100.5,13100.5,27
MOEX:PLZL,2021-12-28T08:16:00+03:00,13112.5,13112.5,13112.5,13112.5,6
MOEX:PLZL,2021-12-28T08:17:00+03:00,13106.0,13106.0,13105.5,13105.5,10
MOEX:PLZL,2021-12-28T08:18:00+03:00,13105.0,13105.0,13105.0,13105.0,2
MOEX:PLZL,2021-12-28T08:19:00+03:00,13111.0,13111.5,13111.0,13111.5,2
MOEX:PLZL,2021-12-28T08:20:00+03:00,13111.0,13111.0,13111.0,13111.0,5
MOEX:PLZL,2021-12-28T08:21:00+03:00,13105.0,13105.0,13105.0,13105.0,12
MOEX:PLZL,2021-12-28T08:22:00+03:00,13111.0,13111.0,13111.0,13111.0,8
MOEX:PLZL,2021-12-28T08:23:00+03:00,13104.0,13104.0,13090.0,13090.0,118
MOEX:PLZL,2021-12-28T08:25:00+03:00,13090.5,13105.5,13090.0,13105.5,42
MOEX:PLZL,2021-12-28T08:27:00+03:00,13090.0,13090.0,13085.0,13085.0,20
MOEX:PLZL,2021-12-28T08:28:00+03:00,13095.0,13097.0,13095.0,13097.0,2
MOEX:PLZL,2021-12-28T08:29:00+03:00,13095.0,13095.0,13086.0,13086.0,5
MOEX:PLZL,2021-12-28T08:31:00+03:00,13090.0,13090.0,13090.0,13090.0,7
MOEX:PLZL,2021-12-28T08:32:00+03:00,13089.0,13089.0,13089.0,13089.0,1
MOEX:PLZL,2021-12-28T08:33:00+03:00,13090.0,13090.0,13085.0,13090.0,71
MOEX:PLZL,2021-12-28T08:34:00+03:00,13090.0,13092.5,13090.0,13092.5,5
MOEX:PLZL,2021-12-28T08:35:00+03:00,13092.5,13092.5,13090.0,13092.5,18
MOEX:PLZL,2021-12-28T08:36:00+03:00,13090.0,13090.0,13090.0,13090.0,4
MOEX:PLZL,2021-12-28T08:37:00+03:00,13092.5,13092.5,13085.0,13085.0,43
MOEX:PLZL,2021-12-28T08:38:00+03:00,13085.0,13085.0,13085.0,13085.0,10
MOEX:PLZL,2021-12-28T08:39:00+03:00,13085.0,13097.0,13085.0,13097.0,32
MOEX:PLZL,2021-12-28T08:40:00+03:00,13096.5,13096.5,13096.5,13096.5,1
MOEX:PLZL,2021-12-28T08:42:00+03:00,13096.5,13096.5,13086.0,13086.0,2
MOEX:PLZL,2021-12-28T08:43:00+03:00,13086.0,13086.0,13082.0,13082.0,55
MOEX:PLZL,2021-12-28T08:44:00+03:00,13082.0,13088.0,13082.0,13088.0,15
MOEX:PLZL,2021-12-28T08:45:00+03:00,13091.0,13091.0,13082.0,13082.0,4
MOEX:PLZL,2021-12-28T08:46:00+03:00,13082.0,13082.0,13082.0,13082.0,7
MOEX:PLZL,2021-12-28T08:47:00+03:00,13090.0,13090.0,13090.0,13090.0,2
MOEX:PLZL,2021-12-28T08:48:00+03:00,13082.5,13084.0,13075.0,13082.0,41
MOEX:PLZL,2021-12-28T08:49:00+03:00,13084.5,13084.5,13084.0,13084.0,9
MOEX:PLZL,2021-12-28T08:51:00+03:00,13083.0,13083.5,13083.0,13083.0,7
MOEX:PLZL,2021-12-28T08:52:00+03:00,13075.5,13075.5,13059.0,13071.0,134
MOEX:PLZL,2021-12-28T08:53:00+03:00,13067.0,13071.0,13065.5,13071.0,8
MOEX:PLZL,2021-12-28T08:54:00+03:00,13070.5,13081.5,13070.5,13081.5,6
MOEX:PLZL,2021-12-28T08:55:00+03:00,13070.5,13070.5,13065.5,13065.5,5
MOEX:PLZL,2021-12-28T08:56:00+03:00,13076.0,13079.0,13076.0,13079.0,11
MOEX:PLZL,2021-12-28T08:57:00+03:00,13069.5,13079.0,13067.0,13070.0,10
MOEX:PLZL,2021-12-28T08:58:00+03:00,13070.5,13070.5,13069.0,13069.0,9
MOEX:PLZL,2021-12-28T08:59:00+03:00,13070.0,13070.0,13070.0,13070.0,2
MOEX:PLZL,2021-12-28T09:00:00+03:00,13069.5,13070.0,13059.0,13059.5,23
MOEX:PLZL,2021-12-28T09:01:00+03:00,13060.5,13060.5,13059.5,13060.0,38
MOEX:PLZL,2021-12-28T09:02:00+03:00,13061.0,13061.0,13061.0,13061.0,1
MOEX:PLZL,2021-12-28T09:03:00+03:00,13069.5,13071.0,13069.0,13070.0,11
MOEX:PLZL,2021-12-28T09:04:00+03:00,13069.0,13069.0,13067.5,13068.5,4
MOEX:PLZL,2021-12-28T09:05:00+03:00,13069.0,13069.0,13069.0,13069.0,1
MOEX:PLZL,2021-12-28T09:06:00+03:00,13069.5,13075.0,13069.5,13074.0,28
MOEX:PLZL,2021-12-28T09:07:00+03:00,13074.0,13074.0,13074.0,13074.0,1
MOEX:PLZL,2021-12-28T09:08:00+03:00,13074.0,13075.0,13061.5,13061.5,22
MOEX:PLZL,2021-12-28T09:09:00+03:00,13070.0,13070.0,13070.0,13070.0,1
MOEX:PLZL,2021-12-28T09:10:00+03:00,13061.5,13061.5,13061.0,13061.0,9
MOEX:PLZL,2021-12-28T09:11:00+03:00,13061.0,13072.5,13061.0,13072.5,10
MOEX:PLZL,2021-12-28T09:12:00+03:00,13071.5,13071.5,13071.5,13071.5,1
MOEX:PLZL,2021-12-28T09:13:00+03:00,13071.5,13075.0,13071.5,13075.0,2
MOEX:PLZL,2021-12-28T09:14:00+03:00,13074.5,13075.0,13074.5,13075.0,15
MOEX:PLZL,2021-12-28T09:15:00+03:00,13075.0,13078.5,13075.0,13078.5,21
MOEX:PLZL,2021-12-28T09:16:00+03:00,13071.5,13079.0,13071.5,13079.0,8
MOEX:PLZL,2021-12-28T09:17:00+03:00,13077.0,13079.0,13077.0,13079.0,6
MOEX:PLZL,2021-12-28T09:18:00+03:00,13071.5,13071.5,13070.0,13070.0,6
MOEX:PLZL,2021-12-28T09:19:00+03:00,13070.0,13070.0,13070.0,13070.0,24
MOEX:PLZL,2021-12-28T09:20:00+03:00,13070.0,13072.5,13061.0,13061.0,17
MOEX:PLZL,2021-12-28T09:21:00+03:00,13061.0,13069.0,13061.0,13069.0,7
MOEX:PLZL,2021-12-28T09:24:00+03:00,13069.0,13078.5,13069.0,13076.5,12
MOEX:PLZL,2021-12-28T09:25:00+03:00,13076.0,13076.0,13076.0,13076.0,2
MOEX:PLZL,2021-12-28T09:26:00+03:00,13069.0,13069.0,13064.0,13064.0,21
MOEX:PLZL,2021-12-28T09:27:00+03:00,13068.0,13069.0,13064.0,13064.0,10
MOEX:PLZL,2021-12-28T09:29:00+03:00,13068.0,13074.5,13065.0,13065.0,7
MOEX:PLZL,2021-12-28T09:32:00+03:00,13074.0,13074.0,13065.0,13065.0,4
MOEX:PLZL,2021-12-28T09:33:00+03:00,13071.5,13072.0,13060.0,13070.0,28
MOEX:PLZL,2021-12-28T09:34:00+03:00,13071.0,13072.0,13060.0,13063.0,17
MOEX:PLZL,2021-12-28T09:36:00+03:00,13069.0,13073.0,13069.0,13073.0,3
MOEX:PLZL,2021-12-28T09:37:00+03:00,13071.5,13071.5,13071.5,13071.5,1
MOEX:PLZL,2021-12-28T09:38:00+03:00,13067.0,13072.5,13066.5,13072.5,7
MOEX:PLZL,2021-12-28T09:39:00+03:00,13066.0,13066.0,13064.0,13064.0,10
MOEX:PLZL,2021-12-28T09:40:00+03:00,13063.5,13090.0,13062.0,13082.0,420
MOEX:PLZL,2021-12-28T09:41:00+03:00,13082.0,13090.0,13076.0,13090.0,41
MOEX:PLZL,2021-12-28T09:42:00+03:00,13090.5,13100.0,13090.5,13100.0,17
MOEX:PLZL,2021-12-28T09:43:00+03:00,13100.0,13109.0,13091.5,13109.0,129
MOEX:PLZL,2021-12-28T09:44:00+03:00,13109.0,13115.0,13108.5,13115.0,121
MOEX:PLZL,2021-12-28T09:45:00+03:00,13117.0,13119.5,13109.0,13109.0,111
MOEX:PLZL,2021-12-28T09:46:00+03:00,13109.0,13116.0,13109.0,13116.0,2
MOEX:PLZL,2021-12-28T09:47:00+03:00,13107.5,13119.5,13107.0,13119.5,48
MOEX:PLZL,2021-12-28T09:48:00+03:00,13119.0,13119.0,13106.5,13106.5,15
MOEX:PLZL,2021-12-28T09:49:00+03:00,13118.0,13118.0,13107.0,13107.0,4
MOEX:PLZL,2021-12-28T09:51:00+03:00,13108.0,13118.0,13108.0,13110.0,52
MOEX:PLZL,2021-12-28T09:52:00+03:00,13108.5,13110.0,13108.5,13110.0,10
MOEX:PLZL,2021-12-28T09:53:00+03:00,13108.0,13115.0,13108.0,13115.0,5
MOEX:PLZL,2021-12-28T09:54:00+03:00,13108.5,13116.0,13108.0,13114.5,14
MOEX:PLZL,2021-12-28T09:55:00+03:00,13115.0,13115.0,13110.0,13110.0,11
MOEX:PLZL,2021-12-28T09:56:00+03:00,13114.0,13114.5,13114.0,13114.5,10
MOEX:PLZL,2021-12-28T09:58:00+03:00,13114.5,13116.0,13114.5,13116.0,2
MOEX:PLZL,2021-12-28T09:59:00+03:00,13115.5,13118.0,13115.5,13117.5,55
MOEX:PLZL,2021-12-28T10:00:00+03:00,13117.5,13118.0,13100.0,13110.5,208
MOEX:PLZL,2021-12-28T10:01:00+03:00,13114.5,13115.0,13097.0,13115.0,173
MOEX:PLZL,2021-12-28T10:02:00+03:00,13106.0,13106.5,13099.5,13099.5,31
MOEX:PLZL,2021-12-28T10:03:00+03:00,13099.5,13100.0,13095.0,13095.5,165
MOEX:PLZL,2021-12-28T10:04:00+03:00,13098.0,13107.0,13092.0,13097.0,143
MOEX:PLZL,2021-12-28T10:05:00+03:00,13096.5,13107.0,13091.5,13093.5,131
MOEX:PLZL,2021-12-28T10:06:00+03:00,13093.5,13095.0,13064.0,13078.5,535
MOEX:PLZL,2021-12-28T10:07:00+03:00,13074.5,13076.0,13050.5,13065.0,461
MOEX:PLZL,2021-12-28T10:08:00+03:00,13062.5,13065.0,13042.5,13042.5,617
MOEX:PLZL,2021-12-28T10:09:00+03:00,13048.5,13059.5,13040.0,13042.0,376
MOEX:PLZL,2021-12-28T10:10:00+03:00,13041.0,13064.0,13040.0,13050.0,362
MOEX:PLZL,2021-12-28T10:11:00+03:00,13050.0,13050.5,13040.0,13045.0,414
MOEX:PLZL,2021-12-28T10:12:00+03:00,13042.5,13043.5,13042.5,13043.5,11
MOEX:PLZL,2021-12-28T10:13:00+03:00,13046.0,13060.0,13045.5,13060.0,79
MOEX:PLZL,2021-12-28T10:14:00+03:00,13070.0,13102.5,13070.0,13101.0,488
MOEX:PLZL,2021-12-28T10:15:00+03:00,13090.0,13100.0,13082.0,13100.0,25
MOEX:PLZL,2021-12-28T10:16:00+03:00,13098.5,13099.5,13098.5,13099.0,12
MOEX:PLZL,2021-12-28T10:17:00+03:00,13099.0,13099.0,13099.0,13099.0,1
MOEX:PLZL,2021-12-28T10:18:00+03:00,13090.5,13094.5,13083.0,13094.5,58
MOEX:PLZL,2021-12-28T10:19:00+03:00,13085.0,13085.0,13084.0,13084.0,4
MOEX:PLZL,2021-12-28T10:20:00+03:00,13096.0,13096.0,13080.5,13080.5,21
MOEX:PLZL,2021-12-28T10:21:00+03:00,13081.0,13081.0,13066.0,13076.0,63
MOEX:PLZL,2021-12-28T10:22:00+03:00,13073.5,13076.0,13062.5,13074.0,140
MOEX:PLZL,2021-12-28T10:23:00+03:00,13075.0,13075.0,13075.0,13075.0,1
MOEX:PLZL,2021-12-28T10:24:00+03:00,13077.0,13091.0,13077.0,13091.0,3
MOEX:PLZL,2021-12-28T10:25:00+03:00,13078.5,13090.0,13078.5,13078.5,54
MOEX:PLZL,2021-12-28T10:26:00+03:00,13079.0,13082.5,13079.0,13079.0,39
MOEX:PLZL,2021-12-28T10:27:00+03:00,13089.0,13098.5,13089.0,13091.5,182
MOEX:PLZL,2021-12-28T10:28:00+03:00,13099.0,13103.0,13091.5,13103.0,36
MOEX:PLZL,2021-12-28T10:29:00+03:00,13099.0,13117.0,13099.0,13117.0,247
MOEX:PLZL,2021-12-28T10:30:00+03:00,13111.5,13115.0,13089.0,13089.0,208
MOEX:PLZL,2021-12-28T10:31:00+03:00,13092.5,13105.0,13088.0,13088.0,80
MOEX:PLZL,2021-12-28T10:32:00+03:00,13088.0,13092.5,13088.0,13088.5,75
MOEX:PLZL,2021-12-28T10:33:00+03:00,13088.5,13091.0,13068.0,13068.0,113
MOEX:PLZL,2021-12-28T10:34:00+03:00,13071.0,13097.5,13069.0,13084.5,228
MOEX:PLZL,2021-12-28T10:35:00+03:00,13084.5,13109.5,13084.0,13105.0,198
MOEX:PLZL,2021-12-28T10:36:00+03:00,13115.0,13115.0,13098.5,13098.5,64
MOEX:PLZL,2021-12-28T10:37:00+03:00,13099.5,13104.0,13090.0,13091.0,127
MOEX:PLZL,2021-12-28T10:38:00+03:00,13090.0,13090.0,13079.5,13089.0,125
MOEX:PLZL,2021-12-28T10:39:00+03:00,13077.0,13097.0,13070.0,13082.5,182
MOEX:PLZL,2021-12-28T10:40:00+03:00,13084.5,13086.5,13080.0,13086.5,47
MOEX:PLZL,2021-12-28T10:41:00+03:00,13080.0,13087.5,13074.0,13074.0,130
MOEX:PLZL,2021-12-28T10:42:00+03:00,13074.0,13083.5,13068.0,13068.0,48
MOEX:PLZL,2021-12-28T10:43:00+03:00,13069.5,13069.5,13062.0,13062.0,97
MOEX:PLZL,2021-12-28T10:44:00+03:00,13062.0,13070.5,13062.0,13064.0,51
MOEX:PLZL,2021-12-28T10:45:00+03:00,13064.0,13064.0,13050.0,13051.5,159
MOEX:PLZL,2021-12-28T10:46:00+03:00,13052.5,13067.5,13037.0,13049.5,670
MOEX:PLZL,2021-12-28T10:47:00+03:00,13043.0,13057.0,13043.0,13043.5,183
MOEX:PLZL,2021-12-28T10:48:00+03:00,13045.0,13054.0,13045.0,13054.0,73
MOEX:PLZL,2021-12-28T10:49:00+03:00,13045.5,13050.0,13043.0,13050.0,59
MOEX:PLZL,2021-12-28T10:50:00+03:00,13050.5,13068.0,13050.5,13066.5,185
MOEX:PLZL,2021-12-28T10:51:00+03:00,13054.5,13054.5,13042.5,13042.5,102
MOEX:PLZL,2021-12-28T10:52:00+03:00,13042.5,13053.5,13042.5,13045.5,58
MOEX:PLZL,2021-12-28T10:53:00+03:00,13045.0,13062.5,13045.0,13055.0,603
MOEX:PLZL,2021-12-28T10:54:00+03:00,13047.5,13058.5,13042.0,13042.5,420
MOEX:PLZL,2021-12-28T10:55:00+03:00,13045.0,13050.0,13037.0,13046.0,358
MOEX:PLZL,2021-12-28T10:56:00+03:00,13038.0,13063.0,13038.0,13063.0,136
MOEX:PLZL,2021-12-28T10:57:00+03:00,13052.0,13059.5,13037.0,13046.0,284
MOEX:PLZL,2021-12-28T10:58:00+03:00,13038.0,13049.5,13037.5,13039.0,73
MOEX:PLZL,2021-12-28T10:59:00+03:00,13038.0,13045.5,13038.0,13039.0,205
MOEX:PLZL,2021-12-28T11:00:00+03:00,13039.0,13045.0,13039.0,13039.0,88
MOEX:PLZL,2021-12-28T11:01:00+03:00,13039.0,13048.5,13039.0,13048.5,83
MOEX:PLZL,2021-12-28T11:02:00+03:00,13042.0,13061.5,13042.0,13049.0,469
MOEX:PLZL,2021-12-28T11:03:00+03:00,13049.0,13059.0,13047.0,13047.0,56
MOEX:PLZL,2021-12-28T11:04:00+03:00,13047.0,13048.0,13040.5,13040.5,88
MOEX:PLZL,2021-12-28T11:05:00+03:00,13040.0,13041.0,13040.0,13040.0,47
MOEX:PLZL,2021-12-28T11:06:00+03:00,13040.0,13040.0,13038.0,13038.5,96
MOEX:PLZL,2021-12-28T11:07:00+03:00,13038.0,13046.5,13038.0,13039.0,28
MOEX:PLZL,2021-12-28T11:08:00+03:00,13038.5,13048.0,13037.0,13037.0,67
MOEX:PLZL,2021-12-28T11:09:00+03:00,13037.0,13037.5,13017.0,13024.0,342
MOEX:PLZL,2021-12-28T11:10:00+03:00,13016.0,13024.5,13005.0,13005.0,431
MOEX:PLZL,2021-12-28T11:11:00+03:00,13005.0,13014.5,13002.0,13007.5,184
MOEX:PLZL,2021-12-28T11:12:00+03:00,13008.0,13020.5,13003.0,13006.0,76
MOEX:PLZL,2021-12-28T11:13:00+03:00,13007.5,13025.5,13007.5,13025.5,248
MOEX:PLZL,2021-12-28T11:14:00+03:00,13023.0,13038.0,13023.0,13037.5,45
MOEX:PLZL,2021-12-28T11:15:00+03:00,13036.5,13038.0,13025.5,13026.5,128
MOEX:PLZL,2021-12-28T11:16:00+03:00,13026.0,13034.0,13024.0,13027.0,52
MOEX:PLZL,2021-12-28T11:17:00+03:00,13027.0,13031.0,13014.5,13014.5,185
MOEX:PLZL,2021-12-28T11:18:00+03:00,13014.0,13032.5,13013.5,13027.5,276
MOEX:PLZL,2021-12-28T11:19:00+03:00,13022.0,13030.5,13021.0,13021.0,35
MOEX:PLZL,2021-12-28T11:20:00+03:00,13021.5,13022.5,13020.5,13020.5,49
MOEX:PLZL,2021-12-28T11:21:00+03:00,13026.0,13026.5,13018.0,13020.0,121
MOEX:PLZL,2021-12-28T11:22:00+03:00,13018.0,13018.0,13008.5,13010.0,115
MOEX:PLZL,2021-12-28T11:23:00+03:00,13010.5,13012.5,13004.0,13005.5,48
MOEX:PLZL,2021-12-28T11:24:00+03:00,13006.5,13019.5,13006.0,13011.0,159
MOEX:PLZL,2021-12-28T11:25:00+03:00,13019.5,13019.5,13007.0,13017.0,138
MOEX:PLZL,2021-12-28T11:26:00+03:00,13019.5,13019.5,13006.5,13007.5,116
MOEX:PLZL,2021-12-28T11:27:00+03:00,13008.0,13008.0,13006.5,13007.0,33
MOEX:PLZL,2021-12-28T11:28:00+03:00,13007.0,13007.0,13005.0,13005.0,56
MOEX:PLZL,2021-12-28T11:29:00+03:00,13011.5,13012.0,13004.0,13004.0,147
MOEX:PLZL,2021-12-28T11:30:00+03:00,13010.0,13010.0,13004.5,13004.5,29
MOEX:PLZL,2021-12-28T11:31:00+03:00,13004.5,13016.5,13004.5,13006.5,269
MOEX:PLZL,2021-12-28T11:32:00+03:00,13006.5,13009.0,13003.5,13009.0,110
MOEX:PLZL,2021-12-28T11:33:00+03:00,13003.5,13004.5,12993.5,12999.0,894
MOEX:PLZL,2021-12-28T11:34:00+03:00,12994.0,12994.5,12993.0,12994.5,113
MOEX:PLZL,2021-12-28T11:35:00+03:00,12994.0,13007.5,12993.0,12993.0,269
MOEX:PLZL,2021-12-28T11:36:00+03:00,12993.0,12999.0,12991.0,12991.0,65
MOEX:PLZL,2021-12-28T11:37:00+03:00,12991.5,12999.0,12991.0,12993.0,82
MOEX:PLZL,2021-12-28T11:38:00+03:00,12993.0,13000.5,12992.5,12998.5,245
MOEX:PLZL,2021-12-28T11:39:00+03:00,13003.0,13004.0,12994.0,13003.0,69
MOEX:PLZL,2021-12-28T11:40:00+03:00,13004.0,13008.0,13000.5,13001.5,93
MOEX:PLZL,2021-12-28T11:41:00+03:00,13001.5,13005.0,13000.5,13001.5,56
MOEX:PLZL,2021-12-28T11:42:00+03:00,13001.5,13008.5,13001.0,13001.0,72
MOEX:PLZL,2021-12-28T11:43:00+03:00,13002.0,13008.0,13001.0,13001.0,57
MOEX:PLZL,2021-12-28T11:44:00+03:00,13001.5,13008.5,13001.5,13001.5,16
MOEX:PLZL,2021-12-28T11:45:00+03:00,13001.5,13001.5,13001.5,13001.5,20
MOEX:PLZL,2021-12-28T11:46:00+03:00,13001.5,13005.0,13000.0,13000.0,86
MOEX:PLZL,2021-12-28T11:47:00+03:00,13000.5,13007.0,13000.5,13007.0,48
MOEX:PLZL,2021-12-28T11:48:00+03:00,13000.5,13007.5,13000.0,13007.5,18
MOEX:PLZL,2021-12-28T11:49:00+03:00,13000.0,13007.5,13000.0,13007.5,104
MOEX:PLZL,2021-12-28T11:50:00+03:00,13007.5,13009.5,13001.5,13009.5,94
MOEX:PLZL,2021-12-28T11:51:00+03:00,13002.5,13010.0,13002.5,13005.0,78
MOEX:PLZL,2021-12-28T11:52:00+03:00,13005.0,13010.5,13003.0,13004.0,44
MOEX:PLZL,2021-12-28T11:53:00+03:00,13003.5,13009.0,12992.0,12993.0,515
MOEX:PLZL,2021-12-28T11:54:00+03:00,12998.0,12999.5,12985.0,12985.0,628
MOEX:PLZL,2021-12-28T11:55:00+03:00,12985.5,12994.0,12985.5,12994.0,88
MOEX:PLZL,2021-12-28T11:56:00+03:00,12986.5,12994.0,12986.5,12991.0,150
MOEX:PLZL,2021-12-28T11:57:00+03:00,12989.0,12999.0,12987.5,12999.0,43
MOEX:PLZL,2021-12-28T11:58:00+03:00,12991.0,12997.5,12989.0,12989.0,148
MOEX:PLZL,2021-12-28T11:59:00+03:00,12990.5,13003.0,12990.5,13000.0,164
MOEX:PLZL,2021-12-28T12:00:00+03:00,13000.0,13008.5,12998.5,13006.0,226
MOEX:PLZL,2021-12-28T12:01:00+03:00,13001.0,13002.5,12998.0,12998.0,28
MOEX:PLZL,2021-12-28T12:02:00+03:00,12998.0,12998.0,12989.0,12989.0,147
MOEX:PLZL,2021-12-28T12:03:00+03:00,12989.0,12995.0,12989.0,12990.0,95
MOEX:PLZL,2021-12-28T12:04:00+03:00,12990.5,12995.0,12988.5,12988.5,96
MOEX:PLZL,2021-12-28T12:05:00+03:00,12988.5,12994.0,12982.5,12982.5,347
MOEX:PLZL,2021-12-28T12:06:00+03:00,12982.5,12989.5,12980.5,12980.5,119
MOEX:PLZL,2021-12-28T12:07:00+03:00,12980.5,12989.0,12980.0,12980.0,240
MOEX:PLZL,2021-12-28T12:08:00+03:00,12981.0,12987.0,12981.0,12987.0,157
MOEX:PLZL,2021-12-28T12:09:00+03:00,12987.5,12993.0,12987.0,12987.0,92
MOEX:PLZL,2021-12-28T12:10:00+03:00,12987.0,12992.0,12980.0,12980.0,220
MOEX:PLZL,2021-12-28T12:11:00+03:00,12980.0,12985.5,12977.0,12977.0,86
MOEX:PLZL,2021-12-28T12:12:00+03:00,12977.5,12987.0,12977.0,12977.5,187
MOEX:PLZL,2021-12-28T12:13:00+03:00,12977.5,12977.5,12970.0,12970.0,244
MOEX:PLZL,2021-12-28T12:14:00+03:00,12971.5,12993.5,12969.0,12969.5,859
MOEX:PLZL,2021-12-28T12:15:00+03:00,12970.0,12981.0,12969.0,12971.5,326
MOEX:PLZL,2021-12-28T12:16:00+03:00,12971.5,12979.5,12970.0,12971.0,198
MOEX:PLZL,2021-12-28T12:17:00+03:00,12971.0,12977.5,12970.0,12970.0,172
MOEX:PLZL,2021-12-28T12:18:00+03:00,12970.0,12977.5,12970.0,12972.0,156
MOEX:PLZL,2021-12-28T12:19:00+03:00,12971.5,12977.5,12971.0,12971.0,55
MOEX:PLZL,2021-12-28T12:20:00+03:00,12971.0,12976.5,12969.0,12970.5,191
MOEX:PLZL,2021-12-28T12:21:00+03:00,12970.5,12975.0,12965.5,12965.5,242
MOEX:PLZL,2021-12-28T12:22:00+03:00,12965.5,12966.0,12958.0,12958.0,175
MOEX:PLZL,2021-12-28T12:23:00+03:00,12958.0,12963.0,12950.0,12954.0,305
MOEX:PLZL,2021-12-28T12:24:00+03:00,12954.5,12959.5,12954.5,12954.5,106
MOEX:PLZL,2021-12-28T12:25:00+03:00,12954.5,12961.0,12954.0,12955.0,107
MOEX:PLZL,2021-12-28T12:26:00+03:00,12955.0,12965.5,12955.0,12957.0,165
MOEX:PLZL,2021-12-28T12:27:00+03:00,12957.0,12965.5,12955.0,12959.5,233
MOEX:PLZL,2021-12-28T12:28:00+03:00,12963.0,12968.0,12958.0,12958.0,101
MOEX:PLZL,2021-12-28T12:29:00+03:00,12959.5,12962.0,12958.0,12958.5,151
MOEX:PLZL,2021-12-28T12:30:00+03:00,12959.0,12968.0,12958.0,12967.5,70
MOEX:PLZL,2021-12-28T12:31:00+03:00,12971.5,12977.0,12965.0,12970.5,98
MOEX:PLZL,2021-12-28T12:32:00+03:00,12970.5,12973.0,12966.0,12966.0,174
MOEX:PLZL,2021-12-28T12:33:00+03:00,12966.5,12988.5,12965.0,12973.5,1173
MOEX:PLZL,2021-12-28T12:34:00+03:00,12974.0,12984.5,12973.5,12984.5,231
MOEX:PLZL,2021-12-28T12:35:00+03:00,12978.5,12984.0,12978.5,12980.0,79
MOEX:PLZL,2021-12-28T12:36:00+03:00,12978.5,12983.0,12975.5,12978.5,295
MOEX:PLZL,2021-12-28T12:37:00+03:00,12978.5,12978.5,12978.0,12978.0,80
MOEX:PLZL,2021-12-28T12:38:00+03:00,12978.0,12987.5,12978.0,12979.0,135
MOEX:PLZL,2021-12-28T12:39:00+03:00,12987.0,12987.0,12978.5,12978.5,74
MOEX:PLZL,2021-12-28T12:40:00+03:00,12978.5,12986.5,12977.0,12977.5,115
MOEX:PLZL,2021-12-28T12:41:00+03:00,12978.0,12984.5,12977.0,12983.5,69
MOEX:PLZL,2021-12-28T12:42:00+03:00,12977.0,12984.5,12977.0,12978.0,122
MOEX:PLZL,2021-12-28T12:43:00+03:00,12980.0,12980.0,12977.0,12978.5,109
MOEX:PLZL,2021-12-28T12:44:00+03:00,12977.5,12987.0,12977.0,12977.0,231
MOEX:PLZL,2021-12-28T12:45:00+03:00,12977.0,12977.0,12972.5,12975.0,67
MOEX:PLZL,2021-12-28T12:46:00+03:00,12973.5,12975.0,12972.0,12975.0,108
MOEX:PLZL,2021-12-28T12:47:00+03:00,12973.0,12978.0,12970.0,12970.0,98
MOEX:PLZL,2021-12-28T12:48:00+03:00,12970.5,12975.5,12970.0,12970.0,70
MOEX:PLZL,2021-12-28T12:49:00+03:00,12970.0,12970.0,12955.0,12955.0,740
MOEX:PLZL,2021-12-28T12:50:00+03:00,12955.0,12959.5,12951.0,12951.0,122
MOEX:PLZL,2021-12-28T12:51:00+03:00,12952.5,12957.0,12952.5,12957.0,63
MOEX:PLZL,2021-12-28T12:52:00+03:00,12957.0,12959.0,12952.0,12952.5,231
MOEX:PLZL,2021-12-28T12:53:00+03:00,12952.5,12952.5,12950.0,12950.0,261
MOEX:PLZL,2021-12-28T12:54:00+03:00,12950.0,12955.5,12944.0,12946.0,584
MOEX:PLZL,2021-12-28T12:55:00+03:00,12946.0,12946.0,12936.0,12939.5,276
MOEX:PLZL,2021-12-28T12:56:00+03:00,12939.5,12955.0,12939.5,12945.0,213
MOEX:PLZL,2021-12-28T12:57:00+03:00,12948.0,12958.5,12948.0,12958.0,105
MOEX:PLZL,2021-12-28T12:58:00+03:00,12958.5,12977.0,12958.0,12977.0,121
MOEX:PLZL,2021-12-28T12:59:00+03:00,12969.0,12978.5,12969.0,12973.0,74
MOEX:PLZL,2021-12-28T13:00:00+03:00,12970.0,12973.0,12951.5,12951.5,91
MOEX:PLZL,2021-12-28T13:01:00+03:00,12952.0,12959.5,12950.0,12950.5,85
MOEX:PLZL,2021-12-28T13:02:00+03:00,12950.0,12956.0,12935.5,12936.0,553
MOEX:PLZL,2021-12-28T13:03:00+03:00,12936.0,12945.0,12935.5,12937.0,144
MOEX:PLZL,2021-12-28T13:04:00+03:00,12937.0,12958.5,12936.0,12955.0,1085
MOEX:PLZL,2021-12-28T13:05:00+03:00,12950.0,12967.0,12950.0,12957.0,269
MOEX:PLZL,2021-12-28T13:06:00+03:00,12964.0,12964.5,12957.5,12964.5,33
MOEX:PLZL,2021-12-28T13:07:00+03:00,12964.5,12966.5,12958.0,12959.5,60
MOEX:PLZL,2021-12-28T13:08:00+03:00,12959.5,12966.0,12954.5,12961.0,74
MOEX:PLZL,2021-12-28T13:09:00+03:00,12961.0,12965.5,12960.0,12960.0,67
MOEX:PLZL,2021-12-28T13:10:00+03:00,12960.0,12973.0,12959.5,12959.5,81
MOEX:PLZL,2021-12-28T13:11:00+03:00,12959.5,12959.5,12957.0,12958.0,29
MOEX:PLZL,2021-12-28T13:12:00+03:00,12958.0,12958.0,12954.5,12956.5,124
MOEX:PLZL,2021-12-28T13:13:00+03:00,12958.0,12965.0,12958.0,12958.5,36
MOEX:PLZL,2021-12-28T13:14:00+03:00,12958.5,12965.0,12958.5,12960.0,13
MOEX:PLZL,2021-12-28T13:15:00+03:00,12960.0,12971.0,12959.5,12962.0,141
MOEX:PLZL,2021-12-28T13:16:00+03:00,12962.0,12968.5,12960.5,12960.5,58
MOEX:PLZL,2021-12-28T13:17:00+03:00,12961.5,12971.0,12961.5,12962.0,53
MOEX:PLZL,2021-12-28T13:18:00+03:00,12962.0,12970.0,12960.0,12960.0,25
MOEX:PLZL,2021-12-28T13:19:00+03:00,12968.0,12975.0,12961.0,12969.0,217
MOEX:PLZL,2021-12-28T13:20:00+03:00,12975.0,12982.0,12969.5,12975.5,131
MOEX:PLZL,2021-12-28T13:21:00+03:00,12976.0,12982.5,12972.5,12982.5,74
MOEX:PLZL,2021-12-28T13:22:00+03:00,12972.5,12988.5,12972.5,12984.5,403
MOEX:PLZL,2021-12-28T13:23:00+03:00,12985.0,12991.0,12984.5,12984.5,69
MOEX:PLZL,2021-12-28T13:24:00+03:00,12985.0,12989.5,12984.0,12989.5,22
MOEX:PLZL,2021-12-28T13:25:00+03:00,12984.0,12984.0,12972.5,12972.5,455
MOEX:PLZL,2021-12-28T13:26:00+03:00,12972.5,12983.5,12972.5,12978.0,252
MOEX:PLZL,2021-12-28T13:27:00+03:00,12977.0,12977.0,12974.0,12974.0,8
MOEX:PLZL,2021-12-28T13:28:00+03:00,12973.0,12982.0,12973.0,12973.5,25
MOEX:PLZL,2021-12-28T13:29:00+03:00,12973.5,12978.0,12965.0,12965.0,119
MOEX:PLZL,2021-12-28T13:30:00+03:00,12974.5,12974.5,12961.0,12961.5,111
MOEX:PLZL,2021-12-28T13:31:00+03:00,12961.5,12970.0,12961.0,12963.5,97
MOEX:PLZL,2021-12-28T13:32:00+03:00,12963.0,12968.0,12962.0,12962.0,24
MOEX:PLZL,2021-12-28T13:33:00+03:00,12967.5,12971.0,12963.0,12964.0,49
MOEX:PLZL,2021-12-28T13:34:00+03:00,12964.0,12991.0,12964.0,12982.0,184
MOEX:PLZL,2021-12-28T13:35:00+03:00,12983.0,13000.0,12981.0,12991.5,333
MOEX:PLZL,2021-12-28T13:36:00+03:00,12992.0,13009.0,12988.0,13001.5,137
MOEX:PLZL,2021-12-28T13:37:00+03:00,13002.0,13009.0,13001.5,13009.0,78
MOEX:PLZL,2021-12-28T13:38:00+03:00,13002.0,13009.0,12999.5,13000.0,135
MOEX:PLZL,2021-12-28T13:39:00+03:00,13000.5,13001.5,12989.0,13001.5,157
MOEX:PLZL,2021-12-28T13:40:00+03:00,12995.0,13014.0,12995.0,13009.5,174
MOEX:PLZL,2021-12-28T13:41:00+03:00,13009.5,13009.5,13003.0,13003.0,73
MOEX:PLZL,2021-12-28T13:42:00+03:00,13009.5,13010.5,13002.0,13010.5,139
MOEX:PLZL,2021-12-28T13:43:00+03:00,13003.0,13008.5,12998.5,13000.0,98
MOEX:PLZL,2021-12-28T13:44:00+03:00,13000.0,13002.0,12997.0,12997.0,58
MOEX:PLZL,2021-12-28T13:45:00+03:00,12997.5,12997.5,12997.5,12997.5,5
MOEX:PLZL,2021-12-28T13:46:00+03:00,12998.0,13000.0,12998.0,13000.0,24
MOEX:PLZL,2021-12-28T13:47:00+03:00,12998.0,13000.0,12994.0,12997.5,126
MOEX:PLZL,2021-12-28T13:48:00+03:00,13004.5,13010.5,13000.5,13004.0,423
MOEX:PLZL,2021-12-28T13:49:00+03:00,13004.0,13011.0,13003.0,13010.0,70
MOEX:PLZL,2021-12-28T13:50:00+03:00,13011.0,13014.0,12997.5,12997.5,86
MOEX:PLZL,2021-12-28T13:51:00+03:00,12998.0,13006.0,12998.0,13006.0,6
MOEX:PLZL,2021-12-28T13:52:00+03:00,13006.0,13009.5,13006.0,13009.5,113
MOEX:PLZL,2021-12-28T13:53:00+03:00,13002.5,13009.0,13002.0,13004.5,91
MOEX:PLZL,2021-12-28T13:54:00+03:00,13003.0,13007.5,13003.0,13003.0,57
MOEX:PLZL,2021-12-28T13:55:00+03:00,13002.0,13002.0,13002.0,13002.0,7
MOEX:PLZL,2021-12-28T13:56:00+03:00,13009.5,13011.0,13003.5,13003.5,78
MOEX:PLZL,2021-12-28T13:57:00+03:00,13005.0,13011.0,13003.5,13010.0,26
MOEX:PLZL,2021-12-28T13:58:00+03:00,13003.5,13010.0,13003.5,13010.0,56
MOEX:PLZL,2021-12-28T13:59:00+03:00,13010.0,13011.5,13007.0,13007.0,26
MOEX:PLZL,2021-12-28T14:00:00+03:00,13005.0,13006.5,13005.0,13005.0,139
MOEX:PLZL,2021-12-28T14:01:00+03:00,13005.0,13005.0,12991.5,13004.5,275
MOEX:PLZL,2021-12-28T14:02:00+03:00,12993.5,12994.0,12993.5,12994.0,12
MOEX:PLZL,2021-12-28T14:03:00+03:00,12994.0,12994.0,12994.0,12994.0,7
MOEX:PLZL,2021-12-28T14:04:00+03:00,13004.5,13004.5,12996.5,12996.5,20
MOEX:PLZL,2021-12-28T14:05:00+03:00,13005.0,13007.5,12996.5,13007.5,74
MOEX:PLZL,2021-12-28T14:06:00+03:00,13006.5,13010.0,13006.5,13006.5,70
MOEX:PLZL,2021-12-28T14:07:00+03:00,13006.5,13010.5,13006.5,13010.5,60
MOEX:PLZL,2021-12-28T14:08:00+03:00,13010.5,13010.5,13007.0,13010.5,21
MOEX:PLZL,2021-12-28T14:09:00+03:00,13011.5,13011.5,13003.0,13003.0,35
MOEX:PLZL,2021-12-28T14:10:00+03:00,13003.5,13013.0,13003.0,13003.5,250
MOEX:PLZL,2021-12-28T14:11:00+03:00,13003.5,13007.0,12995.0,12995.0,361
MOEX:PLZL,2021-12-28T14:12:00+03:00,12994.5,13005.0,12994.0,13004.5,17
MOEX:PLZL,2021-12-28T14:13:00+03:00,13000.0,13000.0,12996.5,12996.5,16
MOEX:PLZL,2021-12-28T14:14:00+03:00,12997.0,12999.0,12994.0,12999.0,33
MOEX:PLZL,2021-12-28T14:15:00+03:00,12999.0,12999.5,12991.0,12991.0,189
MOEX:PLZL,2021-12-28T14:16:00+03:00,12991.5,12998.0,12991.0,12991.0,36
MOEX:PLZL,2021-12-28T14:17:00+03:00,12991.5,12991.5,12991.5,12991.5,30
MOEX:PLZL,2021-12-28T14:18:00+03:00,12996.5,12996.5,12991.5,12995.0,25
MOEX:PLZL,2021-12-28T14:19:00+03:00,12993.5,12995.0,12992.0,12992.0,16
MOEX:PLZL,2021-12-28T14:20:00+03:00,12995.0,12995.0,12986.5,12991.0,53
MOEX:PLZL,2021-12-28T14:21:00+03:00,12989.0,12992.0,12988.0,12988.0,10
MOEX:PLZL,2021-12-28T14:22:00+03:00,12988.0,13014.5,12988.0,13007.5,377
MOEX:PLZL,2021-12-28T14:23:00+03:00,13009.5,13011.0,13000.0,13000.0,115
MOEX:PLZL,2021-12-28T14:24:00+03:00,13000.5,13008.0,13000.5,13001.0,97
MOEX:PLZL,2021-12-28T14:25:00+03:00,13007.5,13020.0,13005.5,13005.5,269
MOEX:PLZL,2021-12-28T14:26:00+03:00,13012.5,13023.5,13012.5,13023.0,197
MOEX:PLZL,2021-12-28T14:27:00+03:00,13023.0,13023.0,13023.0,13023.0,19
MOEX:PLZL,2021-12-28T14:28:00+03:00,13023.0,13025.0,13016.0,13020.0,70
MOEX:PLZL,2021-12-28T14:29:00+03:00,13017.5,13024.0,13014.0,13015.0,91
MOEX:PLZL,2021-12-28T14:30:00+03:00,13022.5,13023.0,13022.5,13022.5,16
MOEX:PLZL,2021-12-28T14:31:00+03:00,13023.0,13033.0,13020.5,13032.0,492
MOEX:PLZL,2021-12-28T14:32:00+03:00,13029.5,13032.0,13018.5,13018.5,196
MOEX:PLZL,2021-12-28T14:33:00+03:00,13029.5,13030.5,13024.0,13026.5,59
MOEX:PLZL,2021-12-28T14:34:00+03:00,13032.0,13037.5,13031.5,13031.5,229
MOEX:PLZL,2021-12-28T14:35:00+03:00,13036.5,13036.5,13036.0,13036.0,3
MOEX:PLZL,2021-12-28T14:36:00+03:00,13031.5,13031.5,13030.0,13030.0,42
MOEX:PLZL,2021-12-28T14:37:00+03:00,13029.5,13033.5,13029.0,13033.5,112
MOEX:PLZL,2021-12-28T14:38:00+03:00,13028.0,13028.0,13028.0,13028.0,3
MOEX:PLZL,2021-12-28T14:39:00+03:00,13030.5,13046.0,13030.5,13040.0,174
MOEX:PLZL,2021-12-28T14:40:00+03:00,13045.0,13056.0,13044.5,13051.0,349
MOEX:PLZL,2021-12-28T14:41:00+03:00,13045.5,13051.0,13045.0,13051.0,38
MOEX:PLZL,2021-12-28T14:42:00+03:00,13050.0,13055.0,13048.0,13055.0,173
MOEX:PLZL,2021-12-28T14:43:00+03:00,13052.0,13067.5,13049.5,13067.5,439
MOEX:PLZL,2021-12-28T14:44:00+03:00,13068.0,13068.0,13062.5,13063.5,99
MOEX:PLZL,2021-12-28T14:45:00+03:00,13065.5,13068.0,13056.5,13061.5,385
MOEX:PLZL,2021-12-28T14:46:00+03:00,13061.5,13061.5,13036.5,13045.5,146
MOEX:PLZL,2021-12-28T14:47:00+03:00,13046.0,13057.0,13035.0,13043.5,148
MOEX:PLZL,2021-12-28T14:48:00+03:00,13036.0,13043.5,13036.0,13043.5,12
MOEX:PLZL,2021-12-28T14:49:00+03:00,13043.5,13048.5,13028.5,13029.0,301
MOEX:PLZL,2021-12-28T14:50:00+03:00,13030.0,13046.5,13029.0,13042.0,96
MOEX:PLZL,2021-12-28T14:51:00+03:00,13045.0,13048.0,13042.5,13042.5,117
MOEX:PLZL,2021-12-28T14:52:00+03:00,13045.5,13046.5,13038.0,13038.0,101
MOEX:PLZL,2021-12-28T14:53:00+03:00,13044.0,13044.0,13038.5,13038.5,43
MOEX:PLZL,2021-12-28T14:54:00+03:00,13043.0,13043.5,13041.0,13041.0,30
MOEX:PLZL,2021-12-28T14:55:00+03:00,13047.0,13049.5,13042.5,13042.5,65
MOEX:PLZL,2021-12-28T14:56:00+03:00,13042.5,13059.5,13042.5,13050.5,1076
MOEX:PLZL,2021-12-28T14:57:00+03:00,13050.5,13050.5,13048.5,13048.5,9
MOEX:PLZL,2021-12-28T14:58:00+03:00,13047.5,13055.5,13047.5,13055.5,59
MOEX:PLZL,2021-12-28T14:59:00+03:00,13048.0,13055.5,13045.0,13052.0,109
MOEX:PLZL,2021-12-28T15:00:00+03:00,13046.5,13052.0,13046.5,13051.5,55
MOEX:PLZL,2021-12-28T15:01:00+03:00,13055.0,13055.0,13051.5,13055.0,63
MOEX:PLZL,2021-12-28T15:02:00+03:00,13055.0,13055.0,13051.5,13051.5,75
MOEX:PLZL,2021-12-28T15:03:00+03:00,13052.0,13055.0,13051.5,13051.5,40
MOEX:PLZL,2021-12-28T15:04:00+03:00,13055.0,13055.0,13042.5,13042.5,232
MOEX:PLZL,2021-12-28T15:05:00+03:00,13043.0,13043.0,13042.5,13042.5,22
MOEX:PLZL,2021-12-28T15:06:00+03:00,13043.0,13043.0,13031.5,13038.5,133
MOEX:PLZL,2021-12-28T15:07:00+03:00,13038.0,13041.0,13028.0,13028.0,91
MOEX:PLZL,2021-12-28T15:08:00+03:00,13037.0,13037.0,13029.5,13029.5,20
MOEX:PLZL,2021-12-28T15:09:00+03:00,13029.5,13041.5,13029.5,13041.5,76
MOEX:PLZL,2021-12-28T15:10:00+03:00,13043.0,13055.0,13043.0,13047.5,257
MOEX:PLZL,2021-12-28T15:11:00+03:00,13048.0,13068.0,13048.0,13060.0,960
MOEX:PLZL,2021-12-28T15:12:00+03:00,13068.0,13068.0,13061.0,13061.0,151
MOEX:PLZL,2021-12-28T15:13:00+03:00,13061.0,13068.0,13060.0,13067.5,159
MOEX:PLZL,2021-12-28T15:14:00+03:00,13068.0,13068.5,13063.0,13063.0,28
MOEX:PLZL,2021-12-28T15:15:00+03:00,13063.0,13073.5,13062.5,13063.5,158
MOEX:PLZL,2021-12-28T15:16:00+03:00,13063.0,13063.0,13060.0,13060.0,98
MOEX:PLZL,2021-12-28T15:17:00+03:00,13060.0,13062.0,13056.5,13056.5,42
MOEX:PLZL,2021-12-28T15:18:00+03:00,13061.0,13065.5,13061.0,13065.5,39
MOEX:PLZL,2021-12-28T15:19:00+03:00,13069.0,13078.0,13064.5,13064.5,327
MOEX:PLZL,2021-12-28T15:20:00+03:00,13063.5,13080.0,13063.5,13070.0,91
MOEX:PLZL,2021-12-28T15:21:00+03:00,13069.0,13080.0,13069.0,13076.5,55
MOEX:PLZL,2021-12-28T15:22:00+03:00,13073.5,13075.5,13070.0,13075.5,76
MOEX:PLZL,2021-12-28T15:23:00+03:00,13075.5,13080.0,13071.0,13078.5,262
MOEX:PLZL,2021-12-28T15:24:00+03:00,13079.0,13083.5,13079.0,13080.5,283
MOEX:PLZL,2021-12-28T15:25:00+03:00,13083.0,13086.0,13074.5,13084.0,32
MOEX:PLZL,2021-12-28T15:26:00+03:00,13075.5,13083.5,13075.5,13083.5,25
MOEX:PLZL,2021-12-28T15:27:00+03:00,13081.5,13081.5,13070.0,13071.0,83
MOEX:PLZL,2021-12-28T15:28:00+03:00,13071.5,13087.0,13070.0,13087.0,602
MOEX:PLZL,2021-12-28T15:29:00+03:00,13086.5,13086.5,13077.5,13077.5,219
MOEX:PLZL,2021-12-28T15:30:00+03:00,13084.5,13085.0,13084.0,13084.0,139
MOEX:PLZL,2021-12-28T15:31:00+03:00,13085.0,13093.0,13085.0,13092.0,853
MOEX:PLZL,2021-12-28T15:32:00+03:00,13094.0,13105.0,13092.5,13102.0,1894
MOEX:PLZL,2021-12-28T15:33:00+03:00,13102.0,13106.5,13098.0,13098.5,494
MOEX:PLZL,2021-12-28T15:34:00+03:00,13100.0,13110.0,13097.5,13101.5,257
MOEX:PLZL,2021-12-28T15:35:00+03:00,13102.0,13109.5,13101.0,13101.0,225
MOEX:PLZL,2021-12-28T15:36:00+03:00,13101.0,13105.0,13098.0,13098.0,222
MOEX:PLZL,2021-12-28T15:37:00+03:00,13099.0,13105.0,13095.0,13101.5,632
MOEX:PLZL,2021-12-28T15:38:00+03:00,13101.5,13101.5,13093.5,13093.5,353
MOEX:PLZL,2021-12-28T15:39:00+03:00,13092.0,13098.5,13092.0,13098.5,2
MOEX:PLZL,2021-12-28T15:40:00+03:00,13093.0,13100.0,13092.0,13096.0,221
MOEX:PLZL,2021-12-28T15:41:00+03:00,13096.0,13096.0,13086.5,13086.5,171
MOEX:PLZL,2021-12-28T15:42:00+03:00,13088.5,13090.5,13084.0,13084.0,177
MOEX:PLZL,2021-12-28T15:43:00+03:00,13085.0,13095.5,13085.0,13089.0,139
MOEX:PLZL,2021-12-28T15:44:00+03:00,13089.0,13089.0,13086.0,13087.5,31
MOEX:PLZL,2021-12-28T15:45:00+03:00,13085.5,13085.5,13080.0,13080.0,242
MOEX:PLZL,2021-12-28T15:46:00+03:00,13080.0,13080.5,13076.5,13078.5,98
MOEX:PLZL,2021-12-28T15:47:00+03:00,13070.0,13075.5,13070.0,13070.0,79
MOEX:PLZL,2021-12-28T15:48:00+03:00,13075.0,13075.0,13075.0,13075.0,3
MOEX:PLZL,2021-12-28T15:49:00+03:00,13070.0,13071.5,13070.0,13071.5,87
MOEX:PLZL,2021-12-28T15:50:00+03:00,13070.0,13070.0,13070.0,13070.0,22
MOEX:PLZL,2021-12-28T15:51:00+03:00,13074.5,13087.0,13074.5,13083.5,214
MOEX:PLZL,2021-12-28T15:52:00+03:00,13081.5,13081.5,13081.5,13081.5,12
MOEX:PLZL,2021-12-28T15:53:00+03:00,13081.5,13083.0,13070.0,13074.0,74
MOEX:PLZL,2021-12-28T15:54:00+03:00,13081.0,13083.0,13076.0,13076.0,38
MOEX:PLZL,2021-12-28T15:55:00+03:00,13076.0,13076.0,13072.0,13072.0,29
MOEX:PLZL,2021-12-28T15:56:00+03:00,13075.0,13081.0,13073.0,13081.0,22
MOEX:PLZL,2021-12-28T15:57:00+03:00,13075.0,13089.5,13071.0,13088.0,326
MOEX:PLZL,2021-12-28T15:58:00+03:00,13088.0,13091.5,13080.0,13091.5,487
MOEX:PLZL,2021-12-28T15:59:00+03:00,13094.5,13095.0,13092.5,13094.0,21
MOEX:PLZL,2021-12-28T16:00:00+03:00,13094.0,13110.0,13094.0,13108.0,790
MOEX:PLZL,2021-12-28T16:01:00+03:00,13108.0,13114.0,13097.5,13097.5,515
MOEX:PLZL,2021-12-28T16:02:00+03:00,13097.5,13098.5,13081.5,13089.0,378
MOEX:PLZL,2021-12-28T16:03:00+03:00,13098.0,13098.0,13082.0,13082.0,336
MOEX:PLZL,2021-12-28T16:04:00+03:00,13085.0,13085.0,13076.5,13076.5,83
MOEX:PLZL,2021-12-28T16:05:00+03:00,13077.0,13081.5,13071.0,13081.5,101
MOEX:PLZL,2021-12-28T16:06:00+03:00,13082.5,13082.5,13072.5,13072.5,58
MOEX:PLZL,2021-12-28T16:07:00+03:00,13071.0,13080.5,13071.0,13072.5,139
MOEX:PLZL,2021-12-28T16:08:00+03:00,13074.5,13080.0,13070.0,13070.0,144
MOEX:PLZL,2021-12-28T16:09:00+03:00,13070.0,13072.5,13070.0,13070.0,242
MOEX:PLZL,2021-12-28T16:10:00+03:00,13070.0,13070.0,13048.5,13055.5,245
MOEX:PLZL,2021-12-28T16:11:00+03:00,13057.0,13065.5,13057.0,13065.5,106
MOEX:PLZL,2021-12-28T16:12:00+03:00,13065.5,13065.5,13065.5,13065.5,3
MOEX:PLZL,2021-12-28T16:13:00+03:00,13065.5,13066.0,13060.5,13060.5,151
MOEX:PLZL,2021-12-28T16:14:00+03:00,13064.0,13069.0,13061.5,13064.5,259
MOEX:PLZL,2021-12-28T16:15:00+03:00,13064.5,13064.5,13051.5,13063.5,140
MOEX:PLZL,2021-12-28T16:16:00+03:00,13054.0,13057.0,13047.5,13047.5,289
MOEX:PLZL,2021-12-28T16:17:00+03:00,13050.0,13055.0,13048.5,13048.5,43
MOEX:PLZL,2021-12-28T16:19:00+03:00,13048.5,13053.0,13045.5,13045.5,89
MOEX:PLZL,2021-12-28T16:20:00+03:00,13051.0,13063.5,13051.0,13063.5,177
MOEX:PLZL,2021-12-28T16:21:00+03:00,13071.0,13071.0,13060.0,13060.0,38
MOEX:PLZL,2021-12-28T16:22:00+03:00,13060.0,13066.5,13058.0,13063.0,148
MOEX:PLZL,2021-12-28T16:23:00+03:00,13062.5,13062.5,13049.0,13062.0,148
MOEX:PLZL,2021-12-28T16:24:00+03:00,13062.0,13077.0,13056.0,13061.5,492
MOEX:PLZL,2021-12-28T16:25:00+03:00,13071.0,13076.0,13068.0,13071.0,16
MOEX:PLZL,2021-12-28T16:26:00+03:00,13069.0,13077.5,13069.0,13071.5,125
MOEX:PLZL,2021-12-28T16:27:00+03:00,13079.0,13079.0,13076.0,13076.0,7
MOEX:PLZL,2021-12-28T16:28:00+03:00,13079.5,13088.0,13079.5,13088.0,114
MOEX:PLZL,2021-12-28T16:29:00+03:00,13090.5,13090.5,13084.5,13090.5,182
MOEX:PLZL,2021-12-28T16:30:00+03:00,13092.5,13098.0,13091.0,13093.0,353
MOEX:PLZL,2021-12-28T16:31:00+03:00,13093.0,13103.0,13093.0,13096.5,314
MOEX:PLZL,2021-12-28T16:32:00+03:00,13096.5,13097.5,13096.5,13097.5,36
MOEX:PLZL,2021-12-28T16:33:00+03:00,13097.5,13097.5,13092.0,13095.0,116
MOEX:PLZL,2021-12-28T16:34:00+03:00,13092.5,13095.5,13092.5,13095.5,70
MOEX:PLZL,2021-12-28T16:35:00+03:00,13092.5,13095.0,13083.5,13083.5,122
MOEX:PLZL,2021-12-28T16:36:00+03:00,13083.5,13096.0,13083.0,13088.0,56
MOEX:PLZL,2021-12-28T16:37:00+03:00,13095.0,13103.0,13095.0,13100.0,327
MOEX:PLZL,2021-12-28T16:38:00+03:00,13095.0,13100.0,13090.5,13099.5,73
MOEX:PLZL,2021-12-28T16:39:00+03:00,13099.5,13100.0,13093.5,13099.0,278
MOEX:PLZL,2021-12-28T16:40:00+03:00,13100.0,13105.0,13097.5,13097.5,375
MOEX:PLZL,2021-12-28T16:41:00+03:00,13097.5,13100.0,13091.5,13091.5,88
MOEX:PLZL,2021-12-28T16:42:00+03:00,13091.0,13100.5,13091.0,13100.0,319
MOEX:PLZL,2021-12-28T16:43:00+03:00,13100.0,13100.0,13094.0,13095.0,28
MOEX:PLZL,2021-12-28T16:44:00+03:00,13099.5,13100.0,13096.0,13099.5,65
MOEX:PLZL,2021-12-28T16:45:00+03:00,13096.5,13103.5,13096.5,13103.5,94
MOEX:PLZL,2021-12-28T16:46:00+03:00,13097.5,13097.5,13092.5,13092.5,166
MOEX:PLZL,2021-12-28T16:47:00+03:00,13097.0,13100.0,13097.0,13097.0,159
MOEX:PLZL,2021-12-28T16:48:00+03:00,13097.0,13100.0,13097.0,13097.0,310
MOEX:PLZL,2021-12-28T16:49:00+03:00,13100.0,13100.0,13094.0,13094.0,338
MOEX:PLZL,2021-12-28T16:50:00+03:00,13099.5,13099.5,13093.5,13094.0,55
MOEX:PLZL,2021-12-28T16:51:00+03:00,13093.0,13094.0,13091.0,13091.0,178
MOEX:PLZL,2021-12-28T16:52:00+03:00,13091.5,13100.0,13091.5,13100.0,99
MOEX:PLZL,2021-12-28T16:53:00+03:00,13097.5,13102.0,13094.0,13095.0,510
MOEX:PLZL,2021-12-28T16:54:00+03:00,13095.0,13111.0,13090.0,13095.0,1232
MOEX:PLZL,2021-12-28T16:55:00+03:00,13095.0,13095.0,13089.5,13091.5,159
MOEX:PLZL,2021-12-28T16:56:00+03:00,13091.5,13098.0,13091.5,13093.5,85
MOEX:PLZL,2021-12-28T16:57:00+03:00,13099.0,13099.0,13094.5,13098.5,13
MOEX:PLZL,2021-12-28T16:58:00+03:00,13094.5,13100.0,13094.5,13099.0,118
MOEX:PLZL,2021-12-28T16:59:00+03:00,13096.5,13097.0,13091.0,13097.0,143
MOEX:PLZL,2021-12-28T17:00:00+03:00,13097.0,13106.5,13092.5,13093.0,208
MOEX:PLZL,2021-12-28T17:01:00+03:00,13093.5,13094.5,13078.5,13088.0,206
MOEX:PLZL,2021-12-28T17:02:00+03:00,13080.0,13086.5,13079.0,13084.0,72
MOEX:PLZL,2021-12-28T17:03:00+03:00,13081.5,13087.5,13079.0,13082.5,242
MOEX:PLZL,2021-12-28T17:04:00+03:00,13082.5,13082.5,13076.5,13076.5,171
MOEX:PLZL,2021-12-28T17:05:00+03:00,13076.0,13079.5,13071.5,13076.5,185
MOEX:PLZL,2021-12-28T17:06:00+03:00,13076.5,13076.5,13062.0,13070.5,182
MOEX:PLZL,2021-12-28T17:07:00+03:00,13068.0,13068.5,13052.0,13053.0,227
MOEX:PLZL,2021-12-28T17:08:00+03:00,13053.0,13053.0,13041.0,13041.0,634
MOEX:PLZL,2021-12-28T17:09:00+03:00,13046.5,13051.0,13042.0,13045.5,258
MOEX:PLZL,2021-12-28T17:10:00+03:00,13045.5,13050.0,13041.5,13046.0,215
MOEX:PLZL,2021-12-28T17:11:00+03:00,13044.0,13053.0,13044.0,13053.0,12
MOEX:PLZL,2021-12-28T17:12:00+03:00,13046.0,13050.5,13043.0,13046.0,129
MOEX:PLZL,2021-12-28T17:13:00+03:00,13045.0,13045.0,13035.0,13035.5,402
MOEX:PLZL,2021-12-28T17:14:00+03:00,13037.0,13049.5,13037.0,13040.5,603
MOEX:PLZL,2021-12-28T17:15:00+03:00,13040.5,13047.5,13040.5,13040.5,47
MOEX:PLZL,2021-12-28T17:16:00+03:00,13040.5,13045.0,13039.0,13039.0,89
MOEX:PLZL,2021-12-28T17:17:00+03:00,13038.5,13053.0,13038.0,13051.0,292
MOEX:PLZL,2021-12-28T17:18:00+03:00,13050.5,13053.0,13050.5,13052.0,396
MOEX:PLZL,2021-12-28T17:19:00+03:00,13053.0,13053.0,13037.0,13038.0,338
MOEX:PLZL,2021-12-28T17:20:00+03:00,13038.0,13044.0,13038.0,13044.0,61
MOEX:PLZL,2021-12-28T17:21:00+03:00,13044.5,13048.0,13039.5,13046.0,106
MOEX:PLZL,2021-12-28T17:22:00+03:00,13049.5,13053.0,13046.5,13049.5,310
MOEX:PLZL,2021-12-28T17:23:00+03:00,13049.5,13051.0,13041.0,13041.0,84
MOEX:PLZL,2021-12-28T17:24:00+03:00,13041.5,13041.5,13032.0,13035.0,120
MOEX:PLZL,2021-12-28T17:25:00+03:00,13042.5,13056.5,13040.5,13056.5,1229
MOEX:PLZL,2021-12-28T17:26:00+03:00,13057.0,13070.5,13056.5,13063.5,308
MOEX:PLZL,2021-12-28T17:27:00+03:00,13068.5,13079.5,13068.5,13074.5,147
MOEX:PLZL,2021-12-28T17:28:00+03:00,13070.0,13080.5,13070.0,13073.0,58
MOEX:PLZL,2021-12-28T17:29:00+03:00,13073.5,13073.5,13070.5,13071.0,147
MOEX:PLZL,2021-12-28T17:30:00+03:00,13077.0,13077.5,13072.0,13072.0,107
MOEX:PLZL,2021-12-28T17:31:00+03:00,13075.0,13075.0,13055.5,13056.5,481
MOEX:PLZL,2021-12-28T17:32:00+03:00,13050.5,13050.5,13047.0,13047.0,73
MOEX:PLZL,2021-12-28T17:33:00+03:00,13054.5,13060.5,13047.0,13055.0,270
MOEX:PLZL,2021-12-28T17:34:00+03:00,13060.0,13067.0,13060.0,13065.0,129
MOEX:PLZL,2021-12-28T17:35:00+03:00,13061.5,13061.5,13061.5,13061.5,2
MOEX:PLZL,2021-12-28T17:36:00+03:00,13065.0,13068.0,13062.0,13065.5,136
MOEX:PLZL,2021-12-28T17:37:00+03:00,13066.0,13079.5,13066.0,13079.5,117
MOEX:PLZL,2021-12-28T17:38:00+03:00,13074.0,13085.0,13074.0,13082.5,217
MOEX:PLZL,2021-12-28T17:39:00+03:00,13084.5,13084.5,13080.0,13080.0,17
MOEX:PLZL,2021-12-28T17:40:00+03:00,13080.0,13085.0,13076.5,13080.0,286
MOEX:PLZL,2021-12-28T17:41:00+03:00,13080.0,13081.5,13070.5,13081.5,115
MOEX:PLZL,2021-12-28T17:42:00+03:00,13072.5,13090.0,13072.5,13084.5,171
MOEX:PLZL,2021-12-28T17:43:00+03:00,13087.5,13090.0,13087.5,13087.5,177
MOEX:PLZL,2021-12-28T17:44:00+03:00,13092.0,13092.0,13083.5,13087.0,119
MOEX:PLZL,2021-12-28T17:45:00+03:00,13080.0,13080.0,13076.5,13076.5,78
MOEX:PLZL,2021-12-28T17:46:00+03:00,13076.5,13080.5,13075.0,13079.5,216
MOEX:PLZL,2021-12-28T17:47:00+03:00,13079.5,13079.5,13064.5,13064.5,76
MOEX:PLZL,2021-12-28T17:48:00+03:00,13064.5,13064.5,13054.5,13054.5,88
MOEX:PLZL,2021-12-28T17:49:00+03:00,13062.0,13069.0,13060.5,13061.5,261
MOEX:PLZL,2021-12-28T17:50:00+03:00,13061.5,13066.5,13057.5,13057.5,66
MOEX:PLZL,2021-12-28T17:51:00+03:00,13056.5,13056.5,13056.5,13056.5,39
MOEX:PLZL,2021-12-28T17:52:00+03:00,13056.5,13066.0,13056.5,13066.0,134
MOEX:PLZL,2021-12-28T17:53:00+03:00,13070.0,13070.0,13065.0,13065.0,83
MOEX:PLZL,2021-12-28T17:54:00+03:00,13069.5,13081.0,13066.5,13081.0,216
MOEX:PLZL,2021-12-28T17:55:00+03:00,13082.0,13092.5,13082.0,13085.0,226
MOEX:PLZL,2021-12-28T17:56:00+03:00,13085.5,13086.0,13085.5,13086.0,24
MOEX:PLZL,2021-12-28T17:57:00+03:00,13087.0,13091.5,13076.5,13076.5,205
MOEX:PLZL,2021-12-28T17:58:00+03:00,13085.0,13085.0,13078.0,13078.0,114
MOEX:PLZL,2021-12-28T17:59:00+03:00,13078.0,13089.0,13078.0,13089.0,104
MOEX:PLZL,2021-12-28T18:00:00+03:00,13088.0,13090.0,13083.0,13085.0,144
MOEX:PLZL,2021-12-28T18:01:00+03:00,13083.5,13088.0,13083.0,13087.5,86
MOEX:PLZL,2021-12-28T18:02:00+03:00,13088.0,13090.5,13085.5,13089.0,322
MOEX:PLZL,2021-12-28T18:03:00+03:00,13085.0,13089.0,13083.0,13089.0,145
MOEX:PLZL,2021-12-28T18:05:00+03:00,13085.0,13086.5,13082.5,13086.5,157
MOEX:PLZL,2021-12-28T18:06:00+03:00,13084.0,13088.0,13084.0,13085.0,83
MOEX:PLZL,2021-12-28T18:07:00+03:00,13087.5,13105.0,13085.0,13100.0,839
MOEX:PLZL,2021-12-28T18:08:00+03:00,13100.0,13103.0,13086.5,13093.0,701
MOEX:PLZL,2021-12-28T18:09:00+03:00,13098.5,13103.5,13089.0,13096.0,534
MOEX:PLZL,2021-12-28T18:10:00+03:00,13094.0,13100.0,13094.0,13094.5,540
MOEX:PLZL,2021-12-28T18:11:00+03:00,13099.5,13104.0,13094.5,13094.5,1062
MOEX:PLZL,2021-12-28T18:12:00+03:00,13091.5,13091.5,13078.0,13084.0,136
MOEX:PLZL,2021-12-28T18:13:00+03:00,13090.0,13090.0,13084.0,13090.0,56
MOEX:PLZL,2021-12-28T18:14:00+03:00,13086.0,13089.0,13085.5,13089.0,36
MOEX:PLZL,2021-12-28T18:15:00+03:00,13084.0,13084.0,13081.0,13081.0,49
MOEX:PLZL,2021-12-28T18:16:00+03:00,13074.5,13074.5,13072.0,13072.0,44
MOEX:PLZL,2021-12-28T18:17:00+03:00,13077.5,13077.5,13072.0,13072.0,107
MOEX:PLZL,2021-12-28T18:18:00+03:00,13078.0,13078.0,13072.5,13072.5,97
MOEX:PLZL,2021-12-28T18:19:00+03:00,13071.5,13082.5,13065.0,13075.0,398
MOEX:PLZL,2021-12-28T18:20:00+03:00,13075.0,13085.0,13075.0,13083.5,488
MOEX:PLZL,2021-12-28T18:21:00+03:00,13090.0,13100.0,13090.0,13099.5,638
MOEX:PLZL,2021-12-28T18:22:00+03:00,13100.0,13100.0,13092.5,13092.5,514
MOEX:PLZL,2021-12-28T18:23:00+03:00,13092.0,13100.0,13091.0,13096.0,541
MOEX:PLZL,2021-12-28T18:24:00+03:00,13097.0,13100.0,13096.0,13098.0,291
MOEX:PLZL,2021-12-28T18:25:00+03:00,13097.5,13097.5,13093.0,13093.0,66
MOEX:PLZL,2021-12-28T18:26:00+03:00,13093.0,13098.0,13091.5,13093.0,174
MOEX:PLZL,2021-12-28T18:27:00+03:00,13091.0,13098.5,13091.0,13091.5,76
MOEX:PLZL,2021-12-28T18:28:00+03:00,13092.5,13099.0,13092.0,13098.0,63
MOEX:PLZL,2021-12-28T18:29:00+03:00,13098.0,13098.5,13091.0,13091.0,159
MOEX:PLZL,2021-12-28T18:30:00+03:00,13090.0,13091.0,13085.0,13085.0,422
MOEX:PLZL,2021-12-28T18:31:00+03:00,13086.0,13088.5,13082.0,13083.5,422
MOEX:PLZL,2021-12-28T18:32:00+03:00,13085.0,13085.0,13080.5,13084.5,166
MOEX:PLZL,2021-12-28T18:33:00+03:00,13082.5,13082.5,13080.0,13080.0,65
MOEX:PLZL,2021-12-28T18:34:00+03:00,13080.0,13082.5,13080.0,13080.0,46
MOEX:PLZL,2021-12-28T18:35:00+03:00,13082.0,13082.0,13076.5,13076.5,128
MOEX:PLZL,2021-12-28T18:36:00+03:00,13076.0,13076.0,13057.5,13068.5,180
MOEX:PLZL,2021-12-28T18:37:00+03:00,13061.0,13075.0,13059.0,13075.0,249
MOEX:PLZL,2021-12-28T18:38:00+03:00,13074.5,13074.5,13068.5,13068.5,103
MOEX:PLZL,2021-12-28T18:39:00+03:00,13069.0,13074.0,13066.0,13072.0,245
MOEX:PLZL,2021-12-28T18:45:00+03:00,13096.0,13096.0,13096.0,13096.0,4093
MOEX:PLZL,2021-12-28T18:49:00+03:00,13096.0,13096.0,13096.0,13096.0,380
MOEX:PLZL,2021-12-28T19:04:00+03:00,13050.0,13050.0,13050.0,13050.0,16
MOEX:PLZL,2021-12-28T19:05:00+03:00,13050.0,13081.5,13020.0,13043.0,399
MOEX:PLZL,2021-12-28T19:06:00+03:00,13042.0,13048.5,13035.5,13048.5,33
MOEX:PLZL,2021-12-28T19:07:00+03:00,13037.0,13037.0,13025.5,13026.5,19
MOEX:PLZL,2021-12-28T19:08:00+03:00,13041.5,13041.5,13030.5,13035.5,37
MOEX:PLZL,2021-12-28T19:09:00+03:00,13039.5,13059.5,13039.5,13059.0,217
MOEX:PLZL,2021-12-28T19:11:00+03:00,13058.0,13058.0,13058.0,13058.0,4
MOEX:PLZL,2021-12-28T19:12:00+03:00,13045.0,13057.5,13045.0,13057.5,8
MOEX:PLZL,2021-12-28T19:13:00+03:00,13050.0,13057.5,13050.0,13057.5,7
MOEX:PLZL,2021-12-28T19:14:00+03:00,13048.0,13048.5,13029.0,13036.0,518
MOEX:PLZL,2021-12-28T19:15:00+03:00,13035.5,13038.5,13027.5,13038.0,64
MOEX:PLZL,2021-12-28T19:16:00+03:00,13037.5,13038.5,13037.5,13038.5,27
MOEX:PLZL,2021-12-28T19:17:00+03:00,13038.0,13038.0,13024.0,13035.0,269
MOEX:PLZL,2021-12-28T19:18:00+03:00,13026.0,13033.5,13024.5,13033.5,73
MOEX:PLZL,2021-12-28T19:19:00+03:00,13025.0,13033.5,13024.0,13026.0,132
MOEX:PLZL,2021-12-28T19:20:00+03:00,13024.0,13024.0,13024.0,13024.0,2
MOEX:PLZL,2021-12-28T19:21:00+03:00,13022.0,13032.5,13021.0,13021.0,33
MOEX:PLZL,2021-12-28T19:22:00+03:00,13029.0,13038.0,13022.5,13025.5,181
MOEX:PLZL,2021-12-28T19:23:00+03:00,13038.0,13044.5,13029.0,13044.5,72
MOEX:PLZL,2021-12-28T19:24:00+03:00,13033.5,13033.5,13033.0,13033.0,25
MOEX:PLZL,2021-12-28T19:26:00+03:00,13044.0,13044.0,13044.0,13044.0,2
MOEX:PLZL,2021-12-28T19:27:00+03:00,13044.0,13044.0,13034.0,13034.0,8
MOEX:PLZL,2021-12-28T19:28:00+03:00,13043.5,13047.0,13037.0,13037.0,59
MOEX:PLZL,2021-12-28T19:29:00+03:00,13037.0,13037.0,13035.0,13035.0,40
MOEX:PLZL,2021-12-28T19:30:00+03:00,13035.5,13046.0,13035.5,13046.0,5
MOEX:PLZL,2021-12-28T19:31:00+03:00,13035.5,13045.5,13035.0,13035.0,20
MOEX:PLZL,2021-12-28T19:32:00+03:00,13043.0,13043.0,13034.0,13034.0,3
MOEX:PLZL,2021-12-28T19:33:00+03:00,13042.5,13042.5,13030.0,13030.0,25
MOEX:PLZL,2021-12-28T19:34:00+03:00,13032.0,13037.0,13032.0,13037.0,9
MOEX:PLZL,2021-12-28T19:35:00+03:00,13037.0,13040.0,13029.0,13040.0,22
MOEX:PLZL,2021-12-28T19:36:00+03:00,13040.0,13040.0,13030.0,13030.0,2
MOEX:PLZL,2021-12-28T19:37:00+03:00,13037.5,13037.5,13029.0,13037.5,9
MOEX:PLZL,2021-12-28T19:38:00+03:00,13036.0,13037.0,13027.0,13027.0,65
MOEX:PLZL,2021-12-28T19:39:00+03:00,13026.0,13026.0,13026.0,13026.0,1
MOEX:PLZL,2021-12-28T19:40:00+03:00,13036.5,13037.0,13020.0,13020.0,96
MOEX:PLZL,2021-12-28T19:41:00+03:00,13021.0,13021.0,13021.0,13021.0,11
MOEX:PLZL,2021-12-28T19:42:00+03:00,13033.0,13039.5,13033.0,13039.0,85
MOEX:PLZL,2021-12-28T19:43:00+03:00,13036.0,13036.0,13036.0,13036.0,14
MOEX:PLZL,2021-12-28T19:45:00+03:00,13035.5,13037.0,13035.5,13037.0,24
MOEX:PLZL,2021-12-28T19:47:00+03:00,13037.5,13037.5,13037.5,13037.5,1
MOEX:PLZL,2021-12-28T19:48:00+03:00,13037.0,13037.0,13030.0,13030.0,4
MOEX:PLZL,2021-12-28T19:49:00+03:00,13037.5,13037.5,13030.0,13037.5,23
MOEX:PLZL,2021-12-28T19:51:00+03:00,13038.0,13045.0,13038.0,13045.0,52
MOEX:PLZL,2021-12-28T19:52:00+03:00,13039.0,13039.0,13039.0,13039.0,4
MOEX:PLZL,2021-12-28T19:53:00+03:00,13044.5,13046.0,13044.5,13045.0,22
MOEX:PLZL,2021-12-28T19:54:00+03:00,13045.0,13047.0,13045.0,13047.0,16
MOEX:PLZL,2021-12-28T19:55:00+03:00,13047.0,13047.0,13045.5,13045.5,20
MOEX:PLZL,2021-12-28T19:56:00+03:00,13039.0,13045.0,13039.0,13045.0,15
MOEX:PLZL,2021-12-28T19:57:00+03:00,13037.5,13045.5,13036.0,13036.0,106
MOEX:PLZL,2021-12-28T19:58:00+03:00,13047.5,13048.5,13036.0,13047.0,30
MOEX:PLZL,2021-12-28T19:59:00+03:00,13036.0,13036.0,13036.0,13036.0,9
MOEX:PLZL,2021-12-28T20:00:00+03:00,13046.0,13046.0,13035.0,13035.0,16
MOEX:PLZL,2021-12-28T20:01:00+03:00,13035.5,13035.5,13035.0,13035.0,4
MOEX:PLZL,2021-12-28T20:02:00+03:00,13035.0,13038.0,13035.0,13038.0,10
MOEX:PLZL,2021-12-28T20:03:00+03:00,13043.0,13045.0,13043.0,13045.0,5
MOEX:PLZL,2021-12-28T20:04:00+03:00,13035.5,13035.5,13035.5,13035.5,2
MOEX:PLZL,2021-12-28T20:06:00+03:00,13036.0,13045.0,13029.0,13029.0,113
MOEX:PLZL,2021-12-28T20:07:00+03:00,13043.5,13043.5,13043.5,13043.5,20
MOEX:PLZL,2021-12-28T20:08:00+03:00,13042.0,13042.0,13042.0,13042.0,4
MOEX:PLZL,2021-12-28T20:09:00+03:00,13043.0,13048.5,13043.0,13048.5,8
MOEX:PLZL,2021-12-28T20:10:00+03:00,13043.0,13043.0,13043.0,13043.0,9
MOEX:PLZL,2021-12-28T20:11:00+03:00,13043.0,13043.0,13043.0,13043.0,3
MOEX:PLZL,2021-12-28T20:12:00+03:00,13043.0,13053.0,13043.0,13043.0,22
MOEX:PLZL,2021-12-28T20:13:00+03:00,13043.0,13043.0,13043.0,13043.0,4
MOEX:PLZL,2021-12-28T20:14:00+03:00,13050.0,13050.0,13043.0,13043.0,15
MOEX:PLZL,2021-12-28T20:15:00+03:00,13043.0,13043.0,13033.5,13036.5,39
MOEX:PLZL,2021-12-28T20:16:00+03:00,13036.5,13046.5,13036.5,13046.5,2
MOEX:PLZL,2021-12-28T20:17:00+03:00,13037.5,13046.5,13037.5,13046.5,2
MOEX:PLZL,2021-12-28T20:18:00+03:00,13047.0,13047.0,13047.0,13047.0,5
MOEX:PLZL,2021-12-28T20:20:00+03:00,13050.0,13054.5,13040.5,13040.5,22
MOEX:PLZL,2021-12-28T20:21:00+03:00,13041.0,13049.0,13040.0,13049.0,8
MOEX:PLZL,2021-12-28T20:25:00+03:00,13038.5,13038.5,13038.5,13038.5,1
MOEX:PLZL,2021-12-28T20:26:00+03:00,13038.5,13038.5,13038.5,13038.5,14
MOEX:PLZL,2021-12-28T20:27:00+03:00,13037.0,13037.0,13037.0,13037.0,1
MOEX:PLZL,2021-12-28T20:28:00+03:00,13037.0,13037.0,13037.0,13037.0,2
MOEX:PLZL,2021-12-28T20:29:00+03:00,13031.5,13035.0,13031.5,13031.5,35
MOEX:PLZL,2021-12-28T20:30:00+03:00,13031.5,13044.0,13031.5,13033.5,12
MOEX:PLZL,2021-12-28T20:31:00+03:00,13031.5,13038.5,13031.5,13031.5,97
MOEX:PLZL,2021-12-28T20:32:00+03:00,13031.5,13031.5,13028.0,13031.5,36
MOEX:PLZL,2021-12-28T20:33:00+03:00,13027.0,13027.0,13020.0,13020.0,59
MOEX:PLZL,2021-12-28T20:34:00+03:00,13020.0,13020.0,13013.0,13013.0,34
MOEX:PLZL,2021-12-28T20:35:00+03:00,13018.0,13025.5,13018.0,13025.5,17
MOEX:PLZL,2021-12-28T20:36:00+03:00,13018.0,13026.0,13014.5,13025.0,50
MOEX:PLZL,2021-12-28T20:37:00+03:00,13025.0,13028.0,13020.0,13020.0,22
MOEX:PLZL,2021-12-28T20:38:00+03:00,13019.0,13020.0,13019.0,13020.0,13
MOEX:PLZL,2021-12-28T20:39:00+03:00,13020.0,13020.0,13020.0,13020.0,2
MOEX:PLZL,2021-12-28T20:40:00+03:00,13024.0,13024.0,13015.0,13015.0,105
MOEX:PLZL,2021-12-28T20:41:00+03:00,13015.5,13015.5,13015.5,13015.5,1
MOEX:PLZL,2021-12-28T20:42:00+03:00,13029.0,13029.5,13016.0,13029.5,34
MOEX:PLZL,2021-12-28T20:43:00+03:00,13029.5,13029.5,13029.5,13029.5,4
MOEX:PLZL,2021-12-28T20:44:00+03:00,13025.0,13025.0,13025.0,13025.0,5
MOEX:PLZL,2021-12-28T20:45:00+03:00,13029.5,13029.5,13029.5,13029.5,8
MOEX:PLZL,2021-12-28T20:46:00+03:00,13019.5,13019.5,13019.0,13019.0,7
MOEX:PLZL,2021-12-28T20:47:00+03:00,13018.0,13027.5,13017.0,13017.0,13
MOEX:PLZL,2021-12-28T20:48:00+03:00,13026.0,13026.0,13016.0,13025.0,23
MOEX:PLZL,2021-12-28T20:49:00+03:00,13025.0,13025.0,13017.5,13017.5,20
MOEX:PLZL,2021-12-28T20:50:00+03:00,13017.0,13017.0,13017.0,13017.0,8
MOEX:PLZL,2021-12-28T20:51:00+03:00,13020.0,13020.0,13015.0,13016.0,34
MOEX:PLZL,2021-12-28T20:52:00+03:00,13017.0,13017.0,13015.0,13015.0,54
MOEX:PLZL,2021-12-28T20:53:00+03:00,13018.5,13024.0,13018.5,13024.0,21
MOEX:PLZL,2021-12-28T20:55:00+03:00,13018.5,13021.5,13018.5,13021.5,25
MOEX:PLZL,2021-12-28T20:56:00+03:00,13018.5,13020.0,13015.5,13015.5,133
MOEX:PLZL,2021-12-28T20:57:00+03:00,13015.0,13015.0,13015.0,13015.0,20
MOEX:PLZL,2021-12-28T20:58:00+03:00,13013.0,13013.0,13013.0,13013.0,11
MOEX:PLZL,2021-12-28T20:59:00+03:00,13015.5,13015.5,13013.0,13013.0,22
MOEX:PLZL,2021-12-28T21:00:00+03:00,13015.0,13017.0,13015.0,13015.0,62
MOEX:PLZL,2021-12-28T21:01:00+03:00,13015.0,13015.0,13010.5,13010.5,62
MOEX:PLZL,2021-12-28T21:02:00+03:00,13010.5,13010.5,13010.0,13010.0,7
MOEX:PLZL,2021-12-28T21:03:00+03:00,13009.0,13014.5,13009.0,13009.5,43
MOEX:PLZL,2021-12-28T21:04:00+03:00,13010.0,13010.0,13010.0,13010.0,42
MOEX:PLZL,2021-12-28T21:05:00+03:00,13010.0,13010.0,13010.0,13010.0,32
MOEX:PLZL,2021-12-28T21:06:00+03:00,13009.5,13009.5,13009.5,13009.5,11
MOEX:PLZL,2021-12-28T21:07:00+03:00,13010.0,13010.0,13010.0,13010.0,52
MOEX:PLZL,2021-12-28T21:08:00+03:00,13010.0,13011.0,13010.0,13010.5,118
MOEX:PLZL,2021-12-28T21:09:00+03:00,13020.0,13023.5,13010.0,13010.0,14
MOEX:PLZL,2021-12-28T21:10:00+03:00,13022.5,13022.5,13010.0,13019.0,26
MOEX:PLZL,2021-12-28T21:11:00+03:00,13010.0,13010.0,13010.0,13010.0,1
MOEX:PLZL,2021-12-28T21:12:00+03:00,13010.0,13019.0,13009.5,13010.5,65
MOEX:PLZL,2021-12-28T21:13:00+03:00,13011.0,13011.0,13010.5,13010.5,63
MOEX:PLZL,2021-12-28T21:14:00+03:00,13010.5,13010.5,13009.0,13009.0,42
MOEX:PLZL,2021-12-28T21:15:00+03:00,13009.0,13010.5,13009.0,13010.5,2
MOEX:PLZL,2021-12-28T21:16:00+03:00,13010.0,13010.0,12990.0,13003.0,542
MOEX:PLZL,2021-12-28T21:17:00+03:00,13003.0,13003.0,13000.0,13000.0,35
MOEX:PLZL,2021-12-28T21:18:00+03:00,13007.5,13009.0,12992.0,12992.0,121
MOEX:PLZL,2021-12-28T21:19:00+03:00,12993.5,13003.5,12993.5,13003.5,52
MOEX:PLZL,2021-12-28T21:20:00+03:00,13000.0,13000.0,12989.0,12989.0,606
MOEX:PLZL,2021-12-28T21:21:00+03:00,12997.5,12998.0,12988.0,12988.0,17
MOEX:PLZL,2021-12-28T21:22:00+03:00,12995.0,12998.5,12995.0,12998.5,8
MOEX:PLZL,2021-12-28T21:23:00+03:00,12996.5,12996.5,12992.0,12995.0,46
MOEX:PLZL,2021-12-28T21:24:00+03:00,12995.0,12995.0,12988.5,12992.5,8
MOEX:PLZL,2021-12-28T21:25:00+03:00,12991.5,12991.5,12991.5,12991.5,3
MOEX:PLZL,2021-12-28T21:26:00+03:00,12991.5,12991.5,12988.0,12988.0,6
MOEX:PLZL,2021-12-28T21:27:00+03:00,12988.0,12988.0,12988.0,12988.0,2
MOEX:PLZL,2021-12-28T21:28:00+03:00,12991.5,12995.0,12991.5,12995.0,20
MOEX:PLZL,2021-12-28T21:29:00+03:00,12990.0,12999.0,12990.0,12999.0,40
MOEX:PLZL,2021-12-28T21:30:00+03:00,12995.0,12999.0,12995.0,12999.0,20
MOEX:PLZL,2021-12-28T21:31:00+03:00,12991.0,12998.5,12988.0,12988.0,275
MOEX:PLZL,2021-12-28T21:32:00+03:00,12987.5,12997.5,12987.5,12996.5,49
MOEX:PLZL,2021-12-28T21:33:00+03:00,12997.5,12999.0,12990.0,12999.0,139
MOEX:PLZL,2021-12-28T21:34:00+03:00,12999.0,13000.0,12990.5,12990.5,88
MOEX:PLZL,2021-12-28T21:35:00+03:00,12990.5,12999.0,12990.0,12998.5,126
MOEX:PLZL,2021-12-28T21:36:00+03:00,12990.0,12990.0,12988.0,12988.0,23
MOEX:PLZL,2021-12-28T21:38:00+03:00,12988.0,12988.0,12988.0,12988.0,15
MOEX:PLZL,2021-12-28T21:39:00+03:00,12988.0,12988.0,12985.0,12985.0,64
MOEX:PLZL,2021-12-28T21:40:00+03:00,12982.0,12982.0,12948.0,12954.0,1612
MOEX:PLZL,2021-12-28T21:41:00+03:00,12954.0,12968.0,12954.0,12968.0,115
MOEX:PLZL,2021-12-28T21:43:00+03:00,12978.0,12984.5,12974.5,12974.5,14
MOEX:PLZL,2021-12-28T21:44:00+03:00,12981.5,12981.5,12981.5,12981.5,1
MOEX:PLZL,2021-12-28T21:45:00+03:00,12981.5,12986.5,12981.5,12986.5,31
MOEX:PLZL,2021-12-28T21:46:00+03:00,12972.0,12978.0,12970.0,12970.0,31
MOEX:PLZL,2021-12-28T21:47:00+03:00,12978.0,12980.0,12971.5,12980.0,23
MOEX:PLZL,2021-12-28T21:48:00+03:00,12975.0,12980.0,12968.5,12970.0,117
MOEX:PLZL,2021-12-28T21:49:00+03:00,12970.0,12970.0,12966.0,12966.0,136
MOEX:PLZL,2021-12-28T21:50:00+03:00,12970.0,12970.0,12970.0,12970.0,19
MOEX:PLZL,2021-12-28T21:51:00+03:00,12968.0,12970.0,12962.0,12965.0,70
MOEX:PLZL,2021-12-28T21:52:00+03:00,12965.0,12965.0,12960.0,12960.0,11
MOEX:PLZL,2021-12-28T21:53:00+03:00,12963.0,12965.0,12960.0,12965.0,44
MOEX:PLZL,2021-12-28T21:54:00+03:00,12965.0,12980.0,12965.0,12980.0,101
MOEX:PLZL,2021-12-28T21:55:00+03:00,12980.0,12990.5,12980.0,12988.5,41
MOEX:PLZL,2021-12-28T21:56:00+03:00,12988.5,12988.5,12980.0,12987.0,109
MOEX:PLZL,2021-12-28T21:57:00+03:00,12986.5,12986.5,12974.5,12974.5,373
MOEX:PLZL,2021-12-28T21:58:00+03:00,12975.0,12975.0,12970.0,12974.5,123
MOEX:PLZL,2021-12-28T21:59:00+03:00,12970.0,12975.0,12970.0,12975.0,226
MOEX:PLZL,2021-12-28T22:00:00+03:00,12984.0,12987.5,12984.0,12987.5,16
MOEX:PLZL,2021-12-28T22:01:00+03:00,12984.0,12994.5,12984.0,12994.5,16
MOEX:PLZL,2021-12-28T22:02:00+03:00,12994.0,12994.0,12984.0,12994.0,49
MOEX:PLZL,2021-12-28T22:03:00+03:00,12994.5,12994.5,12994.5,12994.5,2
MOEX:PLZL,2021-12-28T22:04:00+03:00,12984.0,12984.0,12984.0,12984.0,24
MOEX:PLZL,2021-12-28T22:05:00+03:00,12994.5,12994.5,12994.0,12994.0,7
MOEX:PLZL,2021-12-28T22:06:00+03:00,12995.0,12995.0,12984.0,12995.0,4
MOEX:PLZL,2021-12-28T22:08:00+03:00,12984.0,12984.0,12984.0,12984.0,3
MOEX:PLZL,2021-12-28T22:09:00+03:00,12990.0,12990.0,12990.0,12990.0,4
MOEX:PLZL,2021-12-28T22:10:00+03:00,12988.0,12988.0,12988.0,12988.0,2
MOEX:PLZL,2021-12-28T22:11:00+03:00,12990.0,12990.0,12984.0,12984.0,6
MOEX:PLZL,2021-12-28T22:12:00+03:00,12990.0,12997.0,12990.0,12997.0,94
MOEX:PLZL,2021-12-28T22:13:00+03:00,13000.0,13008.5,13000.0,13008.5,448
MOEX:PLZL,2021-12-28T22:17:00+03:00,13005.0,13010.0,13000.0,13010.0,113
MOEX:PLZL,2021-12-28T22:18:00+03:00,13010.5,13010.5,13000.5,13000.5,10
MOEX:PLZL,2021-12-28T22:19:00+03:00,13010.5,13013.0,13006.0,13006.0,15
MOEX:PLZL,2021-12-28T22:20:00+03:00,13010.0,13010.0,13010.0,13010.0,1
MOEX:PLZL,2021-12-28T22:21:00+03:00,13014.5,13014.5,13014.5,13014.5,3
MOEX:PLZL,2021-12-28T22:22:00+03:00,13010.0,13014.0,13006.0,13014.0,6
MOEX:PLZL,2021-12-28T22:24:00+03:00,13014.0,13014.0,13014.0,13014.0,9
MOEX:PLZL,2021-12-28T22:25:00+03:00,13012.5,13012.5,13012.5,13012.5,2
MOEX:PLZL,2021-12-28T22:26:00+03:00,13006.0,13012.5,13005.5,13012.5,33
MOEX:PLZL,2021-12-28T22:27:00+03:00,13006.0,13006.0,13005.0,13005.0,231
MOEX:PLZL,2021-12-28T22:28:00+03:00,13005.0,13005.0,12997.0,12997.0,104
MOEX:PLZL,2021-12-28T22:29:00+03:00,13000.0,13005.0,13000.0,13005.0,100
MOEX:PLZL,2021-12-28T22:30:00+03:00,12998.5,13004.5,12994.0,12995.0,13
MOEX:PLZL,2021-12-28T22:32:00+03:00,12992.0,12992.0,12992.0,12992.0,1
MOEX:PLZL,2021-12-28T22:33:00+03:00,13003.0,13003.0,13003.0,13003.0,5
MOEX:PLZL,2021-12-28T22:34:00+03:00,12993.5,12995.0,12993.5,12995.0,5
MOEX:PLZL,2021-12-28T22:35:00+03:00,12993.5,12993.5,12993.5,12993.5,2
MOEX:PLZL,2021-12-28T22:37:00+03:00,12993.5,12994.5,12991.0,12994.5,3
MOEX:PLZL,2021-12-28T22:39:00+03:00,12992.5,12992.5,12992.5,12992.5,3
MOEX:PLZL,2021-12-28T22:40:00+03:00,12992.5,12992.5,12992.5,12992.5,1
MOEX:PLZL,2021-12-28T22:41:00+03:00,12993.0,12993.0,12993.0,12993.0,2
MOEX:PLZL,2021-12-28T22:43:00+03:00,12991.0,12991.0,12990.5,12990.5,3
MOEX:PLZL,2021-12-28T22:45:00+03:00,12993.0,12993.0,12993.0,12993.0,36
MOEX:PLZL,2021-12-28T22:47:00+03:00,12993.5,12993.5,12993.0,12993.0,20
MOEX:PLZL,2021-12-28T22:49:00+03:00,12998.5,12998.5,12992.5,12992.5,15
MOEX:PLZL,2021-12-28T22:51:00+03:00,12990.5,12996.5,12990.5,12996.5,3
MOEX:PLZL,2021-12-28T22:53:00+03:00,12991.0,12997.5,12991.0,12997.5,5
MOEX:PLZL,2021-12-28T22:54:00+03:00,12990.5,12990.5,12990.5,12990.5,2
MOEX:PLZL,2021-12-28T22:55:00+03:00,12991.0,12991.0,12991.0,12991.0,3
MOEX:PLZL,2021-12-28T22:56:00+03:00,12998.0,13005.0,12998.0,13005.0,100
MOEX:PLZL,2021-12-28T23:00:00+03:00,12993.5,12993.5,12993.0,12993.0,20
MOEX:PLZL,2021-12-28T23:03:00+03:00,12993.5,12993.5,12993.5,12993.5,3
MOEX:PLZL,2021-12-28T23:04:00+03:00,13000.0,13000.0,12988.0,12988.0,92
MOEX:PLZL,2021-12-28T23:06:00+03:00,13000.5,13000.5,13000.5,13000.5,2
MOEX:PLZL,2021-12-28T23:07:00+03:00,12990.5,13001.5,12990.0,13001.5,87
MOEX:PLZL,2021-12-28T23:09:00+03:00,13001.5,13001.5,13001.5,13001.5,11
MOEX:PLZL,2021-12-28T23:10:00+03:00,13004.0,13004.0,12983.5,12983.5,483
MOEX:PLZL,2021-12-28T23:11:00+03:00,12985.5,12985.5,12985.5,12985.5,19
MOEX:PLZL,2021-12-28T23:12:00+03:00,13000.5,13000.5,12985.5,12985.5,22
MOEX:PLZL,2021-12-28T23:13:00+03:00,12985.5,12992.5,12979.5,12990.0,161
MOEX:PLZL,2021-12-28T23:14:00+03:00,12990.0,12990.0,12990.0,12990.0,2
MOEX:PLZL,2021-12-28T23:15:00+03:00,12980.0,12985.5,12979.5,12979.5,16
MOEX:PLZL,2021-12-28T23:16:00+03:00,12977.5,12984.0,12976.0,12984.0,31
MOEX:PLZL,2021-12-28T23:17:00+03:00,12976.0,12980.0,12976.0,12976.5,14
MOEX:PLZL,2021-12-28T23:19:00+03:00,12977.0,12977.0,12975.0,12975.0,100
MOEX:PLZL,2021-12-28T23:20:00+03:00,12985.5,12985.5,12975.0,12975.0,8
MOEX:PLZL,2021-12-28T23:21:00+03:00,12978.0,12988.0,12975.0,12988.0,56
MOEX:PLZL,2021-12-28T23:22:00+03:00,12975.5,12990.0,12975.0,12990.0,149
MOEX:PLZL,2021-12-28T23:23:00+03:00,12988.5,12993.5,12988.0,12988.0,114
MOEX:PLZL,2021-12-28T23:24:00+03:00,12975.5,12975.5,12975.0,12975.0,15
MOEX:PLZL,2021-12-28T23:25:00+03:00,12978.5,12978.5,12975.0,12978.5,45
MOEX:PLZL,2021-12-28T23:26:00+03:00,12975.0,12996.5,12975.0,12985.0,216
MOEX:PLZL,2021-12-28T23:27:00+03:00,12985.0,12997.0,12979.5,12979.5,80
MOEX:PLZL,2021-12-28T23:28:00+03:00,12979.5,12980.5,12979.5,12979.5,46
MOEX:PLZL,2021-12-28T23:29:00+03:00,12988.5,12991.5,12970.5,12970.5,18
MOEX:PLZL,2021-12-28T23:30:00+03:00,12979.0,12979.5,12970.0,12970.0,157
MOEX:PLZL,2021-12-28T23:31:00+03:00,12978.0,12978.0,12970.0,12978.0,19
MOEX:PLZL,2021-12-28T23:32:00+03:00,12970.0,12978.0,12969.0,12978.0,66
MOEX:PLZL,2021-12-28T23:33:00+03:00,12966.0,12970.0,12966.0,12970.0,63
MOEX:PLZL,2021-12-28T23:34:00+03:00,12977.5,12978.0,12970.0,12970.0,66
MOEX:PLZL,2021-12-28T23:35:00+03:00,12969.5,12970.0,12966.0,12966.0,245
MOEX:PLZL,2021-12-28T23:36:00+03:00,12966.5,12979.0,12966.0,12979.0,157
MOEX:PLZL,2021-12-28T23:37:00+03:00,12975.0,12975.0,12965.0,12965.0,36
MOEX:PLZL,2021-12-28T23:38:00+03:00,12965.0,12965.0,12965.0,12965.0,20
MOEX:PLZL,2021-12-28T23:39:00+03:00,12965.5,12965.5,12965.0,12965.0,74
MOEX:PLZL,2021-12-28T23:40:00+03:00,12966.0,12966.0,12964.5,12964.5,155
MOEX:PLZL,2021-12-28T23:41:00+03:00,12965.0,12965.0,12965.0,12965.0,100
MOEX:PLZL,2021-12-28T23:42:00+03:00,12965.5,12965.5,12964.0,12964.0,61
MOEX:PLZL,2021-12-28T23:43:00+03:00,12964.5,12965.0,12963.5,12965.0,137
MOEX:PLZL,2021-12-28T23:44:00+03:00,12964.0,12964.0,12964.0,12964.0,3
MOEX:PLZL,2021-12-28T23:45:00+03:00,12964.0,12964.0,12963.5,12964.0,155
MOEX:PLZL,2021-12-28T23:46:00+03:00,12964.0,12964.0,12952.0,12952.0,458
MOEX:PLZL,2021-12-28T23:47:00+03:00,12952.0,12962.5,12951.0,12952.0,77
MOEX:PLZL,2021-12-28T23:48:00+03:00,12952.0,12953.0,12951.5,12951.5,41
MOEX:PLZL,2021-12-28T23:49:00+03:00,12958.0,12963.0,12951.5,12960.5,78
