MOEX:SBER,2023-04-26T10:00:00+03:00,235.55,235.60,235.35,235.36,14061
MOEX:SBER,2023-04-26T10:01:00+03:00,235.37,235.74,235.35,235.63,14714
MOEX:SBER,2023-04-26T10:02:00+03:00,235.64,235.95,235.57,235.81,39700
MOEX:SBER,2023-04-26T10:03:00+03:00,235.80,235.80,235.41,235.54,17942
MOEX:SBER,2023-04-26T10:04:00+03:00,235.53,235.65,235.50,235.57,6298
MOEX:SBER,2023-04-26T10:05:00+03:00,235.55,235.59,235.04,235.16,26518
MOEX:SBER,2023-04-26T10:06:00+03:00,235.15,235.30,235.09,235.27,13293
MOEX:SBER,2023-04-26T10:07:00+03:00,235.27,235.34,235.27,235.28,3137
MOEX:SBER,2023-04-26T10:08:00+03:00,235.27,235.41,235.27,235.27,4177
MOEX:SBER,2023-04-26T10:09:00+03:00,235.27,235.29,235.21,235.22,3321
MOEX:SBER,2023-04-26T10:10:00+03:00,235.22,235.35,235.21,235.33,4668
MOEX:SBER,2023-04-26T10:11:00+03:00,235.33,235.36,235.19,235.29,8276
MOEX:SBER,2023-04-26T10:12:00+03:00,235.29,235.40,235.20,235.40,7307
MOEX:SBER,2023-04-26T10:13:00+03:00,235.40,235.45,235.39,235.45,1587
MOEX:SBER,2023-04-26T10:14:00+03:00,235.45,235.50,235.41,235.44,5630
MOEX:SBER,2023-04-26T10:15:00+03:00,235.44,235.50,235.41,235.49,7887
MOEX:SBER,2023-04-26T10:16:00+03:00,235.49,235.49,235.41,235.48,3580
MOEX:SBER,2023-04-26T10:17:00+03:00,235.47,235.47,235.41,235.44,2211
MOEX:SBER,2023-04-26T10:18:00+03:00,235.44,235.46,235.41,235.42,2157
MOEX:SBER,2023-04-26T10:19:00+03:00,235.44,235.46,235.22,235.26,7363
MOEX:SBER,2023-04-26T10:20:00+03:00,235.24,235.38,235.17,235.38,7796
MOEX:SBER,2023-04-26T10:21:00+03:00,235.38,235.50,235.38,235.48,17923
MOEX:SBER,2023-04-26T10:22:00+03:00,235.49,235.49,235.38,235.46,3443
MOEX:SBER,2023-04-26T10:23:00+03:00,235.46,235.52,235.45,235.50,10388
MOEX:SBER,2023-04-26T10:24:00+03:00,235.50,235.70,235.50,235.67,14701
MOEX:SBER,2023-04-26T10:25:00+03:00,235.66,235.78,235.59,235.59,8791
MOEX:SBER,2023-04-26T10:26:00+03:00,235.58,235.65,235.54,235.58,2162
MOEX:SBER,2023-04-26T10:27:00+03:00,235.58,235.58,235.42,235.43,5683
MOEX:SBER,2023-04-26T10:28:00+03:00,235.43,235.57,235.31,235.57,8249
MOEX:SBER,2023-04-26T10:29:00+03:00,235.58,235.60,235.55,235.55,3510
MOEX:SBER,2023-04-26T10:30:00+03:00,235.55,235.70,235.50,235.68,4871
MOEX:SBER,2023-04-26T10:31:00+03:00,235.67,235.67,235.55,235.56,3427
MOEX:SBER,2023-04-26T10:32:00+03:00,235.57,235.58,235.48,235.48,2449
MOEX:SBER,2023-04-26T10:33:00+03:00,235.48,235.54,235.42,235.44,3070
MOEX:SBER,2023-04-26T10:34:00+03:00,235.43,235.47,235.43,235.46,901
MOEX:SBER,2023-04-26T10:35:00+03:00,235.47,235.48,235.44,235.45,2180
MOEX:SBER,2023-04-26T10:36:00+03:00,235.45,235.58,235.44,235.56,4609
MOEX:SBER,2023-04-26T10:37:00+03:00,235.55,235.56,235.51,235.56,943
MOEX:SBER,2023-04-26T10:38:00+03:00,235.57,235.62,235.57,235.58,3866
MOEX:SBER,2023-04-26T10:39:00+03:00,235.58,235.61,235.55,235.59,3629
MOEX:SBER,2023-04-26T10:40:00+03:00,235.59,235.61,235.59,235.60,1196
MOEX:SBER,2023-04-26T10:41:00+03:00,235.60,235.61,235.58,235.59,1963
MOEX:SBER,2023-04-26T10:42:00+03:00,235.58,235.63,235.55,235.59,5435
MOEX:SBER,2023-04-26T10:43:00+03:00,235.59,235.65,235.58,235.65,2569
MOEX:SBER,2023-04-26T10:44:00+03:00,235.63,235.69,235.60,235.62,3262
MOEX:SBER,2023-04-26T10:45:00+03:00,235.62,235.64,235.59,235.62,2324
MOEX:SBER,2023-04-26T10:46:00+03:00,235.61,235.61,235.59,235.60,2573
MOEX:SBER,2023-04-26T10:47:00+03:00,235.61,235.61,235.52,235.52,1399
MOEX:SBER,2023-04-26T10:48:00+03:00,235.52,235.66,235.52,235.61,6537
MOEX:SBER,2023-04-26T10:49:00+03:00,235.58,235.61,235.26,235.36,14129
MOEX:SBER,2023-04-26T10:50:00+03:00,235.39,235.45,235.39,235.44,1181
MOEX:SBER,2023-04-26T10:51:00+03:00,235.44,235.50,235.36,235.36,4512
MOEX:SBER,2023-04-26T10:52:00+03:00,235.40,235.44,235.40,235.40,1041
MOEX:SBER,2023-04-26T10:53:00+03:00,235.40,235.40,235.31,235.31,1721
MOEX:SBER,2023-04-26T10:54:00+03:00,235.31,235.36,235.23,235.36,6256
MOEX:SBER,2023-04-26T10:55:00+03:00,235.36,235.36,235.20,235.27,10213
MOEX:SBER,2023-04-26T10:56:00+03:00,235.27,235.27,235.10,235.14,12168
MOEX:SBER,2023-04-26T10:57:00+03:00,235.14,235.20,235.14,235.19,1345
MOEX:SBER,2023-04-26T10:58:00+03:00,235.18,235.24,235.17,235.19,2211
MOEX:SBER,2023-04-26T10:59:00+03:00,235.19,235.20,235.15,235.17,4996
MOEX:SBER,2023-04-26T11:00:00+03:00,235.17,235.19,235.09,235.09,7441
MOEX:SBER,2023-04-26T11:01:00+03:00,235.08,235.14,235.07,235.08,2868
MOEX:SBER,2023-04-26T11:02:00+03:00,235.08,235.17,235.06,235.14,7336
MOEX:SBER,2023-04-26T11:03:00+03:00,235.14,235.16,235.12,235.14,1119
MOEX:SBER,2023-04-26T11:04:00+03:00,235.13,235.20,235.12,235.20,7329
MOEX:SBER,2023-04-26T11:05:00+03:00,235.20,235.20,235.11,235.18,1541
MOEX:SBER,2023-04-26T11:06:00+03:00,235.19,235.19,235.14,235.15,1786
MOEX:SBER,2023-04-26T11:07:00+03:00,235.16,235.20,235.16,235.19,2440
MOEX:SBER,2023-04-26T11:08:00+03:00,235.20,235.20,235.19,235.20,452
MOEX:SBER,2023-04-26T11:09:00+03:00,235.20,235.20,235.15,235.20,3264
MOEX:SBER,2023-04-26T11:10:00+03:00,235.20,235.20,235.18,235.19,2996
MOEX:SBER,2023-04-26T11:11:00+03:00,235.19,235.20,235.19,235.20,2307
MOEX:SBER,2023-04-26T11:12:00+03:00,235.20,235.20,235.15,235.19,2989
MOEX:SBER,2023-04-26T11:13:00+03:00,235.18,235.29,235.16,235.29,2572
MOEX:SBER,2023-04-26T11:14:00+03:00,235.29,235.35,235.28,235.35,4350
MOEX:SBER,2023-04-26T11:15:00+03:00,235.35,235.35,235.34,235.34,2375
MOEX:SBER,2023-04-26T11:16:00+03:00,235.35,235.35,235.32,235.32,3821
MOEX:SBER,2023-04-26T11:17:00+03:00,235.35,235.35,235.30,235.31,2476
MOEX:SBER,2023-04-26T11:18:00+03:00,235.31,235.35,235.30,235.34,4089
MOEX:SBER,2023-04-26T11:19:00+03:00,235.31,235.35,235.31,235.35,939
MOEX:SBER,2023-04-26T11:20:00+03:00,235.35,235.35,235.30,235.34,1569
MOEX:SBER,2023-04-26T11:21:00+03:00,235.34,235.35,235.31,235.33,531
MOEX:SBER,2023-04-26T11:22:00+03:00,235.33,235.35,235.30,235.35,1052
MOEX:SBER,2023-04-26T11:23:00+03:00,235.34,235.34,235.31,235.31,255
MOEX:SBER,2023-04-26T11:24:00+03:00,235.31,235.31,235.30,235.30,1539
MOEX:SBER,2023-04-26T11:25:00+03:00,235.30,235.30,235.29,235.30,872
MOEX:SBER,2023-04-26T11:26:00+03:00,235.29,235.31,235.26,235.31,2296
MOEX:SBER,2023-04-26T11:27:00+03:00,235.31,235.35,235.26,235.26,1894
MOEX:SBER,2023-04-26T11:28:00+03:00,235.25,235.33,235.24,235.24,2301
MOEX:SBER,2023-04-26T11:29:00+03:00,235.24,235.25,235.22,235.24,1076
MOEX:SBER,2023-04-26T11:30:00+03:00,235.24,235.25,235.15,235.20,1710
MOEX:SBER,2023-04-26T11:31:00+03:00,235.16,235.17,235.12,235.15,3068
MOEX:SBER,2023-04-26T11:32:00+03:00,235.15,235.22,235.12,235.21,4405
MOEX:SBER,2023-04-26T11:33:00+03:00,235.21,235.22,235.18,235.20,1361
MOEX:SBER,2023-04-26T11:34:00+03:00,235.20,235.22,235.12,235.16,3007
MOEX:SBER,2023-04-26T11:35:00+03:00,235.16,235.19,235.12,235.19,1267
MOEX:SBER,2023-04-26T11:36:00+03:00,235.19,235.20,235.12,235.12,3355
MOEX:SBER,2023-04-26T11:37:00+03:00,235.16,235.35,235.12,235.34,20392
MOEX:SBER,2023-04-26T11:38:00+03:00,235.34,235.35,235.26,235.30,9579
MOEX:SBER,2023-04-26T11:39:00+03:00,235.30,235.30,235.20,235.26,3716
MOEX:SBER,2023-04-26T11:40:00+03:00,235.26,235.30,235.21,235.29,1625
MOEX:SBER,2023-04-26T11:41:00+03:00,235.29,235.30,235.26,235.29,1472
MOEX:SBER,2023-04-26T11:42:00+03:00,235.29,235.30,235.28,235.30,844
MOEX:SBER,2023-04-26T11:43:00+03:00,235.30,235.30,235.24,235.30,3195
MOEX:SBER,2023-04-26T11:44:00+03:00,235.27,235.30,235.22,235.23,3308
MOEX:SBER,2023-04-26T11:45:00+03:00,235.23,235.24,235.22,235.24,377
MOEX:SBER,2023-04-26T11:46:00+03:00,235.26,235.26,235.24,235.26,175
MOEX:SBER,2023-04-26T11:47:00+03:00,235.26,235.28,235.25,235.28,773
MOEX:SBER,2023-04-26T11:48:00+03:00,235.28,235.30,235.26,235.29,3758
MOEX:SBER,2023-04-26T11:49:00+03:00,235.30,235.30,235.27,235.29,648
MOEX:SBER,2023-04-26T11:50:00+03:00,235.30,235.30,235.24,235.28,1672
MOEX:SBER,2023-04-26T11:51:00+03:00,235.28,235.29,235.24,235.27,315
MOEX:SBER,2023-04-26T11:52:00+03:00,235.27,235.29,235.26,235.27,349
MOEX:SBER,2023-04-26T11:53:00+03:00,235.29,235.30,235.29,235.30,3091
MOEX:SBER,2023-04-26T11:54:00+03:00,235.30,235.30,235.28,235.30,2742
MOEX:SBER,2023-04-26T11:55:00+03:00,235.29,235.30,235.23,235.29,2862
MOEX:SBER,2023-04-26T11:56:00+03:00,235.29,235.30,235.27,235.27,940
MOEX:SBER,2023-04-26T11:57:00+03:00,235.27,235.30,235.24,235.26,1535
MOEX:SBER,2023-04-26T11:58:00+03:00,235.26,235.30,235.26,235.26,632
MOEX:SBER,2023-04-26T11:59:00+03:00,235.29,235.30,235.25,235.28,2058
MOEX:SBER,2023-04-26T12:00:00+03:00,235.28,235.30,235.27,235.30,951
MOEX:SBER,2023-04-26T12:01:00+03:00,235.30,235.30,235.28,235.29,1042
MOEX:SBER,2023-04-26T12:02:00+03:00,235.29,235.29,235.21,235.27,3874
MOEX:SBER,2023-04-26T12:03:00+03:00,235.27,235.28,235.21,235.24,287
MOEX:SBER,2023-04-26T12:04:00+03:00,235.24,235.25,235.21,235.22,831
MOEX:SBER,2023-04-26T12:05:00+03:00,235.22,235.29,235.21,235.22,1939
MOEX:SBER,2023-04-26T12:06:00+03:00,235.22,235.22,235.21,235.21,642
MOEX:SBER,2023-04-26T12:07:00+03:00,235.21,235.23,235.20,235.21,802
MOEX:SBER,2023-04-26T12:08:00+03:00,235.22,235.23,235.18,235.19,4582
MOEX:SBER,2023-04-26T12:09:00+03:00,235.19,235.19,235.17,235.17,420
MOEX:SBER,2023-04-26T12:10:00+03:00,235.17,235.19,235.11,235.19,4394
MOEX:SBER,2023-04-26T12:11:00+03:00,235.20,235.20,235.18,235.19,1055
MOEX:SBER,2023-04-26T12:12:00+03:00,235.19,235.20,235.19,235.20,1198
MOEX:SBER,2023-04-26T12:13:00+03:00,235.20,235.20,235.18,235.20,2586
MOEX:SBER,2023-04-26T12:14:00+03:00,235.19,235.20,235.15,235.19,3059
MOEX:SBER,2023-04-26T12:15:00+03:00,235.19,235.19,235.17,235.19,982
MOEX:SBER,2023-04-26T12:16:00+03:00,235.19,235.20,235.15,235.20,928
MOEX:SBER,2023-04-26T12:17:00+03:00,235.19,235.19,235.11,235.16,4324
MOEX:SBER,2023-04-26T12:18:00+03:00,235.13,235.16,235.10,235.14,2598
MOEX:SBER,2023-04-26T12:19:00+03:00,235.16,235.17,235.12,235.14,438
MOEX:SBER,2023-04-26T12:20:00+03:00,235.16,235.17,235.12,235.13,398
MOEX:SBER,2023-04-26T12:21:00+03:00,235.13,235.13,235.03,235.03,15687
MOEX:SBER,2023-04-26T12:22:00+03:00,235.04,235.04,235.01,235.01,8540
MOEX:SBER,2023-04-26T12:23:00+03:00,235.02,235.03,235.00,235.00,13683
MOEX:SBER,2023-04-26T12:24:00+03:00,235.00,235.01,235.00,235.01,7427
MOEX:SBER,2023-04-26T12:25:00+03:00,235.01,235.08,235.00,235.05,13072
MOEX:SBER,2023-04-26T12:26:00+03:00,235.05,235.18,235.00,235.16,10820
MOEX:SBER,2023-04-26T12:27:00+03:00,235.16,235.18,235.11,235.18,3227
MOEX:SBER,2023-04-26T12:28:00+03:00,235.18,235.18,235.15,235.15,972
MOEX:SBER,2023-04-26T12:29:00+03:00,235.16,235.18,235.15,235.15,1359
MOEX:SBER,2023-04-26T12:30:00+03:00,235.15,235.18,235.13,235.16,888
MOEX:SBER,2023-04-26T12:31:00+03:00,235.16,235.18,235.13,235.17,2773
MOEX:SBER,2023-04-26T12:32:00+03:00,235.17,235.18,235.11,235.15,2219
MOEX:SBER,2023-04-26T12:33:00+03:00,235.15,235.18,235.13,235.16,1222
MOEX:SBER,2023-04-26T12:34:00+03:00,235.18,235.20,235.15,235.17,397
MOEX:SBER,2023-04-26T12:35:00+03:00,235.17,235.17,235.15,235.16,225
MOEX:SBER,2023-04-26T12:36:00+03:00,235.16,235.17,235.15,235.15,233
MOEX:SBER,2023-04-26T12:37:00+03:00,235.16,235.17,235.15,235.17,824
MOEX:SBER,2023-04-26T12:38:00+03:00,235.17,235.20,235.16,235.19,418
MOEX:SBER,2023-04-26T12:39:00+03:00,235.19,235.20,235.16,235.19,1359
MOEX:SBER,2023-04-26T12:40:00+03:00,235.19,235.20,235.19,235.20,3475
MOEX:SBER,2023-04-26T12:41:00+03:00,235.19,235.20,235.17,235.17,3429
MOEX:SBER,2023-04-26T12:42:00+03:00,235.17,235.17,235.10,235.10,2214
MOEX:SBER,2023-04-26T12:43:00+03:00,235.12,235.20,235.10,235.18,4942
MOEX:SBER,2023-04-26T12:44:00+03:00,235.19,235.20,235.16,235.19,388
MOEX:SBER,2023-04-26T12:45:00+03:00,235.19,235.20,235.16,235.20,443
MOEX:SBER,2023-04-26T12:46:00+03:00,235.19,235.20,235.19,235.19,2685
MOEX:SBER,2023-04-26T12:47:00+03:00,235.19,235.19,235.11,235.17,3838
MOEX:SBER,2023-04-26T12:48:00+03:00,235.16,235.17,235.15,235.16,1506
MOEX:SBER,2023-04-26T12:49:00+03:00,235.17,235.20,235.16,235.18,617
MOEX:SBER,2023-04-26T12:50:00+03:00,235.18,235.19,235.05,235.07,10958
MOEX:SBER,2023-04-26T12:51:00+03:00,235.07,235.15,235.05,235.10,3626
MOEX:SBER,2023-04-26T12:52:00+03:00,235.10,235.16,235.10,235.14,156
MOEX:SBER,2023-04-26T12:53:00+03:00,235.11,235.18,235.11,235.17,553
MOEX:SBER,2023-04-26T12:54:00+03:00,235.14,235.15,235.10,235.12,352
MOEX:SBER,2023-04-26T12:55:00+03:00,235.11,235.11,235.08,235.11,9372
MOEX:SBER,2023-04-26T12:56:00+03:00,235.10,235.10,235.00,235.00,34080
MOEX:SBER,2023-04-26T12:57:00+03:00,235.00,235.06,235.00,235.02,2428
MOEX:SBER,2023-04-26T12:58:00+03:00,235.02,235.20,235.02,235.08,9451
MOEX:SBER,2023-04-26T12:59:00+03:00,235.08,235.08,235.07,235.07,232
MOEX:SBER,2023-04-26T13:00:00+03:00,235.07,235.12,235.07,235.12,3694
MOEX:SBER,2023-04-26T13:01:00+03:00,235.11,235.17,235.11,235.15,1740
MOEX:SBER,2023-04-26T13:02:00+03:00,235.15,235.18,235.10,235.15,9767
MOEX:SBER,2023-04-26T13:03:00+03:00,235.15,235.17,235.14,235.15,995
MOEX:SBER,2023-04-26T13:04:00+03:00,235.15,235.17,235.15,235.15,1014
MOEX:SBER,2023-04-26T13:05:00+03:00,235.16,235.16,235.14,235.14,7797
MOEX:SBER,2023-04-26T13:06:00+03:00,235.14,235.15,235.10,235.12,3428
MOEX:SBER,2023-04-26T13:07:00+03:00,235.10,235.15,235.10,235.14,139
MOEX:SBER,2023-04-26T13:08:00+03:00,235.13,235.15,235.10,235.11,3089
MOEX:SBER,2023-04-26T13:09:00+03:00,235.11,235.12,235.10,235.12,348
MOEX:SBER,2023-04-26T13:10:00+03:00,235.12,235.17,235.11,235.17,7776
MOEX:SBER,2023-04-26T13:11:00+03:00,235.16,235.22,235.09,235.22,38952
MOEX:SBER,2023-04-26T13:12:00+03:00,235.22,235.22,235.20,235.22,300
MOEX:SBER,2023-04-26T13:13:00+03:00,235.21,235.28,235.20,235.24,5748
MOEX:SBER,2023-04-26T13:14:00+03:00,235.23,235.28,235.21,235.23,1018
MOEX:SBER,2023-04-26T13:15:00+03:00,235.23,235.28,235.21,235.28,318
MOEX:SBER,2023-04-26T13:16:00+03:00,235.27,235.29,235.25,235.27,2644
MOEX:SBER,2023-04-26T13:17:00+03:00,235.27,235.27,235.20,235.22,3300
MOEX:SBER,2023-04-26T13:18:00+03:00,235.23,235.26,235.20,235.20,2994
MOEX:SBER,2023-04-26T13:19:00+03:00,235.21,235.30,235.20,235.28,4459
MOEX:SBER,2023-04-26T13:20:00+03:00,235.25,235.25,235.20,235.21,4386
MOEX:SBER,2023-04-26T13:21:00+03:00,235.21,235.22,235.20,235.20,228
MOEX:SBER,2023-04-26T13:22:00+03:00,235.21,235.25,235.20,235.24,1474
MOEX:SBER,2023-04-26T13:23:00+03:00,235.24,235.24,235.20,235.22,587
MOEX:SBER,2023-04-26T13:24:00+03:00,235.22,235.22,235.20,235.22,410
MOEX:SBER,2023-04-26T13:25:00+03:00,235.20,235.22,235.20,235.22,5305
MOEX:SBER,2023-04-26T13:26:00+03:00,235.20,235.22,235.20,235.21,298
MOEX:SBER,2023-04-26T13:27:00+03:00,235.21,235.22,235.20,235.20,10703
MOEX:SBER,2023-04-26T13:28:00+03:00,235.20,235.23,235.20,235.22,1639
MOEX:SBER,2023-04-26T13:29:00+03:00,235.24,235.24,235.21,235.24,194
MOEX:SBER,2023-04-26T13:30:00+03:00,235.24,235.32,235.24,235.30,5272
MOEX:SBER,2023-04-26T13:31:00+03:00,235.30,235.31,235.30,235.30,1325
MOEX:SBER,2023-04-26T13:32:00+03:00,235.31,235.31,235.20,235.21,3356
MOEX:SBER,2023-04-26T13:33:00+03:00,235.21,235.28,235.20,235.27,4121
MOEX:SBER,2023-04-26T13:34:00+03:00,235.25,235.26,235.22,235.26,128
MOEX:SBER,2023-04-26T13:35:00+03:00,235.27,235.29,235.21,235.27,456
MOEX:SBER,2023-04-26T13:36:00+03:00,235.27,235.32,235.26,235.26,1346
MOEX:SBER,2023-04-26T13:37:00+03:00,235.26,235.26,235.25,235.26,297
MOEX:SBER,2023-04-26T13:38:00+03:00,235.26,235.26,235.25,235.26,382
MOEX:SBER,2023-04-26T13:39:00+03:00,235.26,235.26,235.25,235.26,423
MOEX:SBER,2023-04-26T13:40:00+03:00,235.25,235.26,235.20,235.21,1456
MOEX:SBER,2023-04-26T13:41:00+03:00,235.21,235.21,235.20,235.20,638
MOEX:SBER,2023-04-26T13:42:00+03:00,235.21,235.24,235.20,235.20,1263
MOEX:SBER,2023-04-26T13:43:00+03:00,235.23,235.23,235.13,235.13,2946
MOEX:SBER,2023-04-26T13:44:00+03:00,235.14,235.18,235.12,235.15,2634
MOEX:SBER,2023-04-26T13:45:00+03:00,235.15,235.17,235.11,235.14,1648
MOEX:SBER,2023-04-26T13:46:00+03:00,235.16,235.17,235.11,235.12,490
MOEX:SBER,2023-04-26T13:47:00+03:00,235.12,235.13,235.11,235.13,258
MOEX:SBER,2023-04-26T13:48:00+03:00,235.13,235.17,235.12,235.16,704
MOEX:SBER,2023-04-26T13:49:00+03:00,235.16,235.16,235.15,235.16,139
MOEX:SBER,2023-04-26T13:50:00+03:00,235.15,235.17,235.15,235.17,196
MOEX:SBER,2023-04-26T13:51:00+03:00,235.17,235.18,235.16,235.18,373
MOEX:SBER,2023-04-26T13:52:00+03:00,235.18,235.19,235.16,235.16,746
MOEX:SBER,2023-04-26T13:53:00+03:00,235.16,235.20,235.16,235.18,1390
MOEX:SBER,2023-04-26T13:54:00+03:00,235.18,235.20,235.16,235.16,905
MOEX:SBER,2023-04-26T13:55:00+03:00,235.17,235.17,235.15,235.16,1657
MOEX:SBER,2023-04-26T13:56:00+03:00,235.15,235.16,235.15,235.16,704
MOEX:SBER,2023-04-26T13:57:00+03:00,235.16,235.16,235.15,235.16,1260
MOEX:SBER,2023-04-26T13:58:00+03:00,235.15,235.16,235.15,235.16,356
MOEX:SBER,2023-04-26T13:59:00+03:00,235.15,235.17,235.10,235.17,6490
MOEX:SBER,2023-04-26T14:00:00+03:00,235.17,235.19,235.14,235.17,1033
MOEX:SBER,2023-04-26T14:01:00+03:00,235.16,235.16,235.12,235.16,561
MOEX:SBER,2023-04-26T14:02:00+03:00,235.15,235.17,235.13,235.17,778
MOEX:SBER,2023-04-26T14:03:00+03:00,235.17,235.22,235.13,235.22,8142
MOEX:SBER,2023-04-26T14:04:00+03:00,235.22,235.24,235.20,235.22,302
MOEX:SBER,2023-04-26T14:05:00+03:00,235.22,235.22,235.20,235.21,5281
MOEX:SBER,2023-04-26T14:06:00+03:00,235.21,235.21,235.16,235.16,2498
MOEX:SBER,2023-04-26T14:07:00+03:00,235.17,235.17,235.12,235.12,4634
MOEX:SBER,2023-04-26T14:08:00+03:00,235.13,235.18,235.12,235.16,1370
MOEX:SBER,2023-04-26T14:09:00+03:00,235.20,235.20,235.15,235.17,2098
MOEX:SBER,2023-04-26T14:10:00+03:00,235.16,235.23,235.15,235.19,4851
MOEX:SBER,2023-04-26T14:11:00+03:00,235.20,235.25,235.20,235.24,797
MOEX:SBER,2023-04-26T14:12:00+03:00,235.24,235.27,235.20,235.22,4144
MOEX:SBER,2023-04-26T14:13:00+03:00,235.22,235.25,235.20,235.21,4298
MOEX:SBER,2023-04-26T14:14:00+03:00,235.22,235.26,235.21,235.24,652
MOEX:SBER,2023-04-26T14:15:00+03:00,235.26,235.27,235.24,235.24,279
MOEX:SBER,2023-04-26T14:16:00+03:00,235.24,235.43,235.24,235.43,7834
MOEX:SBER,2023-04-26T14:17:00+03:00,235.43,235.49,235.43,235.45,6694
MOEX:SBER,2023-04-26T14:18:00+03:00,235.44,235.50,235.38,235.45,13441
MOEX:SBER,2023-04-26T14:19:00+03:00,235.44,235.49,235.44,235.49,770
MOEX:SBER,2023-04-26T14:20:00+03:00,235.49,235.54,235.46,235.53,15952
MOEX:SBER,2023-04-26T14:21:00+03:00,235.53,235.54,235.44,235.48,4567
MOEX:SBER,2023-04-26T14:22:00+03:00,235.47,235.50,235.45,235.49,1029
MOEX:SBER,2023-04-26T14:23:00+03:00,235.45,235.50,235.36,235.36,1067
MOEX:SBER,2023-04-26T14:24:00+03:00,235.37,235.40,235.29,235.39,1121
MOEX:SBER,2023-04-26T14:25:00+03:00,235.39,235.50,235.39,235.50,3152
MOEX:SBER,2023-04-26T14:26:00+03:00,235.50,235.53,235.50,235.52,17566
MOEX:SBER,2023-04-26T14:27:00+03:00,235.50,235.57,235.50,235.56,2677
MOEX:SBER,2023-04-26T14:28:00+03:00,235.56,235.58,235.53,235.56,2052
MOEX:SBER,2023-04-26T14:29:00+03:00,235.55,235.58,235.51,235.55,4502
MOEX:SBER,2023-04-26T14:30:00+03:00,235.51,235.56,235.51,235.52,468
MOEX:SBER,2023-04-26T14:31:00+03:00,235.51,235.53,235.50,235.53,2201
MOEX:SBER,2023-04-26T14:32:00+03:00,235.53,235.53,235.42,235.50,2717
MOEX:SBER,2023-04-26T14:33:00+03:00,235.48,235.51,235.44,235.47,1714
MOEX:SBER,2023-04-26T14:34:00+03:00,235.47,235.54,235.46,235.54,2538
MOEX:SBER,2023-04-26T14:35:00+03:00,235.52,235.52,235.46,235.48,1662
MOEX:SBER,2023-04-26T14:36:00+03:00,235.48,235.55,235.48,235.55,2696
MOEX:SBER,2023-04-26T14:37:00+03:00,235.55,235.55,235.52,235.55,1112
MOEX:SBER,2023-04-26T14:38:00+03:00,235.54,235.55,235.54,235.54,1697
MOEX:SBER,2023-04-26T14:39:00+03:00,235.53,235.55,235.50,235.55,2745
MOEX:SBER,2023-04-26T14:40:00+03:00,235.52,235.53,235.50,235.51,3605
MOEX:SBER,2023-04-26T14:41:00+03:00,235.50,235.51,235.50,235.50,2494
MOEX:SBER,2023-04-26T14:42:00+03:00,235.50,235.51,235.50,235.50,2679
MOEX:SBER,2023-04-26T14:43:00+03:00,235.50,235.51,235.50,235.50,1122
MOEX:SBER,2023-04-26T14:44:00+03:00,235.50,235.51,235.50,235.50,624
MOEX:SBER,2023-04-26T14:45:00+03:00,235.51,235.51,235.50,235.51,1239
MOEX:SBER,2023-04-26T14:46:00+03:00,235.51,235.51,235.50,235.51,1881
MOEX:SBER,2023-04-26T14:47:00+03:00,235.50,235.51,235.50,235.51,6039
MOEX:SBER,2023-04-26T14:48:00+03:00,235.50,235.51,235.50,235.50,1607
MOEX:SBER,2023-04-26T14:49:00+03:00,235.51,235.53,235.50,235.53,4292
MOEX:SBER,2023-04-26T14:50:00+03:00,235.52,235.52,235.50,235.51,1182
MOEX:SBER,2023-04-26T14:51:00+03:00,235.50,235.52,235.50,235.50,1415
MOEX:SBER,2023-04-26T14:52:00+03:00,235.50,235.50,235.42,235.42,4349
MOEX:SBER,2023-04-26T14:53:00+03:00,235.42,235.47,235.40,235.44,2178
MOEX:SBER,2023-04-26T14:54:00+03:00,235.43,235.47,235.41,235.44,874
MOEX:SBER,2023-04-26T14:55:00+03:00,235.45,235.47,235.44,235.47,1050
MOEX:SBER,2023-04-26T14:56:00+03:00,235.47,235.50,235.45,235.50,911
MOEX:SBER,2023-04-26T14:57:00+03:00,235.51,235.53,235.40,235.41,3874
MOEX:SBER,2023-04-26T14:58:00+03:00,235.40,235.50,235.40,235.48,7148
MOEX:SBER,2023-04-26T14:59:00+03:00,235.46,235.52,235.43,235.52,4835
MOEX:SBER,2023-04-26T15:00:00+03:00,235.52,235.53,235.51,235.53,6001
MOEX:SBER,2023-04-26T15:01:00+03:00,235.52,235.53,235.52,235.53,1050
MOEX:SBER,2023-04-26T15:02:00+03:00,235.52,235.54,235.51,235.52,6051
MOEX:SBER,2023-04-26T15:03:00+03:00,235.54,235.54,235.52,235.54,1360
MOEX:SBER,2023-04-26T15:04:00+03:00,235.54,235.55,235.53,235.55,6295
MOEX:SBER,2023-04-26T15:05:00+03:00,235.54,235.57,235.53,235.57,10349
MOEX:SBER,2023-04-26T15:06:00+03:00,235.58,235.65,235.58,235.64,18018
MOEX:SBER,2023-04-26T15:07:00+03:00,235.65,235.65,235.60,235.64,4487
MOEX:SBER,2023-04-26T15:08:00+03:00,235.64,235.68,235.64,235.68,13617
MOEX:SBER,2023-04-26T15:09:00+03:00,235.68,235.70,235.67,235.69,9738
MOEX:SBER,2023-04-26T15:10:00+03:00,235.69,235.70,235.67,235.70,8633
MOEX:SBER,2023-04-26T15:11:00+03:00,235.71,235.78,235.71,235.78,14432
MOEX:SBER,2023-04-26T15:12:00+03:00,235.78,235.79,235.76,235.77,4875
MOEX:SBER,2023-04-26T15:13:00+03:00,235.75,235.79,235.75,235.78,7195
MOEX:SBER,2023-04-26T15:14:00+03:00,235.78,235.80,235.77,235.79,7611
MOEX:SBER,2023-04-26T15:15:00+03:00,235.79,235.80,235.78,235.79,7717
MOEX:SBER,2023-04-26T15:16:00+03:00,235.78,235.80,235.78,235.80,18112
MOEX:SBER,2023-04-26T15:17:00+03:00,235.79,235.84,235.79,235.84,9253
MOEX:SBER,2023-04-26T15:18:00+03:00,235.84,235.85,235.82,235.82,3309
MOEX:SBER,2023-04-26T15:19:00+03:00,235.82,235.85,235.82,235.85,1536
MOEX:SBER,2023-04-26T15:20:00+03:00,235.85,235.85,235.82,235.82,3814
MOEX:SBER,2023-04-26T15:21:00+03:00,235.82,235.83,235.82,235.82,10338
MOEX:SBER,2023-04-26T15:22:00+03:00,235.83,235.85,235.82,235.82,8170
MOEX:SBER,2023-04-26T15:23:00+03:00,235.82,235.83,235.82,235.83,3336
MOEX:SBER,2023-04-26T15:24:00+03:00,235.83,235.83,235.82,235.82,1554
MOEX:SBER,2023-04-26T15:25:00+03:00,235.83,235.83,235.82,235.82,6790
MOEX:SBER,2023-04-26T15:26:00+03:00,235.83,235.83,235.82,235.82,1630
MOEX:SBER,2023-04-26T15:27:00+03:00,235.83,235.87,235.83,235.85,8871
MOEX:SBER,2023-04-26T15:28:00+03:00,235.85,235.87,235.85,235.86,1324
MOEX:SBER,2023-04-26T15:29:00+03:00,235.86,235.87,235.85,235.86,4856
MOEX:SBER,2023-04-26T15:30:00+03:00,235.86,235.88,235.86,235.86,1277
MOEX:SBER,2023-04-26T15:31:00+03:00,235.87,235.87,235.82,235.83,7426
MOEX:SBER,2023-04-26T15:32:00+03:00,235.83,235.84,235.82,235.82,1432
MOEX:SBER,2023-04-26T15:33:00+03:00,235.82,235.84,235.82,235.83,5830
MOEX:SBER,2023-04-26T15:34:00+03:00,235.82,235.83,235.82,235.83,2647
MOEX:SBER,2023-04-26T15:35:00+03:00,235.83,235.83,235.82,235.82,1132
MOEX:SBER,2023-04-26T15:36:00+03:00,235.82,235.88,235.82,235.82,5141
MOEX:SBER,2023-04-26T15:37:00+03:00,235.83,235.83,235.82,235.83,3403
MOEX:SBER,2023-04-26T15:38:00+03:00,235.83,235.83,235.82,235.83,2947
MOEX:SBER,2023-04-26T15:39:00+03:00,235.83,235.83,235.82,235.82,1942
MOEX:SBER,2023-04-26T15:40:00+03:00,235.82,235.85,235.82,235.84,6603
MOEX:SBER,2023-04-26T15:41:00+03:00,235.84,235.85,235.82,235.84,1769
MOEX:SBER,2023-04-26T15:42:00+03:00,235.83,235.84,235.82,235.84,1472
MOEX:SBER,2023-04-26T15:43:00+03:00,235.84,235.84,235.82,235.82,1382
MOEX:SBER,2023-04-26T15:44:00+03:00,235.82,235.83,235.82,235.83,340
MOEX:SBER,2023-04-26T15:45:00+03:00,235.82,235.83,235.82,235.83,1378
MOEX:SBER,2023-04-26T15:46:00+03:00,235.82,235.84,235.82,235.84,2717
MOEX:SBER,2023-04-26T15:47:00+03:00,235.84,235.84,235.82,235.83,234
MOEX:SBER,2023-04-26T15:48:00+03:00,235.84,235.87,235.83,235.83,2841
MOEX:SBER,2023-04-26T15:49:00+03:00,235.85,235.86,235.82,235.82,310
MOEX:SBER,2023-04-26T15:50:00+03:00,235.82,235.87,235.82,235.86,1566
MOEX:SBER,2023-04-26T15:51:00+03:00,235.86,235.87,235.84,235.84,918
MOEX:SBER,2023-04-26T15:52:00+03:00,235.85,235.85,235.84,235.85,232
MOEX:SBER,2023-04-26T15:53:00+03:00,235.84,235.89,235.84,235.89,6268
MOEX:SBER,2023-04-26T15:54:00+03:00,235.88,235.90,235.88,235.90,2731
MOEX:SBER,2023-04-26T15:55:00+03:00,235.90,235.90,235.88,235.89,1493
MOEX:SBER,2023-04-26T15:56:00+03:00,235.89,235.90,235.86,235.89,2834
MOEX:SBER,2023-04-26T15:57:00+03:00,235.86,235.90,235.86,235.89,3909
MOEX:SBER,2023-04-26T15:58:00+03:00,235.90,235.90,235.89,235.90,2162
MOEX:SBER,2023-04-26T15:59:00+03:00,235.90,235.90,235.89,235.90,2983
MOEX:SBER,2023-04-26T16:00:00+03:00,235.89,235.90,235.88,235.89,3580
MOEX:SBER,2023-04-26T16:01:00+03:00,235.90,235.90,235.89,235.90,2418
MOEX:SBER,2023-04-26T16:02:00+03:00,235.89,235.90,235.87,235.90,3602
MOEX:SBER,2023-04-26T16:03:00+03:00,235.90,235.90,235.89,235.90,258
MOEX:SBER,2023-04-26T16:04:00+03:00,235.90,235.90,235.89,235.90,628
MOEX:SBER,2023-04-26T16:05:00+03:00,235.90,235.90,235.83,235.83,1247
MOEX:SBER,2023-04-26T16:06:00+03:00,235.83,235.85,235.76,235.76,8472
MOEX:SBER,2023-04-26T16:07:00+03:00,235.77,235.80,235.75,235.80,11045
MOEX:SBER,2023-04-26T16:08:00+03:00,235.79,235.80,235.78,235.80,1237
MOEX:SBER,2023-04-26T16:09:00+03:00,235.80,235.80,235.77,235.79,783
MOEX:SBER,2023-04-26T16:10:00+03:00,235.77,235.78,235.76,235.77,328
MOEX:SBER,2023-04-26T16:11:00+03:00,235.77,235.78,235.75,235.75,1425
MOEX:SBER,2023-04-26T16:12:00+03:00,235.75,235.76,235.64,235.64,12498
MOEX:SBER,2023-04-26T16:13:00+03:00,235.64,235.70,235.60,235.62,9790
MOEX:SBER,2023-04-26T16:14:00+03:00,235.62,235.62,235.60,235.60,6513
MOEX:SBER,2023-04-26T16:15:00+03:00,235.61,235.61,235.60,235.60,7946
MOEX:SBER,2023-04-26T16:16:00+03:00,235.60,235.61,235.60,235.60,2527
MOEX:SBER,2023-04-26T16:17:00+03:00,235.61,235.61,235.51,235.52,18147
MOEX:SBER,2023-04-26T16:18:00+03:00,235.52,235.54,235.51,235.53,2832
MOEX:SBER,2023-04-26T16:19:00+03:00,235.53,235.56,235.51,235.55,977
MOEX:SBER,2023-04-26T16:20:00+03:00,235.55,235.55,235.51,235.52,781
MOEX:SBER,2023-04-26T16:21:00+03:00,235.52,235.53,235.50,235.51,7666
MOEX:SBER,2023-04-26T16:22:00+03:00,235.50,235.51,235.50,235.51,6722
MOEX:SBER,2023-04-26T16:23:00+03:00,235.50,235.51,235.50,235.51,771
MOEX:SBER,2023-04-26T16:24:00+03:00,235.50,235.57,235.50,235.57,2386
MOEX:SBER,2023-04-26T16:25:00+03:00,235.56,235.56,235.50,235.52,14288
MOEX:SBER,2023-04-26T16:26:00+03:00,235.52,235.52,235.42,235.47,6174
MOEX:SBER,2023-04-26T16:27:00+03:00,235.47,235.48,235.44,235.45,256
MOEX:SBER,2023-04-26T16:28:00+03:00,235.44,235.47,235.44,235.46,282
MOEX:SBER,2023-04-26T16:29:00+03:00,235.46,235.46,235.44,235.45,862
MOEX:SBER,2023-04-26T16:30:00+03:00,235.44,235.47,235.44,235.47,789
MOEX:SBER,2023-04-26T16:31:00+03:00,235.47,235.49,235.46,235.49,687
MOEX:SBER,2023-04-26T16:32:00+03:00,235.47,235.50,235.40,235.44,12156
MOEX:SBER,2023-04-26T16:33:00+03:00,235.43,235.45,235.41,235.43,163
MOEX:SBER,2023-04-26T16:34:00+03:00,235.43,235.50,235.41,235.50,389
MOEX:SBER,2023-04-26T16:35:00+03:00,235.50,235.50,235.46,235.50,749
MOEX:SBER,2023-04-26T16:36:00+03:00,235.50,235.50,235.43,235.47,3331
MOEX:SBER,2023-04-26T16:37:00+03:00,235.46,235.48,235.44,235.48,382
MOEX:SBER,2023-04-26T16:38:00+03:00,235.48,235.57,235.48,235.57,3208
MOEX:SBER,2023-04-26T16:39:00+03:00,235.56,235.57,235.55,235.56,555
MOEX:SBER,2023-04-26T16:40:00+03:00,235.55,235.70,235.55,235.70,2534
MOEX:SBER,2023-04-26T16:41:00+03:00,235.70,235.73,235.70,235.72,1451
MOEX:SBER,2023-04-26T16:42:00+03:00,235.70,235.70,235.65,235.68,1016
MOEX:SBER,2023-04-26T16:43:00+03:00,235.67,235.68,235.66,235.68,507
MOEX:SBER,2023-04-26T16:44:00+03:00,235.66,235.67,235.55,235.58,4050
MOEX:SBER,2023-04-26T16:45:00+03:00,235.58,235.66,235.56,235.61,3526
MOEX:SBER,2023-04-26T16:46:00+03:00,235.65,235.65,235.55,235.58,909
MOEX:SBER,2023-04-26T16:47:00+03:00,235.56,235.60,235.55,235.59,1240
MOEX:SBER,2023-04-26T16:48:00+03:00,235.59,235.59,235.55,235.59,4940
MOEX:SBER,2023-04-26T16:49:00+03:00,235.57,235.59,235.55,235.57,860
MOEX:SBER,2023-04-26T16:50:00+03:00,235.58,235.59,235.55,235.58,1420
MOEX:SBER,2023-04-26T16:51:00+03:00,235.58,235.58,235.55,235.57,860
MOEX:SBER,2023-04-26T16:52:00+03:00,235.57,235.58,235.56,235.57,1754
MOEX:SBER,2023-04-26T16:53:00+03:00,235.55,235.59,235.55,235.59,756
MOEX:SBER,2023-04-26T16:54:00+03:00,235.58,235.59,235.56,235.57,918
MOEX:SBER,2023-04-26T16:55:00+03:00,235.57,235.57,235.55,235.56,1262
MOEX:SBER,2023-04-26T16:56:00+03:00,235.56,235.59,235.55,235.59,981
MOEX:SBER,2023-04-26T16:57:00+03:00,235.59,235.60,235.56,235.59,1139
MOEX:SBER,2023-04-26T16:58:00+03:00,235.59,235.59,235.55,235.58,4267
MOEX:SBER,2023-04-26T16:59:00+03:00,235.58,235.59,235.57,235.59,1145
MOEX:SBER,2023-04-26T17:00:00+03:00,235.58,235.61,235.57,235.57,4008
MOEX:SBER,2023-04-26T17:01:00+03:00,235.56,235.58,235.54,235.56,1448
MOEX:SBER,2023-04-26T17:02:00+03:00,235.54,235.59,235.53,235.58,893
MOEX:SBER,2023-04-26T17:03:00+03:00,235.57,235.58,235.50,235.54,3516
MOEX:SBER,2023-04-26T17:04:00+03:00,235.54,235.54,235.44,235.48,4400
MOEX:SBER,2023-04-26T17:05:00+03:00,235.48,235.49,235.42,235.44,1101
MOEX:SBER,2023-04-26T17:06:00+03:00,235.44,235.45,235.41,235.42,2612
MOEX:SBER,2023-04-26T17:07:00+03:00,235.41,235.42,235.39,235.42,2890
MOEX:SBER,2023-04-26T17:08:00+03:00,235.41,235.43,235.41,235.43,1815
MOEX:SBER,2023-04-26T17:09:00+03:00,235.43,235.45,235.40,235.41,1340
MOEX:SBER,2023-04-26T17:10:00+03:00,235.41,235.41,235.39,235.40,1311
MOEX:SBER,2023-04-26T17:11:00+03:00,235.40,235.40,235.35,235.36,8995
MOEX:SBER,2023-04-26T17:12:00+03:00,235.36,235.39,235.35,235.38,746
MOEX:SBER,2023-04-26T17:13:00+03:00,235.38,235.40,235.35,235.40,981
MOEX:SBER,2023-04-26T17:14:00+03:00,235.40,235.45,235.39,235.45,1524
MOEX:SBER,2023-04-26T17:15:00+03:00,235.44,235.45,235.40,235.41,1003
MOEX:SBER,2023-04-26T17:16:00+03:00,235.44,235.45,235.43,235.45,1063
MOEX:SBER,2023-04-26T17:17:00+03:00,235.45,235.50,235.45,235.50,1404
MOEX:SBER,2023-04-26T17:18:00+03:00,235.49,235.50,235.45,235.49,1907
MOEX:SBER,2023-04-26T17:19:00+03:00,235.49,235.49,235.35,235.35,7762
MOEX:SBER,2023-04-26T17:20:00+03:00,235.36,235.39,235.35,235.36,8542
MOEX:SBER,2023-04-26T17:21:00+03:00,235.35,235.40,235.35,235.36,6112
MOEX:SBER,2023-04-26T17:22:00+03:00,235.36,235.40,235.36,235.39,1086
MOEX:SBER,2023-04-26T17:23:00+03:00,235.40,235.40,235.39,235.40,1704
MOEX:SBER,2023-04-26T17:24:00+03:00,235.40,235.45,235.39,235.45,873
MOEX:SBER,2023-04-26T17:25:00+03:00,235.45,235.48,235.39,235.39,1747
MOEX:SBER,2023-04-26T17:26:00+03:00,235.40,235.45,235.39,235.44,2313
MOEX:SBER,2023-04-26T17:27:00+03:00,235.44,235.45,235.39,235.43,2897
MOEX:SBER,2023-04-26T17:28:00+03:00,235.43,235.43,235.39,235.39,3033
MOEX:SBER,2023-04-26T17:29:00+03:00,235.40,235.40,235.35,235.35,2771
MOEX:SBER,2023-04-26T17:30:00+03:00,235.35,235.40,235.35,235.36,1704
MOEX:SBER,2023-04-26T17:31:00+03:00,235.36,235.37,235.30,235.32,6914
MOEX:SBER,2023-04-26T17:32:00+03:00,235.30,235.35,235.30,235.35,2182
MOEX:SBER,2023-04-26T17:33:00+03:00,235.35,235.35,235.31,235.34,1691
MOEX:SBER,2023-04-26T17:34:00+03:00,235.34,235.35,235.34,235.34,731
MOEX:SBER,2023-04-26T17:35:00+03:00,235.34,235.35,235.32,235.34,1073
MOEX:SBER,2023-04-26T17:36:00+03:00,235.34,235.34,235.32,235.34,1718
MOEX:SBER,2023-04-26T17:37:00+03:00,235.34,235.34,235.31,235.33,2049
MOEX:SBER,2023-04-26T17:38:00+03:00,235.33,235.35,235.32,235.32,732
MOEX:SBER,2023-04-26T17:39:00+03:00,235.32,235.34,235.30,235.33,871
MOEX:SBER,2023-04-26T17:40:00+03:00,235.32,235.33,235.28,235.29,3927
MOEX:SBER,2023-04-26T17:41:00+03:00,235.32,235.33,235.29,235.30,1453
MOEX:SBER,2023-04-26T17:42:00+03:00,235.30,235.33,235.28,235.28,4830
MOEX:SBER,2023-04-26T17:43:00+03:00,235.28,235.32,235.28,235.30,1592
MOEX:SBER,2023-04-26T17:44:00+03:00,235.28,235.31,235.28,235.28,986
MOEX:SBER,2023-04-26T17:45:00+03:00,235.29,235.29,235.21,235.22,3198
MOEX:SBER,2023-04-26T17:46:00+03:00,235.22,235.24,235.21,235.22,1384
MOEX:SBER,2023-04-26T17:47:00+03:00,235.22,235.25,235.20,235.24,10293
MOEX:SBER,2023-04-26T17:48:00+03:00,235.23,235.28,235.22,235.25,2138
MOEX:SBER,2023-04-26T17:49:00+03:00,235.25,235.25,235.22,235.24,1715
MOEX:SBER,2023-04-26T17:50:00+03:00,235.23,235.24,235.22,235.23,1203
MOEX:SBER,2023-04-26T17:51:00+03:00,235.23,235.25,235.20,235.20,2395
MOEX:SBER,2023-04-26T17:52:00+03:00,235.20,235.23,235.20,235.21,717
MOEX:SBER,2023-04-26T17:53:00+03:00,235.23,235.23,235.20,235.20,1606
MOEX:SBER,2023-04-26T17:54:00+03:00,235.21,235.21,235.19,235.19,870
MOEX:SBER,2023-04-26T17:55:00+03:00,235.20,235.21,235.18,235.18,930
MOEX:SBER,2023-04-26T17:56:00+03:00,235.19,235.24,235.18,235.24,1261
MOEX:SBER,2023-04-26T17:57:00+03:00,235.25,235.26,235.19,235.21,2084
MOEX:SBER,2023-04-26T17:58:00+03:00,235.25,235.26,235.19,235.19,3634
MOEX:SBER,2023-04-26T17:59:00+03:00,235.20,235.20,235.17,235.18,2698
MOEX:SBER,2023-04-26T18:00:00+03:00,235.18,235.18,235.17,235.18,2882
MOEX:SBER,2023-04-26T18:01:00+03:00,235.17,235.20,235.17,235.17,1611
MOEX:SBER,2023-04-26T18:02:00+03:00,235.18,235.22,235.18,235.22,16397
MOEX:SBER,2023-04-26T18:03:00+03:00,235.22,235.26,235.21,235.21,2731
MOEX:SBER,2023-04-26T18:04:00+03:00,235.21,235.22,235.20,235.22,19204
MOEX:SBER,2023-04-26T18:05:00+03:00,235.22,235.33,235.22,235.32,8639
MOEX:SBER,2023-04-26T18:06:00+03:00,235.32,235.34,235.31,235.34,1225
MOEX:SBER,2023-04-26T18:07:00+03:00,235.34,235.34,235.31,235.34,402
MOEX:SBER,2023-04-26T18:08:00+03:00,235.34,235.50,235.33,235.50,7065
MOEX:SBER,2023-04-26T18:09:00+03:00,235.50,235.52,235.43,235.47,3623
MOEX:SBER,2023-04-26T18:10:00+03:00,235.47,235.47,235.36,235.38,2452
MOEX:SBER,2023-04-26T18:11:00+03:00,235.36,235.38,235.33,235.35,455
MOEX:SBER,2023-04-26T18:12:00+03:00,235.38,235.38,235.31,235.32,2339
MOEX:SBER,2023-04-26T18:13:00+03:00,235.32,235.32,235.28,235.29,1702
MOEX:SBER,2023-04-26T18:14:00+03:00,235.28,235.29,235.28,235.29,685
MOEX:SBER,2023-04-26T18:15:00+03:00,235.29,235.30,235.28,235.30,1046
MOEX:SBER,2023-04-26T18:16:00+03:00,235.30,235.30,235.28,235.29,4603
MOEX:SBER,2023-04-26T18:17:00+03:00,235.29,235.29,235.27,235.29,973
MOEX:SBER,2023-04-26T18:18:00+03:00,235.27,235.29,235.27,235.29,656
MOEX:SBER,2023-04-26T18:19:00+03:00,235.28,235.33,235.28,235.28,1893
MOEX:SBER,2023-04-26T18:20:00+03:00,235.27,235.27,235.22,235.22,662
MOEX:SBER,2023-04-26T18:21:00+03:00,235.22,235.26,235.22,235.26,2328
MOEX:SBER,2023-04-26T18:22:00+03:00,235.23,235.26,235.21,235.26,1235
MOEX:SBER,2023-04-26T18:23:00+03:00,235.26,235.30,235.25,235.26,17929
MOEX:SBER,2023-04-26T18:24:00+03:00,235.27,235.29,235.25,235.29,1264
MOEX:SBER,2023-04-26T18:25:00+03:00,235.28,235.29,235.28,235.29,3085
MOEX:SBER,2023-04-26T18:26:00+03:00,235.29,235.29,235.28,235.29,1665
MOEX:SBER,2023-04-26T18:27:00+03:00,235.28,235.29,235.28,235.29,1621
MOEX:SBER,2023-04-26T18:28:00+03:00,235.28,235.29,235.28,235.28,897
MOEX:SBER,2023-04-26T18:29:00+03:00,235.29,235.33,235.28,235.33,20143
MOEX:SBER,2023-04-26T18:30:00+03:00,235.33,235.48,235.33,235.48,3508
MOEX:SBER,2023-04-26T18:31:00+03:00,235.49,235.50,235.44,235.48,920
MOEX:SBER,2023-04-26T18:32:00+03:00,235.43,235.50,235.43,235.50,3417
MOEX:SBER,2023-04-26T18:33:00+03:00,235.50,235.57,235.49,235.56,8576
MOEX:SBER,2023-04-26T18:34:00+03:00,235.54,235.60,235.54,235.60,5661
MOEX:SBER,2023-04-26T18:35:00+03:00,235.58,235.65,235.56,235.58,12834
MOEX:SBER,2023-04-26T18:36:00+03:00,235.55,235.55,235.41,235.47,7954
MOEX:SBER,2023-04-26T18:37:00+03:00,235.46,235.49,235.42,235.47,605
MOEX:SBER,2023-04-26T18:38:00+03:00,235.48,235.50,235.43,235.49,2424
MOEX:SBER,2023-04-26T18:39:00+03:00,235.49,235.49,235.43,235.47,1174
MOEX:SBER,2023-04-26T18:45:00+03:00,235.33,235.33,235.33,235.33,10594
MOEX:SBER,2023-04-26T18:46:00+03:00,235.33,235.33,235.33,235.33,147
MOEX:SBER,2023-04-26T18:47:00+03:00,235.33,235.33,235.33,235.33,213
MOEX:SBER,2023-04-26T18:48:00+03:00,235.33,235.33,235.33,235.33,86
MOEX:SBER,2023-04-26T18:49:00+03:00,235.33,235.33,235.33,235.33,29
MOEX:SBER,2023-04-26T19:04:00+03:00,235.33,235.33,235.33,235.33,216
MOEX:SBER,2023-04-26T19:05:00+03:00,235.34,235.48,235.34,235.44,189
MOEX:SBER,2023-04-26T19:06:00+03:00,235.44,235.44,235.42,235.44,151
MOEX:SBER,2023-04-26T19:07:00+03:00,235.44,235.47,235.41,235.41,1188
MOEX:SBER,2023-04-26T19:08:00+03:00,235.46,235.46,235.41,235.45,344
MOEX:SBER,2023-04-26T19:09:00+03:00,235.41,235.44,235.32,235.38,2313
MOEX:SBER,2023-04-26T19:10:00+03:00,235.40,235.40,235.37,235.38,227
MOEX:SBER,2023-04-26T19:11:00+03:00,235.38,235.38,235.34,235.34,642
MOEX:SBER,2023-04-26T19:12:00+03:00,235.34,235.37,235.33,235.36,474
MOEX:SBER,2023-04-26T19:13:00+03:00,235.37,235.38,235.36,235.38,879
MOEX:SBER,2023-04-26T19:14:00+03:00,235.37,235.38,235.37,235.38,128
MOEX:SBER,2023-04-26T19:15:00+03:00,235.38,235.38,235.33,235.37,1416
MOEX:SBER,2023-04-26T19:16:00+03:00,235.35,235.37,235.35,235.37,201
MOEX:SBER,2023-04-26T19:17:00+03:00,235.37,235.37,235.32,235.35,1685
MOEX:SBER,2023-04-26T19:18:00+03:00,235.36,235.36,235.30,235.31,1212
MOEX:SBER,2023-04-26T19:19:00+03:00,235.31,235.32,235.30,235.32,1350
MOEX:SBER,2023-04-26T19:20:00+03:00,235.32,235.32,235.30,235.31,737
MOEX:SBER,2023-04-26T19:21:00+03:00,235.30,235.32,235.30,235.32,1076
MOEX:SBER,2023-04-26T19:22:00+03:00,235.32,235.41,235.32,235.41,5648
MOEX:SBER,2023-04-26T19:23:00+03:00,235.44,235.45,235.41,235.45,191
MOEX:SBER,2023-04-26T19:24:00+03:00,235.45,235.46,235.42,235.42,1810
MOEX:SBER,2023-04-26T19:25:00+03:00,235.45,235.50,235.42,235.50,3197
MOEX:SBER,2023-04-26T19:26:00+03:00,235.45,235.48,235.44,235.44,23
MOEX:SBER,2023-04-26T19:27:00+03:00,235.45,235.49,235.44,235.49,546
MOEX:SBER,2023-04-26T19:28:00+03:00,235.47,235.70,235.47,235.53,14118
MOEX:SBER,2023-04-26T19:29:00+03:00,235.55,235.80,235.55,235.74,18990
MOEX:SBER,2023-04-26T19:30:00+03:00,235.74,235.74,235.59,235.59,978
MOEX:SBER,2023-04-26T19:31:00+03:00,235.61,235.64,235.57,235.57,454
MOEX:SBER,2023-04-26T19:32:00+03:00,235.57,235.70,235.57,235.69,420
MOEX:SBER,2023-04-26T19:33:00+03:00,235.65,235.65,235.50,235.50,3892
MOEX:SBER,2023-04-26T19:34:00+03:00,235.50,235.60,235.47,235.60,2480
MOEX:SBER,2023-04-26T19:35:00+03:00,235.60,235.60,235.57,235.59,149
MOEX:SBER,2023-04-26T19:36:00+03:00,235.59,235.59,235.56,235.59,359
MOEX:SBER,2023-04-26T19:37:00+03:00,235.59,235.59,235.58,235.59,95
MOEX:SBER,2023-04-26T19:38:00+03:00,235.58,235.59,235.58,235.59,204
MOEX:SBER,2023-04-26T19:39:00+03:00,235.59,235.59,235.57,235.58,22
MOEX:SBER,2023-04-26T19:40:00+03:00,235.58,235.58,235.57,235.58,140
MOEX:SBER,2023-04-26T19:41:00+03:00,235.57,235.59,235.57,235.57,206
MOEX:SBER,2023-04-26T19:42:00+03:00,235.59,235.59,235.56,235.58,1554
MOEX:SBER,2023-04-26T19:43:00+03:00,235.57,235.57,235.55,235.55,2361
MOEX:SBER,2023-04-26T19:44:00+03:00,235.56,235.59,235.56,235.57,58258
MOEX:SBER,2023-04-26T19:45:00+03:00,235.59,235.59,235.56,235.56,315
MOEX:SBER,2023-04-26T19:46:00+03:00,235.58,235.58,235.56,235.58,190
MOEX:SBER,2023-04-26T19:47:00+03:00,235.58,235.60,235.56,235.57,1110
MOEX:SBER,2023-04-26T19:48:00+03:00,235.59,235.70,235.57,235.64,5045
MOEX:SBER,2023-04-26T19:49:00+03:00,235.65,235.68,235.62,235.67,302
MOEX:SBER,2023-04-26T19:50:00+03:00,235.67,235.68,235.65,235.66,3127
MOEX:SBER,2023-04-26T19:51:00+03:00,235.65,235.70,235.61,235.65,2665
MOEX:SBER,2023-04-26T19:52:00+03:00,235.63,235.63,235.60,235.63,169
MOEX:SBER,2023-04-26T19:53:00+03:00,235.60,235.69,235.60,235.69,1236
MOEX:SBER,2023-04-26T19:54:00+03:00,235.68,235.68,235.60,235.60,416
MOEX:SBER,2023-04-26T19:55:00+03:00,235.63,235.63,235.55,235.55,1335
MOEX:SBER,2023-04-26T19:56:00+03:00,235.58,235.60,235.55,235.60,1194
MOEX:SBER,2023-04-26T19:57:00+03:00,235.58,235.60,235.58,235.60,68
MOEX:SBER,2023-04-26T19:58:00+03:00,235.59,235.65,235.59,235.65,7192
MOEX:SBER,2023-04-26T19:59:00+03:00,235.66,235.67,235.65,235.65,648
MOEX:SBER,2023-04-26T20:00:00+03:00,235.65,235.66,235.65,235.66,129
MOEX:SBER,2023-04-26T20:01:00+03:00,235.66,235.68,235.65,235.66,353
MOEX:SBER,2023-04-26T20:02:00+03:00,235.66,235.66,235.65,235.65,133
MOEX:SBER,2023-04-26T20:03:00+03:00,235.65,235.66,235.65,235.65,1117
MOEX:SBER,2023-04-26T20:04:00+03:00,235.65,235.66,235.65,235.66,169
MOEX:SBER,2023-04-26T20:05:00+03:00,235.66,235.66,235.65,235.65,83
MOEX:SBER,2023-04-26T20:06:00+03:00,235.65,235.66,235.65,235.66,309
MOEX:SBER,2023-04-26T20:07:00+03:00,235.65,235.66,235.65,235.65,145
MOEX:SBER,2023-04-26T20:08:00+03:00,235.66,235.66,235.65,235.66,460
MOEX:SBER,2023-04-26T20:09:00+03:00,235.65,235.66,235.65,235.66,77
MOEX:SBER,2023-04-26T20:10:00+03:00,235.66,235.66,235.65,235.65,267
MOEX:SBER,2023-04-26T20:11:00+03:00,235.66,235.66,235.65,235.66,216
MOEX:SBER,2023-04-26T20:12:00+03:00,235.65,235.66,235.65,235.65,274
MOEX:SBER,2023-04-26T20:13:00+03:00,235.66,235.66,235.65,235.65,198
MOEX:SBER,2023-04-26T20:14:00+03:00,235.65,235.66,235.65,235.66,339
MOEX:SBER,2023-04-26T20:15:00+03:00,235.65,235.65,235.60,235.60,1182
MOEX:SBER,2023-04-26T20:16:00+03:00,235.61,235.61,235.60,235.61,79
MOEX:SBER,2023-04-26T20:17:00+03:00,235.60,235.63,235.60,235.61,1325
MOEX:SBER,2023-04-26T20:18:00+03:00,235.61,235.61,235.60,235.60,47
MOEX:SBER,2023-04-26T20:19:00+03:00,235.60,235.61,235.55,235.55,10917
MOEX:SBER,2023-04-26T20:20:00+03:00,235.56,235.56,235.55,235.56,41
MOEX:SBER,2023-04-26T20:21:00+03:00,235.56,235.56,235.51,235.53,10154
MOEX:SBER,2023-04-26T20:22:00+03:00,235.54,235.55,235.54,235.55,39
MOEX:SBER,2023-04-26T20:23:00+03:00,235.57,235.57,235.53,235.53,167
MOEX:SBER,2023-04-26T20:24:00+03:00,235.53,235.54,235.52,235.52,312
MOEX:SBER,2023-04-26T20:25:00+03:00,235.52,235.56,235.51,235.52,1041
MOEX:SBER,2023-04-26T20:26:00+03:00,235.53,235.56,235.51,235.56,174
MOEX:SBER,2023-04-26T20:27:00+03:00,235.56,235.56,235.52,235.54,222
MOEX:SBER,2023-04-26T20:28:00+03:00,235.53,235.54,235.53,235.53,165
MOEX:SBER,2023-04-26T20:29:00+03:00,235.53,235.55,235.52,235.54,626
MOEX:SBER,2023-04-26T20:30:00+03:00,235.52,235.53,235.50,235.52,505
MOEX:SBER,2023-04-26T20:31:00+03:00,235.52,235.52,235.50,235.50,533
MOEX:SBER,2023-04-26T20:32:00+03:00,235.50,235.52,235.50,235.52,33
MOEX:SBER,2023-04-26T20:33:00+03:00,235.52,235.52,235.50,235.51,367
MOEX:SBER,2023-04-26T20:34:00+03:00,235.51,235.53,235.50,235.51,581
MOEX:SBER,2023-04-26T20:35:00+03:00,235.51,235.52,235.51,235.52,126
MOEX:SBER,2023-04-26T20:36:00+03:00,235.51,235.52,235.51,235.52,29
MOEX:SBER,2023-04-26T20:37:00+03:00,235.51,235.52,235.51,235.52,259
MOEX:SBER,2023-04-26T20:38:00+03:00,235.52,235.53,235.52,235.53,30
MOEX:SBER,2023-04-26T20:39:00+03:00,235.53,235.53,235.51,235.52,365
MOEX:SBER,2023-04-26T20:40:00+03:00,235.52,235.52,235.52,235.52,112
MOEX:SBER,2023-04-26T20:41:00+03:00,235.52,235.52,235.51,235.52,147
MOEX:SBER,2023-04-26T20:42:00+03:00,235.51,235.52,235.51,235.52,170
MOEX:SBER,2023-04-26T20:43:00+03:00,235.52,235.52,235.51,235.51,284
MOEX:SBER,2023-04-26T20:44:00+03:00,235.51,235.52,235.50,235.51,638
MOEX:SBER,2023-04-26T20:45:00+03:00,235.51,235.52,235.51,235.51,287
MOEX:SBER,2023-04-26T20:46:00+03:00,235.51,235.52,235.50,235.52,2553
MOEX:SBER,2023-04-26T20:47:00+03:00,235.51,235.51,235.50,235.50,623
MOEX:SBER,2023-04-26T20:48:00+03:00,235.51,235.52,235.50,235.50,2300
MOEX:SBER,2023-04-26T20:49:00+03:00,235.49,235.50,235.46,235.50,862
MOEX:SBER,2023-04-26T20:50:00+03:00,235.48,235.50,235.48,235.48,698
MOEX:SBER,2023-04-26T20:51:00+03:00,235.50,235.50,235.47,235.47,95
MOEX:SBER,2023-04-26T20:52:00+03:00,235.50,235.50,235.48,235.50,13
MOEX:SBER,2023-04-26T20:53:00+03:00,235.48,235.50,235.47,235.50,124
MOEX:SBER,2023-04-26T20:54:00+03:00,235.48,235.50,235.48,235.50,431
MOEX:SBER,2023-04-26T20:55:00+03:00,235.48,235.49,235.48,235.49,57
MOEX:SBER,2023-04-26T20:56:00+03:00,235.48,235.49,235.47,235.47,99
MOEX:SBER,2023-04-26T20:57:00+03:00,235.47,235.49,235.47,235.49,337
MOEX:SBER,2023-04-26T20:58:00+03:00,235.48,235.49,235.47,235.47,182
MOEX:SBER,2023-04-26T20:59:00+03:00,235.47,235.48,235.46,235.48,184
MOEX:SBER,2023-04-26T21:00:00+03:00,235.48,235.50,235.47,235.50,822
MOEX:SBER,2023-04-26T21:01:00+03:00,235.49,235.49,235.46,235.47,201
MOEX:SBER,2023-04-26T21:02:00+03:00,235.48,235.48,235.46,235.46,220
MOEX:SBER,2023-04-26T21:03:00+03:00,235.47,235.47,235.47,235.47,2
MOEX:SBER,2023-04-26T21:04:00+03:00,235.47,235.47,235.46,235.47,249
MOEX:SBER,2023-04-26T21:05:00+03:00,235.47,235.47,235.46,235.46,313
MOEX:SBER,2023-04-26T21:06:00+03:00,235.47,235.49,235.47,235.48,319
MOEX:SBER,2023-04-26T21:07:00+03:00,235.48,235.48,235.47,235.48,2071
MOEX:SBER,2023-04-26T21:08:00+03:00,235.48,235.48,235.47,235.48,64
MOEX:SBER,2023-04-26T21:09:00+03:00,235.48,235.50,235.48,235.49,194
MOEX:SBER,2023-04-26T21:10:00+03:00,235.50,235.50,235.49,235.49,241
MOEX:SBER,2023-04-26T21:11:00+03:00,235.50,235.53,235.50,235.53,7711
MOEX:SBER,2023-04-26T21:12:00+03:00,235.53,235.54,235.52,235.52,431
MOEX:SBER,2023-04-26T21:13:00+03:00,235.53,235.53,235.52,235.52,568
MOEX:SBER,2023-04-26T21:14:00+03:00,235.52,235.55,235.52,235.53,571
MOEX:SBER,2023-04-26T21:15:00+03:00,235.53,235.54,235.52,235.52,974
MOEX:SBER,2023-04-26T21:16:00+03:00,235.53,235.53,235.52,235.52,343
MOEX:SBER,2023-04-26T21:17:00+03:00,235.51,235.52,235.49,235.49,10059
MOEX:SBER,2023-04-26T21:18:00+03:00,235.50,235.50,235.49,235.50,321
MOEX:SBER,2023-04-26T21:19:00+03:00,235.49,235.50,235.49,235.49,333
MOEX:SBER,2023-04-26T21:20:00+03:00,235.50,235.50,235.49,235.49,6
MOEX:SBER,2023-04-26T21:21:00+03:00,235.50,235.53,235.50,235.51,754
MOEX:SBER,2023-04-26T21:22:00+03:00,235.51,235.51,235.50,235.50,84
MOEX:SBER,2023-04-26T21:23:00+03:00,235.50,235.51,235.50,235.51,401
MOEX:SBER,2023-04-26T21:24:00+03:00,235.51,235.53,235.50,235.52,188
MOEX:SBER,2023-04-26T21:25:00+03:00,235.53,235.53,235.51,235.53,309
MOEX:SBER,2023-04-26T21:26:00+03:00,235.53,235.53,235.51,235.53,12
MOEX:SBER,2023-04-26T21:27:00+03:00,235.51,235.53,235.51,235.53,27
MOEX:SBER,2023-04-26T21:28:00+03:00,235.53,235.53,235.52,235.52,369
MOEX:SBER,2023-04-26T21:29:00+03:00,235.51,235.52,235.51,235.52,77
MOEX:SBER,2023-04-26T21:30:00+03:00,235.53,235.53,235.50,235.50,1418
MOEX:SBER,2023-04-26T21:31:00+03:00,235.50,235.50,235.49,235.50,255
MOEX:SBER,2023-04-26T21:32:00+03:00,235.49,235.50,235.49,235.50,137
MOEX:SBER,2023-04-26T21:33:00+03:00,235.49,235.51,235.49,235.49,1474
MOEX:SBER,2023-04-26T21:34:00+03:00,235.49,235.51,235.47,235.47,5123
MOEX:SBER,2023-04-26T21:35:00+03:00,235.49,235.50,235.46,235.47,139
MOEX:SBER,2023-04-26T21:36:00+03:00,235.49,235.50,235.49,235.50,81
MOEX:SBER,2023-04-26T21:37:00+03:00,235.50,235.50,235.49,235.50,140
MOEX:SBER,2023-04-26T21:38:00+03:00,235.50,235.50,235.49,235.50,258
MOEX:SBER,2023-04-26T21:39:00+03:00,235.50,235.52,235.50,235.52,639
MOEX:SBER,2023-04-26T21:40:00+03:00,235.52,235.52,235.50,235.51,306
MOEX:SBER,2023-04-26T21:41:00+03:00,235.50,235.51,235.49,235.50,804
MOEX:SBER,2023-04-26T21:42:00+03:00,235.50,235.50,235.45,235.49,5441
MOEX:SBER,2023-04-26T21:43:00+03:00,235.50,235.53,235.47,235.53,1220
MOEX:SBER,2023-04-26T21:44:00+03:00,235.54,235.54,235.53,235.54,1920
MOEX:SBER,2023-04-26T21:45:00+03:00,235.54,235.55,235.53,235.53,768
MOEX:SBER,2023-04-26T21:46:00+03:00,235.54,235.56,235.54,235.56,1568
MOEX:SBER,2023-04-26T21:47:00+03:00,235.55,235.57,235.55,235.57,515
MOEX:SBER,2023-04-26T21:48:00+03:00,235.57,235.57,235.55,235.55,116
MOEX:SBER,2023-04-26T21:49:00+03:00,235.55,235.56,235.45,235.55,3034
MOEX:SBER,2023-04-26T21:50:00+03:00,235.50,235.55,235.49,235.50,247
MOEX:SBER,2023-04-26T21:51:00+03:00,235.54,235.55,235.54,235.55,18
MOEX:SBER,2023-04-26T21:52:00+03:00,235.54,235.54,235.51,235.51,150
MOEX:SBER,2023-04-26T21:53:00+03:00,235.51,235.53,235.51,235.52,340
MOEX:SBER,2023-04-26T21:54:00+03:00,235.53,235.53,235.51,235.52,60
MOEX:SBER,2023-04-26T21:55:00+03:00,235.52,235.53,235.50,235.52,786
MOEX:SBER,2023-04-26T21:56:00+03:00,235.53,235.53,235.47,235.52,153
MOEX:SBER,2023-04-26T21:57:00+03:00,235.53,235.53,235.48,235.48,66
MOEX:SBER,2023-04-26T21:58:00+03:00,235.50,235.50,235.49,235.49,101
MOEX:SBER,2023-04-26T21:59:00+03:00,235.50,235.50,235.47,235.50,543
MOEX:SBER,2023-04-26T22:00:00+03:00,235.50,235.52,235.50,235.52,354
MOEX:SBER,2023-04-26T22:01:00+03:00,235.53,235.53,235.52,235.53,44
MOEX:SBER,2023-04-26T22:02:00+03:00,235.52,235.53,235.48,235.52,627
MOEX:SBER,2023-04-26T22:03:00+03:00,235.52,235.52,235.50,235.50,77
MOEX:SBER,2023-04-26T22:04:00+03:00,235.51,235.51,235.50,235.51,13
MOEX:SBER,2023-04-26T22:05:00+03:00,235.50,235.50,235.47,235.50,94
MOEX:SBER,2023-04-26T22:06:00+03:00,235.50,235.50,235.48,235.50,167
MOEX:SBER,2023-04-26T22:07:00+03:00,235.48,235.50,235.47,235.47,451
MOEX:SBER,2023-04-26T22:08:00+03:00,235.49,235.50,235.45,235.49,1772
MOEX:SBER,2023-04-26T22:09:00+03:00,235.46,235.49,235.44,235.48,472
MOEX:SBER,2023-04-26T22:10:00+03:00,235.48,235.48,235.43,235.47,10394
MOEX:SBER,2023-04-26T22:11:00+03:00,235.47,235.48,235.43,235.43,1060
MOEX:SBER,2023-04-26T22:12:00+03:00,235.45,235.49,235.43,235.44,492
MOEX:SBER,2023-04-26T22:13:00+03:00,235.44,235.48,235.43,235.45,4624
MOEX:SBER,2023-04-26T22:14:00+03:00,235.44,235.48,235.43,235.45,218
MOEX:SBER,2023-04-26T22:15:00+03:00,235.45,235.48,235.43,235.43,637
MOEX:SBER,2023-04-26T22:16:00+03:00,235.43,235.47,235.40,235.40,1129
MOEX:SBER,2023-04-26T22:17:00+03:00,235.43,235.44,235.39,235.39,694
MOEX:SBER,2023-04-26T22:18:00+03:00,235.38,235.42,235.36,235.37,155
MOEX:SBER,2023-04-26T22:19:00+03:00,235.36,235.39,235.35,235.37,530
MOEX:SBER,2023-04-26T22:20:00+03:00,235.37,235.37,235.33,235.35,4252
MOEX:SBER,2023-04-26T22:21:00+03:00,235.33,235.36,235.30,235.35,4854
MOEX:SBER,2023-04-26T22:22:00+03:00,235.32,235.33,235.32,235.32,75
MOEX:SBER,2023-04-26T22:23:00+03:00,235.32,235.35,235.31,235.34,152
MOEX:SBER,2023-04-26T22:24:00+03:00,235.34,235.35,235.34,235.35,510
MOEX:SBER,2023-04-26T22:25:00+03:00,235.34,235.35,235.32,235.32,356
MOEX:SBER,2023-04-26T22:26:00+03:00,235.32,235.34,235.28,235.33,1564
MOEX:SBER,2023-04-26T22:27:00+03:00,235.33,235.36,235.33,235.36,421
MOEX:SBER,2023-04-26T22:28:00+03:00,235.33,235.39,235.32,235.36,966
MOEX:SBER,2023-04-26T22:29:00+03:00,235.36,235.41,235.31,235.33,1533
MOEX:SBER,2023-04-26T22:30:00+03:00,235.33,235.33,235.29,235.33,448
MOEX:SBER,2023-04-26T22:31:00+03:00,235.29,235.34,235.28,235.34,1353
MOEX:SBER,2023-04-26T22:32:00+03:00,235.27,235.34,235.25,235.34,1865
MOEX:SBER,2023-04-26T22:33:00+03:00,235.33,235.35,235.26,235.26,999
MOEX:SBER,2023-04-26T22:34:00+03:00,235.28,235.30,235.27,235.28,252
MOEX:SBER,2023-04-26T22:35:00+03:00,235.28,235.28,235.25,235.26,917
MOEX:SBER,2023-04-26T22:36:00+03:00,235.26,235.31,235.26,235.31,743
MOEX:SBER,2023-04-26T22:37:00+03:00,235.32,235.32,235.28,235.30,1324
MOEX:SBER,2023-04-26T22:38:00+03:00,235.28,235.30,235.27,235.29,302
MOEX:SBER,2023-04-26T22:39:00+03:00,235.29,235.31,235.29,235.30,433
MOEX:SBER,2023-04-26T22:40:00+03:00,235.29,235.32,235.29,235.31,1464
MOEX:SBER,2023-04-26T22:41:00+03:00,235.31,235.32,235.28,235.29,194
MOEX:SBER,2023-04-26T22:42:00+03:00,235.30,235.30,235.27,235.30,542
MOEX:SBER,2023-04-26T22:43:00+03:00,235.30,235.32,235.25,235.25,1556
MOEX:SBER,2023-04-26T22:44:00+03:00,235.26,235.33,235.21,235.23,4709
MOEX:SBER,2023-04-26T22:45:00+03:00,235.25,235.30,235.20,235.21,3207
MOEX:SBER,2023-04-26T22:46:00+03:00,235.20,235.21,235.18,235.18,5048
MOEX:SBER,2023-04-26T22:47:00+03:00,235.18,235.23,235.18,235.20,2630
MOEX:SBER,2023-04-26T22:48:00+03:00,235.22,235.23,235.20,235.22,194
MOEX:SBER,2023-04-26T22:49:00+03:00,235.23,235.23,235.11,235.11,6087
MOEX:SBER,2023-04-26T22:50:00+03:00,235.11,235.12,235.05,235.06,14092
MOEX:SBER,2023-04-26T22:51:00+03:00,235.09,235.11,235.07,235.11,1553
MOEX:SBER,2023-04-26T22:52:00+03:00,235.10,235.14,235.08,235.10,455
MOEX:SBER,2023-04-26T22:53:00+03:00,235.10,235.14,235.09,235.11,627
MOEX:SBER,2023-04-26T22:54:00+03:00,235.11,235.15,235.10,235.12,2411
MOEX:SBER,2023-04-26T22:55:00+03:00,235.12,235.14,235.10,235.11,5186
MOEX:SBER,2023-04-26T22:56:00+03:00,235.10,235.15,235.10,235.15,432
MOEX:SBER,2023-04-26T22:57:00+03:00,235.14,235.14,235.10,235.13,1040
MOEX:SBER,2023-04-26T22:58:00+03:00,235.13,235.13,235.05,235.06,1845
MOEX:SBER,2023-04-26T22:59:00+03:00,235.11,235.11,235.07,235.09,749
MOEX:SBER,2023-04-26T23:00:00+03:00,235.09,235.09,235.05,235.05,430
MOEX:SBER,2023-04-26T23:01:00+03:00,235.06,235.09,235.05,235.06,265
MOEX:SBER,2023-04-26T23:02:00+03:00,235.09,235.09,235.06,235.07,1264
MOEX:SBER,2023-04-26T23:03:00+03:00,235.07,235.07,234.91,235.02,48637
MOEX:SBER,2023-04-26T23:04:00+03:00,235.02,235.05,234.99,235.05,233
MOEX:SBER,2023-04-26T23:05:00+03:00,235.07,235.09,235.03,235.09,642
MOEX:SBER,2023-04-26T23:06:00+03:00,235.10,235.10,235.08,235.09,854
MOEX:SBER,2023-04-26T23:07:00+03:00,235.09,235.09,235.08,235.08,1090
MOEX:SBER,2023-04-26T23:08:00+03:00,235.09,235.09,235.08,235.09,103
MOEX:SBER,2023-04-26T23:09:00+03:00,235.09,235.10,235.09,235.10,457
MOEX:SBER,2023-04-26T23:10:00+03:00,235.10,235.10,235.08,235.09,506
MOEX:SBER,2023-04-26T23:11:00+03:00,235.09,235.12,235.07,235.07,1056
MOEX:SBER,2023-04-26T23:12:00+03:00,235.08,235.10,235.08,235.09,191
MOEX:SBER,2023-04-26T23:13:00+03:00,235.10,235.10,235.09,235.10,218
MOEX:SBER,2023-04-26T23:14:00+03:00,235.09,235.10,235.09,235.09,2110
MOEX:SBER,2023-04-26T23:15:00+03:00,235.10,235.10,235.09,235.10,2053
MOEX:SBER,2023-04-26T23:16:00+03:00,235.09,235.14,235.09,235.11,1417
MOEX:SBER,2023-04-26T23:17:00+03:00,235.14,235.14,235.10,235.14,605
MOEX:SBER,2023-04-26T23:18:00+03:00,235.11,235.14,235.11,235.12,171
MOEX:SBER,2023-04-26T23:19:00+03:00,235.13,235.15,235.12,235.14,873
MOEX:SBER,2023-04-26T23:20:00+03:00,235.14,235.15,235.12,235.14,839
MOEX:SBER,2023-04-26T23:21:00+03:00,235.15,235.15,235.00,235.08,15330
MOEX:SBER,2023-04-26T23:22:00+03:00,235.08,235.10,235.05,235.10,86
MOEX:SBER,2023-04-26T23:23:00+03:00,235.12,235.14,235.11,235.11,71
MOEX:SBER,2023-04-26T23:24:00+03:00,235.14,235.19,235.10,235.15,1294
MOEX:SBER,2023-04-26T23:25:00+03:00,235.17,235.20,235.15,235.18,817
MOEX:SBER,2023-04-26T23:26:00+03:00,235.18,235.20,235.18,235.18,302
MOEX:SBER,2023-04-26T23:27:00+03:00,235.20,235.21,235.18,235.19,579
MOEX:SBER,2023-04-26T23:28:00+03:00,235.20,235.22,235.20,235.20,219
MOEX:SBER,2023-04-26T23:29:00+03:00,235.21,235.21,235.20,235.20,27
MOEX:SBER,2023-04-26T23:30:00+03:00,235.20,235.22,235.20,235.22,319
MOEX:SBER,2023-04-26T23:31:00+03:00,235.23,235.23,235.20,235.20,273
MOEX:SBER,2023-04-26T23:32:00+03:00,235.20,235.23,235.20,235.23,252
MOEX:SBER,2023-04-26T23:33:00+03:00,235.20,235.22,235.19,235.22,191
MOEX:SBER,2023-04-26T23:34:00+03:00,235.22,235.23,235.20,235.20,361
MOEX:SBER,2023-04-26T23:35:00+03:00,235.22,235.27,235.20,235.24,2838
MOEX:SBER,2023-04-26T23:36:00+03:00,235.20,235.25,235.20,235.20,105
MOEX:SBER,2023-04-26T23:37:00+03:00,235.20,235.20,235.03,235.11,7520
MOEX:SBER,2023-04-26T23:38:00+03:00,235.09,235.15,235.08,235.11,367
MOEX:SBER,2023-04-26T23:39:00+03:00,235.14,235.15,235.11,235.15,81
MOEX:SBER,2023-04-26T23:40:00+03:00,235.11,235.16,235.11,235.12,967
MOEX:SBER,2023-04-26T23:41:00+03:00,235.12,235.20,235.11,235.20,1737
MOEX:SBER,2023-04-26T23:42:00+03:00,235.17,235.20,235.17,235.20,613
MOEX:SBER,2023-04-26T23:43:00+03:00,235.21,235.22,235.20,235.20,1957
MOEX:SBER,2023-04-26T23:44:00+03:00,235.18,235.20,235.17,235.17,1708
MOEX:SBER,2023-04-26T23:45:00+03:00,235.18,235.24,235.17,235.24,1549
MOEX:SBER,2023-04-26T23:46:00+03:00,235.19,235.28,235.19,235.25,3570
MOEX:SBER,2023-04-26T23:47:00+03:00,235.21,235.27,235.21,235.27,1012
MOEX:SBER,2023-04-26T23:48:00+03:00,235.28,235.35,235.28,235.35,8125
MOEX:SBER,2023-04-26T23:49:00+03:00,235.34,235.36,235.21,235.21,3416
