MOEX:PHOR,2022-09-28T10:00:00+03:00,7179,7199,7105,7141,4775
MOEX:PHOR,2022-09-28T10:01:00+03:00,7136,7142,7116,7118,2631
MOEX:PHOR,2022-09-28T10:02:00+03:00,7125,7130,7116,7130,1585
MOEX:PHOR,2022-09-28T10:03:00+03:00,7128,7128,7102,7108,1480
MOEX:PHOR,2022-09-28T10:04:00+03:00,7108,7110,7080,7080,1682
MOEX:PHOR,2022-09-28T10:05:00+03:00,7078,7095,7050,7086,1359
MOEX:PHOR,2022-09-28T10:06:00+03:00,7094,7170,7083,7144,2631
MOEX:PHOR,2022-09-28T10:07:00+03:00,7147,7164,7131,7132,2271
MOEX:PHOR,2022-09-28T10:08:00+03:00,7137,7168,7132,7143,1715
MOEX:PHOR,2022-09-28T10:09:00+03:00,7143,7148,7131,7139,803
MOEX:PHOR,2022-09-28T10:10:00+03:00,7140,7149,7116,7149,1559
MOEX:PHOR,2022-09-28T10:11:00+03:00,7149,7200,7145,7183,2726
MOEX:PHOR,2022-09-28T10:12:00+03:00,7183,7200,7163,7190,1766
MOEX:PHOR,2022-09-28T10:13:00+03:00,7195,7200,7176,7189,558
MOEX:PHOR,2022-09-28T10:14:00+03:00,7189,7196,7180,7184,705
MOEX:PHOR,2022-09-28T10:15:00+03:00,7190,7195,7176,7183,583
MOEX:PHOR,2022-09-28T10:16:00+03:00,7182,7187,7176,7185,386
MOEX:PHOR,2022-09-28T10:17:00+03:00,7185,7185,7162,7177,933
MOEX:PHOR,2022-09-28T10:18:00+03:00,7179,7184,7167,7184,496
MOEX:PHOR,2022-09-28T10:19:00+03:00,7184,7200,7177,7198,1474
MOEX:PHOR,2022-09-28T10:20:00+03:00,7197,7199,7171,7186,551
MOEX:PHOR,2022-09-28T10:21:00+03:00,7177,7197,7177,7195,179
MOEX:PHOR,2022-09-28T10:22:00+03:00,7195,7197,7188,7191,184
MOEX:PHOR,2022-09-28T10:23:00+03:00,7191,7198,7188,7198,386
MOEX:PHOR,2022-09-28T10:24:00+03:00,7198,7200,7190,7195,1437
MOEX:PHOR,2022-09-28T10:25:00+03:00,7189,7200,7188,7199,477
MOEX:PHOR,2022-09-28T10:26:00+03:00,7198,7199,7190,7196,161
MOEX:PHOR,2022-09-28T10:27:00+03:00,7196,7197,7170,7182,1004
MOEX:PHOR,2022-09-28T10:28:00+03:00,7174,7174,7145,7145,2166
MOEX:PHOR,2022-09-28T10:29:00+03:00,7145,7150,7121,7121,1411
MOEX:PHOR,2022-09-28T10:30:00+03:00,7126,7145,7122,7144,995
MOEX:PHOR,2022-09-28T10:31:00+03:00,7140,7145,7120,7120,800
MOEX:PHOR,2022-09-28T10:32:00+03:00,7126,7134,7118,7131,234
MOEX:PHOR,2022-09-28T10:33:00+03:00,7131,7140,7123,7137,760
MOEX:PHOR,2022-09-28T10:34:00+03:00,7139,7140,7109,7112,1339
MOEX:PHOR,2022-09-28T10:35:00+03:00,7110,7126,7101,7107,966
MOEX:PHOR,2022-09-28T10:36:00+03:00,7107,7125,7072,7109,1547
MOEX:PHOR,2022-09-28T10:37:00+03:00,7109,7138,7109,7130,588
MOEX:PHOR,2022-09-28T10:38:00+03:00,7129,7135,7120,7134,381
MOEX:PHOR,2022-09-28T10:39:00+03:00,7131,7150,7131,7144,1095
MOEX:PHOR,2022-09-28T10:40:00+03:00,7144,7148,7132,7135,299
MOEX:PHOR,2022-09-28T10:41:00+03:00,7139,7144,7137,7144,66
MOEX:PHOR,2022-09-28T10:42:00+03:00,7144,7145,7140,7143,154
MOEX:PHOR,2022-09-28T10:43:00+03:00,7143,7146,7142,7146,107
MOEX:PHOR,2022-09-28T10:44:00+03:00,7144,7146,7141,7145,104
MOEX:PHOR,2022-09-28T10:45:00+03:00,7144,7148,7140,7140,440
MOEX:PHOR,2022-09-28T10:46:00+03:00,7140,7141,7122,7122,457
MOEX:PHOR,2022-09-28T10:47:00+03:00,7127,7133,7122,7123,223
MOEX:PHOR,2022-09-28T10:48:00+03:00,7124,7135,7123,7125,124
MOEX:PHOR,2022-09-28T10:49:00+03:00,7129,7140,7126,7129,164
MOEX:PHOR,2022-09-28T10:50:00+03:00,7137,7149,7137,7149,457
MOEX:PHOR,2022-09-28T10:51:00+03:00,7146,7146,7133,7140,179
MOEX:PHOR,2022-09-28T10:52:00+03:00,7140,7140,7131,7137,162
MOEX:PHOR,2022-09-28T10:53:00+03:00,7132,7138,7132,7137,50
MOEX:PHOR,2022-09-28T10:54:00+03:00,7137,7140,7133,7134,163
MOEX:PHOR,2022-09-28T10:55:00+03:00,7140,7140,7138,7138,45
MOEX:PHOR,2022-09-28T10:56:00+03:00,7137,7138,7134,7135,56
MOEX:PHOR,2022-09-28T10:57:00+03:00,7135,7138,7131,7137,170
MOEX:PHOR,2022-09-28T10:58:00+03:00,7136,7137,7134,7136,166
MOEX:PHOR,2022-09-28T10:59:00+03:00,7136,7136,7132,7134,55
MOEX:PHOR,2022-09-28T11:00:00+03:00,7132,7136,7132,7136,214
MOEX:PHOR,2022-09-28T11:01:00+03:00,7136,7138,7135,7138,207
MOEX:PHOR,2022-09-28T11:02:00+03:00,7138,7138,7133,7133,96
MOEX:PHOR,2022-09-28T11:03:00+03:00,7137,7140,7133,7137,147
MOEX:PHOR,2022-09-28T11:04:00+03:00,7140,7140,7132,7135,65
MOEX:PHOR,2022-09-28T11:05:00+03:00,7133,7136,7132,7133,30
MOEX:PHOR,2022-09-28T11:06:00+03:00,7133,7134,7132,7132,49
MOEX:PHOR,2022-09-28T11:07:00+03:00,7131,7136,7124,7125,279
MOEX:PHOR,2022-09-28T11:08:00+03:00,7125,7133,7122,7131,299
MOEX:PHOR,2022-09-28T11:09:00+03:00,7126,7131,7122,7123,225
MOEX:PHOR,2022-09-28T11:10:00+03:00,7126,7137,7123,7136,657
MOEX:PHOR,2022-09-28T11:11:00+03:00,7136,7137,7128,7128,72
MOEX:PHOR,2022-09-28T11:12:00+03:00,7134,7137,7122,7123,391
MOEX:PHOR,2022-09-28T11:13:00+03:00,7122,7135,7104,7112,469
MOEX:PHOR,2022-09-28T11:14:00+03:00,7120,7120,7115,7116,26
MOEX:PHOR,2022-09-28T11:15:00+03:00,7116,7116,7105,7110,172
MOEX:PHOR,2022-09-28T11:16:00+03:00,7109,7117,7108,7117,186
MOEX:PHOR,2022-09-28T11:17:00+03:00,7118,7124,7111,7112,129
MOEX:PHOR,2022-09-28T11:18:00+03:00,7112,7124,7106,7120,340
MOEX:PHOR,2022-09-28T11:19:00+03:00,7116,7122,7106,7116,178
MOEX:PHOR,2022-09-28T11:20:00+03:00,7118,7120,7106,7114,178
MOEX:PHOR,2022-09-28T11:21:00+03:00,7114,7124,7108,7124,69
MOEX:PHOR,2022-09-28T11:22:00+03:00,7124,7136,7124,7135,317
MOEX:PHOR,2022-09-28T11:23:00+03:00,7135,7136,7128,7132,138
MOEX:PHOR,2022-09-28T11:24:00+03:00,7134,7135,7123,7126,77
MOEX:PHOR,2022-09-28T11:25:00+03:00,7123,7133,7118,7126,216
MOEX:PHOR,2022-09-28T11:26:00+03:00,7120,7135,7118,7131,152
MOEX:PHOR,2022-09-28T11:27:00+03:00,7131,7134,7120,7120,503
MOEX:PHOR,2022-09-28T11:28:00+03:00,7119,7120,7118,7118,297
MOEX:PHOR,2022-09-28T11:29:00+03:00,7119,7120,7118,7120,60
MOEX:PHOR,2022-09-28T11:30:00+03:00,7120,7120,7115,7115,318
MOEX:PHOR,2022-09-28T11:31:00+03:00,7120,7127,7092,7092,1789
MOEX:PHOR,2022-09-28T11:32:00+03:00,7096,7100,7096,7100,321
MOEX:PHOR,2022-09-28T11:33:00+03:00,7100,7100,7097,7099,121
MOEX:PHOR,2022-09-28T11:34:00+03:00,7099,7100,7097,7100,483
MOEX:PHOR,2022-09-28T11:35:00+03:00,7100,7100,7097,7100,916
MOEX:PHOR,2022-09-28T11:36:00+03:00,7100,7112,7099,7101,350
MOEX:PHOR,2022-09-28T11:37:00+03:00,7107,7108,7094,7098,199
MOEX:PHOR,2022-09-28T11:38:00+03:00,7100,7100,7060,7083,1271
MOEX:PHOR,2022-09-28T11:39:00+03:00,7083,7091,7075,7075,108
MOEX:PHOR,2022-09-28T11:40:00+03:00,7084,7104,7084,7100,126
MOEX:PHOR,2022-09-28T11:41:00+03:00,7101,7102,7080,7097,284
MOEX:PHOR,2022-09-28T11:42:00+03:00,7092,7098,7090,7095,21
MOEX:PHOR,2022-09-28T11:43:00+03:00,7095,7096,7091,7096,18
MOEX:PHOR,2022-09-28T11:44:00+03:00,7091,7092,7072,7087,259
MOEX:PHOR,2022-09-28T11:45:00+03:00,7090,7097,7090,7091,65
MOEX:PHOR,2022-09-28T11:46:00+03:00,7097,7109,7089,7109,261
MOEX:PHOR,2022-09-28T11:47:00+03:00,7108,7109,7104,7107,24
MOEX:PHOR,2022-09-28T11:48:00+03:00,7104,7107,7102,7106,15
MOEX:PHOR,2022-09-28T11:49:00+03:00,7107,7107,7102,7106,34
MOEX:PHOR,2022-09-28T11:50:00+03:00,7106,7107,7105,7107,75
MOEX:PHOR,2022-09-28T11:51:00+03:00,7107,7115,7105,7114,188
MOEX:PHOR,2022-09-28T11:52:00+03:00,7117,7118,7108,7115,65
MOEX:PHOR,2022-09-28T11:53:00+03:00,7115,7118,7112,7116,26
MOEX:PHOR,2022-09-28T11:54:00+03:00,7118,7120,7113,7115,119
MOEX:PHOR,2022-09-28T11:55:00+03:00,7114,7123,7114,7123,42
MOEX:PHOR,2022-09-28T11:56:00+03:00,7123,7125,7119,7123,43
MOEX:PHOR,2022-09-28T11:57:00+03:00,7122,7125,7122,7125,33
MOEX:PHOR,2022-09-28T11:58:00+03:00,7124,7125,7118,7120,21
MOEX:PHOR,2022-09-28T11:59:00+03:00,7118,7120,7111,7118,300
MOEX:PHOR,2022-09-28T12:00:00+03:00,7115,7115,7105,7110,209
MOEX:PHOR,2022-09-28T12:01:00+03:00,7109,7109,7105,7105,17
MOEX:PHOR,2022-09-28T12:02:00+03:00,7106,7109,7106,7108,25
MOEX:PHOR,2022-09-28T12:03:00+03:00,7107,7108,7100,7107,458
MOEX:PHOR,2022-09-28T12:04:00+03:00,7102,7120,7102,7106,118
MOEX:PHOR,2022-09-28T12:05:00+03:00,7104,7117,7097,7114,210
MOEX:PHOR,2022-09-28T12:06:00+03:00,7105,7113,7100,7101,56
MOEX:PHOR,2022-09-28T12:07:00+03:00,7104,7109,7104,7109,75
MOEX:PHOR,2022-09-28T12:08:00+03:00,7109,7109,7097,7098,65
MOEX:PHOR,2022-09-28T12:09:00+03:00,7105,7109,7105,7109,24
MOEX:PHOR,2022-09-28T12:10:00+03:00,7108,7108,7105,7108,4
MOEX:PHOR,2022-09-28T12:11:00+03:00,7107,7107,7102,7102,17
MOEX:PHOR,2022-09-28T12:12:00+03:00,7104,7104,7100,7104,29
MOEX:PHOR,2022-09-28T12:13:00+03:00,7107,7107,7107,7107,14
MOEX:PHOR,2022-09-28T12:14:00+03:00,7105,7107,7101,7103,54
MOEX:PHOR,2022-09-28T12:15:00+03:00,7102,7107,7100,7100,116
MOEX:PHOR,2022-09-28T12:16:00+03:00,7100,7103,7091,7091,209
MOEX:PHOR,2022-09-28T12:17:00+03:00,7094,7096,7091,7095,46
MOEX:PHOR,2022-09-28T12:18:00+03:00,7096,7107,7093,7107,187
MOEX:PHOR,2022-09-28T12:19:00+03:00,7107,7117,7104,7117,147
MOEX:PHOR,2022-09-28T12:20:00+03:00,7117,7117,7109,7109,15
MOEX:PHOR,2022-09-28T12:21:00+03:00,7115,7117,7109,7117,23
MOEX:PHOR,2022-09-28T12:22:00+03:00,7110,7112,7108,7111,72
MOEX:PHOR,2022-09-28T12:23:00+03:00,7111,7111,7110,7110,93
MOEX:PHOR,2022-09-28T12:24:00+03:00,7111,7111,7102,7102,573
MOEX:PHOR,2022-09-28T12:25:00+03:00,7103,7109,7090,7093,525
MOEX:PHOR,2022-09-28T12:26:00+03:00,7101,7101,7093,7100,20
MOEX:PHOR,2022-09-28T12:27:00+03:00,7095,7100,7090,7098,65
MOEX:PHOR,2022-09-28T12:28:00+03:00,7097,7097,7091,7095,8
MOEX:PHOR,2022-09-28T12:29:00+03:00,7096,7096,7095,7096,23
MOEX:PHOR,2022-09-28T12:30:00+03:00,7095,7096,7089,7090,34
MOEX:PHOR,2022-09-28T12:31:00+03:00,7090,7092,7088,7089,25
MOEX:PHOR,2022-09-28T12:32:00+03:00,7092,7093,7089,7089,111
MOEX:PHOR,2022-09-28T12:33:00+03:00,7092,7093,7088,7090,101
MOEX:PHOR,2022-09-28T12:34:00+03:00,7090,7091,7088,7088,6
MOEX:PHOR,2022-09-28T12:35:00+03:00,7088,7090,7075,7075,1057
MOEX:PHOR,2022-09-28T12:36:00+03:00,7078,7090,7078,7089,119
MOEX:PHOR,2022-09-28T12:37:00+03:00,7089,7089,7081,7082,14
MOEX:PHOR,2022-09-28T12:38:00+03:00,7084,7092,7084,7092,35
MOEX:PHOR,2022-09-28T12:39:00+03:00,7092,7100,7090,7099,304
MOEX:PHOR,2022-09-28T12:40:00+03:00,7099,7100,7092,7092,40
MOEX:PHOR,2022-09-28T12:41:00+03:00,7092,7098,7092,7094,9
MOEX:PHOR,2022-09-28T12:42:00+03:00,7091,7095,7090,7095,30
MOEX:PHOR,2022-09-28T12:43:00+03:00,7093,7093,7090,7092,19
MOEX:PHOR,2022-09-28T12:44:00+03:00,7090,7090,7080,7089,158
MOEX:PHOR,2022-09-28T12:45:00+03:00,7087,7089,7082,7082,25
MOEX:PHOR,2022-09-28T12:46:00+03:00,7082,7088,7072,7074,204
MOEX:PHOR,2022-09-28T12:47:00+03:00,7079,7088,7076,7079,172
MOEX:PHOR,2022-09-28T12:48:00+03:00,7084,7084,7059,7062,843
MOEX:PHOR,2022-09-28T12:49:00+03:00,7063,7074,7063,7073,143
MOEX:PHOR,2022-09-28T12:50:00+03:00,7067,7077,7064,7075,62
MOEX:PHOR,2022-09-28T12:51:00+03:00,7080,7081,7075,7079,19
MOEX:PHOR,2022-09-28T12:52:00+03:00,7079,7079,7075,7075,39
MOEX:PHOR,2022-09-28T12:53:00+03:00,7075,7085,7075,7085,81
MOEX:PHOR,2022-09-28T12:54:00+03:00,7082,7083,7077,7082,55
MOEX:PHOR,2022-09-28T12:55:00+03:00,7082,7083,7050,7057,763
MOEX:PHOR,2022-09-28T12:56:00+03:00,7053,7059,7042,7043,1211
MOEX:PHOR,2022-09-28T12:57:00+03:00,7049,7069,7044,7057,145
MOEX:PHOR,2022-09-28T12:58:00+03:00,7058,7063,7042,7050,121
MOEX:PHOR,2022-09-28T12:59:00+03:00,7052,7056,7042,7056,135
MOEX:PHOR,2022-09-28T13:00:00+03:00,7056,7078,7055,7068,355
MOEX:PHOR,2022-09-28T13:01:00+03:00,7068,7080,7048,7067,260
MOEX:PHOR,2022-09-28T13:02:00+03:00,7069,7085,7061,7078,770
MOEX:PHOR,2022-09-28T13:03:00+03:00,7072,7082,7071,7082,83
MOEX:PHOR,2022-09-28T13:04:00+03:00,7076,7076,7060,7069,129
MOEX:PHOR,2022-09-28T13:05:00+03:00,7072,7073,7069,7069,30
MOEX:PHOR,2022-09-28T13:06:00+03:00,7069,7070,7062,7063,27
MOEX:PHOR,2022-09-28T13:07:00+03:00,7070,7072,7067,7067,62
MOEX:PHOR,2022-09-28T13:08:00+03:00,7062,7067,7061,7067,9
MOEX:PHOR,2022-09-28T13:09:00+03:00,7073,7073,7050,7066,166
MOEX:PHOR,2022-09-28T13:10:00+03:00,7056,7070,7056,7064,20
MOEX:PHOR,2022-09-28T13:11:00+03:00,7060,7061,7051,7060,58
MOEX:PHOR,2022-09-28T13:12:00+03:00,7060,7062,7060,7062,12
MOEX:PHOR,2022-09-28T13:13:00+03:00,7062,7063,7062,7063,70
MOEX:PHOR,2022-09-28T13:14:00+03:00,7063,7068,7063,7068,5
MOEX:PHOR,2022-09-28T13:15:00+03:00,7064,7071,7063,7071,28
MOEX:PHOR,2022-09-28T13:16:00+03:00,7068,7072,7068,7070,11
MOEX:PHOR,2022-09-28T13:17:00+03:00,7068,7069,7060,7066,203
MOEX:PHOR,2022-09-28T13:18:00+03:00,7066,7066,7060,7060,68
MOEX:PHOR,2022-09-28T13:19:00+03:00,7060,7060,7027,7043,1631
MOEX:PHOR,2022-09-28T13:20:00+03:00,7039,7045,7038,7040,59
MOEX:PHOR,2022-09-28T13:21:00+03:00,7040,7045,7038,7038,122
MOEX:PHOR,2022-09-28T13:22:00+03:00,7038,7039,7030,7030,94
MOEX:PHOR,2022-09-28T13:23:00+03:00,7034,7049,7027,7032,639
MOEX:PHOR,2022-09-28T13:24:00+03:00,7028,7032,7025,7030,469
MOEX:PHOR,2022-09-28T13:25:00+03:00,7025,7030,7025,7030,87
MOEX:PHOR,2022-09-28T13:26:00+03:00,7029,7033,7024,7030,453
MOEX:PHOR,2022-09-28T13:27:00+03:00,7027,7033,7025,7030,100
MOEX:PHOR,2022-09-28T13:28:00+03:00,7032,7033,7030,7030,71
MOEX:PHOR,2022-09-28T13:29:00+03:00,7029,7030,7028,7030,51
MOEX:PHOR,2022-09-28T13:30:00+03:00,7033,7033,7025,7031,170
MOEX:PHOR,2022-09-28T13:31:00+03:00,7031,7055,7031,7051,354
MOEX:PHOR,2022-09-28T13:32:00+03:00,7044,7048,7032,7043,112
MOEX:PHOR,2022-09-28T13:33:00+03:00,7043,7050,7037,7046,56
MOEX:PHOR,2022-09-28T13:34:00+03:00,7046,7066,7045,7060,179
MOEX:PHOR,2022-09-28T13:35:00+03:00,7066,7070,7062,7068,80
MOEX:PHOR,2022-09-28T13:36:00+03:00,7063,7068,7037,7066,205
MOEX:PHOR,2022-09-28T13:37:00+03:00,7063,7064,7049,7060,37
MOEX:PHOR,2022-09-28T13:38:00+03:00,7052,7061,7052,7056,16
MOEX:PHOR,2022-09-28T13:39:00+03:00,7065,7065,7056,7056,8
MOEX:PHOR,2022-09-28T13:40:00+03:00,7064,7064,7050,7056,31
MOEX:PHOR,2022-09-28T13:41:00+03:00,7056,7064,7050,7062,76
MOEX:PHOR,2022-09-28T13:42:00+03:00,7060,7068,7060,7068,125
MOEX:PHOR,2022-09-28T13:43:00+03:00,7068,7069,7050,7062,336
MOEX:PHOR,2022-09-28T13:44:00+03:00,7052,7067,7050,7050,90
MOEX:PHOR,2022-09-28T13:45:00+03:00,7059,7062,7057,7062,6
MOEX:PHOR,2022-09-28T13:46:00+03:00,7062,7063,7040,7044,144
MOEX:PHOR,2022-09-28T13:47:00+03:00,7052,7052,7038,7038,155
MOEX:PHOR,2022-09-28T13:48:00+03:00,7044,7050,7035,7035,139
MOEX:PHOR,2022-09-28T13:49:00+03:00,7035,7048,7035,7043,158
MOEX:PHOR,2022-09-28T13:50:00+03:00,7047,7048,7045,7048,11
MOEX:PHOR,2022-09-28T13:51:00+03:00,7049,7059,7047,7057,94
MOEX:PHOR,2022-09-28T13:52:00+03:00,7057,7059,7055,7058,114
MOEX:PHOR,2022-09-28T13:53:00+03:00,7058,7061,7058,7060,36
MOEX:PHOR,2022-09-28T13:54:00+03:00,7060,7061,7060,7060,72
MOEX:PHOR,2022-09-28T13:55:00+03:00,7060,7060,7060,7060,61
MOEX:PHOR,2022-09-28T13:56:00+03:00,7060,7060,7051,7051,52
MOEX:PHOR,2022-09-28T13:57:00+03:00,7056,7058,7050,7058,25
MOEX:PHOR,2022-09-28T13:58:00+03:00,7057,7059,7045,7051,241
MOEX:PHOR,2022-09-28T13:59:00+03:00,7047,7055,7045,7051,56
MOEX:PHOR,2022-09-28T14:00:00+03:00,7046,7046,7043,7043,40
MOEX:PHOR,2022-09-28T14:01:00+03:00,7043,7050,7043,7044,340
MOEX:PHOR,2022-09-28T14:02:00+03:00,7046,7049,7044,7049,45
MOEX:PHOR,2022-09-28T14:03:00+03:00,7049,7064,7045,7058,169
MOEX:PHOR,2022-09-28T14:04:00+03:00,7048,7063,7047,7062,26
MOEX:PHOR,2022-09-28T14:05:00+03:00,7061,7065,7047,7056,186
MOEX:PHOR,2022-09-28T14:06:00+03:00,7057,7063,7052,7063,120
MOEX:PHOR,2022-09-28T14:07:00+03:00,7063,7063,7053,7054,23
MOEX:PHOR,2022-09-28T14:08:00+03:00,7060,7061,7055,7061,56
MOEX:PHOR,2022-09-28T14:09:00+03:00,7055,7067,7055,7067,100
MOEX:PHOR,2022-09-28T14:10:00+03:00,7065,7070,7055,7055,447
MOEX:PHOR,2022-09-28T14:11:00+03:00,7064,7065,7035,7035,449
MOEX:PHOR,2022-09-28T14:12:00+03:00,7039,7046,7030,7041,177
MOEX:PHOR,2022-09-28T14:13:00+03:00,7038,7042,7032,7041,51
MOEX:PHOR,2022-09-28T14:14:00+03:00,7041,7052,7038,7038,42
MOEX:PHOR,2022-09-28T14:15:00+03:00,7039,7046,7034,7034,163
MOEX:PHOR,2022-09-28T14:16:00+03:00,7041,7060,7041,7060,94
MOEX:PHOR,2022-09-28T14:17:00+03:00,7053,7060,7051,7060,60
MOEX:PHOR,2022-09-28T14:18:00+03:00,7060,7073,7060,7071,260
MOEX:PHOR,2022-09-28T14:19:00+03:00,7073,7084,7073,7078,507
MOEX:PHOR,2022-09-28T14:20:00+03:00,7075,7087,7075,7087,194
MOEX:PHOR,2022-09-28T14:21:00+03:00,7087,7087,7081,7087,49
MOEX:PHOR,2022-09-28T14:22:00+03:00,7087,7088,7081,7081,89
MOEX:PHOR,2022-09-28T14:23:00+03:00,7087,7088,7082,7082,109
MOEX:PHOR,2022-09-28T14:24:00+03:00,7083,7088,7082,7088,62
MOEX:PHOR,2022-09-28T14:25:00+03:00,7088,7092,7081,7088,210
MOEX:PHOR,2022-09-28T14:26:00+03:00,7084,7087,7070,7077,200
MOEX:PHOR,2022-09-28T14:27:00+03:00,7070,7076,7060,7060,165
MOEX:PHOR,2022-09-28T14:28:00+03:00,7062,7064,7062,7063,7
MOEX:PHOR,2022-09-28T14:29:00+03:00,7068,7068,7039,7060,464
MOEX:PHOR,2022-09-28T14:30:00+03:00,7054,7074,7054,7072,89
MOEX:PHOR,2022-09-28T14:31:00+03:00,7070,7071,7051,7051,135
MOEX:PHOR,2022-09-28T14:32:00+03:00,7052,7058,7052,7058,13
MOEX:PHOR,2022-09-28T14:33:00+03:00,7063,7066,7058,7066,42
MOEX:PHOR,2022-09-28T14:34:00+03:00,7064,7070,7064,7070,60
MOEX:PHOR,2022-09-28T14:35:00+03:00,7069,7070,7063,7069,109
MOEX:PHOR,2022-09-28T14:36:00+03:00,7069,7071,7065,7070,61
MOEX:PHOR,2022-09-28T14:37:00+03:00,7069,7070,7065,7068,80
MOEX:PHOR,2022-09-28T14:38:00+03:00,7068,7069,7065,7069,25
MOEX:PHOR,2022-09-28T14:39:00+03:00,7069,7074,7068,7068,130
MOEX:PHOR,2022-09-28T14:40:00+03:00,7070,7073,7065,7065,64
MOEX:PHOR,2022-09-28T14:41:00+03:00,7070,7075,7070,7075,170
MOEX:PHOR,2022-09-28T14:42:00+03:00,7074,7075,7071,7075,49
MOEX:PHOR,2022-09-28T14:43:00+03:00,7072,7075,7071,7073,42
MOEX:PHOR,2022-09-28T14:44:00+03:00,7073,7073,7067,7073,51
MOEX:PHOR,2022-09-28T14:45:00+03:00,7073,7088,7073,7076,311
MOEX:PHOR,2022-09-28T14:46:00+03:00,7084,7097,7066,7066,481
MOEX:PHOR,2022-09-28T14:47:00+03:00,7071,7078,7068,7075,95
MOEX:PHOR,2022-09-28T14:48:00+03:00,7071,7075,7065,7066,121
MOEX:PHOR,2022-09-28T14:49:00+03:00,7066,7070,7060,7062,288
MOEX:PHOR,2022-09-28T14:50:00+03:00,7062,7070,7061,7070,36
MOEX:PHOR,2022-09-28T14:51:00+03:00,7070,7075,7069,7070,49
MOEX:PHOR,2022-09-28T14:52:00+03:00,7076,7079,7076,7079,181
MOEX:PHOR,2022-09-28T14:53:00+03:00,7084,7088,7080,7082,17
MOEX:PHOR,2022-09-28T14:54:00+03:00,7086,7089,7082,7089,103
MOEX:PHOR,2022-09-28T14:55:00+03:00,7082,7090,7082,7090,36
MOEX:PHOR,2022-09-28T14:56:00+03:00,7090,7093,7086,7086,82
MOEX:PHOR,2022-09-28T14:57:00+03:00,7089,7092,7085,7091,233
MOEX:PHOR,2022-09-28T14:58:00+03:00,7086,7089,7082,7083,33
MOEX:PHOR,2022-09-28T14:59:00+03:00,7085,7091,7082,7087,83
MOEX:PHOR,2022-09-28T15:00:00+03:00,7085,7085,7083,7083,22
MOEX:PHOR,2022-09-28T15:01:00+03:00,7083,7087,7079,7079,281
MOEX:PHOR,2022-09-28T15:02:00+03:00,7079,7083,7075,7082,286
MOEX:PHOR,2022-09-28T15:03:00+03:00,7078,7084,7075,7080,24
MOEX:PHOR,2022-09-28T15:04:00+03:00,7082,7086,7079,7086,45
MOEX:PHOR,2022-09-28T15:05:00+03:00,7087,7090,7082,7088,355
MOEX:PHOR,2022-09-28T15:06:00+03:00,7083,7088,7083,7087,16
MOEX:PHOR,2022-09-28T15:07:00+03:00,7087,7087,7077,7086,112
MOEX:PHOR,2022-09-28T15:08:00+03:00,7078,7084,7075,7075,51
MOEX:PHOR,2022-09-28T15:09:00+03:00,7075,7078,7075,7075,123
MOEX:PHOR,2022-09-28T15:10:00+03:00,7076,7078,7073,7078,234
MOEX:PHOR,2022-09-28T15:11:00+03:00,7078,7078,7072,7072,52
MOEX:PHOR,2022-09-28T15:12:00+03:00,7077,7077,7072,7077,31
MOEX:PHOR,2022-09-28T15:13:00+03:00,7077,7078,7074,7078,22
MOEX:PHOR,2022-09-28T15:14:00+03:00,7078,7078,7072,7077,36
MOEX:PHOR,2022-09-28T15:15:00+03:00,7077,7077,7071,7072,142
MOEX:PHOR,2022-09-28T15:16:00+03:00,7077,7082,7075,7078,68
MOEX:PHOR,2022-09-28T15:17:00+03:00,7083,7093,7083,7093,353
MOEX:PHOR,2022-09-28T15:18:00+03:00,7094,7100,7091,7100,530
MOEX:PHOR,2022-09-28T15:19:00+03:00,7100,7100,7092,7094,51
MOEX:PHOR,2022-09-28T15:20:00+03:00,7098,7099,7092,7092,25
MOEX:PHOR,2022-09-28T15:21:00+03:00,7096,7096,7092,7092,36
MOEX:PHOR,2022-09-28T15:22:00+03:00,7092,7096,7092,7096,4
MOEX:PHOR,2022-09-28T15:23:00+03:00,7096,7096,7096,7096,9
MOEX:PHOR,2022-09-28T15:24:00+03:00,7096,7099,7096,7099,55
MOEX:PHOR,2022-09-28T15:25:00+03:00,7098,7100,7098,7100,1003
MOEX:PHOR,2022-09-28T15:26:00+03:00,7099,7100,7096,7100,109
MOEX:PHOR,2022-09-28T15:27:00+03:00,7100,7100,7093,7093,13
MOEX:PHOR,2022-09-28T15:28:00+03:00,7097,7099,7091,7099,80
MOEX:PHOR,2022-09-28T15:29:00+03:00,7095,7100,7092,7099,133
MOEX:PHOR,2022-09-28T15:30:00+03:00,7099,7100,7078,7089,208
MOEX:PHOR,2022-09-28T15:31:00+03:00,7089,7092,7077,7087,66
MOEX:PHOR,2022-09-28T15:32:00+03:00,7087,7090,7082,7089,73
MOEX:PHOR,2022-09-28T15:33:00+03:00,7084,7089,7076,7078,147
MOEX:PHOR,2022-09-28T15:34:00+03:00,7078,7084,7078,7084,12
MOEX:PHOR,2022-09-28T15:35:00+03:00,7087,7089,7082,7089,37
MOEX:PHOR,2022-09-28T15:36:00+03:00,7088,7091,7088,7091,34
MOEX:PHOR,2022-09-28T15:37:00+03:00,7089,7091,7087,7091,6
MOEX:PHOR,2022-09-28T15:38:00+03:00,7094,7094,7091,7094,16
MOEX:PHOR,2022-09-28T15:39:00+03:00,7092,7096,7082,7082,112
MOEX:PHOR,2022-09-28T15:40:00+03:00,7083,7089,7080,7089,52
MOEX:PHOR,2022-09-28T15:41:00+03:00,7087,7089,7075,7075,285
MOEX:PHOR,2022-09-28T15:42:00+03:00,7082,7085,7075,7075,27
MOEX:PHOR,2022-09-28T15:43:00+03:00,7079,7079,7075,7075,24
MOEX:PHOR,2022-09-28T15:44:00+03:00,7077,7086,7077,7086,26
MOEX:PHOR,2022-09-28T15:45:00+03:00,7080,7085,7079,7082,29
MOEX:PHOR,2022-09-28T15:46:00+03:00,7082,7087,7082,7085,13
MOEX:PHOR,2022-09-28T15:47:00+03:00,7085,7085,7077,7081,24
MOEX:PHOR,2022-09-28T15:48:00+03:00,7081,7081,7073,7073,52
MOEX:PHOR,2022-09-28T15:49:00+03:00,7081,7083,7073,7083,25
MOEX:PHOR,2022-09-28T15:50:00+03:00,7075,7080,7075,7075,9
MOEX:PHOR,2022-09-28T15:51:00+03:00,7075,7076,7060,7068,228
MOEX:PHOR,2022-09-28T15:52:00+03:00,7070,7070,7068,7069,52
MOEX:PHOR,2022-09-28T15:53:00+03:00,7069,7091,7069,7091,224
MOEX:PHOR,2022-09-28T15:54:00+03:00,7082,7085,7060,7080,472
MOEX:PHOR,2022-09-28T15:55:00+03:00,7080,7085,7074,7076,107
MOEX:PHOR,2022-09-28T15:56:00+03:00,7081,7085,7077,7085,173
MOEX:PHOR,2022-09-28T15:57:00+03:00,7082,7090,7082,7087,121
MOEX:PHOR,2022-09-28T15:58:00+03:00,7083,7087,7076,7084,133
MOEX:PHOR,2022-09-28T15:59:00+03:00,7083,7083,7076,7082,99
MOEX:PHOR,2022-09-28T16:00:00+03:00,7077,7082,7072,7072,51
MOEX:PHOR,2022-09-28T16:01:00+03:00,7078,7078,7066,7066,46
MOEX:PHOR,2022-09-28T16:02:00+03:00,7069,7083,7066,7075,124
MOEX:PHOR,2022-09-28T16:03:00+03:00,7082,7082,7077,7080,8
MOEX:PHOR,2022-09-28T16:04:00+03:00,7077,7077,7068,7068,68
MOEX:PHOR,2022-09-28T16:05:00+03:00,7073,7083,7067,7079,108
MOEX:PHOR,2022-09-28T16:06:00+03:00,7072,7072,7061,7066,296
MOEX:PHOR,2022-09-28T16:07:00+03:00,7060,7062,7060,7061,68
MOEX:PHOR,2022-09-28T16:08:00+03:00,7061,7077,7060,7077,195
MOEX:PHOR,2022-09-28T16:09:00+03:00,7076,7077,7061,7065,84
MOEX:PHOR,2022-09-28T16:10:00+03:00,7061,7072,7040,7040,827
MOEX:PHOR,2022-09-28T16:11:00+03:00,7041,7053,7040,7047,585
MOEX:PHOR,2022-09-28T16:12:00+03:00,7043,7047,7042,7042,100
MOEX:PHOR,2022-09-28T16:13:00+03:00,7043,7044,7041,7041,94
MOEX:PHOR,2022-09-28T16:14:00+03:00,7040,7041,7035,7038,287
MOEX:PHOR,2022-09-28T16:15:00+03:00,7040,7040,7032,7032,415
MOEX:PHOR,2022-09-28T16:16:00+03:00,7032,7036,7030,7031,427
MOEX:PHOR,2022-09-28T16:17:00+03:00,7036,7052,7031,7052,267
MOEX:PHOR,2022-09-28T16:18:00+03:00,7049,7049,7036,7042,66
MOEX:PHOR,2022-09-28T16:19:00+03:00,7040,7049,7036,7041,54
MOEX:PHOR,2022-09-28T16:20:00+03:00,7042,7050,7034,7034,172
MOEX:PHOR,2022-09-28T16:21:00+03:00,7035,7042,7034,7036,94
MOEX:PHOR,2022-09-28T16:22:00+03:00,7036,7045,7035,7045,203
MOEX:PHOR,2022-09-28T16:23:00+03:00,7044,7069,7044,7069,172
MOEX:PHOR,2022-09-28T16:24:00+03:00,7065,7075,7064,7065,361
MOEX:PHOR,2022-09-28T16:25:00+03:00,7064,7067,7045,7053,47
MOEX:PHOR,2022-09-28T16:26:00+03:00,7054,7064,7054,7064,14
MOEX:PHOR,2022-09-28T16:27:00+03:00,7061,7061,7053,7059,104
MOEX:PHOR,2022-09-28T16:28:00+03:00,7058,7059,7046,7059,62
MOEX:PHOR,2022-09-28T16:29:00+03:00,7051,7057,7051,7051,16
MOEX:PHOR,2022-09-28T16:30:00+03:00,7051,7055,7045,7045,122
MOEX:PHOR,2022-09-28T16:31:00+03:00,7054,7054,7041,7046,99
MOEX:PHOR,2022-09-28T16:32:00+03:00,7049,7059,7040,7041,122
MOEX:PHOR,2022-09-28T16:33:00+03:00,7048,7051,7042,7051,21
MOEX:PHOR,2022-09-28T16:34:00+03:00,7052,7053,7050,7053,17
MOEX:PHOR,2022-09-28T16:35:00+03:00,7055,7055,7050,7055,33
MOEX:PHOR,2022-09-28T16:36:00+03:00,7052,7058,7052,7054,13
MOEX:PHOR,2022-09-28T16:37:00+03:00,7053,7057,7053,7056,15
MOEX:PHOR,2022-09-28T16:38:00+03:00,7056,7064,7056,7064,85
MOEX:PHOR,2022-09-28T16:39:00+03:00,7065,7075,7063,7073,307
MOEX:PHOR,2022-09-28T16:40:00+03:00,7071,7075,7067,7075,168
MOEX:PHOR,2022-09-28T16:41:00+03:00,7074,7074,7074,7074,35
MOEX:PHOR,2022-09-28T16:42:00+03:00,7074,7080,7065,7080,423
MOEX:PHOR,2022-09-28T16:43:00+03:00,7077,7099,7077,7084,800
MOEX:PHOR,2022-09-28T16:44:00+03:00,7082,7082,7071,7081,49
MOEX:PHOR,2022-09-28T16:45:00+03:00,7071,7082,7070,7079,81
MOEX:PHOR,2022-09-28T16:46:00+03:00,7080,7080,7071,7071,18
MOEX:PHOR,2022-09-28T16:47:00+03:00,7073,7080,7073,7080,22
MOEX:PHOR,2022-09-28T16:48:00+03:00,7075,7080,7071,7072,143
MOEX:PHOR,2022-09-28T16:49:00+03:00,7078,7080,7074,7074,192
MOEX:PHOR,2022-09-28T16:50:00+03:00,7078,7080,7074,7080,90
MOEX:PHOR,2022-09-28T16:51:00+03:00,7080,7084,7075,7076,75
MOEX:PHOR,2022-09-28T16:52:00+03:00,7082,7084,7082,7083,28
MOEX:PHOR,2022-09-28T16:53:00+03:00,7083,7083,7074,7079,38
MOEX:PHOR,2022-09-28T16:54:00+03:00,7079,7080,7079,7080,3
MOEX:PHOR,2022-09-28T16:55:00+03:00,7080,7083,7075,7080,88
MOEX:PHOR,2022-09-28T16:56:00+03:00,7079,7080,7075,7075,24
MOEX:PHOR,2022-09-28T16:57:00+03:00,7075,7081,7074,7081,185
MOEX:PHOR,2022-09-28T16:58:00+03:00,7076,7081,7074,7079,76
MOEX:PHOR,2022-09-28T16:59:00+03:00,7079,7079,7074,7078,62
MOEX:PHOR,2022-09-28T17:00:00+03:00,7078,7078,7074,7074,30
MOEX:PHOR,2022-09-28T17:01:00+03:00,7074,7078,7074,7078,73
MOEX:PHOR,2022-09-28T17:02:00+03:00,7078,7078,7074,7075,76
MOEX:PHOR,2022-09-28T17:03:00+03:00,7075,7080,7074,7075,351
MOEX:PHOR,2022-09-28T17:04:00+03:00,7079,7081,7075,7081,180
MOEX:PHOR,2022-09-28T17:05:00+03:00,7081,7084,7080,7081,25
MOEX:PHOR,2022-09-28T17:06:00+03:00,7081,7081,7076,7080,63
MOEX:PHOR,2022-09-28T17:07:00+03:00,7077,7083,7075,7075,235
MOEX:PHOR,2022-09-28T17:08:00+03:00,7082,7083,7075,7075,55
MOEX:PHOR,2022-09-28T17:09:00+03:00,7075,7080,7075,7076,9
MOEX:PHOR,2022-09-28T17:10:00+03:00,7076,7079,7076,7076,7
MOEX:PHOR,2022-09-28T17:11:00+03:00,7079,7080,7075,7075,56
MOEX:PHOR,2022-09-28T17:12:00+03:00,7076,7079,7076,7079,146
MOEX:PHOR,2022-09-28T17:13:00+03:00,7077,7078,7075,7078,52
MOEX:PHOR,2022-09-28T17:14:00+03:00,7078,7079,7076,7078,21
MOEX:PHOR,2022-09-28T17:15:00+03:00,7078,7079,7075,7079,42
MOEX:PHOR,2022-09-28T17:16:00+03:00,7079,7079,7076,7079,32
MOEX:PHOR,2022-09-28T17:17:00+03:00,7079,7079,7076,7078,12
MOEX:PHOR,2022-09-28T17:18:00+03:00,7077,7078,7075,7075,23
MOEX:PHOR,2022-09-28T17:19:00+03:00,7075,7078,7075,7078,19
MOEX:PHOR,2022-09-28T17:20:00+03:00,7078,7079,7078,7079,68
MOEX:PHOR,2022-09-28T17:21:00+03:00,7078,7079,7076,7079,75
MOEX:PHOR,2022-09-28T17:22:00+03:00,7079,7079,7079,7079,9
MOEX:PHOR,2022-09-28T17:23:00+03:00,7076,7079,7076,7079,14
MOEX:PHOR,2022-09-28T17:24:00+03:00,7079,7079,7075,7075,96
MOEX:PHOR,2022-09-28T17:25:00+03:00,7078,7080,7075,7080,15
MOEX:PHOR,2022-09-28T17:26:00+03:00,7080,7080,7079,7079,29
MOEX:PHOR,2022-09-28T17:27:00+03:00,7080,7080,7075,7080,42
MOEX:PHOR,2022-09-28T17:28:00+03:00,7075,7078,7074,7078,79
MOEX:PHOR,2022-09-28T17:29:00+03:00,7078,7083,7074,7075,185
MOEX:PHOR,2022-09-28T17:30:00+03:00,7080,7083,7076,7076,44
MOEX:PHOR,2022-09-28T17:31:00+03:00,7075,7080,7075,7075,45
MOEX:PHOR,2022-09-28T17:32:00+03:00,7075,7081,7075,7075,74
MOEX:PHOR,2022-09-28T17:33:00+03:00,7081,7086,7081,7085,161
MOEX:PHOR,2022-09-28T17:34:00+03:00,7089,7093,7082,7082,88
MOEX:PHOR,2022-09-28T17:35:00+03:00,7087,7093,7084,7091,186
MOEX:PHOR,2022-09-28T17:36:00+03:00,7087,7092,7086,7092,60
MOEX:PHOR,2022-09-28T17:37:00+03:00,7091,7092,7086,7091,118
MOEX:PHOR,2022-09-28T17:38:00+03:00,7087,7093,7086,7087,67
MOEX:PHOR,2022-09-28T17:39:00+03:00,7088,7092,7086,7086,99
MOEX:PHOR,2022-09-28T17:40:00+03:00,7086,7093,7086,7092,87
MOEX:PHOR,2022-09-28T17:41:00+03:00,7087,7092,7087,7091,47
MOEX:PHOR,2022-09-28T17:42:00+03:00,7093,7093,7091,7093,72
MOEX:PHOR,2022-09-28T17:43:00+03:00,7093,7095,7089,7091,115
MOEX:PHOR,2022-09-28T17:44:00+03:00,7091,7091,7089,7089,55
MOEX:PHOR,2022-09-28T17:45:00+03:00,7090,7092,7090,7092,31
MOEX:PHOR,2022-09-28T17:46:00+03:00,7092,7094,7088,7088,76
MOEX:PHOR,2022-09-28T17:47:00+03:00,7094,7094,7090,7092,84
MOEX:PHOR,2022-09-28T17:48:00+03:00,7090,7093,7090,7091,112
MOEX:PHOR,2022-09-28T17:49:00+03:00,7091,7092,7090,7090,70
MOEX:PHOR,2022-09-28T17:50:00+03:00,7092,7093,7090,7090,90
MOEX:PHOR,2022-09-28T17:51:00+03:00,7090,7093,7090,7093,37
MOEX:PHOR,2022-09-28T17:52:00+03:00,7091,7093,7090,7093,153
MOEX:PHOR,2022-09-28T17:53:00+03:00,7093,7093,7086,7088,78
MOEX:PHOR,2022-09-28T17:54:00+03:00,7088,7088,7088,7088,104
MOEX:PHOR,2022-09-28T17:55:00+03:00,7088,7088,7088,7088,13
MOEX:PHOR,2022-09-28T17:56:00+03:00,7088,7089,7085,7088,83
MOEX:PHOR,2022-09-28T17:57:00+03:00,7088,7089,7088,7089,7
MOEX:PHOR,2022-09-28T17:58:00+03:00,7089,7089,7088,7088,20
MOEX:PHOR,2022-09-28T17:59:00+03:00,7091,7092,7086,7086,142
MOEX:PHOR,2022-09-28T18:00:00+03:00,7092,7092,7092,7092,12
MOEX:PHOR,2022-09-28T18:01:00+03:00,7092,7093,7089,7093,7
MOEX:PHOR,2022-09-28T18:02:00+03:00,7093,7100,7092,7096,2354
MOEX:PHOR,2022-09-28T18:03:00+03:00,7099,7100,7096,7096,472
MOEX:PHOR,2022-09-28T18:04:00+03:00,7096,7098,7092,7098,156
MOEX:PHOR,2022-09-28T18:05:00+03:00,7098,7098,7092,7092,167
MOEX:PHOR,2022-09-28T18:06:00+03:00,7096,7099,7087,7088,180
MOEX:PHOR,2022-09-28T18:07:00+03:00,7087,7097,7087,7095,194
MOEX:PHOR,2022-09-28T18:08:00+03:00,7095,7096,7093,7096,96
MOEX:PHOR,2022-09-28T18:09:00+03:00,7095,7095,7080,7080,404
MOEX:PHOR,2022-09-28T18:10:00+03:00,7081,7082,7066,7080,185
MOEX:PHOR,2022-09-28T18:11:00+03:00,7080,7094,7066,7094,416
MOEX:PHOR,2022-09-28T18:12:00+03:00,7092,7094,7090,7090,150
MOEX:PHOR,2022-09-28T18:13:00+03:00,7090,7091,7090,7091,110
MOEX:PHOR,2022-09-28T18:14:00+03:00,7092,7094,7091,7091,89
MOEX:PHOR,2022-09-28T18:15:00+03:00,7094,7094,7091,7094,151
MOEX:PHOR,2022-09-28T18:16:00+03:00,7094,7094,7082,7092,36
MOEX:PHOR,2022-09-28T18:17:00+03:00,7090,7092,7071,7076,150
MOEX:PHOR,2022-09-28T18:18:00+03:00,7080,7087,7073,7080,66
MOEX:PHOR,2022-09-28T18:19:00+03:00,7079,7079,7071,7074,52
MOEX:PHOR,2022-09-28T18:20:00+03:00,7077,7079,7070,7079,72
MOEX:PHOR,2022-09-28T18:21:00+03:00,7078,7081,7073,7080,17
MOEX:PHOR,2022-09-28T18:22:00+03:00,7082,7091,7078,7088,68
MOEX:PHOR,2022-09-28T18:23:00+03:00,7088,7089,7081,7086,17
MOEX:PHOR,2022-09-28T18:24:00+03:00,7083,7089,7078,7078,43
MOEX:PHOR,2022-09-28T18:25:00+03:00,7077,7078,7077,7078,17
MOEX:PHOR,2022-09-28T18:26:00+03:00,7078,7078,7075,7078,29
MOEX:PHOR,2022-09-28T18:27:00+03:00,7076,7088,7076,7087,71
MOEX:PHOR,2022-09-28T18:28:00+03:00,7088,7090,7088,7088,94
MOEX:PHOR,2022-09-28T18:29:00+03:00,7088,7088,7076,7084,255
MOEX:PHOR,2022-09-28T18:30:00+03:00,7080,7090,7080,7085,135
MOEX:PHOR,2022-09-28T18:31:00+03:00,7090,7093,7086,7092,63
MOEX:PHOR,2022-09-28T18:32:00+03:00,7092,7093,7092,7093,99
MOEX:PHOR,2022-09-28T18:33:00+03:00,7094,7095,7092,7095,230
MOEX:PHOR,2022-09-28T18:34:00+03:00,7095,7100,7094,7096,413
MOEX:PHOR,2022-09-28T18:35:00+03:00,7095,7099,7095,7097,72
MOEX:PHOR,2022-09-28T18:36:00+03:00,7096,7100,7094,7100,311
MOEX:PHOR,2022-09-28T18:37:00+03:00,7094,7100,7094,7098,169
MOEX:PHOR,2022-09-28T18:38:00+03:00,7095,7099,7095,7096,86
MOEX:PHOR,2022-09-28T18:39:00+03:00,7096,7098,7095,7095,104
MOEX:PHOR,2022-09-28T18:45:00+03:00,7101,7101,7101,7101,258
MOEX:PHOR,2022-09-28T18:46:00+03:00,7101,7101,7101,7101,15
MOEX:PHOR,2022-09-28T18:47:00+03:00,7101,7101,7101,7101,150
MOEX:PHOR,2022-09-28T18:48:00+03:00,7101,7101,7101,7101,75
MOEX:PHOR,2022-09-28T18:49:00+03:00,7101,7101,7101,7101,3
MOEX:PHOR,2022-09-28T19:04:00+03:00,7112,7112,7112,7112,10
MOEX:PHOR,2022-09-28T19:05:00+03:00,7111,7112,7091,7092,73
MOEX:PHOR,2022-09-28T19:06:00+03:00,7092,7092,7087,7091,36
MOEX:PHOR,2022-09-28T19:07:00+03:00,7091,7091,7091,7091,2
MOEX:PHOR,2022-09-28T19:08:00+03:00,7091,7091,7084,7088,24
MOEX:PHOR,2022-09-28T19:09:00+03:00,7084,7087,7080,7087,35
MOEX:PHOR,2022-09-28T19:10:00+03:00,7087,7087,7087,7087,5
MOEX:PHOR,2022-09-28T19:11:00+03:00,7085,7087,7085,7087,27
MOEX:PHOR,2022-09-28T19:12:00+03:00,7088,7088,7083,7083,2
MOEX:PHOR,2022-09-28T19:13:00+03:00,7088,7088,7087,7087,19
MOEX:PHOR,2022-09-28T19:14:00+03:00,7087,7087,7083,7083,32
MOEX:PHOR,2022-09-28T19:15:00+03:00,7083,7087,7083,7087,9
MOEX:PHOR,2022-09-28T19:16:00+03:00,7086,7086,7083,7083,23
MOEX:PHOR,2022-09-28T19:17:00+03:00,7082,7084,7082,7083,35
MOEX:PHOR,2022-09-28T19:18:00+03:00,7083,7084,7082,7082,25
MOEX:PHOR,2022-09-28T19:19:00+03:00,7082,7084,7081,7084,27
MOEX:PHOR,2022-09-28T19:20:00+03:00,7084,7086,7084,7086,10
MOEX:PHOR,2022-09-28T19:21:00+03:00,7087,7088,7082,7082,22
MOEX:PHOR,2022-09-28T19:22:00+03:00,7088,7090,7087,7090,30
MOEX:PHOR,2022-09-28T19:23:00+03:00,7090,7091,7090,7091,10
MOEX:PHOR,2022-09-28T19:24:00+03:00,7090,7091,7088,7088,15
MOEX:PHOR,2022-09-28T19:25:00+03:00,7091,7091,7088,7091,36
MOEX:PHOR,2022-09-28T19:26:00+03:00,7090,7091,7087,7087,29
MOEX:PHOR,2022-09-28T19:27:00+03:00,7091,7091,7083,7083,93
MOEX:PHOR,2022-09-28T19:28:00+03:00,7088,7090,7084,7084,30
MOEX:PHOR,2022-09-28T19:29:00+03:00,7090,7090,7080,7088,133
MOEX:PHOR,2022-09-28T19:30:00+03:00,7087,7088,7081,7081,27
MOEX:PHOR,2022-09-28T19:31:00+03:00,7088,7090,7087,7087,26
MOEX:PHOR,2022-09-28T19:32:00+03:00,7087,7090,7083,7083,36
MOEX:PHOR,2022-09-28T19:33:00+03:00,7090,7090,7084,7084,29
MOEX:PHOR,2022-09-28T19:34:00+03:00,7085,7085,7082,7082,50
MOEX:PHOR,2022-09-28T19:35:00+03:00,7090,7090,7089,7089,12
MOEX:PHOR,2022-09-28T19:36:00+03:00,7084,7089,7084,7089,3
MOEX:PHOR,2022-09-28T19:37:00+03:00,7088,7090,7088,7090,20
MOEX:PHOR,2022-09-28T19:38:00+03:00,7087,7090,7085,7085,30
MOEX:PHOR,2022-09-28T19:39:00+03:00,7090,7090,7090,7090,4
MOEX:PHOR,2022-09-28T19:40:00+03:00,7085,7085,7085,7085,3
MOEX:PHOR,2022-09-28T19:41:00+03:00,7085,7085,7084,7084,35
MOEX:PHOR,2022-09-28T19:42:00+03:00,7084,7089,7084,7085,13
MOEX:PHOR,2022-09-28T19:43:00+03:00,7084,7092,7084,7092,428
MOEX:PHOR,2022-09-28T19:44:00+03:00,7092,7092,7092,7092,15
MOEX:PHOR,2022-09-28T19:45:00+03:00,7096,7100,7095,7100,33
MOEX:PHOR,2022-09-28T19:46:00+03:00,7100,7100,7100,7100,5
MOEX:PHOR,2022-09-28T19:47:00+03:00,7100,7101,7097,7101,23
MOEX:PHOR,2022-09-28T19:48:00+03:00,7103,7104,7103,7104,15
MOEX:PHOR,2022-09-28T19:49:00+03:00,7106,7111,7103,7104,68
MOEX:PHOR,2022-09-28T19:50:00+03:00,7104,7104,7103,7103,18
MOEX:PHOR,2022-09-28T19:51:00+03:00,7104,7104,7102,7102,20
MOEX:PHOR,2022-09-28T19:52:00+03:00,7101,7104,7100,7101,179
MOEX:PHOR,2022-09-28T19:53:00+03:00,7104,7104,7100,7104,45
MOEX:PHOR,2022-09-28T19:54:00+03:00,7105,7105,7104,7105,4
MOEX:PHOR,2022-09-28T19:55:00+03:00,7107,7108,7106,7107,24
MOEX:PHOR,2022-09-28T19:56:00+03:00,7108,7109,7108,7109,23
MOEX:PHOR,2022-09-28T19:57:00+03:00,7109,7110,7108,7110,53
MOEX:PHOR,2022-09-28T19:58:00+03:00,7110,7120,7108,7110,220
MOEX:PHOR,2022-09-28T19:59:00+03:00,7111,7119,7111,7118,11
MOEX:PHOR,2022-09-28T20:00:00+03:00,7118,7123,7091,7122,239
MOEX:PHOR,2022-09-28T20:01:00+03:00,7125,7135,7123,7135,81
MOEX:PHOR,2022-09-28T20:02:00+03:00,7130,7130,7120,7120,141
MOEX:PHOR,2022-09-28T20:03:00+03:00,7126,7126,7119,7119,67
MOEX:PHOR,2022-09-28T20:04:00+03:00,7119,7124,7110,7118,19
MOEX:PHOR,2022-09-28T20:05:00+03:00,7116,7121,7116,7116,5
MOEX:PHOR,2022-09-28T20:06:00+03:00,7117,7117,7115,7115,5
MOEX:PHOR,2022-09-28T20:07:00+03:00,7115,7115,7113,7113,49
MOEX:PHOR,2022-09-28T20:08:00+03:00,7111,7113,7111,7111,7
MOEX:PHOR,2022-09-28T20:09:00+03:00,7113,7113,7110,7110,37
MOEX:PHOR,2022-09-28T20:10:00+03:00,7113,7113,7100,7107,38
MOEX:PHOR,2022-09-28T20:11:00+03:00,7102,7132,7101,7112,103
MOEX:PHOR,2022-09-28T20:12:00+03:00,7118,7135,7118,7121,45
MOEX:PHOR,2022-09-28T20:13:00+03:00,7129,7129,7128,7128,8
MOEX:PHOR,2022-09-28T20:14:00+03:00,7122,7128,7120,7120,14
MOEX:PHOR,2022-09-28T20:15:00+03:00,7127,7129,7120,7128,20
MOEX:PHOR,2022-09-28T20:16:00+03:00,7121,7135,7120,7135,105
MOEX:PHOR,2022-09-28T20:17:00+03:00,7133,7140,7129,7140,118
MOEX:PHOR,2022-09-28T20:18:00+03:00,7131,7137,7129,7132,10
MOEX:PHOR,2022-09-28T20:19:00+03:00,7132,7137,7132,7132,16
MOEX:PHOR,2022-09-28T20:20:00+03:00,7131,7135,7125,7135,80
MOEX:PHOR,2022-09-28T20:21:00+03:00,7125,7133,7120,7133,48
MOEX:PHOR,2022-09-28T20:22:00+03:00,7130,7133,7130,7133,18
MOEX:PHOR,2022-09-28T20:23:00+03:00,7130,7133,7130,7132,34
MOEX:PHOR,2022-09-28T20:24:00+03:00,7132,7132,7127,7127,7
MOEX:PHOR,2022-09-28T20:25:00+03:00,7129,7130,7126,7128,11
MOEX:PHOR,2022-09-28T20:26:00+03:00,7128,7136,7128,7136,78
MOEX:PHOR,2022-09-28T20:27:00+03:00,7131,7135,7130,7135,26
MOEX:PHOR,2022-09-28T20:28:00+03:00,7135,7135,7131,7135,19
MOEX:PHOR,2022-09-28T20:29:00+03:00,7135,7135,7131,7131,20
MOEX:PHOR,2022-09-28T20:30:00+03:00,7131,7135,7130,7131,43
MOEX:PHOR,2022-09-28T20:31:00+03:00,7131,7136,7131,7133,13
MOEX:PHOR,2022-09-28T20:32:00+03:00,7133,7136,7130,7136,10
MOEX:PHOR,2022-09-28T20:33:00+03:00,7135,7135,7126,7126,202
MOEX:PHOR,2022-09-28T20:34:00+03:00,7130,7130,7124,7124,29
MOEX:PHOR,2022-09-28T20:35:00+03:00,7125,7125,7118,7123,48
MOEX:PHOR,2022-09-28T20:36:00+03:00,7120,7125,7118,7118,30
MOEX:PHOR,2022-09-28T20:37:00+03:00,7118,7126,7114,7126,30
MOEX:PHOR,2022-09-28T20:38:00+03:00,7118,7125,7111,7111,47
MOEX:PHOR,2022-09-28T20:39:00+03:00,7118,7122,7113,7113,25
MOEX:PHOR,2022-09-28T20:40:00+03:00,7118,7118,7112,7112,10
MOEX:PHOR,2022-09-28T20:41:00+03:00,7111,7111,7111,7111,7
MOEX:PHOR,2022-09-28T20:42:00+03:00,7110,7112,7110,7112,13
MOEX:PHOR,2022-09-28T20:43:00+03:00,7112,7112,7106,7106,15
MOEX:PHOR,2022-09-28T20:44:00+03:00,7105,7105,7101,7102,24
MOEX:PHOR,2022-09-28T20:45:00+03:00,7106,7110,7101,7102,71
MOEX:PHOR,2022-09-28T20:46:00+03:00,7108,7109,7108,7108,8
MOEX:PHOR,2022-09-28T20:47:00+03:00,7108,7115,7108,7114,78
MOEX:PHOR,2022-09-28T20:48:00+03:00,7114,7115,7113,7115,48
MOEX:PHOR,2022-09-28T20:49:00+03:00,7115,7124,7115,7124,17
MOEX:PHOR,2022-09-28T20:50:00+03:00,7124,7124,7116,7116,22
MOEX:PHOR,2022-09-28T20:51:00+03:00,7116,7116,7116,7116,12
MOEX:PHOR,2022-09-28T20:52:00+03:00,7116,7123,7114,7114,70
MOEX:PHOR,2022-09-28T20:53:00+03:00,7115,7116,7110,7114,7
MOEX:PHOR,2022-09-28T20:54:00+03:00,7118,7118,7114,7116,9
MOEX:PHOR,2022-09-28T20:55:00+03:00,7115,7115,7114,7114,35
MOEX:PHOR,2022-09-28T20:56:00+03:00,7111,7115,7110,7115,13
MOEX:PHOR,2022-09-28T20:57:00+03:00,7110,7116,7110,7116,11
MOEX:PHOR,2022-09-28T20:58:00+03:00,7119,7119,7119,7119,3
MOEX:PHOR,2022-09-28T20:59:00+03:00,7111,7111,7108,7108,22
MOEX:PHOR,2022-09-28T21:00:00+03:00,7110,7130,7110,7125,111
MOEX:PHOR,2022-09-28T21:01:00+03:00,7117,7117,7117,7117,1
MOEX:PHOR,2022-09-28T21:02:00+03:00,7118,7126,7115,7115,27
MOEX:PHOR,2022-09-28T21:03:00+03:00,7116,7116,7114,7114,7
MOEX:PHOR,2022-09-28T21:04:00+03:00,7113,7113,7104,7112,89
MOEX:PHOR,2022-09-28T21:05:00+03:00,7116,7120,7116,7120,9
MOEX:PHOR,2022-09-28T21:06:00+03:00,7121,7130,7121,7130,147
MOEX:PHOR,2022-09-28T21:07:00+03:00,7130,7131,7129,7129,6
MOEX:PHOR,2022-09-28T21:08:00+03:00,7129,7138,7129,7138,158
MOEX:PHOR,2022-09-28T21:09:00+03:00,7136,7136,7126,7127,57
MOEX:PHOR,2022-09-28T21:10:00+03:00,7124,7124,7124,7124,4
MOEX:PHOR,2022-09-28T21:11:00+03:00,7130,7135,7128,7135,16
MOEX:PHOR,2022-09-28T21:12:00+03:00,7125,7136,7125,7135,15
MOEX:PHOR,2022-09-28T21:13:00+03:00,7135,7136,7135,7136,7
MOEX:PHOR,2022-09-28T21:14:00+03:00,7136,7136,7131,7131,3
MOEX:PHOR,2022-09-28T21:15:00+03:00,7128,7128,7128,7128,1
MOEX:PHOR,2022-09-28T21:16:00+03:00,7128,7130,7128,7130,23
MOEX:PHOR,2022-09-28T21:17:00+03:00,7130,7131,7130,7131,73
MOEX:PHOR,2022-09-28T21:18:00+03:00,7131,7139,7130,7135,233
MOEX:PHOR,2022-09-28T21:19:00+03:00,7131,7137,7131,7131,18
MOEX:PHOR,2022-09-28T21:20:00+03:00,7134,7134,7133,7133,24
MOEX:PHOR,2022-09-28T21:21:00+03:00,7131,7133,7130,7131,25
MOEX:PHOR,2022-09-28T21:22:00+03:00,7133,7135,7130,7130,65
MOEX:PHOR,2022-09-28T21:23:00+03:00,7131,7135,7131,7135,15
MOEX:PHOR,2022-09-28T21:24:00+03:00,7135,7138,7134,7134,53
MOEX:PHOR,2022-09-28T21:25:00+03:00,7131,7131,7130,7130,7
MOEX:PHOR,2022-09-28T21:26:00+03:00,7130,7136,7130,7136,11
MOEX:PHOR,2022-09-28T21:27:00+03:00,7131,7137,7131,7132,50
MOEX:PHOR,2022-09-28T21:28:00+03:00,7136,7137,7129,7130,94
MOEX:PHOR,2022-09-28T21:29:00+03:00,7130,7130,7130,7130,24
MOEX:PHOR,2022-09-28T21:30:00+03:00,7130,7130,7130,7130,32
MOEX:PHOR,2022-09-28T21:31:00+03:00,7130,7130,7129,7129,6
MOEX:PHOR,2022-09-28T21:32:00+03:00,7130,7130,7128,7128,35
MOEX:PHOR,2022-09-28T21:33:00+03:00,7128,7129,7128,7129,13
MOEX:PHOR,2022-09-28T21:34:00+03:00,7128,7129,7128,7128,14
MOEX:PHOR,2022-09-28T21:35:00+03:00,7129,7130,7129,7130,15
MOEX:PHOR,2022-09-28T21:36:00+03:00,7128,7128,7128,7128,40
MOEX:PHOR,2022-09-28T21:38:00+03:00,7128,7128,7127,7127,10
MOEX:PHOR,2022-09-28T21:39:00+03:00,7128,7130,7125,7130,60
MOEX:PHOR,2022-09-28T21:40:00+03:00,7133,7133,7122,7131,35
MOEX:PHOR,2022-09-28T21:41:00+03:00,7132,7132,7130,7131,24
MOEX:PHOR,2022-09-28T21:42:00+03:00,7130,7134,7128,7134,76
MOEX:PHOR,2022-09-28T21:43:00+03:00,7130,7130,7130,7130,6
MOEX:PHOR,2022-09-28T21:44:00+03:00,7133,7133,7133,7133,6
MOEX:PHOR,2022-09-28T21:45:00+03:00,7133,7134,7133,7134,64
MOEX:PHOR,2022-09-28T21:46:00+03:00,7134,7137,7134,7136,56
MOEX:PHOR,2022-09-28T21:47:00+03:00,7136,7136,7136,7136,1
MOEX:PHOR,2022-09-28T21:48:00+03:00,7136,7140,7136,7140,220
MOEX:PHOR,2022-09-28T21:49:00+03:00,7139,7139,7136,7136,11
MOEX:PHOR,2022-09-28T21:50:00+03:00,7136,7136,7135,7136,16
MOEX:PHOR,2022-09-28T21:51:00+03:00,7136,7137,7135,7136,26
MOEX:PHOR,2022-09-28T21:52:00+03:00,7136,7137,7136,7137,4
MOEX:PHOR,2022-09-28T21:53:00+03:00,7137,7137,7134,7134,73
MOEX:PHOR,2022-09-28T21:54:00+03:00,7134,7138,7130,7138,162
MOEX:PHOR,2022-09-28T21:55:00+03:00,7138,7138,7137,7138,40
MOEX:PHOR,2022-09-28T21:56:00+03:00,7138,7138,7138,7138,17
MOEX:PHOR,2022-09-28T21:57:00+03:00,7138,7138,7135,7135,15
MOEX:PHOR,2022-09-28T21:58:00+03:00,7138,7140,7135,7135,131
MOEX:PHOR,2022-09-28T21:59:00+03:00,7135,7140,7135,7140,21
MOEX:PHOR,2022-09-28T22:00:00+03:00,7139,7140,7135,7135,7
MOEX:PHOR,2022-09-28T22:01:00+03:00,7136,7136,7136,7136,10
MOEX:PHOR,2022-09-28T22:02:00+03:00,7135,7139,7135,7139,5
MOEX:PHOR,2022-09-28T22:03:00+03:00,7139,7139,7139,7139,9
MOEX:PHOR,2022-09-28T22:04:00+03:00,7139,7139,7139,7139,2
MOEX:PHOR,2022-09-28T22:05:00+03:00,7138,7139,7138,7139,5
MOEX:PHOR,2022-09-28T22:06:00+03:00,7139,7139,7138,7138,10
MOEX:PHOR,2022-09-28T22:07:00+03:00,7138,7139,7138,7139,3
MOEX:PHOR,2022-09-28T22:08:00+03:00,7139,7140,7138,7138,29
MOEX:PHOR,2022-09-28T22:09:00+03:00,7138,7140,7138,7140,105
MOEX:PHOR,2022-09-28T22:10:00+03:00,7140,7140,7138,7140,39
MOEX:PHOR,2022-09-28T22:11:00+03:00,7140,7141,7140,7141,44
MOEX:PHOR,2022-09-28T22:12:00+03:00,7140,7142,7140,7142,30
MOEX:PHOR,2022-09-28T22:13:00+03:00,7141,7142,7141,7142,23
MOEX:PHOR,2022-09-28T22:14:00+03:00,7142,7142,7141,7141,19
MOEX:PHOR,2022-09-28T22:15:00+03:00,7142,7142,7142,7142,18
MOEX:PHOR,2022-09-28T22:16:00+03:00,7142,7143,7142,7143,254
MOEX:PHOR,2022-09-28T22:17:00+03:00,7144,7145,7142,7143,133
MOEX:PHOR,2022-09-28T22:18:00+03:00,7143,7145,7142,7142,87
MOEX:PHOR,2022-09-28T22:19:00+03:00,7142,7145,7142,7144,14
MOEX:PHOR,2022-09-28T22:20:00+03:00,7144,7146,7142,7143,238
MOEX:PHOR,2022-09-28T22:21:00+03:00,7144,7144,7143,7143,51
MOEX:PHOR,2022-09-28T22:22:00+03:00,7145,7148,7143,7148,214
MOEX:PHOR,2022-09-28T22:23:00+03:00,7145,7145,7145,7145,50
MOEX:PHOR,2022-09-28T22:24:00+03:00,7146,7149,7145,7145,273
MOEX:PHOR,2022-09-28T22:25:00+03:00,7144,7144,7144,7144,5
MOEX:PHOR,2022-09-28T22:26:00+03:00,7145,7145,7145,7145,10
MOEX:PHOR,2022-09-28T22:27:00+03:00,7145,7150,7144,7146,382
MOEX:PHOR,2022-09-28T22:28:00+03:00,7146,7150,7146,7149,43
MOEX:PHOR,2022-09-28T22:29:00+03:00,7150,7150,7149,7150,206
MOEX:PHOR,2022-09-28T22:30:00+03:00,7150,7158,7150,7158,93
MOEX:PHOR,2022-09-28T22:31:00+03:00,7158,7160,7158,7159,69
MOEX:PHOR,2022-09-28T22:32:00+03:00,7160,7160,7159,7160,48
MOEX:PHOR,2022-09-28T22:33:00+03:00,7160,7175,7160,7175,255
MOEX:PHOR,2022-09-28T22:34:00+03:00,7175,7175,7169,7170,111
MOEX:PHOR,2022-09-28T22:35:00+03:00,7169,7169,7160,7166,79
MOEX:PHOR,2022-09-28T22:36:00+03:00,7161,7167,7161,7167,21
MOEX:PHOR,2022-09-28T22:37:00+03:00,7166,7167,7162,7162,44
MOEX:PHOR,2022-09-28T22:38:00+03:00,7166,7166,7162,7166,12
MOEX:PHOR,2022-09-28T22:39:00+03:00,7166,7166,7161,7162,25
MOEX:PHOR,2022-09-28T22:40:00+03:00,7162,7162,7162,7162,37
MOEX:PHOR,2022-09-28T22:41:00+03:00,7162,7166,7161,7165,61
MOEX:PHOR,2022-09-28T22:42:00+03:00,7165,7180,7165,7169,457
MOEX:PHOR,2022-09-28T22:43:00+03:00,7178,7179,7169,7172,47
MOEX:PHOR,2022-09-28T22:44:00+03:00,7178,7178,7171,7178,81
MOEX:PHOR,2022-09-28T22:45:00+03:00,7179,7182,7178,7182,123
MOEX:PHOR,2022-09-28T22:46:00+03:00,7182,7183,7180,7180,84
MOEX:PHOR,2022-09-28T22:47:00+03:00,7180,7190,7175,7188,480
MOEX:PHOR,2022-09-28T22:48:00+03:00,7187,7187,7176,7181,30
MOEX:PHOR,2022-09-28T22:49:00+03:00,7185,7188,7183,7183,60
MOEX:PHOR,2022-09-28T22:50:00+03:00,7189,7194,7189,7189,156
MOEX:PHOR,2022-09-28T22:51:00+03:00,7191,7195,7189,7195,208
MOEX:PHOR,2022-09-28T22:52:00+03:00,7191,7195,7188,7191,114
MOEX:PHOR,2022-09-28T22:53:00+03:00,7192,7195,7185,7188,315
MOEX:PHOR,2022-09-28T22:54:00+03:00,7193,7193,7186,7186,24
MOEX:PHOR,2022-09-28T22:55:00+03:00,7186,7192,7186,7192,70
MOEX:PHOR,2022-09-28T22:56:00+03:00,7189,7192,7188,7190,19
MOEX:PHOR,2022-09-28T22:57:00+03:00,7192,7192,7185,7187,98
MOEX:PHOR,2022-09-28T22:58:00+03:00,7192,7196,7170,7173,444
MOEX:PHOR,2022-09-28T22:59:00+03:00,7174,7179,7169,7179,23
MOEX:PHOR,2022-09-28T23:00:00+03:00,7179,7184,7174,7174,17
MOEX:PHOR,2022-09-28T23:01:00+03:00,7175,7175,7171,7173,18
MOEX:PHOR,2022-09-28T23:02:00+03:00,7173,7174,7170,7172,73
MOEX:PHOR,2022-09-28T23:03:00+03:00,7171,7172,7170,7172,71
MOEX:PHOR,2022-09-28T23:04:00+03:00,7172,7176,7172,7176,120
MOEX:PHOR,2022-09-28T23:05:00+03:00,7179,7189,7176,7180,236
MOEX:PHOR,2022-09-28T23:06:00+03:00,7180,7186,7180,7186,14
MOEX:PHOR,2022-09-28T23:07:00+03:00,7186,7186,7181,7186,16
MOEX:PHOR,2022-09-28T23:08:00+03:00,7186,7186,7180,7186,65
MOEX:PHOR,2022-09-28T23:09:00+03:00,7181,7186,7181,7186,46
MOEX:PHOR,2022-09-28T23:10:00+03:00,7183,7186,7183,7186,4
MOEX:PHOR,2022-09-28T23:11:00+03:00,7181,7186,7178,7186,83
MOEX:PHOR,2022-09-28T23:12:00+03:00,7185,7186,7176,7183,35
MOEX:PHOR,2022-09-28T23:13:00+03:00,7185,7185,7185,7185,6
MOEX:PHOR,2022-09-28T23:14:00+03:00,7180,7180,7180,7180,2
MOEX:PHOR,2022-09-28T23:15:00+03:00,7180,7186,7177,7177,50
MOEX:PHOR,2022-09-28T23:16:00+03:00,7178,7186,7173,7173,61
MOEX:PHOR,2022-09-28T23:17:00+03:00,7173,7183,7168,7170,98
MOEX:PHOR,2022-09-28T23:18:00+03:00,7166,7176,7166,7176,3
MOEX:PHOR,2022-09-28T23:19:00+03:00,7166,7170,7136,7167,454
MOEX:PHOR,2022-09-28T23:20:00+03:00,7159,7159,7147,7154,33
MOEX:PHOR,2022-09-28T23:21:00+03:00,7158,7159,7145,7148,52
MOEX:PHOR,2022-09-28T23:22:00+03:00,7145,7148,7140,7148,174
MOEX:PHOR,2022-09-28T23:23:00+03:00,7148,7158,7147,7158,152
MOEX:PHOR,2022-09-28T23:24:00+03:00,7152,7153,7150,7153,6
MOEX:PHOR,2022-09-28T23:25:00+03:00,7149,7150,7147,7149,26
MOEX:PHOR,2022-09-28T23:26:00+03:00,7149,7153,7144,7152,46
MOEX:PHOR,2022-09-28T23:27:00+03:00,7151,7151,7145,7150,15
MOEX:PHOR,2022-09-28T23:28:00+03:00,7150,7150,7142,7142,43
MOEX:PHOR,2022-09-28T23:29:00+03:00,7150,7150,7142,7142,34
MOEX:PHOR,2022-09-28T23:30:00+03:00,7147,7151,7147,7150,56
MOEX:PHOR,2022-09-28T23:31:00+03:00,7150,7151,7148,7151,73
MOEX:PHOR,2022-09-28T23:32:00+03:00,7151,7151,7151,7151,6
MOEX:PHOR,2022-09-28T23:33:00+03:00,7151,7151,7148,7151,30
MOEX:PHOR,2022-09-28T23:34:00+03:00,7147,7155,7146,7155,61
MOEX:PHOR,2022-09-28T23:35:00+03:00,7155,7155,7148,7148,81
MOEX:PHOR,2022-09-28T23:36:00+03:00,7154,7158,7154,7156,182
MOEX:PHOR,2022-09-28T23:37:00+03:00,7152,7157,7151,7155,8
MOEX:PHOR,2022-09-28T23:38:00+03:00,7153,7157,7153,7155,5
MOEX:PHOR,2022-09-28T23:39:00+03:00,7152,7155,7150,7155,27
MOEX:PHOR,2022-09-28T23:40:00+03:00,7155,7155,7155,7155,64
MOEX:PHOR,2022-09-28T23:41:00+03:00,7155,7185,7153,7183,499
MOEX:PHOR,2022-09-28T23:42:00+03:00,7183,7183,7163,7172,12
MOEX:PHOR,2022-09-28T23:43:00+03:00,7172,7180,7169,7178,115
MOEX:PHOR,2022-09-28T23:44:00+03:00,7176,7178,7176,7177,8
MOEX:PHOR,2022-09-28T23:45:00+03:00,7169,7175,7168,7175,6
MOEX:PHOR,2022-09-28T23:46:00+03:00,7169,7175,7159,7170,81
MOEX:PHOR,2022-09-28T23:47:00+03:00,7166,7173,7160,7166,136
MOEX:PHOR,2022-09-28T23:48:00+03:00,7166,7167,7165,7166,22
MOEX:PHOR,2022-09-28T23:49:00+03:00,7166,7166,7155,7155,164
