Finam:DX,2021-04-05T02:00:00+03:00,93.01,93.05,93.00,93.05,119
Finam:DX,2021-04-05T02:01:00+03:00,93.04,93.04,93.04,93.04,9
Finam:DX,2021-04-05T02:02:00+03:00,93.00,93.00,92.99,92.99,3
Finam:DX,2021-04-05T02:04:00+03:00,92.98,92.98,92.97,92.97,142
Finam:DX,2021-04-05T02:05:00+03:00,92.97,92.97,92.96,92.96,43
Finam:DX,2021-04-05T02:07:00+03:00,92.97,92.98,92.97,92.98,31
Finam:DX,2021-04-05T02:09:00+03:00,92.98,92.98,92.98,92.98,10
Finam:DX,2021-04-05T02:11:00+03:00,92.98,92.99,92.98,92.99,9
Finam:DX,2021-04-05T02:14:00+03:00,92.99,92.99,92.99,92.99,5
Finam:DX,2021-04-05T02:15:00+03:00,92.99,92.99,92.99,92.99,9
Finam:DX,2021-04-05T02:16:00+03:00,93.00,93.01,93.00,93.01,2
Finam:DX,2021-04-05T02:17:00+03:00,93.00,93.00,93.00,93.00,6
Finam:DX,2021-04-05T02:18:00+03:00,93.00,93.00,93.00,93.00,6
Finam:DX,2021-04-05T02:20:00+03:00,93.00,93.02,93.00,93.02,64
Finam:DX,2021-04-05T02:21:00+03:00,93.01,93.02,93.01,93.02,6
Finam:DX,2021-04-05T02:22:00+03:00,93.02,93.02,93.02,93.02,4
Finam:DX,2021-04-05T02:24:00+03:00,93.01,93.01,93.01,93.01,6
Finam:DX,2021-04-05T02:27:00+03:00,93.01,93.02,93.00,93.00,21
Finam:DX,2021-04-05T02:29:00+03:00,93.01,93.01,93.01,93.01,10
Finam:DX,2021-04-05T02:30:00+03:00,93.01,93.03,93.01,93.03,20
Finam:DX,2021-04-05T02:31:00+03:00,93.02,93.02,93.02,93.02,3
Finam:DX,2021-04-05T02:33:00+03:00,93.03,93.03,93.02,93.02,12
Finam:DX,2021-04-05T02:34:00+03:00,93.01,93.01,93.01,93.01,4
Finam:DX,2021-04-05T02:35:00+03:00,93.01,93.01,93.00,93.00,2
Finam:DX,2021-04-05T02:37:00+03:00,93.00,93.00,92.99,93.00,21
Finam:DX,2021-04-05T02:38:00+03:00,93.00,93.00,93.00,93.00,2
Finam:DX,2021-04-05T02:43:00+03:00,93.00,93.00,92.99,92.99,10
Finam:DX,2021-04-05T02:45:00+03:00,93.00,93.00,93.00,93.00,1
Finam:DX,2021-04-05T02:46:00+03:00,93.00,93.00,93.00,93.00,1
Finam:DX,2021-04-05T02:48:00+03:00,92.99,93.00,92.99,92.99,34
Finam:DX,2021-04-05T02:49:00+03:00,92.99,92.99,92.99,92.99,2
Finam:DX,2021-04-05T02:55:00+03:00,93.00,93.00,92.99,92.99,4
Finam:DX,2021-04-05T02:57:00+03:00,93.00,93.00,92.99,92.99,4
Finam:DX,2021-04-05T02:58:00+03:00,93.00,93.00,93.00,93.00,13
Finam:DX,2021-04-05T03:00:00+03:00,93.00,93.01,93.00,93.01,31
Finam:DX,2021-04-05T03:01:00+03:00,93.01,93.01,93.01,93.01,5
Finam:DX,2021-04-05T03:03:00+03:00,93.01,93.01,93.01,93.01,3
Finam:DX,2021-04-05T03:04:00+03:00,93.01,93.01,93.01,93.01,3
Finam:DX,2021-04-05T03:05:00+03:00,93.03,93.03,93.03,93.03,4
Finam:DX,2021-04-05T03:06:00+03:00,93.03,93.03,93.03,93.03,2
Finam:DX,2021-04-05T03:11:00+03:00,93.01,93.01,93.01,93.01,6
Finam:DX,2021-04-05T03:14:00+03:00,93.01,93.02,93.01,93.02,2
Finam:DX,2021-04-05T03:15:00+03:00,93.02,93.02,93.01,93.02,27
Finam:DX,2021-04-05T03:16:00+03:00,93.02,93.02,93.02,93.02,3
Finam:DX,2021-04-05T03:18:00+03:00,93.02,93.03,93.02,93.03,7
Finam:DX,2021-04-05T03:20:00+03:00,93.02,93.02,93.01,93.01,2
Finam:DX,2021-04-05T03:24:00+03:00,93.01,93.01,93.01,93.01,3
Finam:DX,2021-04-05T03:26:00+03:00,93.01,93.01,93.01,93.01,1
Finam:DX,2021-04-05T03:28:00+03:00,93.01,93.01,93.01,93.01,1
Finam:DX,2021-04-05T03:29:00+03:00,93.00,93.01,93.00,93.01,14
Finam:DX,2021-04-05T03:30:00+03:00,93.00,93.00,92.99,92.99,20
Finam:DX,2021-04-05T03:31:00+03:00,93.00,93.00,93.00,93.00,6
Finam:DX,2021-04-05T03:32:00+03:00,93.00,93.00,93.00,93.00,4
Finam:DX,2021-04-05T03:39:00+03:00,93.00,93.00,93.00,93.00,1
Finam:DX,2021-04-05T03:43:00+03:00,93.00,93.00,93.00,93.00,2
Finam:DX,2021-04-05T03:45:00+03:00,93.00,93.00,93.00,93.00,16
Finam:DX,2021-04-05T03:47:00+03:00,93.00,93.00,93.00,93.00,7
Finam:DX,2021-04-05T03:49:00+03:00,93.00,93.00,93.00,93.00,1
Finam:DX,2021-04-05T03:51:00+03:00,93.00,93.00,93.00,93.00,1
Finam:DX,2021-04-05T03:57:00+03:00,92.99,92.99,92.99,92.99,4
Finam:DX,2021-04-05T03:58:00+03:00,92.99,92.99,92.97,92.97,16
Finam:DX,2021-04-05T04:00:00+03:00,92.98,92.99,92.98,92.99,24
Finam:DX,2021-04-05T04:01:00+03:00,92.99,93.00,92.99,92.99,7
Finam:DX,2021-04-05T04:02:00+03:00,92.99,92.99,92.99,92.99,7
Finam:DX,2021-04-05T04:04:00+03:00,92.99,93.00,92.99,93.00,16
Finam:DX,2021-04-05T04:05:00+03:00,93.00,93.00,93.00,93.00,1
Finam:DX,2021-04-05T04:06:00+03:00,93.00,93.00,92.99,92.99,3
Finam:DX,2021-04-05T04:08:00+03:00,93.00,93.01,93.00,93.01,21
Finam:DX,2021-04-05T04:09:00+03:00,93.01,93.02,93.01,93.02,31
Finam:DX,2021-04-05T04:10:00+03:00,93.02,93.03,93.02,93.02,49
Finam:DX,2021-04-05T04:11:00+03:00,93.02,93.02,93.02,93.02,22
Finam:DX,2021-04-05T04:12:00+03:00,93.03,93.04,93.02,93.02,55
Finam:DX,2021-04-05T04:13:00+03:00,93.03,93.03,93.03,93.03,35
Finam:DX,2021-04-05T04:14:00+03:00,93.03,93.03,93.03,93.03,13
Finam:DX,2021-04-05T04:15:00+03:00,93.03,93.03,93.03,93.03,7
Finam:DX,2021-04-05T04:19:00+03:00,93.01,93.01,93.01,93.01,23
Finam:DX,2021-04-05T04:20:00+03:00,93.02,93.02,93.02,93.02,12
Finam:DX,2021-04-05T04:21:00+03:00,93.01,93.01,93.00,93.00,4
Finam:DX,2021-04-05T04:22:00+03:00,93.00,93.01,93.00,93.01,2
Finam:DX,2021-04-05T04:25:00+03:00,93.00,93.00,93.00,93.00,10
Finam:DX,2021-04-05T04:26:00+03:00,93.00,93.00,92.99,92.99,9
Finam:DX,2021-04-05T04:27:00+03:00,92.99,92.99,92.99,92.99,2
Finam:DX,2021-04-05T04:28:00+03:00,92.99,92.99,92.98,92.98,9
Finam:DX,2021-04-05T04:29:00+03:00,92.99,92.99,92.99,92.99,2
Finam:DX,2021-04-05T04:32:00+03:00,93.00,93.00,93.00,93.00,20
Finam:DX,2021-04-05T04:34:00+03:00,92.99,92.99,92.99,92.99,6
Finam:DX,2021-04-05T04:36:00+03:00,92.99,92.99,92.99,92.99,1
Finam:DX,2021-04-05T04:38:00+03:00,92.98,92.98,92.98,92.98,2
Finam:DX,2021-04-05T04:39:00+03:00,92.98,92.98,92.98,92.98,13
Finam:DX,2021-04-05T04:40:00+03:00,92.98,92.98,92.98,92.98,14
Finam:DX,2021-04-05T04:41:00+03:00,92.98,92.98,92.98,92.98,8
Finam:DX,2021-04-05T04:43:00+03:00,92.98,92.98,92.98,92.98,10
Finam:DX,2021-04-05T04:44:00+03:00,92.99,92.99,92.99,92.99,1
Finam:DX,2021-04-05T04:47:00+03:00,92.99,92.99,92.99,92.99,1
Finam:DX,2021-04-05T04:49:00+03:00,92.99,92.99,92.97,92.97,10
Finam:DX,2021-04-05T04:50:00+03:00,92.98,92.99,92.98,92.99,10
Finam:DX,2021-04-05T04:52:00+03:00,92.98,92.98,92.98,92.98,7
Finam:DX,2021-04-05T04:53:00+03:00,92.97,92.97,92.96,92.96,12
Finam:DX,2021-04-05T04:54:00+03:00,92.98,93.00,92.98,93.00,8
Finam:DX,2021-04-05T04:55:00+03:00,92.99,92.99,92.98,92.98,9
Finam:DX,2021-04-05T04:56:00+03:00,92.99,93.00,92.99,92.99,6
Finam:DX,2021-04-05T04:57:00+03:00,93.00,93.00,93.00,93.00,1
Finam:DX,2021-04-05T04:58:00+03:00,92.99,92.99,92.99,92.99,1
Finam:DX,2021-04-05T05:00:00+03:00,92.99,92.99,92.99,92.99,4
Finam:DX,2021-04-05T05:03:00+03:00,92.99,93.00,92.99,93.00,4
Finam:DX,2021-04-05T05:04:00+03:00,92.98,92.98,92.98,92.98,1
Finam:DX,2021-04-05T05:05:00+03:00,92.98,92.99,92.98,92.99,2
Finam:DX,2021-04-05T05:06:00+03:00,92.98,92.98,92.97,92.97,4
Finam:DX,2021-04-05T05:07:00+03:00,92.98,92.99,92.98,92.99,3
Finam:DX,2021-04-05T05:08:00+03:00,92.98,92.98,92.98,92.98,1
Finam:DX,2021-04-05T05:09:00+03:00,92.99,92.99,92.99,92.99,4
Finam:DX,2021-04-05T05:12:00+03:00,92.98,92.98,92.98,92.98,3
Finam:DX,2021-04-05T05:13:00+03:00,92.98,92.98,92.98,92.98,2
Finam:DX,2021-04-05T05:15:00+03:00,92.99,92.99,92.99,92.99,2
Finam:DX,2021-04-05T05:16:00+03:00,92.99,92.99,92.99,92.99,3
Finam:DX,2021-04-05T05:17:00+03:00,92.99,92.99,92.99,92.99,2
Finam:DX,2021-04-05T05:19:00+03:00,92.98,92.98,92.98,92.98,1
Finam:DX,2021-04-05T05:20:00+03:00,92.98,92.98,92.98,92.98,1
Finam:DX,2021-04-05T05:22:00+03:00,92.97,92.98,92.96,92.96,238
Finam:DX,2021-04-05T05:23:00+03:00,92.96,92.96,92.96,92.96,116
Finam:DX,2021-04-05T05:24:00+03:00,92.96,92.96,92.96,92.96,1
Finam:DX,2021-04-05T05:25:00+03:00,92.96,92.96,92.96,92.96,5
Finam:DX,2021-04-05T05:26:00+03:00,92.96,92.96,92.96,92.96,3
Finam:DX,2021-04-05T05:27:00+03:00,92.96,92.97,92.96,92.97,130
Finam:DX,2021-04-05T05:29:00+03:00,92.96,92.96,92.95,92.95,11
Finam:DX,2021-04-05T05:30:00+03:00,92.96,92.96,92.95,92.95,19
Finam:DX,2021-04-05T05:32:00+03:00,92.96,92.97,92.96,92.97,31
Finam:DX,2021-04-05T05:34:00+03:00,92.97,92.97,92.96,92.96,3
Finam:DX,2021-04-05T05:36:00+03:00,92.96,92.96,92.96,92.96,13
Finam:DX,2021-04-05T05:37:00+03:00,92.96,92.96,92.95,92.95,131
Finam:DX,2021-04-05T05:38:00+03:00,92.95,92.96,92.95,92.96,147
Finam:DX,2021-04-05T05:41:00+03:00,92.96,92.96,92.95,92.95,71
Finam:DX,2021-04-05T05:43:00+03:00,92.96,92.96,92.96,92.96,6
Finam:DX,2021-04-05T05:45:00+03:00,92.96,92.96,92.96,92.96,6
Finam:DX,2021-04-05T05:46:00+03:00,92.95,92.95,92.94,92.94,27
Finam:DX,2021-04-05T05:47:00+03:00,92.95,92.95,92.95,92.95,1
Finam:DX,2021-04-05T05:48:00+03:00,92.94,92.94,92.93,92.93,235
Finam:DX,2021-04-05T05:49:00+03:00,92.94,92.94,92.93,92.93,129
Finam:DX,2021-04-05T05:50:00+03:00,92.93,92.93,92.93,92.93,17
Finam:DX,2021-04-05T05:51:00+03:00,92.93,92.94,92.93,92.93,405
Finam:DX,2021-04-05T05:52:00+03:00,92.93,92.93,92.93,92.93,1
Finam:DX,2021-04-05T05:53:00+03:00,92.93,92.93,92.92,92.92,11
Finam:DX,2021-04-05T05:54:00+03:00,92.93,92.94,92.93,92.94,9
Finam:DX,2021-04-05T05:55:00+03:00,92.94,92.94,92.93,92.93,2
Finam:DX,2021-04-05T05:56:00+03:00,92.94,92.95,92.94,92.95,8
Finam:DX,2021-04-05T05:57:00+03:00,92.94,92.94,92.94,92.94,3
Finam:DX,2021-04-05T05:59:00+03:00,92.94,92.95,92.94,92.95,28
Finam:DX,2021-04-05T06:00:00+03:00,92.94,92.94,92.94,92.94,33
Finam:DX,2021-04-05T06:01:00+03:00,92.94,92.94,92.94,92.94,4
Finam:DX,2021-04-05T06:03:00+03:00,92.93,92.93,92.93,92.93,17
Finam:DX,2021-04-05T06:05:00+03:00,92.94,92.95,92.94,92.95,16
Finam:DX,2021-04-05T06:06:00+03:00,92.94,92.94,92.94,92.94,3
Finam:DX,2021-04-05T06:07:00+03:00,92.94,92.94,92.94,92.94,3
Finam:DX,2021-04-05T06:08:00+03:00,92.94,92.95,92.94,92.95,4
Finam:DX,2021-04-05T06:09:00+03:00,92.95,92.95,92.95,92.95,2
Finam:DX,2021-04-05T06:10:00+03:00,92.95,92.95,92.95,92.95,2
Finam:DX,2021-04-05T06:11:00+03:00,92.95,92.96,92.95,92.96,4
Finam:DX,2021-04-05T06:12:00+03:00,92.95,92.95,92.95,92.95,1
Finam:DX,2021-04-05T06:13:00+03:00,92.96,92.96,92.95,92.95,22
Finam:DX,2021-04-05T06:16:00+03:00,92.95,92.95,92.95,92.95,2
Finam:DX,2021-04-05T06:17:00+03:00,92.95,92.95,92.95,92.95,7
Finam:DX,2021-04-05T06:18:00+03:00,92.95,92.96,92.95,92.96,10
Finam:DX,2021-04-05T06:19:00+03:00,92.96,92.96,92.96,92.96,32
Finam:DX,2021-04-05T06:21:00+03:00,92.96,92.96,92.95,92.96,3
Finam:DX,2021-04-05T06:23:00+03:00,92.95,92.95,92.95,92.95,2
Finam:DX,2021-04-05T06:24:00+03:00,92.95,92.96,92.95,92.96,6
Finam:DX,2021-04-05T06:26:00+03:00,92.95,92.95,92.95,92.95,10
Finam:DX,2021-04-05T06:29:00+03:00,92.96,92.96,92.96,92.96,1
Finam:DX,2021-04-05T06:30:00+03:00,92.96,92.96,92.96,92.96,1
Finam:DX,2021-04-05T06:33:00+03:00,92.96,92.96,92.96,92.96,1
Finam:DX,2021-04-05T06:36:00+03:00,92.97,92.97,92.97,92.97,1
Finam:DX,2021-04-05T06:40:00+03:00,92.97,92.97,92.96,92.96,13
Finam:DX,2021-04-05T06:42:00+03:00,92.96,92.96,92.96,92.96,7
Finam:DX,2021-04-05T06:44:00+03:00,92.97,92.97,92.97,92.97,3
Finam:DX,2021-04-05T06:46:00+03:00,92.97,92.97,92.97,92.97,2
Finam:DX,2021-04-05T06:48:00+03:00,92.96,92.96,92.96,92.96,1
Finam:DX,2021-04-05T06:49:00+03:00,92.97,92.97,92.97,92.97,1
Finam:DX,2021-04-05T06:50:00+03:00,92.96,92.96,92.96,92.96,3
Finam:DX,2021-04-05T06:51:00+03:00,92.96,92.96,92.96,92.96,2
Finam:DX,2021-04-05T06:53:00+03:00,92.97,92.97,92.96,92.96,27
Finam:DX,2021-04-05T06:54:00+03:00,92.97,92.98,92.97,92.98,5
Finam:DX,2021-04-05T06:55:00+03:00,92.97,92.97,92.97,92.97,1
Finam:DX,2021-04-05T06:56:00+03:00,92.98,92.98,92.97,92.97,9
Finam:DX,2021-04-05T06:58:00+03:00,92.98,92.98,92.98,92.98,1
Finam:DX,2021-04-05T06:59:00+03:00,92.98,92.98,92.98,92.98,1
Finam:DX,2021-04-05T07:01:00+03:00,92.98,92.98,92.98,92.98,2
Finam:DX,2021-04-05T07:02:00+03:00,92.97,92.97,92.97,92.97,1
Finam:DX,2021-04-05T07:04:00+03:00,92.97,92.99,92.97,92.98,14
Finam:DX,2021-04-05T07:05:00+03:00,92.99,92.99,92.98,92.98,18
Finam:DX,2021-04-05T07:06:00+03:00,92.98,92.99,92.98,92.98,4
Finam:DX,2021-04-05T07:08:00+03:00,92.97,92.97,92.97,92.97,19
Finam:DX,2021-04-05T07:09:00+03:00,92.98,92.98,92.98,92.98,1
Finam:DX,2021-04-05T07:10:00+03:00,92.97,92.97,92.97,92.97,2
Finam:DX,2021-04-05T07:12:00+03:00,92.97,92.97,92.97,92.97,1
Finam:DX,2021-04-05T07:13:00+03:00,92.97,92.97,92.97,92.97,3
Finam:DX,2021-04-05T07:14:00+03:00,92.97,92.97,92.97,92.97,1
Finam:DX,2021-04-05T07:16:00+03:00,92.97,92.97,92.96,92.96,8
Finam:DX,2021-04-05T07:17:00+03:00,92.96,92.96,92.96,92.96,1
Finam:DX,2021-04-05T07:18:00+03:00,92.96,92.96,92.96,92.96,1
Finam:DX,2021-04-05T07:19:00+03:00,92.96,92.96,92.96,92.96,1
Finam:DX,2021-04-05T07:20:00+03:00,92.95,92.95,92.95,92.95,10
Finam:DX,2021-04-05T07:21:00+03:00,92.95,92.95,92.95,92.95,1
Finam:DX,2021-04-05T07:22:00+03:00,92.95,92.95,92.95,92.95,1
Finam:DX,2021-04-05T07:23:00+03:00,92.95,92.95,92.95,92.95,1
Finam:DX,2021-04-05T07:25:00+03:00,92.95,92.95,92.95,92.95,1
Finam:DX,2021-04-05T07:27:00+03:00,92.95,92.95,92.95,92.95,1
Finam:DX,2021-04-05T07:30:00+03:00,92.95,92.95,92.95,92.95,17
Finam:DX,2021-04-05T07:32:00+03:00,92.95,92.95,92.95,92.95,1
Finam:DX,2021-04-05T07:34:00+03:00,92.95,92.95,92.95,92.95,4
Finam:DX,2021-04-05T07:35:00+03:00,92.95,92.95,92.95,92.95,5
Finam:DX,2021-04-05T07:36:00+03:00,92.96,92.96,92.96,92.96,4
Finam:DX,2021-04-05T07:37:00+03:00,92.96,92.96,92.95,92.95,22
Finam:DX,2021-04-05T07:38:00+03:00,92.96,92.96,92.96,92.96,1
Finam:DX,2021-04-05T07:40:00+03:00,92.96,92.96,92.95,92.95,14
Finam:DX,2021-04-05T07:42:00+03:00,92.96,92.96,92.95,92.95,5
Finam:DX,2021-04-05T07:46:00+03:00,92.96,92.96,92.96,92.96,38
Finam:DX,2021-04-05T07:47:00+03:00,92.96,92.96,92.96,92.96,1
Finam:DX,2021-04-05T07:48:00+03:00,92.96,92.96,92.95,92.96,5
Finam:DX,2021-04-05T07:49:00+03:00,92.96,92.96,92.96,92.96,2
Finam:DX,2021-04-05T07:56:00+03:00,92.96,92.96,92.96,92.96,2
Finam:DX,2021-04-05T07:58:00+03:00,92.95,92.95,92.95,92.95,4
Finam:DX,2021-04-05T07:59:00+03:00,92.95,92.95,92.95,92.95,2
Finam:DX,2021-04-05T08:00:00+03:00,92.96,92.96,92.96,92.96,9
Finam:DX,2021-04-05T08:01:00+03:00,92.96,92.96,92.96,92.96,2
Finam:DX,2021-04-05T08:03:00+03:00,92.95,92.95,92.95,92.95,6
Finam:DX,2021-04-05T08:04:00+03:00,92.96,92.96,92.96,92.96,2
Finam:DX,2021-04-05T08:06:00+03:00,92.96,92.96,92.95,92.95,13
Finam:DX,2021-04-05T08:07:00+03:00,92.95,92.95,92.95,92.95,3
Finam:DX,2021-04-05T08:09:00+03:00,92.96,92.96,92.96,92.96,1
Finam:DX,2021-04-05T08:10:00+03:00,92.97,92.97,92.97,92.97,5
Finam:DX,2021-04-05T08:11:00+03:00,92.97,92.97,92.97,92.97,1
Finam:DX,2021-04-05T08:15:00+03:00,92.98,92.98,92.98,92.98,6
Finam:DX,2021-04-05T08:16:00+03:00,92.99,92.99,92.99,92.99,7
Finam:DX,2021-04-05T08:19:00+03:00,92.99,93.00,92.99,93.00,13
Finam:DX,2021-04-05T08:20:00+03:00,93.00,93.00,93.00,93.00,3
Finam:DX,2021-04-05T08:21:00+03:00,93.00,93.00,93.00,93.00,1
Finam:DX,2021-04-05T08:22:00+03:00,93.00,93.00,93.00,93.00,1
Finam:DX,2021-04-05T08:23:00+03:00,93.00,93.00,93.00,93.00,9
Finam:DX,2021-04-05T08:25:00+03:00,93.00,93.00,93.00,93.00,13
Finam:DX,2021-04-05T08:27:00+03:00,93.00,93.00,93.00,93.00,2
Finam:DX,2021-04-05T08:28:00+03:00,93.00,93.00,93.00,93.00,1
Finam:DX,2021-04-05T08:29:00+03:00,93.01,93.01,93.01,93.01,2
Finam:DX,2021-04-05T08:30:00+03:00,93.01,93.01,93.01,93.01,12
Finam:DX,2021-04-05T08:31:00+03:00,93.01,93.01,93.01,93.01,1
Finam:DX,2021-04-05T08:32:00+03:00,93.01,93.02,93.01,93.02,13
Finam:DX,2021-04-05T08:34:00+03:00,93.01,93.01,93.01,93.01,1
Finam:DX,2021-04-05T08:35:00+03:00,93.01,93.01,93.01,93.01,1
Finam:DX,2021-04-05T08:37:00+03:00,93.01,93.01,93.01,93.01,1
Finam:DX,2021-04-05T08:40:00+03:00,93.01,93.01,93.01,93.01,10
Finam:DX,2021-04-05T08:41:00+03:00,93.01,93.01,93.01,93.01,2
Finam:DX,2021-04-05T08:42:00+03:00,93.01,93.01,93.01,93.01,1
Finam:DX,2021-04-05T08:44:00+03:00,93.02,93.02,93.02,93.02,22
Finam:DX,2021-04-05T08:45:00+03:00,93.02,93.02,93.02,93.02,8
Finam:DX,2021-04-05T08:47:00+03:00,93.03,93.03,93.03,93.03,14
Finam:DX,2021-04-05T08:48:00+03:00,93.02,93.02,93.01,93.01,9
Finam:DX,2021-04-05T08:53:00+03:00,93.02,93.02,93.02,93.02,1
Finam:DX,2021-04-05T08:54:00+03:00,93.02,93.02,93.02,93.02,1
Finam:DX,2021-04-05T08:55:00+03:00,93.03,93.03,93.03,93.03,2
Finam:DX,2021-04-05T08:56:00+03:00,93.03,93.03,93.03,93.03,9
Finam:DX,2021-04-05T08:57:00+03:00,93.03,93.03,93.03,93.03,3
Finam:DX,2021-04-05T08:59:00+03:00,93.03,93.04,93.03,93.04,2
Finam:DX,2021-04-05T09:00:00+03:00,93.03,93.04,93.03,93.03,8
Finam:DX,2021-04-05T09:01:00+03:00,93.03,93.03,93.03,93.03,8
Finam:DX,2021-04-05T09:02:00+03:00,93.03,93.03,93.03,93.03,2
Finam:DX,2021-04-05T09:03:00+03:00,93.03,93.03,93.03,93.03,1
Finam:DX,2021-04-05T09:04:00+03:00,93.03,93.03,93.03,93.03,1
Finam:DX,2021-04-05T09:05:00+03:00,93.03,93.03,93.03,93.03,1
Finam:DX,2021-04-05T09:08:00+03:00,93.04,93.04,93.04,93.04,2
Finam:DX,2021-04-05T09:09:00+03:00,93.04,93.04,93.04,93.04,9
Finam:DX,2021-04-05T09:10:00+03:00,93.03,93.03,93.03,93.03,2
Finam:DX,2021-04-05T09:11:00+03:00,93.03,93.03,93.03,93.03,1
Finam:DX,2021-04-05T09:12:00+03:00,93.03,93.03,93.03,93.03,2
Finam:DX,2021-04-05T09:14:00+03:00,93.03,93.03,93.03,93.03,1
Finam:DX,2021-04-05T09:15:00+03:00,93.03,93.04,93.03,93.04,5
Finam:DX,2021-04-05T09:16:00+03:00,93.03,93.03,93.03,93.03,2
Finam:DX,2021-04-05T09:17:00+03:00,93.03,93.03,93.03,93.03,1
Finam:DX,2021-04-05T09:22:00+03:00,93.03,93.03,93.03,93.03,5
Finam:DX,2021-04-05T09:26:00+03:00,93.03,93.03,93.03,93.03,8
Finam:DX,2021-04-05T09:30:00+03:00,93.03,93.04,93.03,93.04,3
Finam:DX,2021-04-05T09:32:00+03:00,93.04,93.05,93.04,93.05,17
Finam:DX,2021-04-05T09:35:00+03:00,93.04,93.04,93.04,93.04,15
Finam:DX,2021-04-05T09:36:00+03:00,93.04,93.04,93.04,93.04,2
Finam:DX,2021-04-05T09:37:00+03:00,93.04,93.04,93.04,93.04,2
Finam:DX,2021-04-05T09:38:00+03:00,93.04,93.05,93.04,93.05,3
Finam:DX,2021-04-05T09:39:00+03:00,93.05,93.05,93.05,93.05,1
Finam:DX,2021-04-05T09:40:00+03:00,93.05,93.05,93.05,93.05,3
Finam:DX,2021-04-05T09:41:00+03:00,93.05,93.05,93.04,93.05,9
Finam:DX,2021-04-05T09:43:00+03:00,93.05,93.05,93.05,93.05,25
Finam:DX,2021-04-05T09:44:00+03:00,93.05,93.05,93.05,93.05,1
Finam:DX,2021-04-05T09:45:00+03:00,93.05,93.05,93.03,93.03,599
Finam:DX,2021-04-05T09:46:00+03:00,93.04,93.06,93.04,93.05,58
Finam:DX,2021-04-05T09:47:00+03:00,93.05,93.08,93.05,93.07,669
Finam:DX,2021-04-05T09:48:00+03:00,93.07,93.09,93.07,93.09,317
Finam:DX,2021-04-05T09:49:00+03:00,93.08,93.09,93.08,93.08,114
Finam:DX,2021-04-05T09:50:00+03:00,93.08,93.08,93.07,93.07,16
Finam:DX,2021-04-05T09:52:00+03:00,93.08,93.08,93.08,93.08,1
Finam:DX,2021-04-05T09:53:00+03:00,93.07,93.09,93.07,93.09,434
Finam:DX,2021-04-05T09:54:00+03:00,93.09,93.09,93.09,93.09,36
Finam:DX,2021-04-05T09:55:00+03:00,93.09,93.12,93.09,93.12,462
Finam:DX,2021-04-05T09:56:00+03:00,93.11,93.12,93.10,93.12,84
Finam:DX,2021-04-05T09:57:00+03:00,93.11,93.11,93.10,93.10,55
Finam:DX,2021-04-05T09:58:00+03:00,93.11,93.12,93.10,93.10,54
Finam:DX,2021-04-05T09:59:00+03:00,93.11,93.12,93.11,93.12,25
Finam:DX,2021-04-05T10:00:00+03:00,93.11,93.12,93.11,93.12,26
Finam:DX,2021-04-05T10:01:00+03:00,93.11,93.12,93.10,93.10,10
Finam:DX,2021-04-05T10:02:00+03:00,93.11,93.12,93.11,93.12,40
Finam:DX,2021-04-05T10:03:00+03:00,93.11,93.11,93.11,93.11,4
Finam:DX,2021-04-05T10:04:00+03:00,93.11,93.11,93.10,93.10,2
Finam:DX,2021-04-05T10:05:00+03:00,93.11,93.11,93.10,93.10,16
Finam:DX,2021-04-05T10:06:00+03:00,93.11,93.12,93.11,93.11,113
Finam:DX,2021-04-05T10:07:00+03:00,93.11,93.12,93.11,93.11,6
Finam:DX,2021-04-05T10:08:00+03:00,93.11,93.12,93.11,93.12,137
Finam:DX,2021-04-05T10:09:00+03:00,93.13,93.14,93.13,93.14,8
Finam:DX,2021-04-05T10:10:00+03:00,93.13,93.13,93.12,93.12,35
Finam:DX,2021-04-05T10:11:00+03:00,93.12,93.12,93.12,93.12,8
Finam:DX,2021-04-05T10:12:00+03:00,93.12,93.12,93.11,93.11,13
Finam:DX,2021-04-05T10:14:00+03:00,93.11,93.11,93.11,93.11,1
Finam:DX,2021-04-05T10:15:00+03:00,93.10,93.10,93.09,93.09,18
Finam:DX,2021-04-05T10:16:00+03:00,93.10,93.11,93.10,93.11,21
Finam:DX,2021-04-05T10:17:00+03:00,93.10,93.11,93.10,93.11,3
Finam:DX,2021-04-05T10:18:00+03:00,93.09,93.09,93.09,93.09,7
Finam:DX,2021-04-05T10:19:00+03:00,93.09,93.09,93.09,93.09,11
Finam:DX,2021-04-05T10:20:00+03:00,93.08,93.08,93.08,93.08,1
Finam:DX,2021-04-05T10:21:00+03:00,93.09,93.10,93.09,93.10,7
Finam:DX,2021-04-05T10:22:00+03:00,93.08,93.09,93.08,93.09,7
Finam:DX,2021-04-05T10:23:00+03:00,93.09,93.09,93.08,93.08,8
Finam:DX,2021-04-05T10:24:00+03:00,93.08,93.09,93.08,93.09,22
Finam:DX,2021-04-05T10:25:00+03:00,93.09,93.09,93.09,93.09,1
Finam:DX,2021-04-05T10:26:00+03:00,93.09,93.09,93.09,93.09,1
Finam:DX,2021-04-05T10:28:00+03:00,93.09,93.10,93.09,93.10,15
Finam:DX,2021-04-05T10:29:00+03:00,93.09,93.09,93.09,93.09,1
Finam:DX,2021-04-05T10:30:00+03:00,93.10,93.10,93.10,93.10,10
Finam:DX,2021-04-05T10:31:00+03:00,93.09,93.09,93.09,93.09,1
Finam:DX,2021-04-05T10:32:00+03:00,93.09,93.10,93.09,93.10,3
Finam:DX,2021-04-05T10:34:00+03:00,93.09,93.09,93.08,93.08,5
Finam:DX,2021-04-05T10:35:00+03:00,93.09,93.09,93.09,93.09,8
Finam:DX,2021-04-05T10:37:00+03:00,93.08,93.08,93.08,93.08,1
Finam:DX,2021-04-05T10:38:00+03:00,93.08,93.08,93.08,93.08,1
Finam:DX,2021-04-05T10:39:00+03:00,93.08,93.08,93.08,93.08,16
Finam:DX,2021-04-05T10:40:00+03:00,93.08,93.08,93.08,93.08,7
Finam:DX,2021-04-05T10:41:00+03:00,93.08,93.09,93.08,93.09,9
Finam:DX,2021-04-05T10:42:00+03:00,93.08,93.08,93.07,93.07,3
Finam:DX,2021-04-05T10:43:00+03:00,93.08,93.08,93.08,93.08,1
Finam:DX,2021-04-05T10:44:00+03:00,93.08,93.08,93.08,93.08,1
Finam:DX,2021-04-05T10:45:00+03:00,93.07,93.08,93.07,93.08,15
Finam:DX,2021-04-05T10:46:00+03:00,93.08,93.08,93.08,93.08,1
Finam:DX,2021-04-05T10:47:00+03:00,93.07,93.07,93.06,93.06,3
Finam:DX,2021-04-05T10:48:00+03:00,93.08,93.09,93.08,93.09,4
Finam:DX,2021-04-05T10:50:00+03:00,93.09,93.10,93.08,93.08,20
Finam:DX,2021-04-05T10:51:00+03:00,93.09,93.09,93.09,93.09,9
Finam:DX,2021-04-05T10:52:00+03:00,93.09,93.09,93.09,93.09,1
Finam:DX,2021-04-05T10:53:00+03:00,93.08,93.08,93.08,93.08,3
Finam:DX,2021-04-05T10:54:00+03:00,93.09,93.09,93.09,93.09,1
Finam:DX,2021-04-05T10:55:00+03:00,93.09,93.09,93.09,93.09,5
Finam:DX,2021-04-05T10:56:00+03:00,93.09,93.09,93.09,93.09,5
Finam:DX,2021-04-05T10:57:00+03:00,93.09,93.09,93.09,93.09,2
Finam:DX,2021-04-05T10:58:00+03:00,93.09,93.10,93.08,93.10,4
Finam:DX,2021-04-05T10:59:00+03:00,93.10,93.10,93.09,93.09,3
Finam:DX,2021-04-05T11:00:00+03:00,93.09,93.10,93.09,93.10,15
Finam:DX,2021-04-05T11:01:00+03:00,93.11,93.12,93.11,93.12,21
Finam:DX,2021-04-05T11:02:00+03:00,93.12,93.13,93.12,93.13,29
Finam:DX,2021-04-05T11:03:00+03:00,93.13,93.13,93.13,93.13,4
Finam:DX,2021-04-05T11:04:00+03:00,93.12,93.13,93.12,93.13,13
Finam:DX,2021-04-05T11:05:00+03:00,93.13,93.13,93.13,93.13,10
Finam:DX,2021-04-05T11:06:00+03:00,93.12,93.12,93.11,93.11,22
Finam:DX,2021-04-05T11:07:00+03:00,93.11,93.11,93.08,93.08,19
Finam:DX,2021-04-05T11:08:00+03:00,93.08,93.08,93.07,93.08,7
Finam:DX,2021-04-05T11:09:00+03:00,93.07,93.07,93.06,93.07,18
Finam:DX,2021-04-05T11:10:00+03:00,93.08,93.10,93.08,93.10,8
Finam:DX,2021-04-05T11:11:00+03:00,93.09,93.10,93.09,93.09,6
Finam:DX,2021-04-05T11:12:00+03:00,93.09,93.09,93.09,93.09,1
Finam:DX,2021-04-05T11:13:00+03:00,93.09,93.10,93.09,93.10,6
Finam:DX,2021-04-05T11:14:00+03:00,93.10,93.10,93.10,93.10,1
Finam:DX,2021-04-05T11:15:00+03:00,93.10,93.10,93.10,93.10,6
Finam:DX,2021-04-05T11:16:00+03:00,93.10,93.10,93.09,93.09,2
Finam:DX,2021-04-05T11:17:00+03:00,93.10,93.10,93.10,93.10,9
Finam:DX,2021-04-05T11:18:00+03:00,93.09,93.09,93.09,93.09,8
Finam:DX,2021-04-05T11:19:00+03:00,93.09,93.10,93.09,93.10,2
Finam:DX,2021-04-05T11:20:00+03:00,93.10,93.10,93.10,93.10,1
Finam:DX,2021-04-05T11:21:00+03:00,93.10,93.11,93.10,93.11,6
Finam:DX,2021-04-05T11:22:00+03:00,93.10,93.10,93.10,93.10,1
Finam:DX,2021-04-05T11:23:00+03:00,93.10,93.10,93.10,93.10,2
Finam:DX,2021-04-05T11:24:00+03:00,93.10,93.10,93.10,93.10,4
Finam:DX,2021-04-05T11:25:00+03:00,93.10,93.12,93.10,93.12,3
Finam:DX,2021-04-05T11:26:00+03:00,93.11,93.11,93.11,93.11,4
Finam:DX,2021-04-05T11:27:00+03:00,93.11,93.11,93.11,93.11,2
Finam:DX,2021-04-05T11:28:00+03:00,93.11,93.11,93.11,93.11,3
Finam:DX,2021-04-05T11:29:00+03:00,93.11,93.11,93.08,93.08,17
Finam:DX,2021-04-05T11:30:00+03:00,93.08,93.08,93.07,93.08,15
Finam:DX,2021-04-05T11:31:00+03:00,93.09,93.09,93.09,93.09,3
Finam:DX,2021-04-05T11:32:00+03:00,93.09,93.09,93.09,93.09,4
Finam:DX,2021-04-05T11:33:00+03:00,93.09,93.09,93.09,93.09,12
Finam:DX,2021-04-05T11:34:00+03:00,93.09,93.09,93.08,93.08,7
Finam:DX,2021-04-05T11:35:00+03:00,93.08,93.08,93.08,93.08,5
Finam:DX,2021-04-05T11:36:00+03:00,93.08,93.08,93.07,93.07,7
Finam:DX,2021-04-05T11:37:00+03:00,93.08,93.09,93.08,93.09,7
Finam:DX,2021-04-05T11:38:00+03:00,93.08,93.08,93.08,93.08,1
Finam:DX,2021-04-05T11:40:00+03:00,93.08,93.08,93.08,93.08,2
Finam:DX,2021-04-05T11:41:00+03:00,93.09,93.09,93.09,93.09,3
Finam:DX,2021-04-05T11:42:00+03:00,93.08,93.08,93.07,93.07,7
Finam:DX,2021-04-05T11:43:00+03:00,93.08,93.10,93.08,93.10,6
Finam:DX,2021-04-05T11:44:00+03:00,93.10,93.10,93.09,93.09,3
Finam:DX,2021-04-05T11:45:00+03:00,93.09,93.10,93.09,93.10,12
Finam:DX,2021-04-05T11:46:00+03:00,93.10,93.11,93.10,93.11,7
Finam:DX,2021-04-05T11:47:00+03:00,93.10,93.11,93.10,93.11,3
Finam:DX,2021-04-05T11:48:00+03:00,93.12,93.13,93.12,93.13,22
Finam:DX,2021-04-05T11:49:00+03:00,93.12,93.12,93.11,93.12,12
Finam:DX,2021-04-05T11:50:00+03:00,93.12,93.13,93.12,93.13,7
Finam:DX,2021-04-05T11:51:00+03:00,93.13,93.13,93.11,93.11,10
Finam:DX,2021-04-05T11:52:00+03:00,93.11,93.11,93.10,93.10,46
Finam:DX,2021-04-05T11:53:00+03:00,93.11,93.11,93.10,93.10,7
Finam:DX,2021-04-05T11:54:00+03:00,93.10,93.10,93.10,93.10,2
Finam:DX,2021-04-05T11:55:00+03:00,93.10,93.12,93.10,93.12,13
Finam:DX,2021-04-05T11:56:00+03:00,93.11,93.11,93.10,93.10,12
Finam:DX,2021-04-05T11:57:00+03:00,93.10,93.10,93.10,93.10,1
Finam:DX,2021-04-05T11:58:00+03:00,93.10,93.11,93.10,93.11,2
Finam:DX,2021-04-05T11:59:00+03:00,93.12,93.12,93.12,93.12,5
Finam:DX,2021-04-05T12:00:00+03:00,93.11,93.13,93.11,93.13,10
Finam:DX,2021-04-05T12:01:00+03:00,93.12,93.12,93.11,93.11,3
Finam:DX,2021-04-05T12:02:00+03:00,93.11,93.11,93.11,93.11,3
Finam:DX,2021-04-05T12:03:00+03:00,93.11,93.12,93.11,93.12,10
Finam:DX,2021-04-05T12:04:00+03:00,93.11,93.12,93.10,93.10,117
Finam:DX,2021-04-05T12:05:00+03:00,93.10,93.10,93.09,93.09,11
Finam:DX,2021-04-05T12:06:00+03:00,93.09,93.09,93.08,93.08,19
Finam:DX,2021-04-05T12:07:00+03:00,93.07,93.07,93.05,93.05,22
Finam:DX,2021-04-05T12:08:00+03:00,93.07,93.08,93.07,93.08,22
Finam:DX,2021-04-05T12:09:00+03:00,93.08,93.08,93.07,93.07,13
Finam:DX,2021-04-05T12:10:00+03:00,93.06,93.06,93.05,93.05,5
Finam:DX,2021-04-05T12:11:00+03:00,93.05,93.05,93.05,93.05,39
Finam:DX,2021-04-05T12:12:00+03:00,93.05,93.05,93.04,93.04,24
Finam:DX,2021-04-05T12:13:00+03:00,93.05,93.06,93.05,93.06,2
Finam:DX,2021-04-05T12:14:00+03:00,93.05,93.05,93.04,93.04,7
Finam:DX,2021-04-05T12:15:00+03:00,93.05,93.05,93.05,93.05,1
Finam:DX,2021-04-05T12:16:00+03:00,93.05,93.05,93.05,93.05,9
Finam:DX,2021-04-05T12:17:00+03:00,93.04,93.05,93.04,93.05,14
Finam:DX,2021-04-05T12:18:00+03:00,93.04,93.04,93.03,93.03,8
Finam:DX,2021-04-05T12:19:00+03:00,93.04,93.04,93.04,93.04,10
Finam:DX,2021-04-05T12:20:00+03:00,93.03,93.04,93.03,93.04,5
Finam:DX,2021-04-05T12:21:00+03:00,93.04,93.04,93.03,93.03,2
Finam:DX,2021-04-05T12:22:00+03:00,93.03,93.04,93.03,93.04,5
Finam:DX,2021-04-05T12:23:00+03:00,93.04,93.05,93.04,93.05,3
Finam:DX,2021-04-05T12:24:00+03:00,93.04,93.04,93.04,93.04,4
Finam:DX,2021-04-05T12:25:00+03:00,93.04,93.04,93.03,93.03,5
Finam:DX,2021-04-05T12:26:00+03:00,93.02,93.03,93.01,93.03,46
Finam:DX,2021-04-05T12:27:00+03:00,93.03,93.03,93.02,93.02,10
Finam:DX,2021-04-05T12:28:00+03:00,93.03,93.03,93.03,93.03,3
Finam:DX,2021-04-05T12:29:00+03:00,93.02,93.02,93.01,93.01,4
Finam:DX,2021-04-05T12:30:00+03:00,93.01,93.01,93.01,93.01,34
Finam:DX,2021-04-05T12:31:00+03:00,93.01,93.01,93.01,93.01,3
Finam:DX,2021-04-05T12:32:00+03:00,93.02,93.02,93.02,93.02,1
Finam:DX,2021-04-05T12:33:00+03:00,93.01,93.01,93.00,93.00,2
Finam:DX,2021-04-05T12:34:00+03:00,93.00,93.00,92.99,92.99,4
Finam:DX,2021-04-05T12:35:00+03:00,93.00,93.01,93.00,93.01,8
Finam:DX,2021-04-05T12:36:00+03:00,93.01,93.02,93.01,93.02,4
Finam:DX,2021-04-05T12:37:00+03:00,93.02,93.02,93.02,93.02,4
Finam:DX,2021-04-05T12:39:00+03:00,93.02,93.03,93.02,93.03,9
Finam:DX,2021-04-05T12:43:00+03:00,93.03,93.03,93.03,93.03,5
Finam:DX,2021-04-05T12:44:00+03:00,93.02,93.02,93.02,93.02,2
Finam:DX,2021-04-05T12:45:00+03:00,93.03,93.04,93.03,93.04,7
Finam:DX,2021-04-05T12:46:00+03:00,93.03,93.03,93.03,93.03,3
Finam:DX,2021-04-05T12:47:00+03:00,93.05,93.05,93.05,93.05,1
Finam:DX,2021-04-05T12:48:00+03:00,93.05,93.05,93.04,93.04,6
Finam:DX,2021-04-05T12:49:00+03:00,93.04,93.05,93.04,93.04,4
Finam:DX,2021-04-05T12:50:00+03:00,93.04,93.06,93.04,93.06,6
Finam:DX,2021-04-05T12:51:00+03:00,93.05,93.06,93.05,93.06,4
Finam:DX,2021-04-05T12:53:00+03:00,93.06,93.06,93.06,93.06,1
Finam:DX,2021-04-05T12:54:00+03:00,93.07,93.07,93.06,93.06,5
Finam:DX,2021-04-05T12:55:00+03:00,93.07,93.07,93.07,93.07,2
Finam:DX,2021-04-05T12:56:00+03:00,93.07,93.07,93.06,93.06,15
Finam:DX,2021-04-05T12:57:00+03:00,93.07,93.08,93.07,93.08,4
Finam:DX,2021-04-05T12:58:00+03:00,93.06,93.06,93.06,93.06,3
Finam:DX,2021-04-05T12:59:00+03:00,93.06,93.06,93.05,93.05,11
Finam:DX,2021-04-05T13:00:00+03:00,93.06,93.07,93.06,93.07,2
Finam:DX,2021-04-05T13:01:00+03:00,93.06,93.06,93.05,93.05,10
Finam:DX,2021-04-05T13:02:00+03:00,93.05,93.05,93.05,93.05,1
Finam:DX,2021-04-05T13:03:00+03:00,93.06,93.07,93.06,93.07,2
Finam:DX,2021-04-05T13:04:00+03:00,93.06,93.06,93.05,93.05,6
Finam:DX,2021-04-05T13:05:00+03:00,93.05,93.05,93.05,93.05,2
Finam:DX,2021-04-05T13:06:00+03:00,93.05,93.06,93.05,93.06,7
Finam:DX,2021-04-05T13:07:00+03:00,93.06,93.06,93.05,93.06,13
Finam:DX,2021-04-05T13:08:00+03:00,93.06,93.06,93.06,93.06,3
Finam:DX,2021-04-05T13:09:00+03:00,93.06,93.06,93.06,93.06,1
Finam:DX,2021-04-05T13:11:00+03:00,93.07,93.08,93.07,93.08,2
Finam:DX,2021-04-05T13:12:00+03:00,93.07,93.07,93.07,93.07,3
Finam:DX,2021-04-05T13:13:00+03:00,93.07,93.07,93.07,93.07,3
Finam:DX,2021-04-05T13:14:00+03:00,93.07,93.07,93.06,93.06,5
Finam:DX,2021-04-05T13:15:00+03:00,93.06,93.06,93.06,93.06,5
Finam:DX,2021-04-05T13:18:00+03:00,93.07,93.07,93.06,93.06,14
Finam:DX,2021-04-05T13:19:00+03:00,93.07,93.08,93.07,93.08,5
Finam:DX,2021-04-05T13:20:00+03:00,93.07,93.07,93.06,93.06,8
Finam:DX,2021-04-05T13:21:00+03:00,93.06,93.06,93.06,93.06,1
Finam:DX,2021-04-05T13:23:00+03:00,93.08,93.09,93.08,93.09,7
Finam:DX,2021-04-05T13:24:00+03:00,93.09,93.09,93.09,93.09,1
Finam:DX,2021-04-05T13:25:00+03:00,93.09,93.09,93.09,93.09,26
Finam:DX,2021-04-05T13:26:00+03:00,93.09,93.09,93.08,93.08,3
Finam:DX,2021-04-05T13:27:00+03:00,93.09,93.09,93.08,93.08,6
Finam:DX,2021-04-05T13:28:00+03:00,93.08,93.08,93.08,93.08,5
Finam:DX,2021-04-05T13:29:00+03:00,93.08,93.08,93.08,93.08,5
Finam:DX,2021-04-05T13:30:00+03:00,93.09,93.09,93.08,93.08,28
Finam:DX,2021-04-05T13:31:00+03:00,93.09,93.09,93.09,93.09,2
Finam:DX,2021-04-05T13:32:00+03:00,93.09,93.09,93.09,93.09,10
Finam:DX,2021-04-05T13:33:00+03:00,93.10,93.10,93.09,93.09,7
Finam:DX,2021-04-05T13:34:00+03:00,93.09,93.09,93.09,93.09,1
Finam:DX,2021-04-05T13:35:00+03:00,93.09,93.09,93.08,93.08,4
Finam:DX,2021-04-05T13:36:00+03:00,93.08,93.08,93.08,93.08,4
Finam:DX,2021-04-05T13:37:00+03:00,93.09,93.09,93.09,93.09,2
Finam:DX,2021-04-05T13:39:00+03:00,93.09,93.09,93.08,93.09,7
Finam:DX,2021-04-05T13:40:00+03:00,93.09,93.09,93.09,93.09,1
Finam:DX,2021-04-05T13:41:00+03:00,93.09,93.09,93.09,93.09,2
Finam:DX,2021-04-05T13:42:00+03:00,93.09,93.09,93.09,93.09,1
Finam:DX,2021-04-05T13:43:00+03:00,93.09,93.09,93.09,93.09,7
Finam:DX,2021-04-05T13:45:00+03:00,93.09,93.10,93.09,93.10,7
Finam:DX,2021-04-05T13:46:00+03:00,93.10,93.10,93.10,93.10,2
Finam:DX,2021-04-05T13:49:00+03:00,93.10,93.10,93.10,93.10,8
Finam:DX,2021-04-05T13:50:00+03:00,93.09,93.09,93.09,93.09,1
Finam:DX,2021-04-05T13:51:00+03:00,93.09,93.09,93.09,93.09,3
Finam:DX,2021-04-05T13:52:00+03:00,93.09,93.09,93.09,93.09,4
Finam:DX,2021-04-05T13:53:00+03:00,93.09,93.09,93.09,93.09,1
Finam:DX,2021-04-05T13:55:00+03:00,93.09,93.10,93.09,93.10,3
Finam:DX,2021-04-05T13:56:00+03:00,93.09,93.09,93.09,93.09,7
Finam:DX,2021-04-05T13:57:00+03:00,93.10,93.10,93.10,93.10,1
Finam:DX,2021-04-05T13:58:00+03:00,93.10,93.10,93.10,93.10,1
Finam:DX,2021-04-05T13:59:00+03:00,93.10,93.10,93.10,93.10,5
Finam:DX,2021-04-05T14:00:00+03:00,93.10,93.10,93.10,93.10,8
Finam:DX,2021-04-05T14:01:00+03:00,93.10,93.10,93.10,93.10,1
Finam:DX,2021-04-05T14:02:00+03:00,93.10,93.10,93.10,93.10,2
Finam:DX,2021-04-05T14:03:00+03:00,93.10,93.10,93.10,93.10,1
Finam:DX,2021-04-05T14:04:00+03:00,93.11,93.13,93.11,93.12,46
Finam:DX,2021-04-05T14:06:00+03:00,93.11,93.11,93.11,93.11,3
Finam:DX,2021-04-05T14:07:00+03:00,93.10,93.10,93.09,93.10,11
Finam:DX,2021-04-05T14:08:00+03:00,93.10,93.10,93.10,93.10,2
Finam:DX,2021-04-05T14:09:00+03:00,93.10,93.11,93.10,93.11,6
Finam:DX,2021-04-05T14:10:00+03:00,93.10,93.10,93.10,93.10,2
Finam:DX,2021-04-05T14:13:00+03:00,93.10,93.10,93.10,93.10,3
Finam:DX,2021-04-05T14:14:00+03:00,93.09,93.09,93.09,93.09,2
Finam:DX,2021-04-05T14:16:00+03:00,93.09,93.09,93.08,93.08,3
Finam:DX,2021-04-05T14:17:00+03:00,93.09,93.09,93.09,93.09,6
Finam:DX,2021-04-05T14:19:00+03:00,93.08,93.09,93.08,93.09,3
Finam:DX,2021-04-05T14:20:00+03:00,93.09,93.09,93.09,93.09,2
Finam:DX,2021-04-05T14:23:00+03:00,93.08,93.08,93.08,93.08,2
Finam:DX,2021-04-05T14:25:00+03:00,93.08,93.08,93.07,93.07,3
Finam:DX,2021-04-05T14:26:00+03:00,93.07,93.07,93.07,93.07,2
Finam:DX,2021-04-05T14:28:00+03:00,93.07,93.07,93.06,93.06,3
Finam:DX,2021-04-05T14:30:00+03:00,93.06,93.06,93.06,93.06,1
Finam:DX,2021-04-05T14:31:00+03:00,93.06,93.07,93.06,93.07,5
Finam:DX,2021-04-05T14:33:00+03:00,93.07,93.07,93.07,93.07,2
Finam:DX,2021-04-05T14:35:00+03:00,93.06,93.06,93.06,93.06,3
Finam:DX,2021-04-05T14:36:00+03:00,93.06,93.06,93.06,93.06,3
Finam:DX,2021-04-05T14:37:00+03:00,93.06,93.06,93.06,93.06,6
Finam:DX,2021-04-05T14:38:00+03:00,93.06,93.06,93.05,93.05,3
Finam:DX,2021-04-05T14:39:00+03:00,93.06,93.06,93.06,93.06,12
Finam:DX,2021-04-05T14:40:00+03:00,93.06,93.06,93.06,93.06,2
Finam:DX,2021-04-05T14:41:00+03:00,93.06,93.06,93.06,93.06,1
Finam:DX,2021-04-05T14:42:00+03:00,93.05,93.05,93.05,93.05,6
Finam:DX,2021-04-05T14:44:00+03:00,93.06,93.06,93.06,93.06,2
Finam:DX,2021-04-05T14:45:00+03:00,93.06,93.07,93.06,93.07,4
Finam:DX,2021-04-05T14:46:00+03:00,93.07,93.07,93.07,93.07,1
Finam:DX,2021-04-05T14:48:00+03:00,93.06,93.06,93.06,93.06,2
Finam:DX,2021-04-05T14:49:00+03:00,93.06,93.06,93.06,93.06,1
Finam:DX,2021-04-05T14:50:00+03:00,93.06,93.06,93.06,93.06,1
Finam:DX,2021-04-05T14:51:00+03:00,93.05,93.05,93.05,93.05,6
Finam:DX,2021-04-05T14:52:00+03:00,93.05,93.05,93.05,93.05,13
Finam:DX,2021-04-05T14:53:00+03:00,93.05,93.05,93.04,93.04,3
Finam:DX,2021-04-05T14:54:00+03:00,93.05,93.05,93.05,93.05,1
Finam:DX,2021-04-05T14:55:00+03:00,93.05,93.05,93.04,93.04,5
Finam:DX,2021-04-05T14:56:00+03:00,93.05,93.05,93.05,93.05,1
Finam:DX,2021-04-05T14:57:00+03:00,93.04,93.04,93.04,93.04,3
Finam:DX,2021-04-05T14:58:00+03:00,93.04,93.04,93.04,93.04,11
Finam:DX,2021-04-05T14:59:00+03:00,93.03,93.04,93.03,93.04,16
Finam:DX,2021-04-05T15:00:00+03:00,93.04,93.04,93.04,93.04,9
Finam:DX,2021-04-05T15:03:00+03:00,93.04,93.04,93.03,93.03,14
Finam:DX,2021-04-05T15:05:00+03:00,93.03,93.03,93.03,93.03,1
Finam:DX,2021-04-05T15:06:00+03:00,93.03,93.04,93.03,93.04,12
Finam:DX,2021-04-05T15:07:00+03:00,93.04,93.04,93.04,93.04,3
Finam:DX,2021-04-05T15:08:00+03:00,93.03,93.03,93.02,93.02,4
Finam:DX,2021-04-05T15:09:00+03:00,93.02,93.02,93.02,93.02,4
Finam:DX,2021-04-05T15:10:00+03:00,93.02,93.02,93.02,93.02,10
Finam:DX,2021-04-05T15:11:00+03:00,93.02,93.02,93.01,93.01,15
Finam:DX,2021-04-05T15:12:00+03:00,93.01,93.01,93.01,93.01,2
Finam:DX,2021-04-05T15:14:00+03:00,93.02,93.02,93.02,93.02,2
Finam:DX,2021-04-05T15:15:00+03:00,93.01,93.01,93.01,93.01,8
Finam:DX,2021-04-05T15:16:00+03:00,93.01,93.01,93.01,93.01,1
Finam:DX,2021-04-05T15:17:00+03:00,93.01,93.01,93.01,93.01,1
Finam:DX,2021-04-05T15:18:00+03:00,93.01,93.01,93.01,93.01,1
Finam:DX,2021-04-05T15:19:00+03:00,93.01,93.01,93.00,93.00,21
Finam:DX,2021-04-05T15:20:00+03:00,93.01,93.01,93.00,93.00,24
Finam:DX,2021-04-05T15:21:00+03:00,93.01,93.01,93.01,93.01,9
Finam:DX,2021-04-05T15:22:00+03:00,93.01,93.01,93.00,93.00,3
Finam:DX,2021-04-05T15:23:00+03:00,93.00,93.00,92.99,92.99,12
Finam:DX,2021-04-05T15:24:00+03:00,93.00,93.00,93.00,93.00,5
Finam:DX,2021-04-05T15:25:00+03:00,93.00,93.00,93.00,93.00,1
Finam:DX,2021-04-05T15:26:00+03:00,93.00,93.00,93.00,93.00,6
Finam:DX,2021-04-05T15:28:00+03:00,93.00,93.01,93.00,93.01,11
Finam:DX,2021-04-05T15:29:00+03:00,93.00,93.00,92.98,92.99,22
Finam:DX,2021-04-05T15:30:00+03:00,92.99,92.99,92.98,92.99,39
Finam:DX,2021-04-05T15:31:00+03:00,92.98,92.98,92.98,92.98,11
Finam:DX,2021-04-05T15:32:00+03:00,92.98,92.98,92.97,92.98,6
Finam:DX,2021-04-05T15:33:00+03:00,92.99,93.00,92.99,93.00,12
Finam:DX,2021-04-05T15:34:00+03:00,92.99,92.99,92.99,92.99,11
Finam:DX,2021-04-05T15:35:00+03:00,92.99,92.99,92.98,92.99,27
Finam:DX,2021-04-05T15:36:00+03:00,92.99,92.99,92.98,92.98,7
Finam:DX,2021-04-05T15:37:00+03:00,92.99,93.00,92.99,93.00,22
Finam:DX,2021-04-05T15:38:00+03:00,92.99,92.99,92.99,92.99,3
Finam:DX,2021-04-05T15:40:00+03:00,92.99,92.99,92.99,92.99,1
Finam:DX,2021-04-05T15:41:00+03:00,92.99,92.99,92.99,92.99,13
Finam:DX,2021-04-05T15:42:00+03:00,92.99,92.99,92.99,92.99,17
Finam:DX,2021-04-05T15:43:00+03:00,92.99,92.99,92.99,92.99,1
Finam:DX,2021-04-05T15:44:00+03:00,93.00,93.00,92.99,92.99,16
Finam:DX,2021-04-05T15:45:00+03:00,92.99,93.00,92.99,93.00,2
Finam:DX,2021-04-05T15:47:00+03:00,92.99,92.99,92.98,92.98,28
Finam:DX,2021-04-05T15:48:00+03:00,92.98,92.99,92.98,92.99,10
Finam:DX,2021-04-05T15:49:00+03:00,92.99,92.99,92.99,92.99,8
Finam:DX,2021-04-05T15:50:00+03:00,92.99,92.99,92.99,92.99,2
Finam:DX,2021-04-05T15:52:00+03:00,93.00,93.00,93.00,93.00,9
Finam:DX,2021-04-05T15:53:00+03:00,93.00,93.00,92.99,92.99,10
Finam:DX,2021-04-05T15:55:00+03:00,93.00,93.00,92.99,92.99,4
Finam:DX,2021-04-05T15:56:00+03:00,93.00,93.00,92.99,92.99,40
Finam:DX,2021-04-05T15:58:00+03:00,92.99,93.00,92.99,93.00,33
Finam:DX,2021-04-05T15:59:00+03:00,92.99,93.00,92.98,92.98,60
Finam:DX,2021-04-05T16:00:00+03:00,92.99,92.99,92.98,92.98,23
Finam:DX,2021-04-05T16:01:00+03:00,92.99,93.00,92.99,93.00,21
Finam:DX,2021-04-05T16:02:00+03:00,93.00,93.00,93.00,93.00,3
Finam:DX,2021-04-05T16:03:00+03:00,93.00,93.01,93.00,93.00,23
Finam:DX,2021-04-05T16:04:00+03:00,93.00,93.00,93.00,93.00,12
Finam:DX,2021-04-05T16:05:00+03:00,93.00,93.00,92.98,92.98,41
Finam:DX,2021-04-05T16:06:00+03:00,92.99,92.99,92.99,92.99,28
Finam:DX,2021-04-05T16:07:00+03:00,92.99,92.99,92.98,92.98,55
Finam:DX,2021-04-05T16:08:00+03:00,92.99,92.99,92.99,92.99,10
Finam:DX,2021-04-05T16:10:00+03:00,93.00,93.00,92.99,92.99,2
Finam:DX,2021-04-05T16:12:00+03:00,93.00,93.00,92.99,92.99,14
Finam:DX,2021-04-05T16:13:00+03:00,92.99,92.99,92.97,92.97,30
Finam:DX,2021-04-05T16:14:00+03:00,92.97,92.97,92.97,92.97,2
Finam:DX,2021-04-05T16:15:00+03:00,92.97,92.98,92.97,92.98,19
Finam:DX,2021-04-05T16:16:00+03:00,92.97,92.97,92.96,92.96,33
Finam:DX,2021-04-05T16:17:00+03:00,92.96,92.96,92.96,92.96,3
Finam:DX,2021-04-05T16:19:00+03:00,92.97,92.97,92.96,92.97,28
Finam:DX,2021-04-05T16:20:00+03:00,92.97,92.98,92.97,92.98,7
Finam:DX,2021-04-05T16:21:00+03:00,92.98,92.98,92.97,92.97,14
Finam:DX,2021-04-05T16:22:00+03:00,92.97,92.97,92.97,92.97,31
Finam:DX,2021-04-05T16:23:00+03:00,92.96,92.97,92.96,92.97,6
Finam:DX,2021-04-05T16:24:00+03:00,92.97,92.97,92.97,92.97,1
Finam:DX,2021-04-05T16:25:00+03:00,92.97,92.98,92.97,92.97,42
Finam:DX,2021-04-05T16:26:00+03:00,92.97,92.97,92.96,92.96,28
Finam:DX,2021-04-05T16:27:00+03:00,92.96,92.96,92.95,92.95,93
Finam:DX,2021-04-05T16:28:00+03:00,92.96,92.96,92.96,92.96,5
Finam:DX,2021-04-05T16:30:00+03:00,92.97,92.98,92.97,92.98,17
Finam:DX,2021-04-05T16:31:00+03:00,92.97,92.97,92.96,92.96,6
Finam:DX,2021-04-05T16:32:00+03:00,92.96,92.98,92.96,92.98,16
Finam:DX,2021-04-05T16:33:00+03:00,92.97,92.97,92.96,92.96,22
Finam:DX,2021-04-05T16:34:00+03:00,92.96,92.96,92.94,92.94,42
Finam:DX,2021-04-05T16:35:00+03:00,92.94,92.94,92.92,92.92,71
Finam:DX,2021-04-05T16:36:00+03:00,92.91,92.91,92.90,92.90,65
Finam:DX,2021-04-05T16:37:00+03:00,92.90,92.90,92.89,92.89,48
Finam:DX,2021-04-05T16:38:00+03:00,92.89,92.89,92.87,92.87,99
Finam:DX,2021-04-05T16:39:00+03:00,92.87,92.87,92.84,92.85,495
Finam:DX,2021-04-05T16:40:00+03:00,92.85,92.86,92.84,92.85,114
Finam:DX,2021-04-05T16:41:00+03:00,92.86,92.87,92.85,92.86,69
Finam:DX,2021-04-05T16:42:00+03:00,92.86,92.87,92.85,92.85,26
Finam:DX,2021-04-05T16:43:00+03:00,92.86,92.86,92.85,92.85,34
Finam:DX,2021-04-05T16:44:00+03:00,92.86,92.86,92.85,92.85,29
Finam:DX,2021-04-05T16:45:00+03:00,92.86,92.86,92.85,92.85,8
Finam:DX,2021-04-05T16:46:00+03:00,92.86,92.86,92.85,92.85,25
Finam:DX,2021-04-05T16:47:00+03:00,92.85,92.86,92.85,92.86,46
Finam:DX,2021-04-05T16:48:00+03:00,92.86,92.87,92.85,92.85,56
Finam:DX,2021-04-05T16:49:00+03:00,92.86,92.86,92.85,92.85,10
Finam:DX,2021-04-05T16:50:00+03:00,92.85,92.85,92.84,92.85,25
Finam:DX,2021-04-05T16:51:00+03:00,92.85,92.85,92.84,92.85,20
Finam:DX,2021-04-05T16:52:00+03:00,92.85,92.85,92.83,92.83,528
Finam:DX,2021-04-05T16:53:00+03:00,92.83,92.85,92.83,92.84,38
Finam:DX,2021-04-05T16:54:00+03:00,92.84,92.85,92.84,92.85,10
Finam:DX,2021-04-05T16:55:00+03:00,92.84,92.85,92.84,92.85,13
Finam:DX,2021-04-05T16:56:00+03:00,92.84,92.84,92.83,92.84,53
Finam:DX,2021-04-05T16:57:00+03:00,92.84,92.85,92.84,92.85,65
Finam:DX,2021-04-05T16:58:00+03:00,92.85,92.86,92.84,92.84,157
Finam:DX,2021-04-05T16:59:00+03:00,92.84,92.85,92.83,92.85,29
Finam:DX,2021-04-05T17:00:00+03:00,92.85,92.85,92.83,92.83,155
Finam:DX,2021-04-05T17:01:00+03:00,92.83,92.83,92.82,92.82,107
Finam:DX,2021-04-05T17:02:00+03:00,92.83,92.84,92.83,92.83,17
Finam:DX,2021-04-05T17:03:00+03:00,92.83,92.85,92.83,92.85,33
Finam:DX,2021-04-05T17:04:00+03:00,92.84,92.86,92.84,92.86,211
Finam:DX,2021-04-05T17:05:00+03:00,92.86,92.86,92.84,92.85,101
Finam:DX,2021-04-05T17:06:00+03:00,92.85,92.86,92.85,92.85,77
Finam:DX,2021-04-05T17:07:00+03:00,92.84,92.85,92.84,92.85,20
Finam:DX,2021-04-05T17:08:00+03:00,92.85,92.85,92.85,92.85,18
Finam:DX,2021-04-05T17:09:00+03:00,92.85,92.85,92.84,92.85,19
Finam:DX,2021-04-05T17:10:00+03:00,92.85,92.86,92.85,92.85,14
Finam:DX,2021-04-05T17:11:00+03:00,92.85,92.86,92.85,92.86,23
Finam:DX,2021-04-05T17:12:00+03:00,92.85,92.85,92.84,92.84,13
Finam:DX,2021-04-05T17:13:00+03:00,92.84,92.84,92.83,92.83,33
Finam:DX,2021-04-05T17:14:00+03:00,92.84,92.84,92.82,92.83,69
Finam:DX,2021-04-05T17:15:00+03:00,92.83,92.84,92.83,92.84,21
Finam:DX,2021-04-05T17:16:00+03:00,92.84,92.84,92.83,92.83,6
Finam:DX,2021-04-05T17:17:00+03:00,92.84,92.84,92.84,92.84,7
Finam:DX,2021-04-05T17:18:00+03:00,92.83,92.83,92.82,92.82,8
Finam:DX,2021-04-05T17:19:00+03:00,92.83,92.84,92.83,92.84,17
Finam:DX,2021-04-05T17:20:00+03:00,92.83,92.84,92.83,92.83,15
Finam:DX,2021-04-05T17:21:00+03:00,92.83,92.84,92.82,92.84,21
Finam:DX,2021-04-05T17:22:00+03:00,92.83,92.83,92.83,92.83,19
Finam:DX,2021-04-05T17:23:00+03:00,92.84,92.84,92.82,92.82,125
Finam:DX,2021-04-05T17:24:00+03:00,92.82,92.82,92.82,92.82,24
Finam:DX,2021-04-05T17:25:00+03:00,92.82,92.83,92.82,92.83,75
Finam:DX,2021-04-05T17:26:00+03:00,92.82,92.83,92.81,92.83,21
Finam:DX,2021-04-05T17:27:00+03:00,92.82,92.83,92.82,92.83,15
Finam:DX,2021-04-05T17:28:00+03:00,92.82,92.82,92.82,92.82,5
Finam:DX,2021-04-05T17:29:00+03:00,92.82,92.83,92.82,92.83,5
Finam:DX,2021-04-05T17:30:00+03:00,92.82,92.82,92.81,92.81,58
Finam:DX,2021-04-05T17:31:00+03:00,92.81,92.82,92.81,92.81,33
Finam:DX,2021-04-05T17:32:00+03:00,92.82,92.82,92.82,92.82,16
Finam:DX,2021-04-05T17:33:00+03:00,92.82,92.83,92.82,92.83,28
Finam:DX,2021-04-05T17:34:00+03:00,92.82,92.82,92.81,92.81,8
Finam:DX,2021-04-05T17:35:00+03:00,92.82,92.82,92.81,92.81,15
Finam:DX,2021-04-05T17:36:00+03:00,92.81,92.82,92.81,92.81,23
Finam:DX,2021-04-05T17:37:00+03:00,92.81,92.82,92.81,92.82,9
Finam:DX,2021-04-05T17:38:00+03:00,92.82,92.82,92.81,92.81,20
Finam:DX,2021-04-05T17:39:00+03:00,92.81,92.82,92.81,92.82,16
Finam:DX,2021-04-05T17:40:00+03:00,92.81,92.81,92.80,92.80,28
Finam:DX,2021-04-05T17:41:00+03:00,92.80,92.80,92.79,92.79,143
Finam:DX,2021-04-05T17:42:00+03:00,92.79,92.80,92.79,92.80,54
Finam:DX,2021-04-05T17:43:00+03:00,92.80,92.80,92.78,92.78,50
Finam:DX,2021-04-05T17:44:00+03:00,92.78,92.79,92.77,92.79,472
Finam:DX,2021-04-05T17:45:00+03:00,92.79,92.79,92.76,92.77,53
Finam:DX,2021-04-05T17:46:00+03:00,92.77,92.77,92.74,92.75,105
Finam:DX,2021-04-05T17:47:00+03:00,92.74,92.76,92.74,92.75,39
Finam:DX,2021-04-05T17:48:00+03:00,92.75,92.76,92.74,92.74,39
Finam:DX,2021-04-05T17:49:00+03:00,92.74,92.74,92.72,92.72,19
Finam:DX,2021-04-05T17:50:00+03:00,92.73,92.74,92.72,92.73,40
Finam:DX,2021-04-05T17:51:00+03:00,92.73,92.73,92.71,92.72,17
Finam:DX,2021-04-05T17:52:00+03:00,92.72,92.73,92.71,92.72,56
Finam:DX,2021-04-05T17:53:00+03:00,92.72,92.72,92.71,92.71,33
Finam:DX,2021-04-05T17:54:00+03:00,92.72,92.73,92.70,92.70,145
Finam:DX,2021-04-05T17:55:00+03:00,92.71,92.71,92.69,92.69,121
Finam:DX,2021-04-05T17:56:00+03:00,92.69,92.70,92.68,92.68,106
Finam:DX,2021-04-05T17:57:00+03:00,92.68,92.68,92.66,92.67,100
Finam:DX,2021-04-05T17:58:00+03:00,92.68,92.69,92.67,92.69,43
Finam:DX,2021-04-05T17:59:00+03:00,92.69,92.72,92.69,92.72,113
Finam:DX,2021-04-05T18:00:00+03:00,92.71,92.71,92.69,92.69,46
Finam:DX,2021-04-05T18:01:00+03:00,92.69,92.70,92.67,92.67,92
Finam:DX,2021-04-05T18:02:00+03:00,92.68,92.68,92.66,92.66,29
Finam:DX,2021-04-05T18:03:00+03:00,92.66,92.68,92.66,92.67,29
Finam:DX,2021-04-05T18:04:00+03:00,92.66,92.66,92.64,92.66,115
Finam:DX,2021-04-05T18:05:00+03:00,92.66,92.66,92.65,92.65,47
Finam:DX,2021-04-05T18:06:00+03:00,92.65,92.66,92.65,92.65,29
Finam:DX,2021-04-05T18:07:00+03:00,92.65,92.66,92.64,92.66,256
Finam:DX,2021-04-05T18:08:00+03:00,92.65,92.66,92.64,92.65,280
Finam:DX,2021-04-05T18:09:00+03:00,92.65,92.65,92.64,92.64,49
Finam:DX,2021-04-05T18:10:00+03:00,92.64,92.64,92.63,92.63,101
Finam:DX,2021-04-05T18:11:00+03:00,92.63,92.63,92.62,92.62,36
Finam:DX,2021-04-05T18:12:00+03:00,92.62,92.64,92.62,92.63,42
Finam:DX,2021-04-05T18:13:00+03:00,92.63,92.64,92.62,92.64,24
Finam:DX,2021-04-05T18:14:00+03:00,92.65,92.67,92.65,92.66,21
Finam:DX,2021-04-05T18:15:00+03:00,92.65,92.65,92.63,92.64,93
Finam:DX,2021-04-05T18:16:00+03:00,92.63,92.63,92.62,92.62,12
Finam:DX,2021-04-05T18:17:00+03:00,92.63,92.65,92.62,92.64,17
Finam:DX,2021-04-05T18:18:00+03:00,92.63,92.64,92.61,92.61,15
Finam:DX,2021-04-05T18:19:00+03:00,92.62,92.63,92.62,92.62,13
Finam:DX,2021-04-05T18:20:00+03:00,92.61,92.62,92.60,92.62,12
Finam:DX,2021-04-05T18:21:00+03:00,92.62,92.62,92.61,92.61,26
Finam:DX,2021-04-05T18:22:00+03:00,92.61,92.62,92.61,92.62,32
Finam:DX,2021-04-05T18:23:00+03:00,92.62,92.63,92.61,92.62,26
Finam:DX,2021-04-05T18:24:00+03:00,92.61,92.62,92.60,92.61,32
Finam:DX,2021-04-05T18:25:00+03:00,92.61,92.61,92.60,92.60,22
Finam:DX,2021-04-05T18:26:00+03:00,92.61,92.61,92.60,92.61,19
Finam:DX,2021-04-05T18:27:00+03:00,92.60,92.60,92.57,92.59,355
Finam:DX,2021-04-05T18:28:00+03:00,92.59,92.59,92.58,92.58,15
Finam:DX,2021-04-05T18:29:00+03:00,92.59,92.59,92.58,92.58,25
Finam:DX,2021-04-05T18:30:00+03:00,92.58,92.59,92.57,92.58,60
Finam:DX,2021-04-05T18:31:00+03:00,92.58,92.58,92.56,92.56,64
Finam:DX,2021-04-05T18:32:00+03:00,92.57,92.58,92.56,92.58,93
Finam:DX,2021-04-05T18:33:00+03:00,92.58,92.58,92.57,92.57,47
Finam:DX,2021-04-05T18:34:00+03:00,92.58,92.60,92.58,92.59,71
Finam:DX,2021-04-05T18:35:00+03:00,92.59,92.60,92.58,92.58,45
Finam:DX,2021-04-05T18:36:00+03:00,92.58,92.59,92.57,92.59,79
Finam:DX,2021-04-05T18:37:00+03:00,92.59,92.60,92.59,92.60,66
Finam:DX,2021-04-05T18:38:00+03:00,92.60,92.61,92.59,92.60,20
Finam:DX,2021-04-05T18:39:00+03:00,92.59,92.60,92.58,92.60,17
Finam:DX,2021-04-05T18:40:00+03:00,92.61,92.62,92.60,92.62,29
Finam:DX,2021-04-05T18:41:00+03:00,92.61,92.62,92.61,92.62,15
Finam:DX,2021-04-05T18:42:00+03:00,92.62,92.63,92.62,92.63,14
Finam:DX,2021-04-05T18:43:00+03:00,92.63,92.64,92.62,92.62,25
Finam:DX,2021-04-05T18:44:00+03:00,92.62,92.62,92.61,92.61,85
Finam:DX,2021-04-05T18:45:00+03:00,92.62,92.62,92.61,92.61,30
Finam:DX,2021-04-05T18:46:00+03:00,92.61,92.62,92.61,92.62,18
Finam:DX,2021-04-05T18:47:00+03:00,92.63,92.64,92.63,92.64,12
Finam:DX,2021-04-05T18:48:00+03:00,92.64,92.64,92.62,92.63,19
Finam:DX,2021-04-05T18:49:00+03:00,92.63,92.64,92.63,92.63,10
Finam:DX,2021-04-05T18:50:00+03:00,92.63,92.63,92.63,92.63,17
Finam:DX,2021-04-05T18:51:00+03:00,92.63,92.63,92.62,92.63,21
Finam:DX,2021-04-05T18:52:00+03:00,92.64,92.66,92.64,92.66,99
Finam:DX,2021-04-05T18:53:00+03:00,92.65,92.65,92.64,92.65,48
Finam:DX,2021-04-05T18:54:00+03:00,92.65,92.66,92.64,92.66,29
Finam:DX,2021-04-05T18:55:00+03:00,92.66,92.66,92.65,92.66,39
Finam:DX,2021-04-05T18:56:00+03:00,92.66,92.66,92.65,92.66,11
Finam:DX,2021-04-05T18:57:00+03:00,92.66,92.67,92.66,92.67,43
Finam:DX,2021-04-05T18:58:00+03:00,92.67,92.68,92.66,92.68,95
Finam:DX,2021-04-05T18:59:00+03:00,92.67,92.68,92.67,92.67,34
Finam:DX,2021-04-05T19:00:00+03:00,92.67,92.68,92.67,92.68,37
Finam:DX,2021-04-05T19:01:00+03:00,92.68,92.70,92.68,92.70,445
Finam:DX,2021-04-05T19:02:00+03:00,92.69,92.69,92.67,92.67,34
Finam:DX,2021-04-05T19:03:00+03:00,92.67,92.68,92.67,92.68,166
Finam:DX,2021-04-05T19:04:00+03:00,92.67,92.67,92.66,92.67,88
Finam:DX,2021-04-05T19:05:00+03:00,92.67,92.67,92.66,92.67,37
Finam:DX,2021-04-05T19:06:00+03:00,92.67,92.68,92.67,92.68,57
Finam:DX,2021-04-05T19:07:00+03:00,92.68,92.69,92.67,92.67,12
Finam:DX,2021-04-05T19:08:00+03:00,92.67,92.67,92.66,92.66,10
Finam:DX,2021-04-05T19:09:00+03:00,92.66,92.66,92.64,92.64,152
Finam:DX,2021-04-05T19:10:00+03:00,92.65,92.65,92.63,92.63,241
Finam:DX,2021-04-05T19:11:00+03:00,92.63,92.65,92.63,92.65,33
Finam:DX,2021-04-05T19:12:00+03:00,92.64,92.64,92.63,92.63,14
Finam:DX,2021-04-05T19:13:00+03:00,92.64,92.65,92.64,92.65,15
Finam:DX,2021-04-05T19:14:00+03:00,92.64,92.64,92.63,92.64,6
Finam:DX,2021-04-05T19:15:00+03:00,92.65,92.65,92.64,92.64,8
Finam:DX,2021-04-05T19:16:00+03:00,92.63,92.63,92.62,92.62,16
Finam:DX,2021-04-05T19:17:00+03:00,92.63,92.63,92.62,92.62,43
Finam:DX,2021-04-05T19:18:00+03:00,92.62,92.62,92.61,92.61,24
Finam:DX,2021-04-05T19:19:00+03:00,92.60,92.60,92.59,92.59,159
Finam:DX,2021-04-05T19:20:00+03:00,92.59,92.60,92.58,92.58,59
Finam:DX,2021-04-05T19:21:00+03:00,92.58,92.60,92.58,92.60,112
Finam:DX,2021-04-05T19:22:00+03:00,92.60,92.60,92.59,92.59,24
Finam:DX,2021-04-05T19:23:00+03:00,92.59,92.59,92.57,92.57,23
Finam:DX,2021-04-05T19:24:00+03:00,92.57,92.58,92.56,92.57,29
Finam:DX,2021-04-05T19:25:00+03:00,92.57,92.57,92.57,92.57,9
Finam:DX,2021-04-05T19:26:00+03:00,92.57,92.58,92.57,92.58,13
Finam:DX,2021-04-05T19:27:00+03:00,92.58,92.58,92.58,92.58,5
Finam:DX,2021-04-05T19:28:00+03:00,92.58,92.59,92.58,92.58,31
Finam:DX,2021-04-05T19:29:00+03:00,92.58,92.59,92.58,92.59,5
Finam:DX,2021-04-05T19:30:00+03:00,92.58,92.59,92.58,92.58,9
Finam:DX,2021-04-05T19:31:00+03:00,92.58,92.59,92.58,92.58,5
Finam:DX,2021-04-05T19:32:00+03:00,92.58,92.58,92.57,92.57,21
Finam:DX,2021-04-05T19:33:00+03:00,92.58,92.59,92.58,92.59,28
Finam:DX,2021-04-05T19:34:00+03:00,92.58,92.58,92.58,92.58,6
Finam:DX,2021-04-05T19:35:00+03:00,92.58,92.59,92.58,92.59,13
Finam:DX,2021-04-05T19:36:00+03:00,92.59,92.59,92.58,92.58,30
Finam:DX,2021-04-05T19:37:00+03:00,92.58,92.59,92.58,92.58,17
Finam:DX,2021-04-05T19:38:00+03:00,92.58,92.58,92.58,92.58,2
Finam:DX,2021-04-05T19:39:00+03:00,92.58,92.58,92.57,92.57,16
Finam:DX,2021-04-05T19:40:00+03:00,92.58,92.58,92.57,92.58,14
Finam:DX,2021-04-05T19:41:00+03:00,92.58,92.59,92.57,92.59,6
Finam:DX,2021-04-05T19:42:00+03:00,92.59,92.59,92.58,92.58,9
Finam:DX,2021-04-05T19:43:00+03:00,92.59,92.60,92.59,92.60,5
Finam:DX,2021-04-05T19:44:00+03:00,92.59,92.59,92.58,92.58,5
Finam:DX,2021-04-05T19:45:00+03:00,92.59,92.59,92.58,92.58,13
Finam:DX,2021-04-05T19:46:00+03:00,92.59,92.59,92.58,92.59,10
Finam:DX,2021-04-05T19:47:00+03:00,92.59,92.60,92.59,92.60,7
Finam:DX,2021-04-05T19:48:00+03:00,92.60,92.60,92.59,92.59,7
Finam:DX,2021-04-05T19:49:00+03:00,92.60,92.60,92.59,92.59,6
Finam:DX,2021-04-05T19:50:00+03:00,92.59,92.59,92.58,92.58,3
Finam:DX,2021-04-05T19:51:00+03:00,92.59,92.60,92.58,92.59,24
Finam:DX,2021-04-05T19:52:00+03:00,92.59,92.60,92.59,92.59,13
Finam:DX,2021-04-05T19:53:00+03:00,92.59,92.59,92.58,92.58,6
Finam:DX,2021-04-05T19:54:00+03:00,92.58,92.59,92.58,92.59,4
Finam:DX,2021-04-05T19:56:00+03:00,92.58,92.59,92.58,92.59,19
Finam:DX,2021-04-05T19:57:00+03:00,92.59,92.59,92.59,92.59,13
Finam:DX,2021-04-05T19:58:00+03:00,92.59,92.60,92.59,92.59,21
Finam:DX,2021-04-05T19:59:00+03:00,92.59,92.59,92.59,92.59,28
Finam:DX,2021-04-05T20:00:00+03:00,92.59,92.60,92.59,92.60,5
Finam:DX,2021-04-05T20:01:00+03:00,92.60,92.60,92.60,92.60,10
Finam:DX,2021-04-05T20:02:00+03:00,92.60,92.61,92.60,92.60,18
Finam:DX,2021-04-05T20:03:00+03:00,92.60,92.60,92.59,92.60,15
Finam:DX,2021-04-05T20:04:00+03:00,92.60,92.60,92.60,92.60,1
Finam:DX,2021-04-05T20:05:00+03:00,92.60,92.60,92.60,92.60,11
Finam:DX,2021-04-05T20:06:00+03:00,92.60,92.60,92.60,92.60,2
Finam:DX,2021-04-05T20:07:00+03:00,92.60,92.60,92.59,92.59,17
Finam:DX,2021-04-05T20:08:00+03:00,92.59,92.59,92.59,92.59,4
Finam:DX,2021-04-05T20:09:00+03:00,92.60,92.60,92.60,92.60,2
Finam:DX,2021-04-05T20:11:00+03:00,92.61,92.61,92.61,92.61,7
Finam:DX,2021-04-05T20:12:00+03:00,92.61,92.61,92.61,92.61,2
Finam:DX,2021-04-05T20:13:00+03:00,92.61,92.61,92.61,92.61,2
Finam:DX,2021-04-05T20:14:00+03:00,92.61,92.61,92.61,92.61,2
Finam:DX,2021-04-05T20:15:00+03:00,92.61,92.61,92.61,92.61,10
Finam:DX,2021-04-05T20:16:00+03:00,92.61,92.61,92.61,92.61,9
Finam:DX,2021-04-05T20:17:00+03:00,92.61,92.61,92.61,92.61,13
Finam:DX,2021-04-05T20:19:00+03:00,92.61,92.61,92.61,92.61,1
Finam:DX,2021-04-05T20:20:00+03:00,92.60,92.60,92.59,92.60,8
Finam:DX,2021-04-05T20:21:00+03:00,92.60,92.60,92.58,92.58,12
Finam:DX,2021-04-05T20:22:00+03:00,92.58,92.58,92.58,92.58,1
Finam:DX,2021-04-05T20:23:00+03:00,92.58,92.59,92.58,92.59,34
Finam:DX,2021-04-05T20:26:00+03:00,92.59,92.59,92.59,92.59,9
Finam:DX,2021-04-05T20:27:00+03:00,92.59,92.60,92.58,92.58,21
Finam:DX,2021-04-05T20:28:00+03:00,92.59,92.59,92.58,92.58,16
Finam:DX,2021-04-05T20:29:00+03:00,92.58,92.58,92.58,92.58,7
Finam:DX,2021-04-05T20:30:00+03:00,92.58,92.58,92.57,92.57,30
Finam:DX,2021-04-05T20:32:00+03:00,92.58,92.58,92.58,92.58,1
Finam:DX,2021-04-05T20:34:00+03:00,92.59,92.60,92.59,92.59,25
Finam:DX,2021-04-05T20:35:00+03:00,92.59,92.59,92.59,92.59,16
Finam:DX,2021-04-05T20:36:00+03:00,92.59,92.59,92.59,92.59,2
Finam:DX,2021-04-05T20:37:00+03:00,92.59,92.60,92.59,92.60,9
Finam:DX,2021-04-05T20:38:00+03:00,92.59,92.59,92.59,92.59,1
Finam:DX,2021-04-05T20:39:00+03:00,92.59,92.59,92.58,92.59,30
Finam:DX,2021-04-05T20:40:00+03:00,92.59,92.59,92.59,92.59,24
Finam:DX,2021-04-05T20:41:00+03:00,92.59,92.59,92.59,92.59,21
Finam:DX,2021-04-05T20:42:00+03:00,92.59,92.59,92.59,92.59,2
Finam:DX,2021-04-05T20:43:00+03:00,92.59,92.59,92.58,92.58,8
Finam:DX,2021-04-05T20:44:00+03:00,92.59,92.59,92.59,92.59,17
Finam:DX,2021-04-05T20:45:00+03:00,92.59,92.59,92.59,92.59,1
Finam:DX,2021-04-05T20:46:00+03:00,92.58,92.58,92.58,92.58,6
Finam:DX,2021-04-05T20:47:00+03:00,92.58,92.58,92.57,92.57,16
Finam:DX,2021-04-05T20:48:00+03:00,92.58,92.58,92.58,92.58,3
Finam:DX,2021-04-05T20:49:00+03:00,92.58,92.58,92.58,92.58,2
Finam:DX,2021-04-05T20:50:00+03:00,92.58,92.59,92.58,92.59,6
Finam:DX,2021-04-05T20:51:00+03:00,92.58,92.58,92.57,92.57,8
Finam:DX,2021-04-05T20:52:00+03:00,92.58,92.59,92.58,92.58,11
Finam:DX,2021-04-05T20:53:00+03:00,92.58,92.59,92.58,92.59,2
Finam:DX,2021-04-05T20:54:00+03:00,92.59,92.59,92.59,92.59,1
Finam:DX,2021-04-05T20:55:00+03:00,92.58,92.59,92.58,92.58,3
Finam:DX,2021-04-05T20:58:00+03:00,92.58,92.59,92.57,92.58,58
Finam:DX,2021-04-05T20:59:00+03:00,92.58,92.58,92.58,92.58,14
Finam:DX,2021-04-05T21:00:00+03:00,92.59,92.59,92.58,92.58,7
Finam:DX,2021-04-05T21:01:00+03:00,92.58,92.58,92.58,92.58,3
Finam:DX,2021-04-05T21:02:00+03:00,92.59,92.59,92.59,92.59,9
Finam:DX,2021-04-05T21:03:00+03:00,92.59,92.60,92.59,92.60,6
Finam:DX,2021-04-05T21:04:00+03:00,92.60,92.60,92.60,92.60,5
Finam:DX,2021-04-05T21:05:00+03:00,92.60,92.61,92.60,92.61,10
Finam:DX,2021-04-05T21:06:00+03:00,92.60,92.60,92.60,92.60,1
Finam:DX,2021-04-05T21:07:00+03:00,92.60,92.60,92.59,92.59,3
Finam:DX,2021-04-05T21:08:00+03:00,92.59,92.59,92.59,92.59,1
Finam:DX,2021-04-05T21:09:00+03:00,92.59,92.59,92.59,92.59,2
Finam:DX,2021-04-05T21:10:00+03:00,92.60,92.60,92.60,92.60,1
Finam:DX,2021-04-05T21:11:00+03:00,92.59,92.60,92.59,92.60,5
Finam:DX,2021-04-05T21:12:00+03:00,92.59,92.60,92.59,92.60,8
Finam:DX,2021-04-05T21:13:00+03:00,92.59,92.59,92.59,92.59,10
Finam:DX,2021-04-05T21:14:00+03:00,92.60,92.60,92.59,92.59,5
Finam:DX,2021-04-05T21:15:00+03:00,92.60,92.60,92.60,92.60,2
Finam:DX,2021-04-05T21:16:00+03:00,92.60,92.60,92.59,92.59,17
Finam:DX,2021-04-05T21:17:00+03:00,92.59,92.59,92.58,92.58,14
Finam:DX,2021-04-05T21:18:00+03:00,92.58,92.58,92.58,92.58,2
Finam:DX,2021-04-05T21:19:00+03:00,92.58,92.58,92.57,92.57,13
Finam:DX,2021-04-05T21:20:00+03:00,92.57,92.57,92.57,92.57,10
Finam:DX,2021-04-05T21:21:00+03:00,92.57,92.58,92.57,92.58,4
Finam:DX,2021-04-05T21:22:00+03:00,92.58,92.58,92.58,92.58,5
Finam:DX,2021-04-05T21:23:00+03:00,92.58,92.58,92.58,92.58,1
Finam:DX,2021-04-05T21:25:00+03:00,92.58,92.58,92.58,92.58,78
Finam:DX,2021-04-05T21:26:00+03:00,92.58,92.58,92.57,92.58,29
Finam:DX,2021-04-05T21:27:00+03:00,92.58,92.59,92.58,92.59,84
Finam:DX,2021-04-05T21:28:00+03:00,92.58,92.58,92.58,92.58,1
Finam:DX,2021-04-05T21:29:00+03:00,92.58,92.58,92.57,92.57,40
Finam:DX,2021-04-05T21:30:00+03:00,92.58,92.58,92.58,92.58,13
Finam:DX,2021-04-05T21:31:00+03:00,92.58,92.58,92.57,92.57,6
Finam:DX,2021-04-05T21:32:00+03:00,92.57,92.57,92.57,92.57,8
Finam:DX,2021-04-05T21:33:00+03:00,92.58,92.58,92.57,92.58,27
Finam:DX,2021-04-05T21:34:00+03:00,92.58,92.58,92.58,92.58,7
Finam:DX,2021-04-05T21:35:00+03:00,92.57,92.57,92.57,92.57,44
Finam:DX,2021-04-05T21:36:00+03:00,92.58,92.59,92.58,92.59,12
Finam:DX,2021-04-05T21:39:00+03:00,92.59,92.60,92.59,92.60,14
Finam:DX,2021-04-05T21:40:00+03:00,92.59,92.59,92.59,92.59,7
Finam:DX,2021-04-05T21:41:00+03:00,92.59,92.59,92.59,92.59,5
Finam:DX,2021-04-05T21:42:00+03:00,92.59,92.59,92.59,92.59,2
Finam:DX,2021-04-05T21:43:00+03:00,92.59,92.60,92.59,92.59,6
Finam:DX,2021-04-05T21:44:00+03:00,92.59,92.59,92.59,92.59,2
Finam:DX,2021-04-05T21:45:00+03:00,92.59,92.60,92.59,92.60,23
Finam:DX,2021-04-05T21:47:00+03:00,92.59,92.60,92.59,92.60,14
Finam:DX,2021-04-05T21:48:00+03:00,92.60,92.60,92.60,92.60,11
Finam:DX,2021-04-05T21:49:00+03:00,92.60,92.60,92.60,92.60,3
Finam:DX,2021-04-05T21:51:00+03:00,92.60,92.61,92.60,92.61,19
Finam:DX,2021-04-05T21:52:00+03:00,92.60,92.60,92.60,92.60,21
Finam:DX,2021-04-05T21:53:00+03:00,92.60,92.60,92.59,92.59,36
Finam:DX,2021-04-05T21:54:00+03:00,92.60,92.60,92.60,92.60,1
Finam:DX,2021-04-05T21:55:00+03:00,92.60,92.60,92.60,92.60,4
Finam:DX,2021-04-05T21:56:00+03:00,92.60,92.60,92.59,92.59,28
Finam:DX,2021-04-05T21:58:00+03:00,92.60,92.60,92.60,92.60,1
Finam:DX,2021-04-05T21:59:00+03:00,92.60,92.60,92.60,92.60,10
Finam:DX,2021-04-05T22:00:00+03:00,92.60,92.60,92.60,92.60,1
Finam:DX,2021-04-05T22:01:00+03:00,92.61,92.61,92.61,92.61,11
Finam:DX,2021-04-05T22:02:00+03:00,92.61,92.61,92.60,92.60,3
Finam:DX,2021-04-05T22:03:00+03:00,92.60,92.60,92.60,92.60,1
Finam:DX,2021-04-05T22:04:00+03:00,92.60,92.60,92.60,92.60,1
Finam:DX,2021-04-05T22:05:00+03:00,92.60,92.60,92.60,92.60,1
Finam:DX,2021-04-05T22:06:00+03:00,92.61,92.61,92.60,92.60,13
Finam:DX,2021-04-05T22:07:00+03:00,92.61,92.61,92.61,92.61,5
Finam:DX,2021-04-05T22:08:00+03:00,92.60,92.60,92.59,92.59,46
Finam:DX,2021-04-05T22:09:00+03:00,92.60,92.60,92.60,92.60,1
Finam:DX,2021-04-05T22:10:00+03:00,92.60,92.60,92.60,92.60,18
Finam:DX,2021-04-05T22:11:00+03:00,92.60,92.60,92.60,92.60,5
Finam:DX,2021-04-05T22:12:00+03:00,92.60,92.60,92.60,92.60,1
Finam:DX,2021-04-05T22:13:00+03:00,92.60,92.60,92.60,92.60,1
Finam:DX,2021-04-05T22:15:00+03:00,92.60,92.60,92.60,92.60,3
Finam:DX,2021-04-05T22:16:00+03:00,92.61,92.61,92.61,92.61,3
Finam:DX,2021-04-05T22:18:00+03:00,92.60,92.60,92.60,92.60,6
Finam:DX,2021-04-05T22:20:00+03:00,92.60,92.60,92.60,92.60,3
Finam:DX,2021-04-05T22:21:00+03:00,92.60,92.60,92.60,92.60,3
Finam:DX,2021-04-05T22:22:00+03:00,92.60,92.61,92.60,92.61,3
Finam:DX,2021-04-05T22:23:00+03:00,92.61,92.62,92.61,92.62,16
Finam:DX,2021-04-05T22:24:00+03:00,92.61,92.61,92.61,92.61,1
Finam:DX,2021-04-05T22:25:00+03:00,92.61,92.61,92.61,92.61,1
Finam:DX,2021-04-05T22:26:00+03:00,92.61,92.61,92.61,92.61,2
Finam:DX,2021-04-05T22:27:00+03:00,92.61,92.61,92.60,92.60,5
Finam:DX,2021-04-05T22:28:00+03:00,92.61,92.61,92.61,92.61,2
Finam:DX,2021-04-05T22:30:00+03:00,92.61,92.61,92.60,92.60,2
Finam:DX,2021-04-05T22:31:00+03:00,92.61,92.61,92.61,92.61,7
Finam:DX,2021-04-05T22:32:00+03:00,92.61,92.61,92.60,92.61,9
Finam:DX,2021-04-05T22:33:00+03:00,92.61,92.61,92.60,92.60,14
Finam:DX,2021-04-05T22:34:00+03:00,92.61,92.61,92.61,92.61,7
Finam:DX,2021-04-05T22:35:00+03:00,92.62,92.63,92.62,92.62,5
Finam:DX,2021-04-05T22:36:00+03:00,92.62,92.62,92.61,92.62,8
Finam:DX,2021-04-05T22:37:00+03:00,92.62,92.62,92.62,92.62,1
Finam:DX,2021-04-05T22:38:00+03:00,92.62,92.63,92.62,92.63,11
Finam:DX,2021-04-05T22:39:00+03:00,92.62,92.62,92.61,92.61,15
Finam:DX,2021-04-05T22:40:00+03:00,92.61,92.61,92.60,92.60,2
Finam:DX,2021-04-05T22:41:00+03:00,92.61,92.62,92.61,92.62,6
Finam:DX,2021-04-05T22:42:00+03:00,92.61,92.61,92.60,92.60,16
Finam:DX,2021-04-05T22:43:00+03:00,92.61,92.62,92.61,92.62,6
Finam:DX,2021-04-05T22:44:00+03:00,92.61,92.62,92.60,92.62,11
Finam:DX,2021-04-05T22:45:00+03:00,92.61,92.61,92.60,92.60,20
Finam:DX,2021-04-05T22:46:00+03:00,92.61,92.61,92.60,92.60,5
Finam:DX,2021-04-05T22:47:00+03:00,92.61,92.61,92.60,92.61,7
Finam:DX,2021-04-05T22:48:00+03:00,92.61,92.61,92.61,92.61,9
Finam:DX,2021-04-05T22:49:00+03:00,92.61,92.61,92.61,92.61,2
Finam:DX,2021-04-05T22:50:00+03:00,92.61,92.62,92.61,92.62,12
Finam:DX,2021-04-05T22:51:00+03:00,92.61,92.62,92.61,92.62,8
Finam:DX,2021-04-05T22:52:00+03:00,92.61,92.61,92.61,92.61,5
Finam:DX,2021-04-05T22:53:00+03:00,92.61,92.62,92.61,92.62,8
Finam:DX,2021-04-05T22:54:00+03:00,92.61,92.61,92.60,92.61,8
Finam:DX,2021-04-05T22:55:00+03:00,92.61,92.61,92.61,92.61,3
Finam:DX,2021-04-05T22:56:00+03:00,92.62,92.62,92.61,92.61,16
Finam:DX,2021-04-05T22:57:00+03:00,92.61,92.61,92.60,92.60,18
Finam:DX,2021-04-05T22:58:00+03:00,92.61,92.61,92.60,92.60,21
Finam:DX,2021-04-05T22:59:00+03:00,92.60,92.60,92.59,92.60,1222
Finam:DX,2021-04-05T23:00:00+03:00,92.60,92.61,92.59,92.59,785
Finam:DX,2021-04-05T23:01:00+03:00,92.60,92.61,92.60,92.61,31
Finam:DX,2021-04-05T23:02:00+03:00,92.61,92.62,92.61,92.62,20
Finam:DX,2021-04-05T23:03:00+03:00,92.61,92.62,92.60,92.60,31
Finam:DX,2021-04-05T23:04:00+03:00,92.61,92.61,92.60,92.61,20
Finam:DX,2021-04-05T23:05:00+03:00,92.61,92.61,92.60,92.60,18
Finam:DX,2021-04-05T23:06:00+03:00,92.60,92.61,92.60,92.61,25
Finam:DX,2021-04-05T23:07:00+03:00,92.61,92.62,92.60,92.61,29
Finam:DX,2021-04-05T23:08:00+03:00,92.61,92.62,92.60,92.61,26
Finam:DX,2021-04-05T23:09:00+03:00,92.61,92.61,92.60,92.60,26
Finam:DX,2021-04-05T23:10:00+03:00,92.60,92.61,92.60,92.60,16
Finam:DX,2021-04-05T23:11:00+03:00,92.60,92.61,92.60,92.60,17
Finam:DX,2021-04-05T23:12:00+03:00,92.60,92.61,92.60,92.61,28
Finam:DX,2021-04-05T23:13:00+03:00,92.61,92.62,92.61,92.61,21
Finam:DX,2021-04-05T23:14:00+03:00,92.61,92.62,92.61,92.61,15
Finam:DX,2021-04-05T23:15:00+03:00,92.61,92.62,92.61,92.61,27
Finam:DX,2021-04-05T23:16:00+03:00,92.61,92.62,92.61,92.61,50
Finam:DX,2021-04-05T23:17:00+03:00,92.61,92.62,92.60,92.60,27
Finam:DX,2021-04-05T23:18:00+03:00,92.61,92.62,92.61,92.61,19
Finam:DX,2021-04-05T23:19:00+03:00,92.61,92.62,92.60,92.61,28
Finam:DX,2021-04-05T23:20:00+03:00,92.62,92.63,92.61,92.62,52
Finam:DX,2021-04-05T23:21:00+03:00,92.62,92.62,92.61,92.62,70
Finam:DX,2021-04-05T23:22:00+03:00,92.61,92.62,92.61,92.61,18
Finam:DX,2021-04-05T23:23:00+03:00,92.61,92.62,92.61,92.61,15
Finam:DX,2021-04-05T23:24:00+03:00,92.61,92.62,92.61,92.61,16
Finam:DX,2021-04-05T23:25:00+03:00,92.61,92.62,92.61,92.62,33
Finam:DX,2021-04-05T23:26:00+03:00,92.62,92.62,92.61,92.61,19
Finam:DX,2021-04-05T23:27:00+03:00,92.62,92.63,92.62,92.62,18
Finam:DX,2021-04-05T23:28:00+03:00,92.62,92.63,92.62,92.62,16
Finam:DX,2021-04-05T23:29:00+03:00,92.62,92.63,92.62,92.63,19
Finam:DX,2021-04-05T23:30:00+03:00,92.62,92.63,92.62,92.63,25
Finam:DX,2021-04-05T23:31:00+03:00,92.62,92.63,92.62,92.62,38
Finam:DX,2021-04-05T23:32:00+03:00,92.62,92.62,92.61,92.61,41
Finam:DX,2021-04-05T23:33:00+03:00,92.62,92.64,92.62,92.63,42
Finam:DX,2021-04-05T23:34:00+03:00,92.62,92.63,92.61,92.62,400
Finam:DX,2021-04-05T23:35:00+03:00,92.62,92.62,92.61,92.61,21
Finam:DX,2021-04-05T23:36:00+03:00,92.62,92.63,92.62,92.62,16
Finam:DX,2021-04-05T23:37:00+03:00,92.62,92.62,92.61,92.61,65
Finam:DX,2021-04-05T23:38:00+03:00,92.62,92.62,92.61,92.61,34
Finam:DX,2021-04-05T23:39:00+03:00,92.61,92.62,92.60,92.61,37
Finam:DX,2021-04-05T23:40:00+03:00,92.60,92.61,92.60,92.60,20
Finam:DX,2021-04-05T23:41:00+03:00,92.60,92.61,92.60,92.60,18
Finam:DX,2021-04-05T23:42:00+03:00,92.60,92.61,92.60,92.60,17
Finam:DX,2021-04-05T23:43:00+03:00,92.60,92.61,92.60,92.60,18
Finam:DX,2021-04-05T23:44:00+03:00,92.60,92.60,92.59,92.60,21
Finam:DX,2021-04-05T23:45:00+03:00,92.61,92.61,92.60,92.60,43
Finam:DX,2021-04-05T23:46:00+03:00,92.60,92.61,92.60,92.61,26
Finam:DX,2021-04-05T23:47:00+03:00,92.61,92.61,92.60,92.60,15
Finam:DX,2021-04-05T23:48:00+03:00,92.61,92.61,92.60,92.60,42
Finam:DX,2021-04-05T23:49:00+03:00,92.61,92.61,92.60,92.60,16
Finam:DX,2021-04-05T23:50:00+03:00,92.60,92.61,92.60,92.60,38
Finam:DX,2021-04-05T23:51:00+03:00,92.60,92.61,92.60,92.60,22
Finam:DX,2021-04-05T23:52:00+03:00,92.60,92.61,92.60,92.60,51
Finam:DX,2021-04-05T23:53:00+03:00,92.60,92.60,92.59,92.59,32
Finam:DX,2021-04-05T23:54:00+03:00,92.59,92.60,92.59,92.59,19
Finam:DX,2021-04-05T23:55:00+03:00,92.60,92.60,92.59,92.60,44
Finam:DX,2021-04-05T23:56:00+03:00,92.60,92.61,92.60,92.61,17
Finam:DX,2021-04-05T23:57:00+03:00,92.60,92.61,92.59,92.59,33
Finam:DX,2021-04-05T23:58:00+03:00,92.59,92.60,92.58,92.58,35
Finam:DX,2021-04-05T23:59:00+03:00,92.59,92.60,92.58,92.59,46
