MOEX:SBER,2018-03-15T10:00:00+03:00,263.01,263.49,262.26,263.48,41484
MOEX:SBER,2018-03-15T10:01:00+03:00,263.48,263.99,263.42,263.97,39441
MOEX:SBER,2018-03-15T10:02:00+03:00,263.97,264.29,263.75,264.13,37209
MOEX:SBER,2018-03-15T10:03:00+03:00,264.13,264.21,263.90,264.12,16273
MOEX:SBER,2018-03-15T10:04:00+03:00,264.12,264.45,264.12,264.43,23447
MOEX:SBER,2018-03-15T10:05:00+03:00,264.42,264.61,264.25,264.48,19418
MOEX:SBER,2018-03-15T10:06:00+03:00,264.52,264.58,264.25,264.31,13710
MOEX:SBER,2018-03-15T10:07:00+03:00,264.32,264.39,264.15,264.24,13838
MOEX:SBER,2018-03-15T10:08:00+03:00,264.15,264.30,264.12,264.15,7590
MOEX:SBER,2018-03-15T10:09:00+03:00,264.16,264.36,264.08,264.23,11322
MOEX:SBER,2018-03-15T10:10:00+03:00,264.23,264.43,264.23,264.43,9329
MOEX:SBER,2018-03-15T10:11:00+03:00,264.43,264.44,264.30,264.34,11643
MOEX:SBER,2018-03-15T10:12:00+03:00,264.35,264.45,264.25,264.25,14238
MOEX:SBER,2018-03-15T10:13:00+03:00,264.25,264.37,264.25,264.25,4007
MOEX:SBER,2018-03-15T10:14:00+03:00,264.26,264.35,264.25,264.31,4985
MOEX:SBER,2018-03-15T10:15:00+03:00,264.32,264.38,264.25,264.31,4271
MOEX:SBER,2018-03-15T10:16:00+03:00,264.31,264.35,264.23,264.23,12342
MOEX:SBER,2018-03-15T10:17:00+03:00,264.23,264.24,263.67,263.72,45574
MOEX:SBER,2018-03-15T10:18:00+03:00,263.72,263.90,263.21,263.27,15369
MOEX:SBER,2018-03-15T10:19:00+03:00,263.31,263.60,263.00,263.07,28141
MOEX:SBER,2018-03-15T10:20:00+03:00,263.07,263.26,263.01,263.26,19698
MOEX:SBER,2018-03-15T10:21:00+03:00,263.21,263.33,263.07,263.27,16755
MOEX:SBER,2018-03-15T10:22:00+03:00,263.20,263.65,263.20,263.54,5557
MOEX:SBER,2018-03-15T10:23:00+03:00,263.54,263.84,263.48,263.84,5870
MOEX:SBER,2018-03-15T10:24:00+03:00,263.84,264.20,263.83,263.96,16388
MOEX:SBER,2018-03-15T10:25:00+03:00,263.96,264.30,263.90,264.20,18658
MOEX:SBER,2018-03-15T10:26:00+03:00,264.22,264.30,264.12,264.12,7778
MOEX:SBER,2018-03-15T10:27:00+03:00,264.14,264.18,263.84,264.03,14077
MOEX:SBER,2018-03-15T10:28:00+03:00,264.02,264.17,263.88,264.10,3258
MOEX:SBER,2018-03-15T10:29:00+03:00,264.12,264.12,263.67,263.76,10765
MOEX:SBER,2018-03-15T10:30:00+03:00,263.76,263.79,263.65,263.79,21074
MOEX:SBER,2018-03-15T10:31:00+03:00,263.80,264.19,263.78,264.00,14614
MOEX:SBER,2018-03-15T10:32:00+03:00,264.00,264.01,263.70,263.70,20670
MOEX:SBER,2018-03-15T10:33:00+03:00,263.70,263.86,263.70,263.73,4700
MOEX:SBER,2018-03-15T10:34:00+03:00,263.71,263.75,263.65,263.68,4523
MOEX:SBER,2018-03-15T10:35:00+03:00,263.66,263.80,263.56,263.65,2980
MOEX:SBER,2018-03-15T10:36:00+03:00,263.65,263.72,263.56,263.57,5385
MOEX:SBER,2018-03-15T10:37:00+03:00,263.57,263.72,263.53,263.62,3119
MOEX:SBER,2018-03-15T10:38:00+03:00,263.57,263.73,263.57,263.68,1559
MOEX:SBER,2018-03-15T10:39:00+03:00,263.62,263.73,263.62,263.67,1765
MOEX:SBER,2018-03-15T10:40:00+03:00,263.68,263.94,263.68,263.92,5052
MOEX:SBER,2018-03-15T10:41:00+03:00,263.92,264.00,263.80,263.83,21052
MOEX:SBER,2018-03-15T10:42:00+03:00,263.85,263.85,263.71,263.71,3028
MOEX:SBER,2018-03-15T10:43:00+03:00,263.76,263.76,263.56,263.65,6765
MOEX:SBER,2018-03-15T10:44:00+03:00,263.65,263.67,263.57,263.60,5183
MOEX:SBER,2018-03-15T10:45:00+03:00,263.60,263.61,263.25,263.25,12702
MOEX:SBER,2018-03-15T10:46:00+03:00,263.25,263.27,263.18,263.24,4736
MOEX:SBER,2018-03-15T10:47:00+03:00,263.24,263.24,262.62,262.82,24461
MOEX:SBER,2018-03-15T10:48:00+03:00,262.75,262.99,262.71,262.87,6051
MOEX:SBER,2018-03-15T10:49:00+03:00,262.87,262.99,262.82,262.85,3631
MOEX:SBER,2018-03-15T10:50:00+03:00,262.85,262.94,262.60,262.71,11340
MOEX:SBER,2018-03-15T10:51:00+03:00,262.62,262.70,262.60,262.61,28566
MOEX:SBER,2018-03-15T10:52:00+03:00,262.61,262.77,262.60,262.63,7275
MOEX:SBER,2018-03-15T10:53:00+03:00,262.61,262.61,262.05,262.21,57429
MOEX:SBER,2018-03-15T10:54:00+03:00,262.21,262.36,262.17,262.26,6361
MOEX:SBER,2018-03-15T10:55:00+03:00,262.26,262.26,261.66,261.74,43374
MOEX:SBER,2018-03-15T10:56:00+03:00,261.75,261.84,261.55,261.60,30638
MOEX:SBER,2018-03-15T10:57:00+03:00,261.60,261.60,260.88,261.07,95083
MOEX:SBER,2018-03-15T10:58:00+03:00,261.07,261.31,261.00,261.31,17783
MOEX:SBER,2018-03-15T10:59:00+03:00,261.31,261.31,261.10,261.30,9304
MOEX:SBER,2018-03-15T11:00:00+03:00,261.30,261.69,261.28,261.63,11875
MOEX:SBER,2018-03-15T11:01:00+03:00,261.60,262.19,261.60,261.90,46296
MOEX:SBER,2018-03-15T11:02:00+03:00,262.00,262.06,261.63,261.72,24248
MOEX:SBER,2018-03-15T11:03:00+03:00,261.72,262.07,261.72,262.01,10984
MOEX:SBER,2018-03-15T11:04:00+03:00,262.01,262.30,261.98,262.00,19409
MOEX:SBER,2018-03-15T11:05:00+03:00,262.08,262.45,262.08,262.26,12730
MOEX:SBER,2018-03-15T11:06:00+03:00,262.26,262.35,261.61,261.61,14950
MOEX:SBER,2018-03-15T11:07:00+03:00,261.60,261.79,261.40,261.65,10878
MOEX:SBER,2018-03-15T11:08:00+03:00,261.65,261.84,261.49,261.49,17109
MOEX:SBER,2018-03-15T11:09:00+03:00,261.49,261.50,261.13,261.13,12340
MOEX:SBER,2018-03-15T11:10:00+03:00,261.13,261.19,260.70,260.94,58756
MOEX:SBER,2018-03-15T11:11:00+03:00,261.00,261.34,260.88,261.10,12645
MOEX:SBER,2018-03-15T11:12:00+03:00,261.12,261.17,260.60,260.60,29214
MOEX:SBER,2018-03-15T11:13:00+03:00,260.62,260.89,260.50,260.64,39731
MOEX:SBER,2018-03-15T11:14:00+03:00,260.63,260.82,260.28,260.73,51683
MOEX:SBER,2018-03-15T11:15:00+03:00,260.73,261.20,260.64,261.10,12876
MOEX:SBER,2018-03-15T11:16:00+03:00,261.15,261.40,260.94,261.11,16485
MOEX:SBER,2018-03-15T11:17:00+03:00,261.15,261.19,261.04,261.16,3967
MOEX:SBER,2018-03-15T11:18:00+03:00,261.16,261.58,261.09,261.39,15758
MOEX:SBER,2018-03-15T11:19:00+03:00,261.39,261.45,261.22,261.44,7581
MOEX:SBER,2018-03-15T11:20:00+03:00,261.45,261.97,261.32,261.55,45990
MOEX:SBER,2018-03-15T11:21:00+03:00,261.55,261.76,261.52,261.58,8319
MOEX:SBER,2018-03-15T11:22:00+03:00,261.60,261.70,261.43,261.53,19782
MOEX:SBER,2018-03-15T11:23:00+03:00,261.50,261.68,261.22,261.37,11808
MOEX:SBER,2018-03-15T11:24:00+03:00,261.37,261.57,260.86,261.00,41185
MOEX:SBER,2018-03-15T11:25:00+03:00,261.00,261.00,260.68,260.80,10841
MOEX:SBER,2018-03-15T11:26:00+03:00,260.75,260.84,260.60,260.84,22217
MOEX:SBER,2018-03-15T11:27:00+03:00,260.83,261.00,260.72,260.91,9551
MOEX:SBER,2018-03-15T11:28:00+03:00,260.91,260.98,260.80,260.80,10224
MOEX:SBER,2018-03-15T11:29:00+03:00,260.80,260.85,260.62,260.62,18350
MOEX:SBER,2018-03-15T11:30:00+03:00,260.62,260.80,260.35,260.63,14820
MOEX:SBER,2018-03-15T11:31:00+03:00,260.63,260.75,260.54,260.68,3916
MOEX:SBER,2018-03-15T11:32:00+03:00,260.69,260.86,260.60,260.84,5616
MOEX:SBER,2018-03-15T11:33:00+03:00,260.73,261.28,260.73,261.08,10820
MOEX:SBER,2018-03-15T11:34:00+03:00,261.00,261.19,260.91,261.03,4766
MOEX:SBER,2018-03-15T11:35:00+03:00,261.14,261.18,260.87,260.87,5201
MOEX:SBER,2018-03-15T11:36:00+03:00,260.87,260.99,260.81,260.92,11738
MOEX:SBER,2018-03-15T11:37:00+03:00,260.96,261.57,260.85,261.34,15424
MOEX:SBER,2018-03-15T11:38:00+03:00,261.46,261.99,261.34,261.77,41766
MOEX:SBER,2018-03-15T11:39:00+03:00,261.78,261.94,261.62,261.62,9305
MOEX:SBER,2018-03-15T11:40:00+03:00,261.64,262.30,261.64,262.02,57802
MOEX:SBER,2018-03-15T11:41:00+03:00,262.07,262.07,261.79,262.06,11774
MOEX:SBER,2018-03-15T11:42:00+03:00,262.00,262.85,261.98,262.27,50454
MOEX:SBER,2018-03-15T11:43:00+03:00,262.24,262.85,262.10,262.69,40971
MOEX:SBER,2018-03-15T11:44:00+03:00,262.73,263.10,262.65,262.93,40007
MOEX:SBER,2018-03-15T11:45:00+03:00,262.93,263.37,262.93,263.12,17931
MOEX:SBER,2018-03-15T11:46:00+03:00,263.08,263.20,262.84,263.11,14576
MOEX:SBER,2018-03-15T11:47:00+03:00,263.18,263.80,263.10,263.65,43912
MOEX:SBER,2018-03-15T11:48:00+03:00,263.68,263.94,263.65,263.85,21293
MOEX:SBER,2018-03-15T11:49:00+03:00,263.85,263.89,263.70,263.74,10149
MOEX:SBER,2018-03-15T11:50:00+03:00,263.74,263.86,263.49,263.50,12880
MOEX:SBER,2018-03-15T11:51:00+03:00,263.50,263.89,263.50,263.73,13183
MOEX:SBER,2018-03-15T11:52:00+03:00,263.73,263.89,263.72,263.78,17851
MOEX:SBER,2018-03-15T11:53:00+03:00,263.77,263.89,263.73,263.74,17011
MOEX:SBER,2018-03-15T11:54:00+03:00,263.74,263.83,263.29,263.34,20748
MOEX:SBER,2018-03-15T11:55:00+03:00,263.31,263.61,263.29,263.35,10500
MOEX:SBER,2018-03-15T11:56:00+03:00,263.30,263.40,263.10,263.19,20671
MOEX:SBER,2018-03-15T11:57:00+03:00,263.19,263.27,263.10,263.20,8609
MOEX:SBER,2018-03-15T11:58:00+03:00,263.20,263.24,262.83,263.02,23205
MOEX:SBER,2018-03-15T11:59:00+03:00,263.04,263.14,262.71,263.14,7771
MOEX:SBER,2018-03-15T12:00:00+03:00,263.15,263.60,262.98,263.50,6620
MOEX:SBER,2018-03-15T12:01:00+03:00,263.52,263.76,263.44,263.44,10592
MOEX:SBER,2018-03-15T12:02:00+03:00,263.57,263.62,263.40,263.46,2458
MOEX:SBER,2018-03-15T12:03:00+03:00,263.58,263.61,263.42,263.49,2820
MOEX:SBER,2018-03-15T12:04:00+03:00,263.54,263.62,263.10,263.34,10906
MOEX:SBER,2018-03-15T12:05:00+03:00,263.21,263.50,263.14,263.34,4507
MOEX:SBER,2018-03-15T12:06:00+03:00,263.34,263.74,263.23,263.68,11451
MOEX:SBER,2018-03-15T12:07:00+03:00,263.59,263.89,263.51,263.70,27949
MOEX:SBER,2018-03-15T12:08:00+03:00,263.72,264.10,263.70,264.07,46718
MOEX:SBER,2018-03-15T12:09:00+03:00,264.04,264.05,263.22,263.51,26554
MOEX:SBER,2018-03-15T12:10:00+03:00,263.53,263.59,263.00,263.17,15847
MOEX:SBER,2018-03-15T12:11:00+03:00,263.05,263.44,263.00,263.39,3144
MOEX:SBER,2018-03-15T12:12:00+03:00,263.42,263.42,263.12,263.26,3969
MOEX:SBER,2018-03-15T12:13:00+03:00,263.38,263.59,263.28,263.49,5954
MOEX:SBER,2018-03-15T12:14:00+03:00,263.41,263.54,263.36,263.49,3408
MOEX:SBER,2018-03-15T12:15:00+03:00,263.49,263.54,263.33,263.34,2777
MOEX:SBER,2018-03-15T12:16:00+03:00,263.43,263.70,263.43,263.61,2734
MOEX:SBER,2018-03-15T12:17:00+03:00,263.58,263.81,263.58,263.65,3314
MOEX:SBER,2018-03-15T12:18:00+03:00,263.64,263.77,263.58,263.67,6560
MOEX:SBER,2018-03-15T12:19:00+03:00,263.69,263.89,263.67,263.89,4570
MOEX:SBER,2018-03-15T12:20:00+03:00,263.89,263.89,263.76,263.81,5391
MOEX:SBER,2018-03-15T12:21:00+03:00,263.80,263.89,263.60,263.63,7280
MOEX:SBER,2018-03-15T12:22:00+03:00,263.63,263.70,263.30,263.30,14524
MOEX:SBER,2018-03-15T12:23:00+03:00,263.30,263.43,263.08,263.43,8601
MOEX:SBER,2018-03-15T12:24:00+03:00,263.36,263.70,263.35,263.48,1738
MOEX:SBER,2018-03-15T12:25:00+03:00,263.54,263.70,263.35,263.35,1364
MOEX:SBER,2018-03-15T12:26:00+03:00,263.35,263.35,263.10,263.20,5718
MOEX:SBER,2018-03-15T12:27:00+03:00,263.13,263.33,263.11,263.19,2409
MOEX:SBER,2018-03-15T12:28:00+03:00,263.19,263.28,263.12,263.12,1323
MOEX:SBER,2018-03-15T12:29:00+03:00,263.11,263.23,263.10,263.10,8682
MOEX:SBER,2018-03-15T12:30:00+03:00,263.13,263.26,263.10,263.21,10229
MOEX:SBER,2018-03-15T12:31:00+03:00,263.19,263.32,263.12,263.12,1848
MOEX:SBER,2018-03-15T12:32:00+03:00,263.13,263.29,263.11,263.29,1431
MOEX:SBER,2018-03-15T12:33:00+03:00,263.28,263.65,263.28,263.64,3808
MOEX:SBER,2018-03-15T12:34:00+03:00,263.63,263.95,263.54,263.94,18854
MOEX:SBER,2018-03-15T12:35:00+03:00,263.92,264.10,263.75,263.99,42846
MOEX:SBER,2018-03-15T12:36:00+03:00,263.93,264.01,263.30,263.58,11032
MOEX:SBER,2018-03-15T12:37:00+03:00,263.58,263.76,263.39,263.73,5672
MOEX:SBER,2018-03-15T12:38:00+03:00,263.73,263.73,263.38,263.47,2682
MOEX:SBER,2018-03-15T12:39:00+03:00,263.47,263.50,263.35,263.35,3275
MOEX:SBER,2018-03-15T12:40:00+03:00,263.30,263.50,263.16,263.36,5127
MOEX:SBER,2018-03-15T12:41:00+03:00,263.34,263.37,263.19,263.23,6559
MOEX:SBER,2018-03-15T12:42:00+03:00,263.24,263.40,263.15,263.25,3193
MOEX:SBER,2018-03-15T12:43:00+03:00,263.36,263.36,263.19,263.25,340
MOEX:SBER,2018-03-15T12:44:00+03:00,263.25,263.34,263.17,263.23,1585
MOEX:SBER,2018-03-15T12:45:00+03:00,263.20,263.39,263.20,263.32,2976
MOEX:SBER,2018-03-15T12:46:00+03:00,263.25,263.50,263.25,263.50,3635
MOEX:SBER,2018-03-15T12:47:00+03:00,263.46,263.58,263.30,263.31,1252
MOEX:SBER,2018-03-15T12:48:00+03:00,263.36,263.41,263.20,263.21,2008
MOEX:SBER,2018-03-15T12:49:00+03:00,263.21,263.43,263.21,263.32,1397
MOEX:SBER,2018-03-15T12:50:00+03:00,263.40,263.55,263.40,263.45,689
MOEX:SBER,2018-03-15T12:51:00+03:00,263.45,263.51,263.24,263.31,1858
MOEX:SBER,2018-03-15T12:52:00+03:00,263.32,263.42,263.21,263.37,1740
MOEX:SBER,2018-03-15T12:53:00+03:00,263.24,263.42,263.16,263.26,5423
MOEX:SBER,2018-03-15T12:54:00+03:00,263.25,263.32,263.12,263.26,3606
MOEX:SBER,2018-03-15T12:55:00+03:00,263.23,263.23,262.05,262.16,67487
MOEX:SBER,2018-03-15T12:56:00+03:00,262.24,262.35,262.16,262.28,17036
MOEX:SBER,2018-03-15T12:57:00+03:00,262.21,262.54,262.21,262.43,4377
MOEX:SBER,2018-03-15T12:58:00+03:00,262.44,262.59,262.40,262.40,3645
MOEX:SBER,2018-03-15T12:59:00+03:00,262.40,262.52,262.06,262.06,4371
MOEX:SBER,2018-03-15T13:00:00+03:00,262.06,262.25,262.00,262.20,19735
MOEX:SBER,2018-03-15T13:01:00+03:00,262.21,262.22,261.81,262.04,28709
MOEX:SBER,2018-03-15T13:02:00+03:00,262.03,262.22,261.85,262.08,4239
MOEX:SBER,2018-03-15T13:03:00+03:00,262.19,262.30,262.08,262.30,3969
MOEX:SBER,2018-03-15T13:04:00+03:00,262.30,262.43,262.25,262.25,10332
MOEX:SBER,2018-03-15T13:05:00+03:00,262.32,262.48,262.28,262.46,3299
MOEX:SBER,2018-03-15T13:06:00+03:00,262.41,262.41,262.14,262.26,5703
MOEX:SBER,2018-03-15T13:07:00+03:00,262.28,262.50,262.26,262.28,2514
MOEX:SBER,2018-03-15T13:08:00+03:00,262.28,262.28,262.13,262.21,2213
MOEX:SBER,2018-03-15T13:09:00+03:00,262.17,262.24,262.01,262.07,4751
MOEX:SBER,2018-03-15T13:10:00+03:00,262.12,262.35,262.12,262.26,3156
MOEX:SBER,2018-03-15T13:11:00+03:00,262.22,262.41,262.22,262.29,1433
MOEX:SBER,2018-03-15T13:12:00+03:00,262.34,262.34,262.00,262.08,5822
MOEX:SBER,2018-03-15T13:13:00+03:00,262.07,262.18,261.86,262.07,13058
MOEX:SBER,2018-03-15T13:14:00+03:00,262.03,262.18,262.00,262.17,3068
MOEX:SBER,2018-03-15T13:15:00+03:00,262.10,262.24,261.97,261.98,8259
MOEX:SBER,2018-03-15T13:16:00+03:00,262.02,262.10,261.97,262.10,2563
MOEX:SBER,2018-03-15T13:17:00+03:00,262.14,262.14,261.96,262.07,1703
MOEX:SBER,2018-03-15T13:18:00+03:00,262.07,262.20,261.70,261.99,23206
MOEX:SBER,2018-03-15T13:19:00+03:00,262.07,262.10,261.94,262.03,6066
MOEX:SBER,2018-03-15T13:20:00+03:00,262.07,262.11,261.95,262.07,1705
MOEX:SBER,2018-03-15T13:21:00+03:00,262.07,262.19,261.96,262.08,3828
MOEX:SBER,2018-03-15T13:22:00+03:00,262.11,262.31,262.10,262.28,2122
MOEX:SBER,2018-03-15T13:23:00+03:00,262.23,262.36,262.13,262.23,1859
MOEX:SBER,2018-03-15T13:24:00+03:00,262.23,262.37,262.13,262.34,1475
MOEX:SBER,2018-03-15T13:25:00+03:00,262.21,262.36,262.18,262.21,932
MOEX:SBER,2018-03-15T13:26:00+03:00,262.32,262.32,262.12,262.20,3210
MOEX:SBER,2018-03-15T13:27:00+03:00,262.20,262.24,262.11,262.20,2993
MOEX:SBER,2018-03-15T13:28:00+03:00,262.20,262.21,262.04,262.21,4858
MOEX:SBER,2018-03-15T13:29:00+03:00,262.20,262.25,262.00,262.20,8420
MOEX:SBER,2018-03-15T13:30:00+03:00,262.20,262.30,262.20,262.30,4455
MOEX:SBER,2018-03-15T13:31:00+03:00,262.30,262.30,262.17,262.21,2142
MOEX:SBER,2018-03-15T13:32:00+03:00,262.20,262.30,262.10,262.25,5560
MOEX:SBER,2018-03-15T13:33:00+03:00,262.25,262.29,262.20,262.25,1864
MOEX:SBER,2018-03-15T13:34:00+03:00,262.26,262.40,262.25,262.40,3116
MOEX:SBER,2018-03-15T13:35:00+03:00,262.40,262.45,262.26,262.45,5479
MOEX:SBER,2018-03-15T13:36:00+03:00,262.41,262.41,262.30,262.33,3371
MOEX:SBER,2018-03-15T13:37:00+03:00,262.31,262.38,262.24,262.38,5090
MOEX:SBER,2018-03-15T13:38:00+03:00,262.32,262.45,262.30,262.37,2861
MOEX:SBER,2018-03-15T13:39:00+03:00,262.42,262.45,262.30,262.35,3713
MOEX:SBER,2018-03-15T13:40:00+03:00,262.35,262.45,262.34,262.44,11021
MOEX:SBER,2018-03-15T13:41:00+03:00,262.44,262.58,262.37,262.46,2709
MOEX:SBER,2018-03-15T13:42:00+03:00,262.55,262.85,262.54,262.68,4020
MOEX:SBER,2018-03-15T13:43:00+03:00,262.74,262.85,262.50,262.60,6142
MOEX:SBER,2018-03-15T13:44:00+03:00,262.60,262.69,262.40,262.60,16248
MOEX:SBER,2018-03-15T13:45:00+03:00,262.61,262.79,262.57,262.60,4482
MOEX:SBER,2018-03-15T13:46:00+03:00,262.69,262.81,262.60,262.71,3525
MOEX:SBER,2018-03-15T13:47:00+03:00,262.66,262.75,262.46,262.60,5500
MOEX:SBER,2018-03-15T13:48:00+03:00,262.60,262.69,262.54,262.60,5714
MOEX:SBER,2018-03-15T13:49:00+03:00,262.60,262.65,262.30,262.30,2865
MOEX:SBER,2018-03-15T13:50:00+03:00,262.30,262.45,262.30,262.31,2641
MOEX:SBER,2018-03-15T13:51:00+03:00,262.34,262.63,262.32,262.62,4154
MOEX:SBER,2018-03-15T13:52:00+03:00,262.57,262.75,262.57,262.62,1398
MOEX:SBER,2018-03-15T13:53:00+03:00,262.62,262.69,262.57,262.58,3304
MOEX:SBER,2018-03-15T13:54:00+03:00,262.57,262.60,262.44,262.51,3677
MOEX:SBER,2018-03-15T13:55:00+03:00,262.57,262.60,262.44,262.50,2318
MOEX:SBER,2018-03-15T13:56:00+03:00,262.50,262.60,262.44,262.52,6840
MOEX:SBER,2018-03-15T13:57:00+03:00,262.52,262.59,262.32,262.39,9659
MOEX:SBER,2018-03-15T13:58:00+03:00,262.32,262.53,262.32,262.40,1834
MOEX:SBER,2018-03-15T13:59:00+03:00,262.47,262.49,262.33,262.49,1248
MOEX:SBER,2018-03-15T14:00:00+03:00,262.52,262.53,262.43,262.43,196
MOEX:SBER,2018-03-15T14:01:00+03:00,262.43,262.48,262.43,262.43,225
MOEX:SBER,2018-03-15T14:02:00+03:00,262.48,262.48,262.42,262.45,811
MOEX:SBER,2018-03-15T14:03:00+03:00,262.47,262.47,262.42,262.42,269
MOEX:SBER,2018-03-15T14:04:00+03:00,262.42,262.45,262.42,262.42,156
MOEX:SBER,2018-03-15T14:05:00+03:00,262.42,262.50,262.23,262.44,20198
MOEX:SBER,2018-03-15T14:06:00+03:00,262.37,262.50,262.37,262.40,2141
MOEX:SBER,2018-03-15T14:07:00+03:00,262.40,262.50,262.34,262.40,2524
MOEX:SBER,2018-03-15T14:08:00+03:00,262.40,262.45,262.29,262.32,4834
MOEX:SBER,2018-03-15T14:09:00+03:00,262.32,262.40,262.23,262.24,4708
MOEX:SBER,2018-03-15T14:10:00+03:00,262.26,262.28,262.06,262.08,6756
MOEX:SBER,2018-03-15T14:11:00+03:00,262.23,262.25,262.02,262.02,3719
MOEX:SBER,2018-03-15T14:12:00+03:00,262.02,262.20,262.01,262.08,6629
MOEX:SBER,2018-03-15T14:13:00+03:00,262.12,262.17,262.08,262.11,12321
MOEX:SBER,2018-03-15T14:14:00+03:00,262.13,262.17,261.65,261.65,35783
MOEX:SBER,2018-03-15T14:15:00+03:00,261.65,261.65,261.26,261.43,32935
MOEX:SBER,2018-03-15T14:16:00+03:00,261.43,261.50,261.40,261.46,2964
MOEX:SBER,2018-03-15T14:17:00+03:00,261.46,261.46,260.85,260.97,31181
MOEX:SBER,2018-03-15T14:18:00+03:00,260.93,261.00,260.63,260.97,15367
MOEX:SBER,2018-03-15T14:19:00+03:00,260.88,261.00,260.85,260.88,4472
MOEX:SBER,2018-03-15T14:20:00+03:00,260.85,261.00,260.84,261.00,5015
MOEX:SBER,2018-03-15T14:21:00+03:00,261.00,261.00,260.82,260.86,17034
MOEX:SBER,2018-03-15T14:22:00+03:00,260.86,260.94,260.77,260.79,5571
MOEX:SBER,2018-03-15T14:23:00+03:00,260.79,260.83,260.62,260.83,4399
MOEX:SBER,2018-03-15T14:24:00+03:00,260.83,260.89,260.70,260.89,3608
MOEX:SBER,2018-03-15T14:25:00+03:00,260.89,261.00,260.81,260.90,12025
MOEX:SBER,2018-03-15T14:26:00+03:00,260.96,261.00,260.71,260.71,13555
MOEX:SBER,2018-03-15T14:27:00+03:00,260.74,260.87,260.64,260.72,6354
MOEX:SBER,2018-03-15T14:28:00+03:00,260.72,260.72,260.57,260.60,10206
MOEX:SBER,2018-03-15T14:29:00+03:00,260.56,260.60,260.01,260.11,103863
MOEX:SBER,2018-03-15T14:30:00+03:00,260.12,260.32,259.90,259.99,49163
MOEX:SBER,2018-03-15T14:31:00+03:00,259.98,260.00,259.02,259.07,84401
MOEX:SBER,2018-03-15T14:32:00+03:00,259.07,259.14,258.51,258.79,96051
MOEX:SBER,2018-03-15T14:33:00+03:00,258.88,258.90,258.64,258.76,27706
MOEX:SBER,2018-03-15T14:34:00+03:00,258.76,258.76,258.25,258.50,37484
MOEX:SBER,2018-03-15T14:35:00+03:00,258.50,258.50,258.31,258.49,16875
MOEX:SBER,2018-03-15T14:36:00+03:00,258.49,258.50,258.30,258.40,24735
MOEX:SBER,2018-03-15T14:37:00+03:00,258.41,259.39,258.39,259.14,42523
MOEX:SBER,2018-03-15T14:38:00+03:00,259.15,259.34,259.00,259.27,9375
MOEX:SBER,2018-03-15T14:39:00+03:00,259.27,259.27,258.72,258.89,7585
MOEX:SBER,2018-03-15T14:40:00+03:00,258.89,258.89,258.52,258.55,9553
MOEX:SBER,2018-03-15T14:41:00+03:00,258.55,258.97,258.46,258.72,9008
MOEX:SBER,2018-03-15T14:42:00+03:00,258.87,259.09,258.70,259.00,6777
MOEX:SBER,2018-03-15T14:43:00+03:00,259.10,259.12,258.77,258.79,8979
MOEX:SBER,2018-03-15T14:44:00+03:00,258.80,259.10,258.79,259.05,12657
MOEX:SBER,2018-03-15T14:45:00+03:00,259.10,259.10,259.00,259.05,7064
MOEX:SBER,2018-03-15T14:46:00+03:00,259.01,259.05,258.82,258.86,24634
MOEX:SBER,2018-03-15T14:47:00+03:00,258.83,258.83,258.42,258.50,16202
MOEX:SBER,2018-03-15T14:48:00+03:00,258.50,258.54,258.25,258.37,38493
MOEX:SBER,2018-03-15T14:49:00+03:00,258.31,258.88,258.29,258.45,19755
MOEX:SBER,2018-03-15T14:50:00+03:00,258.45,258.76,258.36,258.75,8307
MOEX:SBER,2018-03-15T14:51:00+03:00,258.72,258.80,258.56,258.58,9943
MOEX:SBER,2018-03-15T14:52:00+03:00,258.58,258.70,258.50,258.57,18840
MOEX:SBER,2018-03-15T14:53:00+03:00,258.56,258.69,258.50,258.66,5626
MOEX:SBER,2018-03-15T14:54:00+03:00,258.64,258.76,258.58,258.76,2131
MOEX:SBER,2018-03-15T14:55:00+03:00,258.74,258.77,258.65,258.71,2695
MOEX:SBER,2018-03-15T14:56:00+03:00,258.75,258.86,258.70,258.83,6364
MOEX:SBER,2018-03-15T14:57:00+03:00,258.80,258.85,258.70,258.84,2717
MOEX:SBER,2018-03-15T14:58:00+03:00,258.85,258.91,258.71,258.72,2597
MOEX:SBER,2018-03-15T14:59:00+03:00,258.74,259.00,258.70,258.89,30559
MOEX:SBER,2018-03-15T15:00:00+03:00,258.89,259.00,258.70,258.89,7901
MOEX:SBER,2018-03-15T15:01:00+03:00,258.89,258.97,258.80,258.86,5284
MOEX:SBER,2018-03-15T15:02:00+03:00,258.87,259.00,258.80,258.99,26111
MOEX:SBER,2018-03-15T15:03:00+03:00,258.99,259.00,258.89,258.99,32695
MOEX:SBER,2018-03-15T15:04:00+03:00,258.99,259.00,258.65,259.00,29674
MOEX:SBER,2018-03-15T15:05:00+03:00,258.91,258.97,258.61,258.91,8067
MOEX:SBER,2018-03-15T15:06:00+03:00,258.90,259.00,258.81,258.93,9102
MOEX:SBER,2018-03-15T15:07:00+03:00,258.93,259.00,258.75,258.80,23781
MOEX:SBER,2018-03-15T15:08:00+03:00,258.80,258.93,258.65,258.81,7483
MOEX:SBER,2018-03-15T15:09:00+03:00,258.90,258.90,258.70,258.79,5773
MOEX:SBER,2018-03-15T15:10:00+03:00,258.86,258.89,258.60,258.69,9500
MOEX:SBER,2018-03-15T15:11:00+03:00,258.65,258.71,258.62,258.65,10327
MOEX:SBER,2018-03-15T15:12:00+03:00,258.63,258.79,258.63,258.67,8937
MOEX:SBER,2018-03-15T15:13:00+03:00,258.67,258.82,258.67,258.82,8206
MOEX:SBER,2018-03-15T15:14:00+03:00,258.73,258.82,258.62,258.62,12248
MOEX:SBER,2018-03-15T15:15:00+03:00,258.62,258.78,258.62,258.68,12432
MOEX:SBER,2018-03-15T15:16:00+03:00,258.72,258.80,258.68,258.76,8970
MOEX:SBER,2018-03-15T15:17:00+03:00,258.76,258.90,258.76,258.82,7655
MOEX:SBER,2018-03-15T15:18:00+03:00,258.91,258.92,258.76,258.85,10713
MOEX:SBER,2018-03-15T15:19:00+03:00,258.84,259.09,258.84,259.09,22714
MOEX:SBER,2018-03-15T15:20:00+03:00,259.03,259.69,258.99,259.25,32225
MOEX:SBER,2018-03-15T15:21:00+03:00,259.25,259.36,258.92,259.16,22181
MOEX:SBER,2018-03-15T15:22:00+03:00,259.23,259.35,259.07,259.25,12801
MOEX:SBER,2018-03-15T15:23:00+03:00,259.32,259.40,259.11,259.20,22555
MOEX:SBER,2018-03-15T15:24:00+03:00,259.12,259.33,259.04,259.25,20433
MOEX:SBER,2018-03-15T15:25:00+03:00,259.14,259.25,259.10,259.20,8523
MOEX:SBER,2018-03-15T15:26:00+03:00,259.15,259.40,259.10,259.11,19976
MOEX:SBER,2018-03-15T15:27:00+03:00,259.11,259.23,258.90,259.00,30907
MOEX:SBER,2018-03-15T15:28:00+03:00,259.00,259.10,258.94,259.02,7024
MOEX:SBER,2018-03-15T15:29:00+03:00,259.02,259.37,259.02,259.23,11881
MOEX:SBER,2018-03-15T15:30:00+03:00,259.23,259.36,259.04,259.26,11395
MOEX:SBER,2018-03-15T15:31:00+03:00,259.26,259.80,259.25,259.67,28191
MOEX:SBER,2018-03-15T15:32:00+03:00,259.78,259.80,259.33,259.38,21308
MOEX:SBER,2018-03-15T15:33:00+03:00,259.38,259.48,259.15,259.38,9351
MOEX:SBER,2018-03-15T15:34:00+03:00,259.28,259.43,259.15,259.37,8029
MOEX:SBER,2018-03-15T15:35:00+03:00,259.31,259.56,259.30,259.33,17339
MOEX:SBER,2018-03-15T15:36:00+03:00,259.37,259.46,259.30,259.36,8289
MOEX:SBER,2018-03-15T15:37:00+03:00,259.36,259.58,259.30,259.43,8463
MOEX:SBER,2018-03-15T15:38:00+03:00,259.42,259.55,259.24,259.25,16959
MOEX:SBER,2018-03-15T15:39:00+03:00,259.25,259.34,259.22,259.26,7065
MOEX:SBER,2018-03-15T15:40:00+03:00,259.27,259.40,259.15,259.15,20749
MOEX:SBER,2018-03-15T15:41:00+03:00,259.15,259.29,259.01,259.01,21682
MOEX:SBER,2018-03-15T15:42:00+03:00,259.01,259.12,258.80,258.87,27412
MOEX:SBER,2018-03-15T15:43:00+03:00,258.90,259.26,258.80,258.95,21077
MOEX:SBER,2018-03-15T15:44:00+03:00,259.04,259.14,258.88,259.05,7843
MOEX:SBER,2018-03-15T15:45:00+03:00,259.05,259.10,258.88,259.04,13707
MOEX:SBER,2018-03-15T15:46:00+03:00,259.04,259.25,259.00,259.19,7117
MOEX:SBER,2018-03-15T15:47:00+03:00,259.24,259.30,259.05,259.26,11141
MOEX:SBER,2018-03-15T15:48:00+03:00,259.26,259.58,259.26,259.47,11348
MOEX:SBER,2018-03-15T15:49:00+03:00,259.47,259.58,259.40,259.41,9030
MOEX:SBER,2018-03-15T15:50:00+03:00,259.41,259.54,259.26,259.45,11877
MOEX:SBER,2018-03-15T15:51:00+03:00,259.46,259.55,259.45,259.50,12907
MOEX:SBER,2018-03-15T15:52:00+03:00,259.54,259.58,259.35,259.35,11394
MOEX:SBER,2018-03-15T15:53:00+03:00,259.37,259.37,259.26,259.26,7975
MOEX:SBER,2018-03-15T15:54:00+03:00,259.26,259.41,259.26,259.28,7871
MOEX:SBER,2018-03-15T15:55:00+03:00,259.35,259.59,259.15,259.47,17334
MOEX:SBER,2018-03-15T15:56:00+03:00,259.47,259.58,259.10,259.10,9245
MOEX:SBER,2018-03-15T15:57:00+03:00,259.17,259.17,258.83,259.05,18912
MOEX:SBER,2018-03-15T15:58:00+03:00,259.13,259.21,258.83,258.99,9282
MOEX:SBER,2018-03-15T15:59:00+03:00,258.99,259.17,258.83,259.15,9886
MOEX:SBER,2018-03-15T16:00:00+03:00,259.04,259.49,259.00,259.26,5406
MOEX:SBER,2018-03-15T16:01:00+03:00,259.24,259.42,259.20,259.24,1020
MOEX:SBER,2018-03-15T16:02:00+03:00,259.26,259.32,259.10,259.12,6723
MOEX:SBER,2018-03-15T16:03:00+03:00,259.11,259.23,259.05,259.10,1063
MOEX:SBER,2018-03-15T16:04:00+03:00,259.10,259.14,259.00,259.01,8208
MOEX:SBER,2018-03-15T16:05:00+03:00,259.00,259.10,259.00,259.00,6772
MOEX:SBER,2018-03-15T16:06:00+03:00,259.08,259.11,259.00,259.11,4479
MOEX:SBER,2018-03-15T16:07:00+03:00,259.02,259.26,259.00,259.26,3817
MOEX:SBER,2018-03-15T16:08:00+03:00,259.24,259.30,259.09,259.13,1251
MOEX:SBER,2018-03-15T16:09:00+03:00,259.15,259.21,259.15,259.21,4539
MOEX:SBER,2018-03-15T16:10:00+03:00,259.21,259.22,259.07,259.18,2899
MOEX:SBER,2018-03-15T16:11:00+03:00,259.18,259.22,259.06,259.06,2384
MOEX:SBER,2018-03-15T16:12:00+03:00,259.05,259.08,258.87,258.96,6544
MOEX:SBER,2018-03-15T16:13:00+03:00,258.96,259.12,258.94,259.00,6717
MOEX:SBER,2018-03-15T16:14:00+03:00,259.10,259.21,258.87,258.87,1361
MOEX:SBER,2018-03-15T16:15:00+03:00,258.87,259.04,258.83,259.04,5341
MOEX:SBER,2018-03-15T16:16:00+03:00,259.00,259.05,258.82,258.82,3258
MOEX:SBER,2018-03-15T16:17:00+03:00,258.82,258.85,258.60,258.65,10027
MOEX:SBER,2018-03-15T16:18:00+03:00,258.61,258.79,258.60,258.70,4351
MOEX:SBER,2018-03-15T16:19:00+03:00,258.68,258.70,258.40,258.40,25255
MOEX:SBER,2018-03-15T16:20:00+03:00,258.43,258.53,258.40,258.43,8840
MOEX:SBER,2018-03-15T16:21:00+03:00,258.43,258.70,258.38,258.44,13762
MOEX:SBER,2018-03-15T16:22:00+03:00,258.44,258.50,258.41,258.44,4437
MOEX:SBER,2018-03-15T16:23:00+03:00,258.41,258.45,258.11,258.14,27461
MOEX:SBER,2018-03-15T16:24:00+03:00,258.11,258.41,258.11,258.34,5411
MOEX:SBER,2018-03-15T16:25:00+03:00,258.38,258.44,258.31,258.35,4349
MOEX:SBER,2018-03-15T16:26:00+03:00,258.42,258.44,258.23,258.23,2747
MOEX:SBER,2018-03-15T16:27:00+03:00,258.27,258.40,258.24,258.31,1632
MOEX:SBER,2018-03-15T16:28:00+03:00,258.38,258.39,258.10,258.11,16226
MOEX:SBER,2018-03-15T16:29:00+03:00,258.14,258.33,258.11,258.33,6880
MOEX:SBER,2018-03-15T16:30:00+03:00,258.29,258.39,258.14,258.38,4021
MOEX:SBER,2018-03-15T16:31:00+03:00,258.34,258.40,258.21,258.21,11829
MOEX:SBER,2018-03-15T16:32:00+03:00,258.22,258.32,258.22,258.24,1225
MOEX:SBER,2018-03-15T16:33:00+03:00,258.23,258.23,258.01,258.01,34419
MOEX:SBER,2018-03-15T16:34:00+03:00,258.01,258.10,257.60,257.62,44432
MOEX:SBER,2018-03-15T16:35:00+03:00,257.60,257.77,257.28,257.31,44597
MOEX:SBER,2018-03-15T16:36:00+03:00,257.33,257.40,257.10,257.18,44740
MOEX:SBER,2018-03-15T16:37:00+03:00,257.10,257.17,256.70,256.70,77388
MOEX:SBER,2018-03-15T16:38:00+03:00,256.69,256.80,256.41,256.41,53161
MOEX:SBER,2018-03-15T16:39:00+03:00,256.42,256.46,255.70,256.35,113040
MOEX:SBER,2018-03-15T16:40:00+03:00,256.35,256.69,256.13,256.19,28013
MOEX:SBER,2018-03-15T16:41:00+03:00,256.25,256.25,255.89,255.89,43922
MOEX:SBER,2018-03-15T16:42:00+03:00,255.89,256.27,255.80,256.07,31601
MOEX:SBER,2018-03-15T16:43:00+03:00,255.91,256.10,255.81,255.90,8623
MOEX:SBER,2018-03-15T16:44:00+03:00,255.88,256.00,255.67,255.86,40306
MOEX:SBER,2018-03-15T16:45:00+03:00,255.85,256.10,255.82,256.00,37737
MOEX:SBER,2018-03-15T16:46:00+03:00,256.00,256.10,255.60,255.73,25541
MOEX:SBER,2018-03-15T16:47:00+03:00,255.72,256.14,255.56,255.95,43658
MOEX:SBER,2018-03-15T16:48:00+03:00,255.98,255.98,255.73,255.86,3799
MOEX:SBER,2018-03-15T16:49:00+03:00,255.85,255.86,255.70,255.78,1857
MOEX:SBER,2018-03-15T16:50:00+03:00,255.74,256.07,255.61,255.80,26022
MOEX:SBER,2018-03-15T16:51:00+03:00,255.90,256.10,255.68,255.97,34028
MOEX:SBER,2018-03-15T16:52:00+03:00,255.97,256.13,255.77,255.87,33289
MOEX:SBER,2018-03-15T16:53:00+03:00,255.95,256.00,255.79,255.98,11303
MOEX:SBER,2018-03-15T16:54:00+03:00,255.98,256.18,255.83,256.05,22627
MOEX:SBER,2018-03-15T16:55:00+03:00,256.05,256.18,255.86,255.93,38157
MOEX:SBER,2018-03-15T16:56:00+03:00,255.93,256.03,255.68,255.80,12252
MOEX:SBER,2018-03-15T16:57:00+03:00,255.80,255.85,255.54,255.83,8573
MOEX:SBER,2018-03-15T16:58:00+03:00,255.82,255.84,255.71,255.76,1662
MOEX:SBER,2018-03-15T16:59:00+03:00,255.77,256.10,255.76,256.10,16258
MOEX:SBER,2018-03-15T17:00:00+03:00,256.10,256.10,255.92,256.00,17532
MOEX:SBER,2018-03-15T17:01:00+03:00,255.97,256.02,255.80,255.90,7859
MOEX:SBER,2018-03-15T17:02:00+03:00,255.93,256.10,255.93,256.08,8896
MOEX:SBER,2018-03-15T17:03:00+03:00,256.02,256.09,255.73,255.86,31442
MOEX:SBER,2018-03-15T17:04:00+03:00,255.93,256.07,255.61,255.80,10284
MOEX:SBER,2018-03-15T17:05:00+03:00,255.80,255.95,255.77,255.80,5239
MOEX:SBER,2018-03-15T17:06:00+03:00,255.78,255.84,255.70,255.70,4207
MOEX:SBER,2018-03-15T17:07:00+03:00,255.70,255.77,255.70,255.76,1857
MOEX:SBER,2018-03-15T17:08:00+03:00,255.75,256.00,255.75,255.83,43300
MOEX:SBER,2018-03-15T17:09:00+03:00,255.85,256.00,255.80,255.99,16069
MOEX:SBER,2018-03-15T17:10:00+03:00,255.91,256.00,255.90,255.94,9888
MOEX:SBER,2018-03-15T17:11:00+03:00,255.94,256.30,255.90,256.30,30159
MOEX:SBER,2018-03-15T17:12:00+03:00,256.31,256.60,256.20,256.60,14786
MOEX:SBER,2018-03-15T17:13:00+03:00,256.62,256.90,256.52,256.66,27355
MOEX:SBER,2018-03-15T17:14:00+03:00,256.75,256.81,256.40,256.80,6149
MOEX:SBER,2018-03-15T17:15:00+03:00,256.72,256.89,256.67,256.70,13789
MOEX:SBER,2018-03-15T17:16:00+03:00,256.71,256.78,256.50,256.56,5309
MOEX:SBER,2018-03-15T17:17:00+03:00,256.55,256.68,256.38,256.65,11474
MOEX:SBER,2018-03-15T17:18:00+03:00,256.62,256.80,256.43,256.71,12554
MOEX:SBER,2018-03-15T17:19:00+03:00,256.79,256.89,256.63,256.87,19094
MOEX:SBER,2018-03-15T17:20:00+03:00,256.87,256.97,256.61,256.91,32677
MOEX:SBER,2018-03-15T17:21:00+03:00,256.89,256.89,256.41,256.59,13721
MOEX:SBER,2018-03-15T17:22:00+03:00,256.46,256.65,256.43,256.50,12456
MOEX:SBER,2018-03-15T17:23:00+03:00,256.50,256.50,256.25,256.26,36621
MOEX:SBER,2018-03-15T17:24:00+03:00,256.25,256.36,256.03,256.14,10149
MOEX:SBER,2018-03-15T17:25:00+03:00,256.07,256.29,256.00,256.18,17884
MOEX:SBER,2018-03-15T17:26:00+03:00,256.20,256.27,256.04,256.13,3512
MOEX:SBER,2018-03-15T17:27:00+03:00,256.16,256.29,256.05,256.10,10070
MOEX:SBER,2018-03-15T17:28:00+03:00,256.10,256.10,256.03,256.05,7501
MOEX:SBER,2018-03-15T17:29:00+03:00,256.09,256.10,255.52,255.84,22948
MOEX:SBER,2018-03-15T17:30:00+03:00,255.80,256.10,255.70,255.87,14764
MOEX:SBER,2018-03-15T17:31:00+03:00,255.87,256.10,255.87,256.10,7793
MOEX:SBER,2018-03-15T17:32:00+03:00,256.00,256.10,255.89,256.09,8289
MOEX:SBER,2018-03-15T17:33:00+03:00,256.08,256.10,255.92,256.05,5705
MOEX:SBER,2018-03-15T17:34:00+03:00,256.06,256.12,256.00,256.01,3074
MOEX:SBER,2018-03-15T17:35:00+03:00,256.01,256.10,255.90,255.94,8522
MOEX:SBER,2018-03-15T17:36:00+03:00,255.92,255.96,255.70,255.72,5033
MOEX:SBER,2018-03-15T17:37:00+03:00,255.71,255.78,255.52,255.71,9997
MOEX:SBER,2018-03-15T17:38:00+03:00,255.65,255.71,255.52,255.63,12613
MOEX:SBER,2018-03-15T17:39:00+03:00,255.65,255.65,255.22,255.22,52134
MOEX:SBER,2018-03-15T17:40:00+03:00,255.25,255.47,255.22,255.25,10889
MOEX:SBER,2018-03-15T17:41:00+03:00,255.25,255.34,255.13,255.17,11148
MOEX:SBER,2018-03-15T17:42:00+03:00,255.18,255.28,255.11,255.20,12771
MOEX:SBER,2018-03-15T17:43:00+03:00,255.18,255.20,255.10,255.11,17713
MOEX:SBER,2018-03-15T17:44:00+03:00,255.11,255.20,255.00,255.01,58925
MOEX:SBER,2018-03-15T17:45:00+03:00,255.01,255.15,254.79,255.13,23709
MOEX:SBER,2018-03-15T17:46:00+03:00,255.15,255.15,254.87,255.00,15011
MOEX:SBER,2018-03-15T17:47:00+03:00,255.02,255.05,254.71,254.85,12657
MOEX:SBER,2018-03-15T17:48:00+03:00,254.81,254.84,254.31,254.50,45092
MOEX:SBER,2018-03-15T17:49:00+03:00,254.50,254.53,254.25,254.45,31581
MOEX:SBER,2018-03-15T17:50:00+03:00,254.45,254.60,254.38,254.55,13185
MOEX:SBER,2018-03-15T17:51:00+03:00,254.55,254.75,254.52,254.75,40143
MOEX:SBER,2018-03-15T17:52:00+03:00,254.65,255.43,254.57,255.40,25228
MOEX:SBER,2018-03-15T17:53:00+03:00,255.31,255.45,254.95,255.02,22096
MOEX:SBER,2018-03-15T17:54:00+03:00,255.01,255.09,254.80,254.88,6155
MOEX:SBER,2018-03-15T17:55:00+03:00,254.80,254.95,254.74,254.90,16476
MOEX:SBER,2018-03-15T17:56:00+03:00,254.90,254.99,254.81,254.99,2101
MOEX:SBER,2018-03-15T17:57:00+03:00,254.99,254.99,254.84,254.88,15247
MOEX:SBER,2018-03-15T17:58:00+03:00,254.94,255.15,254.94,255.09,3393
MOEX:SBER,2018-03-15T17:59:00+03:00,255.06,255.12,254.98,255.01,2728
MOEX:SBER,2018-03-15T18:00:00+03:00,254.96,255.01,254.85,255.00,9888
MOEX:SBER,2018-03-15T18:01:00+03:00,255.00,255.25,254.94,255.22,6445
MOEX:SBER,2018-03-15T18:02:00+03:00,255.22,255.31,255.07,255.18,7631
MOEX:SBER,2018-03-15T18:03:00+03:00,255.15,255.26,255.08,255.13,5685
MOEX:SBER,2018-03-15T18:04:00+03:00,255.15,255.17,255.01,255.12,3827
MOEX:SBER,2018-03-15T18:05:00+03:00,255.11,255.16,255.00,255.05,7161
MOEX:SBER,2018-03-15T18:06:00+03:00,255.00,255.02,254.68,254.68,22476
MOEX:SBER,2018-03-15T18:07:00+03:00,254.67,254.81,254.30,254.36,15389
MOEX:SBER,2018-03-15T18:08:00+03:00,254.40,254.63,254.25,254.30,19351
MOEX:SBER,2018-03-15T18:09:00+03:00,254.38,254.50,254.30,254.50,14922
MOEX:SBER,2018-03-15T18:10:00+03:00,254.50,254.50,253.56,253.62,60779
MOEX:SBER,2018-03-15T18:11:00+03:00,253.68,253.74,253.55,253.57,32811
MOEX:SBER,2018-03-15T18:12:00+03:00,253.61,253.70,253.29,253.55,28337
MOEX:SBER,2018-03-15T18:13:00+03:00,253.55,254.27,253.51,254.13,32083
MOEX:SBER,2018-03-15T18:14:00+03:00,254.00,254.33,254.00,254.33,9121
MOEX:SBER,2018-03-15T18:15:00+03:00,254.30,254.63,254.14,254.60,17911
MOEX:SBER,2018-03-15T18:16:00+03:00,254.60,254.87,254.40,254.70,11522
MOEX:SBER,2018-03-15T18:17:00+03:00,254.69,255.00,254.60,254.79,29805
MOEX:SBER,2018-03-15T18:18:00+03:00,254.84,254.94,254.73,254.85,7015
MOEX:SBER,2018-03-15T18:19:00+03:00,254.85,254.85,254.60,254.70,4188
MOEX:SBER,2018-03-15T18:20:00+03:00,254.71,254.84,254.67,254.84,7657
MOEX:SBER,2018-03-15T18:21:00+03:00,254.82,254.92,254.73,254.85,7910
MOEX:SBER,2018-03-15T18:22:00+03:00,254.85,255.83,254.83,255.24,57383
MOEX:SBER,2018-03-15T18:23:00+03:00,255.26,255.39,255.22,255.36,14981
MOEX:SBER,2018-03-15T18:24:00+03:00,255.35,255.62,255.10,255.50,42600
MOEX:SBER,2018-03-15T18:25:00+03:00,255.50,255.90,255.50,255.80,20785
MOEX:SBER,2018-03-15T18:26:00+03:00,255.70,255.91,255.67,255.67,14656
MOEX:SBER,2018-03-15T18:27:00+03:00,255.67,255.80,255.51,255.53,9635
MOEX:SBER,2018-03-15T18:28:00+03:00,255.63,255.74,255.51,255.55,13653
MOEX:SBER,2018-03-15T18:29:00+03:00,255.53,255.63,255.25,255.25,19089
MOEX:SBER,2018-03-15T18:30:00+03:00,255.30,255.33,254.80,255.05,24236
MOEX:SBER,2018-03-15T18:31:00+03:00,255.05,255.51,255.02,255.31,13048
MOEX:SBER,2018-03-15T18:32:00+03:00,255.27,256.08,255.10,255.10,54645
MOEX:SBER,2018-03-15T18:33:00+03:00,255.10,255.27,255.10,255.10,7701
MOEX:SBER,2018-03-15T18:34:00+03:00,255.10,255.35,255.10,255.29,11885
MOEX:SBER,2018-03-15T18:35:00+03:00,255.29,255.29,255.10,255.16,19830
MOEX:SBER,2018-03-15T18:36:00+03:00,255.24,255.35,255.10,255.14,22739
MOEX:SBER,2018-03-15T18:37:00+03:00,255.11,255.22,255.01,255.14,17478
MOEX:SBER,2018-03-15T18:38:00+03:00,255.14,255.49,255.07,255.34,10468
MOEX:SBER,2018-03-15T18:39:00+03:00,255.32,255.87,255.06,255.49,31265
MOEX:SBER,2018-03-15T18:45:00+03:00,254.51,254.51,254.51,254.51,68065
MOEX:SBER,2018-03-15T18:46:00+03:00,254.51,254.51,254.51,254.51,1658
MOEX:SBER,2018-03-15T18:47:00+03:00,254.51,254.51,254.51,254.51,718
MOEX:SBER,2018-03-15T18:48:00+03:00,254.51,254.51,254.51,254.51,72
MOEX:SBER,2018-03-15T18:49:00+03:00,254.51,254.51,254.51,254.51,187
