MOEX:RUAL,2022-01-14T06:59:00+03:00,76.355,76.355,76.355,76.355,1228
MOEX:RUAL,2022-01-14T07:00:00+03:00,76.360,76.890,76.360,76.700,4720
MOEX:RUAL,2022-01-14T07:01:00+03:00,76.700,76.700,76.525,76.540,3160
MOEX:RUAL,2022-01-14T07:02:00+03:00,76.540,76.600,76.505,76.600,3354
MOEX:RUAL,2022-01-14T07:03:00+03:00,76.515,76.730,76.515,76.595,131
MOEX:RUAL,2022-01-14T07:04:00+03:00,76.580,76.725,76.515,76.620,1627
MOEX:RUAL,2022-01-14T07:05:00+03:00,76.620,76.810,76.620,76.810,2087
MOEX:RUAL,2022-01-14T07:06:00+03:00,76.815,76.820,76.690,76.805,762
MOEX:RUAL,2022-01-14T07:07:00+03:00,76.725,76.925,76.725,76.920,2081
MOEX:RUAL,2022-01-14T07:08:00+03:00,76.900,76.960,76.900,76.960,1850
MOEX:RUAL,2022-01-14T07:09:00+03:00,76.965,76.965,76.855,76.855,2306
MOEX:RUAL,2022-01-14T07:10:00+03:00,76.855,76.980,76.810,76.885,1877
MOEX:RUAL,2022-01-14T07:11:00+03:00,76.880,76.920,76.765,76.850,843
MOEX:RUAL,2022-01-14T07:12:00+03:00,76.785,76.860,76.715,76.855,2118
MOEX:RUAL,2022-01-14T07:13:00+03:00,76.855,76.895,76.815,76.895,733
MOEX:RUAL,2022-01-14T07:14:00+03:00,76.890,76.895,76.810,76.870,356
MOEX:RUAL,2022-01-14T07:15:00+03:00,76.860,76.960,76.855,76.960,549
MOEX:RUAL,2022-01-14T07:16:00+03:00,76.945,77.000,76.880,76.975,6010
MOEX:RUAL,2022-01-14T07:17:00+03:00,76.935,77.000,76.920,76.945,1765
MOEX:RUAL,2022-01-14T07:18:00+03:00,76.970,76.990,76.890,76.890,3531
MOEX:RUAL,2022-01-14T07:19:00+03:00,76.885,76.985,76.855,76.925,1642
MOEX:RUAL,2022-01-14T07:20:00+03:00,76.935,76.985,76.930,76.940,113
MOEX:RUAL,2022-01-14T07:21:00+03:00,76.980,76.980,76.925,76.975,1174
MOEX:RUAL,2022-01-14T07:22:00+03:00,76.960,76.975,76.915,76.930,198
MOEX:RUAL,2022-01-14T07:23:00+03:00,76.930,77.000,76.930,76.960,3495
MOEX:RUAL,2022-01-14T07:24:00+03:00,76.995,76.995,76.950,76.960,172
MOEX:RUAL,2022-01-14T07:25:00+03:00,76.955,76.955,76.940,76.955,361
MOEX:RUAL,2022-01-14T07:26:00+03:00,76.955,77.000,76.940,76.985,1300
MOEX:RUAL,2022-01-14T07:27:00+03:00,76.995,76.995,76.985,76.985,45
MOEX:RUAL,2022-01-14T07:28:00+03:00,76.985,76.985,76.955,76.980,43
MOEX:RUAL,2022-01-14T07:29:00+03:00,76.975,76.995,76.945,76.980,1014
MOEX:RUAL,2022-01-14T07:30:00+03:00,76.980,76.995,76.955,76.980,708
MOEX:RUAL,2022-01-14T07:31:00+03:00,76.980,76.980,76.920,76.920,466
MOEX:RUAL,2022-01-14T07:32:00+03:00,76.920,76.950,76.920,76.920,94
MOEX:RUAL,2022-01-14T07:33:00+03:00,76.950,76.975,76.930,76.935,375
MOEX:RUAL,2022-01-14T07:34:00+03:00,76.930,76.970,76.855,76.855,947
MOEX:RUAL,2022-01-14T07:35:00+03:00,76.895,76.930,76.810,76.810,1813
MOEX:RUAL,2022-01-14T07:36:00+03:00,76.840,76.870,76.810,76.815,1630
MOEX:RUAL,2022-01-14T07:37:00+03:00,76.810,76.920,76.800,76.920,270
MOEX:RUAL,2022-01-14T07:38:00+03:00,76.895,76.955,76.855,76.950,1548
MOEX:RUAL,2022-01-14T07:39:00+03:00,76.945,76.970,76.945,76.950,361
MOEX:RUAL,2022-01-14T07:40:00+03:00,76.955,76.970,76.900,76.950,268
MOEX:RUAL,2022-01-14T07:41:00+03:00,76.950,76.955,76.915,76.920,187
MOEX:RUAL,2022-01-14T07:42:00+03:00,76.920,76.965,76.900,76.900,589
MOEX:RUAL,2022-01-14T07:43:00+03:00,76.940,76.940,76.940,76.940,25
MOEX:RUAL,2022-01-14T07:44:00+03:00,76.940,76.960,76.865,76.870,340
MOEX:RUAL,2022-01-14T07:45:00+03:00,76.900,76.910,76.855,76.855,1151
MOEX:RUAL,2022-01-14T07:46:00+03:00,76.860,76.860,76.855,76.855,62
MOEX:RUAL,2022-01-14T07:47:00+03:00,76.850,76.850,76.845,76.845,10
MOEX:RUAL,2022-01-14T07:48:00+03:00,76.840,76.850,76.810,76.835,1013
MOEX:RUAL,2022-01-14T07:49:00+03:00,76.810,76.850,76.810,76.850,19
MOEX:RUAL,2022-01-14T07:50:00+03:00,76.850,76.850,76.845,76.845,92
MOEX:RUAL,2022-01-14T07:51:00+03:00,76.830,76.850,76.800,76.820,304
MOEX:RUAL,2022-01-14T07:52:00+03:00,76.835,76.850,76.805,76.845,196
MOEX:RUAL,2022-01-14T07:53:00+03:00,76.805,76.850,76.805,76.835,137
MOEX:RUAL,2022-01-14T07:54:00+03:00,76.825,76.830,76.805,76.805,382
MOEX:RUAL,2022-01-14T07:55:00+03:00,76.805,76.810,76.740,76.745,2071
MOEX:RUAL,2022-01-14T07:56:00+03:00,76.800,76.800,76.715,76.720,1369
MOEX:RUAL,2022-01-14T07:57:00+03:00,76.720,76.725,76.600,76.605,5255
MOEX:RUAL,2022-01-14T07:58:00+03:00,76.610,76.680,76.600,76.630,1424
MOEX:RUAL,2022-01-14T07:59:00+03:00,76.625,76.630,76.600,76.625,109
MOEX:RUAL,2022-01-14T08:00:00+03:00,76.625,76.670,76.585,76.605,2501
MOEX:RUAL,2022-01-14T08:01:00+03:00,76.565,76.565,76.545,76.545,20
MOEX:RUAL,2022-01-14T08:02:00+03:00,76.560,76.630,76.535,76.630,3044
MOEX:RUAL,2022-01-14T08:03:00+03:00,76.540,76.630,76.540,76.620,373
MOEX:RUAL,2022-01-14T08:04:00+03:00,76.615,76.615,76.615,76.615,2
MOEX:RUAL,2022-01-14T08:05:00+03:00,76.575,76.575,76.565,76.575,176
MOEX:RUAL,2022-01-14T08:06:00+03:00,76.605,76.630,76.570,76.585,95
MOEX:RUAL,2022-01-14T08:07:00+03:00,76.585,76.600,76.570,76.595,85
MOEX:RUAL,2022-01-14T08:08:00+03:00,76.595,76.600,76.535,76.535,395
MOEX:RUAL,2022-01-14T08:09:00+03:00,76.585,76.595,76.585,76.595,1005
MOEX:RUAL,2022-01-14T08:10:00+03:00,76.595,76.595,76.550,76.550,6
MOEX:RUAL,2022-01-14T08:11:00+03:00,76.595,76.595,76.595,76.595,62
MOEX:RUAL,2022-01-14T08:12:00+03:00,76.590,76.790,76.550,76.785,3731
MOEX:RUAL,2022-01-14T08:13:00+03:00,76.785,76.785,76.700,76.785,911
MOEX:RUAL,2022-01-14T08:14:00+03:00,76.710,76.770,76.710,76.720,103
MOEX:RUAL,2022-01-14T08:15:00+03:00,76.720,76.720,76.720,76.720,2
MOEX:RUAL,2022-01-14T08:16:00+03:00,76.765,76.800,76.725,76.800,224
MOEX:RUAL,2022-01-14T08:17:00+03:00,76.800,76.800,76.780,76.785,303
MOEX:RUAL,2022-01-14T08:18:00+03:00,76.825,76.850,76.825,76.850,936
MOEX:RUAL,2022-01-14T08:19:00+03:00,76.850,76.930,76.850,76.930,916
MOEX:RUAL,2022-01-14T08:20:00+03:00,76.940,76.975,76.870,76.960,1536
MOEX:RUAL,2022-01-14T08:21:00+03:00,76.945,76.980,76.915,76.965,477
MOEX:RUAL,2022-01-14T08:22:00+03:00,76.965,76.990,76.910,76.920,839
MOEX:RUAL,2022-01-14T08:23:00+03:00,76.975,76.990,76.925,76.925,328
MOEX:RUAL,2022-01-14T08:24:00+03:00,76.965,77.000,76.930,76.995,6847
MOEX:RUAL,2022-01-14T08:25:00+03:00,76.945,76.995,76.945,76.995,3615
MOEX:RUAL,2022-01-14T08:26:00+03:00,76.985,77.000,76.960,77.000,594
MOEX:RUAL,2022-01-14T08:27:00+03:00,76.965,77.000,76.965,76.995,850
MOEX:RUAL,2022-01-14T08:28:00+03:00,76.995,77.000,76.995,76.995,147
MOEX:RUAL,2022-01-14T08:29:00+03:00,76.995,77.000,76.970,76.995,1731
MOEX:RUAL,2022-01-14T08:30:00+03:00,76.995,77.000,76.950,76.950,30674
MOEX:RUAL,2022-01-14T08:31:00+03:00,76.975,76.975,76.750,76.810,1200
MOEX:RUAL,2022-01-14T08:32:00+03:00,76.845,76.850,76.815,76.845,175
MOEX:RUAL,2022-01-14T08:33:00+03:00,76.845,76.890,76.840,76.845,1280
MOEX:RUAL,2022-01-14T08:34:00+03:00,76.890,76.915,76.850,76.905,100
MOEX:RUAL,2022-01-14T08:35:00+03:00,76.940,76.965,76.825,76.930,806
MOEX:RUAL,2022-01-14T08:36:00+03:00,76.930,76.955,76.930,76.940,1102
MOEX:RUAL,2022-01-14T08:37:00+03:00,76.870,76.910,76.800,76.890,422
MOEX:RUAL,2022-01-14T08:38:00+03:00,76.795,76.870,76.780,76.780,13
MOEX:RUAL,2022-01-14T08:39:00+03:00,76.775,76.810,76.700,76.700,1286
MOEX:RUAL,2022-01-14T08:40:00+03:00,76.765,76.765,76.615,76.685,1679
MOEX:RUAL,2022-01-14T08:41:00+03:00,76.665,76.725,76.630,76.630,107
MOEX:RUAL,2022-01-14T08:42:00+03:00,76.665,76.675,76.635,76.645,79
MOEX:RUAL,2022-01-14T08:43:00+03:00,76.645,76.675,76.645,76.675,165
MOEX:RUAL,2022-01-14T08:44:00+03:00,76.660,76.715,76.660,76.715,42
MOEX:RUAL,2022-01-14T08:45:00+03:00,76.720,76.830,76.720,76.730,617
MOEX:RUAL,2022-01-14T08:46:00+03:00,76.800,76.800,76.715,76.720,478
MOEX:RUAL,2022-01-14T08:47:00+03:00,76.720,76.755,76.400,76.545,14110
MOEX:RUAL,2022-01-14T08:48:00+03:00,76.515,76.870,76.435,76.870,7883
MOEX:RUAL,2022-01-14T08:49:00+03:00,76.800,76.995,76.740,76.995,7053
MOEX:RUAL,2022-01-14T08:50:00+03:00,76.995,77.255,76.835,76.835,39559
MOEX:RUAL,2022-01-14T08:51:00+03:00,76.930,77.185,76.890,77.110,6663
MOEX:RUAL,2022-01-14T08:52:00+03:00,77.110,77.160,76.940,77.020,2448
MOEX:RUAL,2022-01-14T08:53:00+03:00,77.085,77.160,77.085,77.100,1059
MOEX:RUAL,2022-01-14T08:54:00+03:00,77.125,77.240,77.085,77.085,2731
MOEX:RUAL,2022-01-14T08:55:00+03:00,77.060,77.200,77.015,77.135,3985
MOEX:RUAL,2022-01-14T08:56:00+03:00,77.180,77.250,77.100,77.240,4268
MOEX:RUAL,2022-01-14T08:57:00+03:00,77.240,77.420,77.200,77.330,2993
MOEX:RUAL,2022-01-14T08:58:00+03:00,77.255,77.315,77.120,77.300,1881
MOEX:RUAL,2022-01-14T08:59:00+03:00,77.290,77.300,77.170,77.170,963
MOEX:RUAL,2022-01-14T09:00:00+03:00,77.240,77.250,77.020,77.190,4681
MOEX:RUAL,2022-01-14T09:01:00+03:00,77.190,77.240,77.190,77.240,278
MOEX:RUAL,2022-01-14T09:02:00+03:00,77.235,77.310,77.220,77.310,3583
MOEX:RUAL,2022-01-14T09:03:00+03:00,77.315,77.360,77.310,77.360,1874
MOEX:RUAL,2022-01-14T09:04:00+03:00,77.340,77.440,77.275,77.275,2428
MOEX:RUAL,2022-01-14T09:05:00+03:00,77.325,77.360,77.260,77.315,3008
MOEX:RUAL,2022-01-14T09:06:00+03:00,77.300,77.360,77.235,77.335,6299
MOEX:RUAL,2022-01-14T09:07:00+03:00,77.305,77.360,77.275,77.285,2957
MOEX:RUAL,2022-01-14T09:08:00+03:00,77.295,77.355,77.265,77.300,2152
MOEX:RUAL,2022-01-14T09:09:00+03:00,77.350,77.355,77.285,77.300,1725
MOEX:RUAL,2022-01-14T09:10:00+03:00,77.315,77.360,77.300,77.350,491
MOEX:RUAL,2022-01-14T09:11:00+03:00,77.350,77.355,77.325,77.355,23
MOEX:RUAL,2022-01-14T09:12:00+03:00,77.350,77.350,77.250,77.285,1080
MOEX:RUAL,2022-01-14T09:13:00+03:00,77.285,77.360,77.255,77.355,2084
MOEX:RUAL,2022-01-14T09:14:00+03:00,77.355,77.360,77.310,77.360,298
MOEX:RUAL,2022-01-14T09:15:00+03:00,77.325,77.350,77.320,77.350,160
MOEX:RUAL,2022-01-14T09:16:00+03:00,77.350,77.350,77.310,77.350,613
MOEX:RUAL,2022-01-14T09:17:00+03:00,77.355,77.355,77.320,77.350,210
MOEX:RUAL,2022-01-14T09:18:00+03:00,77.320,77.360,77.260,77.315,1840
MOEX:RUAL,2022-01-14T09:19:00+03:00,77.340,77.420,77.340,77.420,3318
MOEX:RUAL,2022-01-14T09:20:00+03:00,77.425,77.440,77.325,77.415,1242
MOEX:RUAL,2022-01-14T09:21:00+03:00,77.410,77.440,77.375,77.440,243
MOEX:RUAL,2022-01-14T09:22:00+03:00,77.430,77.445,77.310,77.380,1753
MOEX:RUAL,2022-01-14T09:23:00+03:00,77.380,77.400,77.345,77.400,360
MOEX:RUAL,2022-01-14T09:24:00+03:00,77.395,77.400,77.365,77.395,73
MOEX:RUAL,2022-01-14T09:25:00+03:00,77.365,77.370,77.325,77.350,434
MOEX:RUAL,2022-01-14T09:26:00+03:00,77.345,77.365,77.280,77.315,2272
MOEX:RUAL,2022-01-14T09:27:00+03:00,77.380,77.400,77.305,77.345,3740
MOEX:RUAL,2022-01-14T09:28:00+03:00,77.360,77.380,77.305,77.370,59
MOEX:RUAL,2022-01-14T09:29:00+03:00,77.360,77.370,77.360,77.365,51
MOEX:RUAL,2022-01-14T09:30:00+03:00,77.360,77.380,77.360,77.365,263
MOEX:RUAL,2022-01-14T09:31:00+03:00,77.355,77.380,77.355,77.380,648
MOEX:RUAL,2022-01-14T09:32:00+03:00,77.365,77.380,77.300,77.300,213
MOEX:RUAL,2022-01-14T09:33:00+03:00,77.350,77.360,77.275,77.275,256
MOEX:RUAL,2022-01-14T09:34:00+03:00,77.290,77.320,77.150,77.270,5326
MOEX:RUAL,2022-01-14T09:35:00+03:00,77.240,77.300,77.240,77.290,1648
MOEX:RUAL,2022-01-14T09:36:00+03:00,77.285,77.300,77.255,77.300,3944
MOEX:RUAL,2022-01-14T09:37:00+03:00,77.295,77.380,77.280,77.380,3263
MOEX:RUAL,2022-01-14T09:38:00+03:00,77.375,77.375,77.180,77.220,6178
MOEX:RUAL,2022-01-14T09:39:00+03:00,77.255,77.295,77.220,77.245,3191
MOEX:RUAL,2022-01-14T09:40:00+03:00,77.250,77.285,77.240,77.240,133
MOEX:RUAL,2022-01-14T09:41:00+03:00,77.240,77.295,77.240,77.290,900
MOEX:RUAL,2022-01-14T09:42:00+03:00,77.255,77.295,77.250,77.250,593
MOEX:RUAL,2022-01-14T09:43:00+03:00,77.250,77.275,77.235,77.265,159
MOEX:RUAL,2022-01-14T09:44:00+03:00,77.270,77.300,77.195,77.285,5036
MOEX:RUAL,2022-01-14T09:45:00+03:00,77.280,77.300,77.220,77.300,5155
MOEX:RUAL,2022-01-14T09:46:00+03:00,77.300,77.300,77.285,77.295,4132
MOEX:RUAL,2022-01-14T09:47:00+03:00,77.280,77.300,77.275,77.275,1947
MOEX:RUAL,2022-01-14T09:48:00+03:00,77.280,77.300,77.275,77.295,1474
MOEX:RUAL,2022-01-14T09:49:00+03:00,77.295,77.300,77.275,77.275,1931
MOEX:RUAL,2022-01-14T09:50:00+03:00,77.295,77.295,77.280,77.280,75
MOEX:RUAL,2022-01-14T09:51:00+03:00,77.275,77.280,77.060,77.150,3260
MOEX:RUAL,2022-01-14T09:52:00+03:00,77.150,77.200,77.145,77.195,536
MOEX:RUAL,2022-01-14T09:53:00+03:00,77.220,77.295,77.075,77.295,4978
MOEX:RUAL,2022-01-14T09:54:00+03:00,77.280,77.300,77.230,77.295,2480
MOEX:RUAL,2022-01-14T09:55:00+03:00,77.265,77.300,77.260,77.295,2498
MOEX:RUAL,2022-01-14T09:56:00+03:00,77.285,77.300,77.270,77.295,1089
MOEX:RUAL,2022-01-14T09:57:00+03:00,77.295,77.300,77.230,77.295,1828
MOEX:RUAL,2022-01-14T09:58:00+03:00,77.300,77.300,77.275,77.300,3767
MOEX:RUAL,2022-01-14T09:59:00+03:00,77.295,77.300,77.240,77.250,5789
MOEX:RUAL,2022-01-14T10:00:00+03:00,77.250,77.300,77.195,77.255,9787
MOEX:RUAL,2022-01-14T10:01:00+03:00,77.260,77.415,77.130,77.330,94104
MOEX:RUAL,2022-01-14T10:02:00+03:00,77.300,77.325,77.240,77.325,939
MOEX:RUAL,2022-01-14T10:03:00+03:00,77.330,77.450,77.330,77.440,3310
MOEX:RUAL,2022-01-14T10:04:00+03:00,77.440,77.480,77.320,77.350,4665
MOEX:RUAL,2022-01-14T10:05:00+03:00,77.350,77.370,77.260,77.365,1404
MOEX:RUAL,2022-01-14T10:06:00+03:00,77.380,77.470,77.365,77.445,2040
MOEX:RUAL,2022-01-14T10:07:00+03:00,77.440,77.500,77.400,77.470,6582
MOEX:RUAL,2022-01-14T10:08:00+03:00,77.450,77.485,77.245,77.300,6776
MOEX:RUAL,2022-01-14T10:09:00+03:00,77.265,77.290,76.780,76.880,20656
MOEX:RUAL,2022-01-14T10:10:00+03:00,76.905,76.965,76.815,76.920,2064
MOEX:RUAL,2022-01-14T10:11:00+03:00,76.965,76.985,76.870,76.930,1486
MOEX:RUAL,2022-01-14T10:12:00+03:00,76.895,76.955,76.850,76.935,3151
MOEX:RUAL,2022-01-14T10:13:00+03:00,76.935,76.955,76.595,76.760,17832
MOEX:RUAL,2022-01-14T10:14:00+03:00,76.705,76.815,76.660,76.770,1035
MOEX:RUAL,2022-01-14T10:15:00+03:00,76.810,76.945,76.770,76.885,3933
MOEX:RUAL,2022-01-14T10:16:00+03:00,76.835,76.900,76.805,76.865,3625
MOEX:RUAL,2022-01-14T10:17:00+03:00,76.840,76.900,76.760,76.865,9021
MOEX:RUAL,2022-01-14T10:18:00+03:00,76.860,77.000,76.835,76.980,4914
MOEX:RUAL,2022-01-14T10:19:00+03:00,77.000,77.000,76.850,76.975,1316
MOEX:RUAL,2022-01-14T10:20:00+03:00,76.975,76.985,76.900,76.905,2931
MOEX:RUAL,2022-01-14T10:21:00+03:00,76.935,77.000,76.900,77.000,23203
MOEX:RUAL,2022-01-14T10:22:00+03:00,77.000,77.000,76.920,76.925,4544
MOEX:RUAL,2022-01-14T10:23:00+03:00,76.915,76.940,76.890,76.900,790
MOEX:RUAL,2022-01-14T10:24:00+03:00,76.895,76.940,76.800,76.940,4062
MOEX:RUAL,2022-01-14T10:25:00+03:00,76.935,76.945,76.825,76.935,4491
MOEX:RUAL,2022-01-14T10:26:00+03:00,76.915,76.950,76.835,76.900,1112
MOEX:RUAL,2022-01-14T10:27:00+03:00,76.910,76.925,76.870,76.920,117
MOEX:RUAL,2022-01-14T10:28:00+03:00,76.915,76.920,76.770,76.815,1916
MOEX:RUAL,2022-01-14T10:29:00+03:00,76.840,76.895,76.820,76.885,1614
MOEX:RUAL,2022-01-14T10:30:00+03:00,76.885,76.885,76.730,76.760,1142
MOEX:RUAL,2022-01-14T10:31:00+03:00,76.775,76.855,76.675,76.840,10166
MOEX:RUAL,2022-01-14T10:32:00+03:00,76.840,76.885,76.815,76.855,3217
MOEX:RUAL,2022-01-14T10:33:00+03:00,76.845,76.860,76.805,76.855,1987
MOEX:RUAL,2022-01-14T10:34:00+03:00,76.880,76.950,76.880,76.915,3544
MOEX:RUAL,2022-01-14T10:35:00+03:00,76.915,77.220,76.885,76.925,13087
MOEX:RUAL,2022-01-14T10:36:00+03:00,76.925,76.965,76.825,76.825,1447
MOEX:RUAL,2022-01-14T10:37:00+03:00,76.860,76.860,76.810,76.810,1221
MOEX:RUAL,2022-01-14T10:38:00+03:00,76.825,76.850,76.770,76.840,768
MOEX:RUAL,2022-01-14T10:39:00+03:00,76.850,76.895,76.840,76.895,866
MOEX:RUAL,2022-01-14T10:40:00+03:00,76.900,76.950,76.865,76.865,621
MOEX:RUAL,2022-01-14T10:41:00+03:00,76.870,76.915,76.870,76.890,127
MOEX:RUAL,2022-01-14T10:42:00+03:00,76.870,76.900,76.825,76.825,1690
MOEX:RUAL,2022-01-14T10:43:00+03:00,76.830,76.830,76.725,76.775,897
MOEX:RUAL,2022-01-14T10:44:00+03:00,76.775,76.825,76.650,76.755,26724
MOEX:RUAL,2022-01-14T10:45:00+03:00,76.755,76.800,76.665,76.790,18223
MOEX:RUAL,2022-01-14T10:46:00+03:00,76.785,76.850,76.720,76.790,12502
MOEX:RUAL,2022-01-14T10:47:00+03:00,76.790,76.905,76.700,76.820,14008
MOEX:RUAL,2022-01-14T10:48:00+03:00,76.835,76.920,76.755,76.790,15019
MOEX:RUAL,2022-01-14T10:49:00+03:00,76.805,76.850,76.685,76.785,9444
MOEX:RUAL,2022-01-14T10:50:00+03:00,76.760,76.770,76.635,76.700,21241
MOEX:RUAL,2022-01-14T10:51:00+03:00,76.665,76.800,76.565,76.770,15840
MOEX:RUAL,2022-01-14T10:52:00+03:00,76.775,76.800,76.705,76.765,13242
MOEX:RUAL,2022-01-14T10:53:00+03:00,76.755,76.795,76.725,76.780,1842
MOEX:RUAL,2022-01-14T10:54:00+03:00,76.780,76.800,76.730,76.795,6260
MOEX:RUAL,2022-01-14T10:55:00+03:00,76.775,76.800,76.705,76.780,8458
MOEX:RUAL,2022-01-14T10:56:00+03:00,76.780,76.800,76.745,76.795,4935
MOEX:RUAL,2022-01-14T10:57:00+03:00,76.790,76.800,76.760,76.760,1614
MOEX:RUAL,2022-01-14T10:58:00+03:00,76.765,76.780,76.700,76.725,3670
MOEX:RUAL,2022-01-14T10:59:00+03:00,76.725,76.730,76.675,76.715,1993
MOEX:RUAL,2022-01-14T11:00:00+03:00,76.725,76.740,76.560,76.570,11870
MOEX:RUAL,2022-01-14T11:01:00+03:00,76.560,76.600,76.540,76.555,4622
MOEX:RUAL,2022-01-14T11:02:00+03:00,76.545,76.545,76.410,76.455,37335
MOEX:RUAL,2022-01-14T11:03:00+03:00,76.455,76.470,76.420,76.430,3134
MOEX:RUAL,2022-01-14T11:04:00+03:00,76.445,76.470,76.355,76.415,2533
MOEX:RUAL,2022-01-14T11:05:00+03:00,76.380,76.500,76.365,76.495,13051
MOEX:RUAL,2022-01-14T11:06:00+03:00,76.480,76.750,76.480,76.695,29636
MOEX:RUAL,2022-01-14T11:07:00+03:00,76.670,76.695,76.570,76.620,1400
MOEX:RUAL,2022-01-14T11:08:00+03:00,76.620,76.645,76.600,76.645,75
MOEX:RUAL,2022-01-14T11:09:00+03:00,76.610,76.655,76.425,76.490,4713
MOEX:RUAL,2022-01-14T11:10:00+03:00,76.505,76.540,76.430,76.495,501
MOEX:RUAL,2022-01-14T11:11:00+03:00,76.505,76.565,76.495,76.565,1045
MOEX:RUAL,2022-01-14T11:12:00+03:00,76.560,76.665,76.525,76.665,868
MOEX:RUAL,2022-01-14T11:13:00+03:00,76.680,76.700,76.600,76.600,1677
MOEX:RUAL,2022-01-14T11:14:00+03:00,76.625,76.670,76.610,76.625,322
MOEX:RUAL,2022-01-14T11:15:00+03:00,76.655,76.655,76.600,76.650,307
MOEX:RUAL,2022-01-14T11:16:00+03:00,76.600,76.610,76.560,76.580,874
MOEX:RUAL,2022-01-14T11:17:00+03:00,76.630,76.730,76.590,76.630,1645
MOEX:RUAL,2022-01-14T11:18:00+03:00,76.680,76.720,76.665,76.705,1014
MOEX:RUAL,2022-01-14T11:19:00+03:00,76.705,76.705,76.600,76.600,817
MOEX:RUAL,2022-01-14T11:20:00+03:00,76.640,76.640,76.545,76.545,2275
MOEX:RUAL,2022-01-14T11:21:00+03:00,76.575,76.585,76.550,76.560,1052
MOEX:RUAL,2022-01-14T11:22:00+03:00,76.560,76.575,76.510,76.530,495
MOEX:RUAL,2022-01-14T11:23:00+03:00,76.560,76.585,76.550,76.555,1011
MOEX:RUAL,2022-01-14T11:24:00+03:00,76.555,76.555,76.425,76.520,3090
MOEX:RUAL,2022-01-14T11:25:00+03:00,76.540,76.540,76.470,76.485,239
MOEX:RUAL,2022-01-14T11:26:00+03:00,76.485,76.560,76.485,76.520,1965
MOEX:RUAL,2022-01-14T11:27:00+03:00,76.490,76.525,76.490,76.500,285
MOEX:RUAL,2022-01-14T11:28:00+03:00,76.525,76.610,76.525,76.590,975
MOEX:RUAL,2022-01-14T11:29:00+03:00,76.590,76.620,76.525,76.560,1793
MOEX:RUAL,2022-01-14T11:30:00+03:00,76.530,76.560,76.525,76.545,521
MOEX:RUAL,2022-01-14T11:31:00+03:00,76.545,76.585,76.540,76.585,616
MOEX:RUAL,2022-01-14T11:32:00+03:00,76.625,76.625,76.550,76.550,1364
MOEX:RUAL,2022-01-14T11:33:00+03:00,76.575,76.590,76.450,76.500,7056
MOEX:RUAL,2022-01-14T11:34:00+03:00,76.485,76.515,76.370,76.420,5324
MOEX:RUAL,2022-01-14T11:35:00+03:00,76.420,76.515,76.420,76.480,927
MOEX:RUAL,2022-01-14T11:36:00+03:00,76.485,76.485,76.455,76.480,185
MOEX:RUAL,2022-01-14T11:37:00+03:00,76.480,76.495,76.375,76.395,1642
MOEX:RUAL,2022-01-14T11:38:00+03:00,76.400,76.405,76.250,76.305,6606
MOEX:RUAL,2022-01-14T11:39:00+03:00,76.300,76.300,76.220,76.255,3718
MOEX:RUAL,2022-01-14T11:40:00+03:00,76.305,76.425,76.305,76.370,1112
MOEX:RUAL,2022-01-14T11:41:00+03:00,76.370,76.370,76.250,76.330,1626
MOEX:RUAL,2022-01-14T11:42:00+03:00,76.320,76.345,76.250,76.250,1671
MOEX:RUAL,2022-01-14T11:43:00+03:00,76.295,76.295,76.220,76.240,3332
MOEX:RUAL,2022-01-14T11:44:00+03:00,76.250,76.380,76.215,76.330,1239
MOEX:RUAL,2022-01-14T11:45:00+03:00,76.370,76.420,76.365,76.420,673
MOEX:RUAL,2022-01-14T11:46:00+03:00,76.425,76.550,76.425,76.540,1756
MOEX:RUAL,2022-01-14T11:47:00+03:00,76.530,76.530,76.355,76.385,1493
MOEX:RUAL,2022-01-14T11:48:00+03:00,76.405,76.440,76.375,76.375,29
MOEX:RUAL,2022-01-14T11:49:00+03:00,76.380,76.385,76.140,76.195,6420
MOEX:RUAL,2022-01-14T11:50:00+03:00,76.150,76.195,76.040,76.085,7413
MOEX:RUAL,2022-01-14T11:51:00+03:00,76.050,76.090,76.045,76.050,391
MOEX:RUAL,2022-01-14T11:52:00+03:00,76.055,76.055,75.800,75.835,14868
MOEX:RUAL,2022-01-14T11:53:00+03:00,75.860,75.920,75.825,75.910,2333
MOEX:RUAL,2022-01-14T11:54:00+03:00,75.910,75.915,75.830,75.855,937
MOEX:RUAL,2022-01-14T11:55:00+03:00,75.830,75.910,75.750,75.755,3930
MOEX:RUAL,2022-01-14T11:56:00+03:00,75.815,75.900,75.785,75.850,1821
MOEX:RUAL,2022-01-14T11:57:00+03:00,75.900,76.060,75.680,75.745,24435
MOEX:RUAL,2022-01-14T11:58:00+03:00,75.740,75.750,75.550,75.615,5032
MOEX:RUAL,2022-01-14T11:59:00+03:00,75.670,75.740,75.620,75.740,1258
MOEX:RUAL,2022-01-14T12:00:00+03:00,75.730,75.750,75.700,75.700,1327
MOEX:RUAL,2022-01-14T12:01:00+03:00,75.705,75.750,75.705,75.710,3903
MOEX:RUAL,2022-01-14T12:02:00+03:00,75.705,75.720,75.650,75.690,1992
MOEX:RUAL,2022-01-14T12:03:00+03:00,75.640,75.725,75.640,75.720,898
MOEX:RUAL,2022-01-14T12:04:00+03:00,75.720,75.740,75.630,75.690,1581
MOEX:RUAL,2022-01-14T12:05:00+03:00,75.690,75.710,75.660,75.660,2518
MOEX:RUAL,2022-01-14T12:06:00+03:00,75.665,75.665,75.605,75.660,1032
MOEX:RUAL,2022-01-14T12:07:00+03:00,75.660,75.725,75.650,75.725,2374
MOEX:RUAL,2022-01-14T12:08:00+03:00,75.740,75.750,75.620,75.625,5690
MOEX:RUAL,2022-01-14T12:09:00+03:00,75.620,75.620,75.400,75.400,7860
MOEX:RUAL,2022-01-14T12:10:00+03:00,75.440,75.450,75.060,75.145,10958
MOEX:RUAL,2022-01-14T12:11:00+03:00,75.145,75.175,74.915,75.045,12860
MOEX:RUAL,2022-01-14T12:12:00+03:00,75.000,75.075,74.925,74.925,8322
MOEX:RUAL,2022-01-14T12:13:00+03:00,74.925,74.975,74.800,74.850,7362
MOEX:RUAL,2022-01-14T12:14:00+03:00,74.835,74.985,74.825,74.960,3514
MOEX:RUAL,2022-01-14T12:15:00+03:00,74.960,75.215,74.960,75.150,6742
MOEX:RUAL,2022-01-14T12:16:00+03:00,75.085,75.440,75.085,75.410,7221
MOEX:RUAL,2022-01-14T12:17:00+03:00,75.335,75.420,75.300,75.405,2655
MOEX:RUAL,2022-01-14T12:18:00+03:00,75.405,75.405,75.180,75.260,1689
MOEX:RUAL,2022-01-14T12:19:00+03:00,75.245,75.245,75.050,75.050,5382
MOEX:RUAL,2022-01-14T12:20:00+03:00,75.105,75.170,75.100,75.100,2520
MOEX:RUAL,2022-01-14T12:21:00+03:00,75.135,75.135,74.910,74.985,7841
MOEX:RUAL,2022-01-14T12:22:00+03:00,74.985,75.020,74.900,74.905,3453
MOEX:RUAL,2022-01-14T12:23:00+03:00,74.910,74.935,74.800,74.800,6926
MOEX:RUAL,2022-01-14T12:24:00+03:00,74.800,74.805,74.575,74.590,32338
MOEX:RUAL,2022-01-14T12:25:00+03:00,74.570,74.620,74.515,74.555,5415
MOEX:RUAL,2022-01-14T12:26:00+03:00,74.555,74.640,74.305,74.315,13004
MOEX:RUAL,2022-01-14T12:27:00+03:00,74.330,74.495,74.300,74.415,7958
MOEX:RUAL,2022-01-14T12:28:00+03:00,74.390,74.520,74.300,74.435,15385
MOEX:RUAL,2022-01-14T12:29:00+03:00,74.435,74.585,74.125,74.260,28388
MOEX:RUAL,2022-01-14T12:30:00+03:00,74.260,74.450,74.240,74.385,4322
MOEX:RUAL,2022-01-14T12:31:00+03:00,74.345,74.400,73.640,73.840,44302
MOEX:RUAL,2022-01-14T12:32:00+03:00,73.785,73.840,73.500,73.500,22787
MOEX:RUAL,2022-01-14T12:33:00+03:00,73.500,73.690,73.370,73.440,19569
MOEX:RUAL,2022-01-14T12:34:00+03:00,73.580,73.820,73.485,73.715,7855
MOEX:RUAL,2022-01-14T12:35:00+03:00,73.690,73.850,73.505,73.795,9060
MOEX:RUAL,2022-01-14T12:36:00+03:00,73.840,74.160,73.795,74.120,8856
MOEX:RUAL,2022-01-14T12:37:00+03:00,74.120,74.120,73.890,73.890,2947
MOEX:RUAL,2022-01-14T12:38:00+03:00,73.900,73.900,73.250,73.305,9883
MOEX:RUAL,2022-01-14T12:39:00+03:00,73.340,73.350,72.805,72.970,36082
MOEX:RUAL,2022-01-14T12:40:00+03:00,73.045,73.490,72.920,73.435,9996
MOEX:RUAL,2022-01-14T12:41:00+03:00,73.480,73.640,73.405,73.490,7858
MOEX:RUAL,2022-01-14T12:42:00+03:00,73.440,73.665,73.390,73.600,7086
MOEX:RUAL,2022-01-14T12:43:00+03:00,73.635,73.750,73.600,73.715,4395
MOEX:RUAL,2022-01-14T12:44:00+03:00,73.715,73.870,73.575,73.860,2404
MOEX:RUAL,2022-01-14T12:45:00+03:00,73.860,73.995,73.700,73.780,15204
MOEX:RUAL,2022-01-14T12:46:00+03:00,73.775,73.800,73.350,73.395,6067
MOEX:RUAL,2022-01-14T12:47:00+03:00,73.435,73.720,73.360,73.570,3265
MOEX:RUAL,2022-01-14T12:48:00+03:00,73.600,73.840,73.600,73.805,3650
MOEX:RUAL,2022-01-14T12:49:00+03:00,73.840,73.880,73.685,73.850,2934
MOEX:RUAL,2022-01-14T12:50:00+03:00,73.880,73.930,73.500,73.540,6675
MOEX:RUAL,2022-01-14T12:51:00+03:00,73.505,73.620,73.380,73.400,6751
MOEX:RUAL,2022-01-14T12:52:00+03:00,73.400,73.440,73.250,73.405,3770
MOEX:RUAL,2022-01-14T12:53:00+03:00,73.405,73.565,73.360,73.565,4845
MOEX:RUAL,2022-01-14T12:54:00+03:00,73.520,73.620,73.520,73.605,3486
MOEX:RUAL,2022-01-14T12:55:00+03:00,73.605,74.110,73.605,74.085,14909
MOEX:RUAL,2022-01-14T12:56:00+03:00,74.105,74.750,74.100,74.635,30854
MOEX:RUAL,2022-01-14T12:57:00+03:00,74.670,74.860,74.465,74.545,13387
MOEX:RUAL,2022-01-14T12:58:00+03:00,74.495,74.495,74.165,74.220,4768
MOEX:RUAL,2022-01-14T12:59:00+03:00,74.295,74.385,74.200,74.245,3596
MOEX:RUAL,2022-01-14T13:00:00+03:00,74.215,74.410,74.120,74.325,3263
MOEX:RUAL,2022-01-14T13:01:00+03:00,74.370,74.460,74.250,74.250,2991
MOEX:RUAL,2022-01-14T13:02:00+03:00,74.280,74.325,73.860,73.860,14097
MOEX:RUAL,2022-01-14T13:03:00+03:00,73.855,73.855,73.005,73.080,45442
MOEX:RUAL,2022-01-14T13:04:00+03:00,73.005,73.290,72.800,72.840,16657
MOEX:RUAL,2022-01-14T13:05:00+03:00,72.835,73.100,72.815,72.945,11259
MOEX:RUAL,2022-01-14T13:06:00+03:00,72.950,73.285,72.950,73.215,5416
MOEX:RUAL,2022-01-14T13:07:00+03:00,73.125,73.165,72.845,73.155,26819
MOEX:RUAL,2022-01-14T13:08:00+03:00,73.200,73.345,73.110,73.300,3331
MOEX:RUAL,2022-01-14T13:09:00+03:00,73.300,73.570,73.275,73.440,6077
MOEX:RUAL,2022-01-14T13:10:00+03:00,73.355,73.435,73.130,73.185,7984
MOEX:RUAL,2022-01-14T13:11:00+03:00,73.235,73.235,73.010,73.075,2546
MOEX:RUAL,2022-01-14T13:12:00+03:00,73.140,73.395,73.110,73.365,1907
MOEX:RUAL,2022-01-14T13:13:00+03:00,73.380,73.510,73.350,73.500,6230
MOEX:RUAL,2022-01-14T13:14:00+03:00,73.455,73.510,73.360,73.495,3251
MOEX:RUAL,2022-01-14T13:15:00+03:00,73.445,73.500,73.345,73.355,1643
MOEX:RUAL,2022-01-14T13:16:00+03:00,73.395,73.395,73.165,73.200,2648
MOEX:RUAL,2022-01-14T13:17:00+03:00,73.225,73.375,73.160,73.290,2255
MOEX:RUAL,2022-01-14T13:18:00+03:00,73.290,73.310,73.155,73.200,1771
MOEX:RUAL,2022-01-14T13:19:00+03:00,73.220,73.220,73.055,73.125,12980
MOEX:RUAL,2022-01-14T13:20:00+03:00,73.145,73.175,73.060,73.065,1006
MOEX:RUAL,2022-01-14T13:21:00+03:00,73.055,73.260,73.055,73.205,2719
MOEX:RUAL,2022-01-14T13:22:00+03:00,73.205,73.205,72.960,73.150,16483
MOEX:RUAL,2022-01-14T13:23:00+03:00,73.120,73.120,72.910,73.020,4957
MOEX:RUAL,2022-01-14T13:24:00+03:00,73.045,73.130,72.935,73.115,6914
MOEX:RUAL,2022-01-14T13:25:00+03:00,73.065,73.115,73.000,73.055,704
MOEX:RUAL,2022-01-14T13:26:00+03:00,73.055,73.350,73.055,73.160,3832
MOEX:RUAL,2022-01-14T13:27:00+03:00,73.170,73.290,73.145,73.220,1985
MOEX:RUAL,2022-01-14T13:28:00+03:00,73.260,73.275,73.130,73.260,5710
MOEX:RUAL,2022-01-14T13:29:00+03:00,73.255,73.325,73.230,73.270,2219
MOEX:RUAL,2022-01-14T13:30:00+03:00,73.240,73.375,73.185,73.325,6812
MOEX:RUAL,2022-01-14T13:31:00+03:00,73.285,73.325,73.250,73.325,1035
MOEX:RUAL,2022-01-14T13:32:00+03:00,73.325,73.500,73.270,73.480,2959
MOEX:RUAL,2022-01-14T13:33:00+03:00,73.480,73.480,73.350,73.415,5747
MOEX:RUAL,2022-01-14T13:34:00+03:00,73.420,73.480,73.325,73.465,4171
MOEX:RUAL,2022-01-14T13:35:00+03:00,73.475,73.730,73.475,73.720,18028
MOEX:RUAL,2022-01-14T13:36:00+03:00,73.720,73.950,73.695,73.820,14255
MOEX:RUAL,2022-01-14T13:37:00+03:00,73.880,73.930,73.725,73.845,4610
MOEX:RUAL,2022-01-14T13:38:00+03:00,73.850,73.900,73.775,73.900,2092
MOEX:RUAL,2022-01-14T13:39:00+03:00,73.875,73.880,73.745,73.820,1174
MOEX:RUAL,2022-01-14T13:40:00+03:00,73.870,73.875,73.605,73.725,2914
MOEX:RUAL,2022-01-14T13:41:00+03:00,73.700,73.710,73.560,73.560,2449
MOEX:RUAL,2022-01-14T13:42:00+03:00,73.610,73.875,73.580,73.875,4833
MOEX:RUAL,2022-01-14T13:43:00+03:00,73.875,73.875,73.720,73.720,6249
MOEX:RUAL,2022-01-14T13:44:00+03:00,73.750,73.875,73.710,73.810,3919
MOEX:RUAL,2022-01-14T13:45:00+03:00,73.875,73.930,73.800,73.910,3336
MOEX:RUAL,2022-01-14T13:46:00+03:00,73.910,73.910,73.675,73.675,5048
MOEX:RUAL,2022-01-14T13:47:00+03:00,73.655,73.710,73.580,73.580,1085
MOEX:RUAL,2022-01-14T13:48:00+03:00,73.595,73.595,73.465,73.485,3264
MOEX:RUAL,2022-01-14T13:49:00+03:00,73.515,73.755,73.445,73.650,6963
MOEX:RUAL,2022-01-14T13:50:00+03:00,73.660,73.700,73.560,73.680,1347
MOEX:RUAL,2022-01-14T13:51:00+03:00,73.615,73.685,73.610,73.685,857
MOEX:RUAL,2022-01-14T13:52:00+03:00,73.655,74.250,73.470,73.970,74746
MOEX:RUAL,2022-01-14T13:53:00+03:00,73.970,74.175,73.970,73.970,4112
MOEX:RUAL,2022-01-14T13:54:00+03:00,73.990,74.050,73.810,73.810,4057
MOEX:RUAL,2022-01-14T13:55:00+03:00,73.810,74.605,73.780,74.160,38289
MOEX:RUAL,2022-01-14T13:56:00+03:00,74.200,74.300,74.000,74.035,9590
MOEX:RUAL,2022-01-14T13:57:00+03:00,74.075,74.215,74.045,74.180,5367
MOEX:RUAL,2022-01-14T13:58:00+03:00,74.125,74.355,74.070,74.255,6971
MOEX:RUAL,2022-01-14T13:59:00+03:00,74.170,74.280,74.170,74.280,1647
MOEX:RUAL,2022-01-14T14:00:00+03:00,74.295,74.325,74.230,74.300,1151
MOEX:RUAL,2022-01-14T14:01:00+03:00,74.250,74.260,74.100,74.100,4305
MOEX:RUAL,2022-01-14T14:02:00+03:00,74.145,74.150,73.965,74.025,5174
MOEX:RUAL,2022-01-14T14:03:00+03:00,74.000,74.015,73.910,73.965,2207
MOEX:RUAL,2022-01-14T14:04:00+03:00,73.910,73.980,73.905,73.935,3927
MOEX:RUAL,2022-01-14T14:05:00+03:00,73.945,74.255,73.935,74.250,3840
MOEX:RUAL,2022-01-14T14:06:00+03:00,74.250,74.300,74.160,74.165,4495
MOEX:RUAL,2022-01-14T14:07:00+03:00,74.170,74.250,74.120,74.250,1408
MOEX:RUAL,2022-01-14T14:08:00+03:00,74.250,74.430,74.250,74.410,11433
MOEX:RUAL,2022-01-14T14:09:00+03:00,74.410,74.430,74.310,74.385,3327
MOEX:RUAL,2022-01-14T14:10:00+03:00,74.355,74.400,74.330,74.360,1265
MOEX:RUAL,2022-01-14T14:11:00+03:00,74.360,74.400,74.195,74.195,3451
MOEX:RUAL,2022-01-14T14:12:00+03:00,74.195,74.245,73.985,74.010,1458
MOEX:RUAL,2022-01-14T14:13:00+03:00,74.015,74.295,74.015,74.295,6348
MOEX:RUAL,2022-01-14T14:14:00+03:00,74.240,74.440,74.115,74.425,4342
MOEX:RUAL,2022-01-14T14:15:00+03:00,74.390,74.400,74.250,74.250,1593
MOEX:RUAL,2022-01-14T14:16:00+03:00,74.300,74.350,74.230,74.305,4300
MOEX:RUAL,2022-01-14T14:17:00+03:00,74.270,74.360,74.270,74.335,738
MOEX:RUAL,2022-01-14T14:18:00+03:00,74.335,74.335,74.160,74.325,2387
MOEX:RUAL,2022-01-14T14:19:00+03:00,74.325,74.350,74.285,74.340,1433
MOEX:RUAL,2022-01-14T14:20:00+03:00,74.340,74.485,74.340,74.485,2523
MOEX:RUAL,2022-01-14T14:21:00+03:00,74.480,74.650,74.465,74.570,10017
MOEX:RUAL,2022-01-14T14:22:00+03:00,74.550,74.570,74.420,74.495,2471
MOEX:RUAL,2022-01-14T14:23:00+03:00,74.450,74.470,74.330,74.385,5289
MOEX:RUAL,2022-01-14T14:24:00+03:00,74.385,74.385,74.185,74.235,8316
MOEX:RUAL,2022-01-14T14:25:00+03:00,74.235,74.270,74.010,74.155,14192
MOEX:RUAL,2022-01-14T14:26:00+03:00,74.200,74.265,74.100,74.140,5239
MOEX:RUAL,2022-01-14T14:27:00+03:00,74.165,74.200,74.090,74.140,3312
MOEX:RUAL,2022-01-14T14:28:00+03:00,74.140,74.225,74.080,74.190,1349
MOEX:RUAL,2022-01-14T14:29:00+03:00,74.185,74.245,74.025,74.245,5393
MOEX:RUAL,2022-01-14T14:30:00+03:00,74.245,74.350,74.200,74.235,6515
MOEX:RUAL,2022-01-14T14:31:00+03:00,74.240,74.455,74.235,74.385,6706
MOEX:RUAL,2022-01-14T14:32:00+03:00,74.370,74.565,74.285,74.515,3805
MOEX:RUAL,2022-01-14T14:33:00+03:00,74.510,74.510,74.430,74.430,1508
MOEX:RUAL,2022-01-14T14:34:00+03:00,74.400,74.500,74.400,74.455,1033
MOEX:RUAL,2022-01-14T14:35:00+03:00,74.495,74.500,74.380,74.445,1754
MOEX:RUAL,2022-01-14T14:36:00+03:00,74.465,74.560,74.465,74.505,2441
MOEX:RUAL,2022-01-14T14:37:00+03:00,74.450,74.540,74.450,74.500,1655
MOEX:RUAL,2022-01-14T14:38:00+03:00,74.500,74.500,74.415,74.415,825
MOEX:RUAL,2022-01-14T14:39:00+03:00,74.455,74.500,74.410,74.500,1828
MOEX:RUAL,2022-01-14T14:40:00+03:00,74.500,74.500,74.450,74.455,2604
MOEX:RUAL,2022-01-14T14:41:00+03:00,74.495,74.495,74.280,74.355,1297
MOEX:RUAL,2022-01-14T14:42:00+03:00,74.405,74.450,74.390,74.420,580
MOEX:RUAL,2022-01-14T14:43:00+03:00,74.450,74.500,74.310,74.470,4302
MOEX:RUAL,2022-01-14T14:44:00+03:00,74.410,74.500,74.410,74.500,1479
MOEX:RUAL,2022-01-14T14:45:00+03:00,74.500,74.565,74.250,74.410,29020
MOEX:RUAL,2022-01-14T14:46:00+03:00,74.480,74.490,74.375,74.475,1173
MOEX:RUAL,2022-01-14T14:47:00+03:00,74.475,74.540,74.390,74.460,2322
MOEX:RUAL,2022-01-14T14:48:00+03:00,74.520,74.520,74.310,74.310,1675
MOEX:RUAL,2022-01-14T14:49:00+03:00,74.310,74.310,74.240,74.245,1186
MOEX:RUAL,2022-01-14T14:50:00+03:00,74.245,74.320,74.245,74.300,674
MOEX:RUAL,2022-01-14T14:51:00+03:00,74.305,74.305,74.275,74.280,152
MOEX:RUAL,2022-01-14T14:52:00+03:00,74.280,74.300,74.240,74.275,1758
MOEX:RUAL,2022-01-14T14:53:00+03:00,74.240,74.295,74.120,74.125,2411
MOEX:RUAL,2022-01-14T14:54:00+03:00,74.130,74.190,74.035,74.040,1779
MOEX:RUAL,2022-01-14T14:55:00+03:00,74.075,74.100,73.860,73.860,6315
MOEX:RUAL,2022-01-14T14:56:00+03:00,73.855,73.910,73.750,73.750,4146
MOEX:RUAL,2022-01-14T14:57:00+03:00,73.765,73.995,73.755,73.980,3142
MOEX:RUAL,2022-01-14T14:58:00+03:00,73.980,74.015,73.885,73.980,1994
MOEX:RUAL,2022-01-14T14:59:00+03:00,74.005,74.045,73.955,74.000,424
MOEX:RUAL,2022-01-14T15:00:00+03:00,74.060,74.150,74.005,74.125,963
MOEX:RUAL,2022-01-14T15:01:00+03:00,74.140,74.155,74.100,74.145,65
MOEX:RUAL,2022-01-14T15:02:00+03:00,74.145,74.145,74.115,74.115,175
MOEX:RUAL,2022-01-14T15:03:00+03:00,74.120,74.170,74.060,74.165,1535
MOEX:RUAL,2022-01-14T15:04:00+03:00,74.105,74.170,74.105,74.135,1123
MOEX:RUAL,2022-01-14T15:05:00+03:00,74.125,74.200,74.100,74.125,3587
MOEX:RUAL,2022-01-14T15:06:00+03:00,74.100,74.175,74.080,74.130,1658
MOEX:RUAL,2022-01-14T15:07:00+03:00,74.155,74.155,74.080,74.125,34
MOEX:RUAL,2022-01-14T15:08:00+03:00,74.150,74.150,73.940,73.985,2087
MOEX:RUAL,2022-01-14T15:09:00+03:00,73.935,73.935,73.810,73.810,9924
MOEX:RUAL,2022-01-14T15:10:00+03:00,73.835,73.925,73.810,73.925,2303
MOEX:RUAL,2022-01-14T15:11:00+03:00,73.905,74.105,73.895,74.045,4471
MOEX:RUAL,2022-01-14T15:12:00+03:00,74.045,74.045,74.000,74.000,475
MOEX:RUAL,2022-01-14T15:13:00+03:00,73.985,74.000,73.930,73.940,981
MOEX:RUAL,2022-01-14T15:14:00+03:00,73.925,74.015,73.900,74.015,833
MOEX:RUAL,2022-01-14T15:15:00+03:00,74.020,74.020,73.950,74.020,2004
MOEX:RUAL,2022-01-14T15:16:00+03:00,73.985,74.075,73.985,74.015,507
MOEX:RUAL,2022-01-14T15:17:00+03:00,74.015,74.035,73.910,74.035,2223
MOEX:RUAL,2022-01-14T15:18:00+03:00,74.000,74.035,73.980,74.000,534
MOEX:RUAL,2022-01-14T15:19:00+03:00,73.985,74.025,73.955,73.985,609
MOEX:RUAL,2022-01-14T15:20:00+03:00,73.945,74.005,73.940,74.000,664
MOEX:RUAL,2022-01-14T15:21:00+03:00,73.955,74.010,73.935,73.965,827
MOEX:RUAL,2022-01-14T15:22:00+03:00,73.950,74.130,73.935,74.130,1945
MOEX:RUAL,2022-01-14T15:23:00+03:00,74.100,74.335,74.100,74.290,4127
MOEX:RUAL,2022-01-14T15:24:00+03:00,74.315,74.395,74.280,74.330,3687
MOEX:RUAL,2022-01-14T15:25:00+03:00,74.280,74.300,74.235,74.270,357
MOEX:RUAL,2022-01-14T15:26:00+03:00,74.270,74.380,74.270,74.285,2035
MOEX:RUAL,2022-01-14T15:27:00+03:00,74.290,74.305,74.155,74.155,2213
MOEX:RUAL,2022-01-14T15:28:00+03:00,74.185,74.290,74.175,74.230,1440
MOEX:RUAL,2022-01-14T15:29:00+03:00,74.225,74.225,74.175,74.190,1776
MOEX:RUAL,2022-01-14T15:30:00+03:00,74.245,74.250,74.175,74.250,1313
MOEX:RUAL,2022-01-14T15:31:00+03:00,74.250,74.270,74.190,74.230,4023
MOEX:RUAL,2022-01-14T15:32:00+03:00,74.230,74.250,74.205,74.250,599
MOEX:RUAL,2022-01-14T15:33:00+03:00,74.275,74.380,74.275,74.350,1340
MOEX:RUAL,2022-01-14T15:34:00+03:00,74.325,74.395,74.305,74.395,1257
MOEX:RUAL,2022-01-14T15:35:00+03:00,74.365,74.400,74.355,74.380,2424
MOEX:RUAL,2022-01-14T15:36:00+03:00,74.355,74.405,74.295,74.340,907
MOEX:RUAL,2022-01-14T15:37:00+03:00,74.300,74.340,74.300,74.310,960
MOEX:RUAL,2022-01-14T15:38:00+03:00,74.305,74.310,74.240,74.275,1520
MOEX:RUAL,2022-01-14T15:39:00+03:00,74.270,74.275,74.235,74.265,363
MOEX:RUAL,2022-01-14T15:40:00+03:00,74.265,74.280,74.230,74.265,380
MOEX:RUAL,2022-01-14T15:41:00+03:00,74.230,74.280,74.230,74.250,899
MOEX:RUAL,2022-01-14T15:42:00+03:00,74.285,74.375,74.285,74.345,1670
MOEX:RUAL,2022-01-14T15:43:00+03:00,74.310,74.375,74.310,74.375,2756
MOEX:RUAL,2022-01-14T15:44:00+03:00,74.345,74.345,74.270,74.270,1005
MOEX:RUAL,2022-01-14T15:45:00+03:00,74.290,74.290,74.240,74.250,436
MOEX:RUAL,2022-01-14T15:46:00+03:00,74.230,74.260,74.165,74.200,1699
MOEX:RUAL,2022-01-14T15:47:00+03:00,74.230,74.230,74.150,74.150,186
MOEX:RUAL,2022-01-14T15:48:00+03:00,74.180,74.190,74.145,74.185,627
MOEX:RUAL,2022-01-14T15:49:00+03:00,74.185,74.230,74.135,74.230,1163
MOEX:RUAL,2022-01-14T15:50:00+03:00,74.230,74.255,73.900,73.900,12751
MOEX:RUAL,2022-01-14T15:51:00+03:00,73.935,73.945,73.900,73.905,449
MOEX:RUAL,2022-01-14T15:52:00+03:00,73.945,73.965,73.900,73.920,2181
MOEX:RUAL,2022-01-14T15:53:00+03:00,73.920,74.000,73.915,73.990,1601
MOEX:RUAL,2022-01-14T15:54:00+03:00,73.965,74.000,73.965,74.000,123
MOEX:RUAL,2022-01-14T15:55:00+03:00,73.995,73.995,73.930,73.930,1165
MOEX:RUAL,2022-01-14T15:56:00+03:00,73.975,73.975,73.900,73.920,2135
MOEX:RUAL,2022-01-14T15:57:00+03:00,73.965,73.965,73.860,73.860,1825
MOEX:RUAL,2022-01-14T15:58:00+03:00,73.860,73.860,73.570,73.700,11628
MOEX:RUAL,2022-01-14T15:59:00+03:00,73.730,73.790,73.640,73.785,872
MOEX:RUAL,2022-01-14T16:00:00+03:00,73.780,73.780,73.535,73.545,3803
MOEX:RUAL,2022-01-14T16:01:00+03:00,73.600,73.685,73.550,73.645,2304
MOEX:RUAL,2022-01-14T16:02:00+03:00,73.605,73.645,73.545,73.545,1511
MOEX:RUAL,2022-01-14T16:03:00+03:00,73.565,73.620,73.540,73.600,1853
MOEX:RUAL,2022-01-14T16:04:00+03:00,73.620,73.795,73.605,73.785,1863
MOEX:RUAL,2022-01-14T16:05:00+03:00,73.785,73.830,73.685,73.715,1433
MOEX:RUAL,2022-01-14T16:06:00+03:00,73.605,73.610,73.370,73.420,13918
MOEX:RUAL,2022-01-14T16:07:00+03:00,73.420,73.545,73.330,73.460,2626
MOEX:RUAL,2022-01-14T16:08:00+03:00,73.460,73.460,73.355,73.360,2695
MOEX:RUAL,2022-01-14T16:09:00+03:00,73.360,73.385,73.140,73.140,8933
MOEX:RUAL,2022-01-14T16:10:00+03:00,73.130,73.310,73.130,73.220,4801
MOEX:RUAL,2022-01-14T16:11:00+03:00,73.260,73.370,73.205,73.345,1881
MOEX:RUAL,2022-01-14T16:12:00+03:00,73.295,73.295,73.055,73.170,12389
MOEX:RUAL,2022-01-14T16:13:00+03:00,73.110,73.250,73.110,73.135,2395
MOEX:RUAL,2022-01-14T16:14:00+03:00,73.135,73.230,73.120,73.150,4163
MOEX:RUAL,2022-01-14T16:15:00+03:00,73.160,73.180,72.930,73.020,14729
MOEX:RUAL,2022-01-14T16:16:00+03:00,73.020,73.020,72.750,72.850,25686
MOEX:RUAL,2022-01-14T16:17:00+03:00,72.875,72.940,72.400,72.470,39516
MOEX:RUAL,2022-01-14T16:18:00+03:00,72.495,72.570,72.400,72.450,9959
MOEX:RUAL,2022-01-14T16:19:00+03:00,72.475,72.755,72.250,72.265,22111
MOEX:RUAL,2022-01-14T16:20:00+03:00,72.335,72.730,72.335,72.650,10723
MOEX:RUAL,2022-01-14T16:21:00+03:00,72.620,72.940,72.620,72.805,4096
MOEX:RUAL,2022-01-14T16:22:00+03:00,72.855,72.855,72.630,72.805,3214
MOEX:RUAL,2022-01-14T16:23:00+03:00,72.855,72.905,72.720,72.825,2036
MOEX:RUAL,2022-01-14T16:24:00+03:00,72.825,72.955,72.755,72.950,7326
MOEX:RUAL,2022-01-14T16:25:00+03:00,72.915,72.995,72.730,72.760,11173
MOEX:RUAL,2022-01-14T16:26:00+03:00,72.790,72.815,72.505,72.585,4579
MOEX:RUAL,2022-01-14T16:27:00+03:00,72.540,72.540,72.000,72.020,42780
MOEX:RUAL,2022-01-14T16:28:00+03:00,72.015,72.070,71.425,71.480,57503
MOEX:RUAL,2022-01-14T16:29:00+03:00,71.425,71.725,71.380,71.515,16228
MOEX:RUAL,2022-01-14T16:30:00+03:00,71.555,72.165,71.515,71.960,19601
MOEX:RUAL,2022-01-14T16:31:00+03:00,72.035,72.360,71.960,72.240,7215
MOEX:RUAL,2022-01-14T16:32:00+03:00,72.280,72.280,71.925,71.985,19955
MOEX:RUAL,2022-01-14T16:33:00+03:00,71.950,72.035,71.825,71.900,4874
MOEX:RUAL,2022-01-14T16:34:00+03:00,71.910,71.950,71.785,71.785,4103
MOEX:RUAL,2022-01-14T16:35:00+03:00,71.855,71.865,71.510,71.555,13610
MOEX:RUAL,2022-01-14T16:36:00+03:00,71.560,71.645,71.500,71.585,6013
MOEX:RUAL,2022-01-14T16:37:00+03:00,71.610,71.650,71.400,71.645,19327
MOEX:RUAL,2022-01-14T16:38:00+03:00,71.590,72.235,71.505,72.210,11953
MOEX:RUAL,2022-01-14T16:39:00+03:00,72.215,72.265,71.990,71.990,8361
MOEX:RUAL,2022-01-14T16:40:00+03:00,72.055,72.215,71.710,72.175,7956
MOEX:RUAL,2022-01-14T16:41:00+03:00,72.135,72.230,71.755,72.190,11689
MOEX:RUAL,2022-01-14T16:42:00+03:00,72.180,72.195,72.030,72.115,4657
MOEX:RUAL,2022-01-14T16:43:00+03:00,72.110,72.225,72.070,72.205,4278
MOEX:RUAL,2022-01-14T16:44:00+03:00,72.155,72.470,72.150,72.455,11682
MOEX:RUAL,2022-01-14T16:45:00+03:00,72.455,72.645,72.400,72.610,12102
MOEX:RUAL,2022-01-14T16:46:00+03:00,72.625,72.700,72.500,72.610,13304
MOEX:RUAL,2022-01-14T16:47:00+03:00,72.575,72.575,72.500,72.500,7113
MOEX:RUAL,2022-01-14T16:48:00+03:00,72.500,72.500,72.110,72.185,13795
MOEX:RUAL,2022-01-14T16:49:00+03:00,72.170,72.265,72.005,72.010,5939
MOEX:RUAL,2022-01-14T16:50:00+03:00,72.055,72.055,71.915,71.965,5466
MOEX:RUAL,2022-01-14T16:51:00+03:00,71.965,72.000,71.755,71.785,17019
MOEX:RUAL,2022-01-14T16:52:00+03:00,71.785,72.000,71.750,71.990,6115
MOEX:RUAL,2022-01-14T16:53:00+03:00,71.995,72.000,71.785,71.870,5253
MOEX:RUAL,2022-01-14T16:54:00+03:00,71.870,72.000,71.870,71.900,11058
MOEX:RUAL,2022-01-14T16:55:00+03:00,71.905,72.000,71.900,71.915,12604
MOEX:RUAL,2022-01-14T16:56:00+03:00,71.955,72.500,71.950,72.465,37469
MOEX:RUAL,2022-01-14T16:57:00+03:00,72.445,72.595,72.430,72.450,4798
MOEX:RUAL,2022-01-14T16:58:00+03:00,72.485,72.680,72.485,72.630,10852
MOEX:RUAL,2022-01-14T16:59:00+03:00,72.630,72.680,72.560,72.680,4915
MOEX:RUAL,2022-01-14T17:00:00+03:00,72.660,72.990,72.570,72.935,20068
MOEX:RUAL,2022-01-14T17:01:00+03:00,72.980,73.100,72.900,73.090,15447
MOEX:RUAL,2022-01-14T17:02:00+03:00,73.100,73.680,73.055,73.550,22983
MOEX:RUAL,2022-01-14T17:03:00+03:00,73.520,73.880,73.495,73.515,19051
MOEX:RUAL,2022-01-14T17:04:00+03:00,73.520,73.520,73.315,73.385,4453
MOEX:RUAL,2022-01-14T17:05:00+03:00,73.385,73.735,73.385,73.690,8387
MOEX:RUAL,2022-01-14T17:06:00+03:00,73.625,73.670,73.330,73.450,10984
MOEX:RUAL,2022-01-14T17:07:00+03:00,73.415,73.550,73.330,73.480,8258
MOEX:RUAL,2022-01-14T17:08:00+03:00,73.530,73.530,73.370,73.425,2589
MOEX:RUAL,2022-01-14T17:09:00+03:00,73.410,73.410,73.330,73.380,2139
MOEX:RUAL,2022-01-14T17:10:00+03:00,73.380,73.385,73.120,73.160,14214
MOEX:RUAL,2022-01-14T17:11:00+03:00,73.160,73.160,72.750,72.810,12600
MOEX:RUAL,2022-01-14T17:12:00+03:00,72.810,72.895,72.575,72.630,12295
MOEX:RUAL,2022-01-14T17:13:00+03:00,72.630,72.700,72.380,72.675,8835
MOEX:RUAL,2022-01-14T17:14:00+03:00,72.600,72.840,72.500,72.825,46998
MOEX:RUAL,2022-01-14T17:15:00+03:00,72.775,72.880,72.640,72.855,1831
MOEX:RUAL,2022-01-14T17:16:00+03:00,72.825,72.990,72.780,72.885,3909
MOEX:RUAL,2022-01-14T17:17:00+03:00,72.885,72.960,72.860,72.950,1679
MOEX:RUAL,2022-01-14T17:18:00+03:00,72.955,73.115,72.930,73.080,4601
MOEX:RUAL,2022-01-14T17:19:00+03:00,73.075,73.250,73.075,73.245,4118
MOEX:RUAL,2022-01-14T17:20:00+03:00,73.225,73.485,73.185,73.185,7588
MOEX:RUAL,2022-01-14T17:21:00+03:00,73.260,73.260,73.135,73.230,3831
MOEX:RUAL,2022-01-14T17:22:00+03:00,73.235,73.255,73.135,73.135,3970
MOEX:RUAL,2022-01-14T17:23:00+03:00,73.210,73.210,72.890,72.890,5639
MOEX:RUAL,2022-01-14T17:24:00+03:00,72.935,73.000,72.870,72.935,1788
MOEX:RUAL,2022-01-14T17:25:00+03:00,72.980,73.295,72.980,73.210,4061
MOEX:RUAL,2022-01-14T17:26:00+03:00,73.210,73.370,73.205,73.365,4095
MOEX:RUAL,2022-01-14T17:27:00+03:00,73.380,73.470,73.245,73.335,7347
MOEX:RUAL,2022-01-14T17:28:00+03:00,73.345,73.375,73.240,73.340,2810
MOEX:RUAL,2022-01-14T17:29:00+03:00,73.340,73.440,73.255,73.335,5594
MOEX:RUAL,2022-01-14T17:30:00+03:00,73.300,73.300,72.995,73.050,17203
MOEX:RUAL,2022-01-14T17:31:00+03:00,73.055,73.215,72.865,73.145,8582
MOEX:RUAL,2022-01-14T17:32:00+03:00,73.210,73.490,73.115,73.445,11296
MOEX:RUAL,2022-01-14T17:33:00+03:00,73.455,73.510,73.395,73.395,7944
MOEX:RUAL,2022-01-14T17:34:00+03:00,73.455,73.475,73.365,73.425,2220
MOEX:RUAL,2022-01-14T17:35:00+03:00,73.435,73.750,73.435,73.750,19894
MOEX:RUAL,2022-01-14T17:36:00+03:00,73.750,73.950,73.750,73.855,21016
MOEX:RUAL,2022-01-14T17:37:00+03:00,73.810,73.920,73.725,73.810,4987
MOEX:RUAL,2022-01-14T17:38:00+03:00,73.815,74.000,73.815,73.990,20193
MOEX:RUAL,2022-01-14T17:39:00+03:00,73.975,74.000,73.420,73.450,18404
MOEX:RUAL,2022-01-14T17:40:00+03:00,73.445,73.695,73.405,73.645,6722
MOEX:RUAL,2022-01-14T17:41:00+03:00,73.615,73.620,73.350,73.380,3931
MOEX:RUAL,2022-01-14T17:42:00+03:00,73.385,73.385,73.130,73.230,11283
MOEX:RUAL,2022-01-14T17:43:00+03:00,73.150,73.375,73.150,73.345,2929
MOEX:RUAL,2022-01-14T17:44:00+03:00,73.285,73.370,73.235,73.250,3194
MOEX:RUAL,2022-01-14T17:45:00+03:00,73.275,73.655,73.235,73.570,7399
MOEX:RUAL,2022-01-14T17:46:00+03:00,73.625,73.975,73.625,73.965,7524
MOEX:RUAL,2022-01-14T17:47:00+03:00,73.885,73.970,73.565,73.620,5444
MOEX:RUAL,2022-01-14T17:48:00+03:00,73.620,73.715,73.505,73.520,2705
MOEX:RUAL,2022-01-14T17:49:00+03:00,73.510,73.615,73.450,73.570,4725
MOEX:RUAL,2022-01-14T17:50:00+03:00,73.575,73.900,73.575,73.755,7591
MOEX:RUAL,2022-01-14T17:51:00+03:00,73.755,73.980,73.755,73.970,5137
MOEX:RUAL,2022-01-14T17:52:00+03:00,73.940,73.980,73.620,73.720,14127
MOEX:RUAL,2022-01-14T17:53:00+03:00,73.735,73.735,73.240,73.300,7609
MOEX:RUAL,2022-01-14T17:54:00+03:00,73.305,73.480,73.100,73.480,8973
MOEX:RUAL,2022-01-14T17:55:00+03:00,73.475,73.700,73.475,73.635,6276
MOEX:RUAL,2022-01-14T17:56:00+03:00,73.555,73.575,73.285,73.330,3371
MOEX:RUAL,2022-01-14T17:57:00+03:00,73.280,73.505,73.260,73.480,3783
MOEX:RUAL,2022-01-14T17:58:00+03:00,73.480,73.650,73.445,73.550,4810
MOEX:RUAL,2022-01-14T17:59:00+03:00,73.595,73.645,73.555,73.625,2878
MOEX:RUAL,2022-01-14T18:00:00+03:00,73.620,73.625,73.320,73.490,6804
MOEX:RUAL,2022-01-14T18:01:00+03:00,73.495,73.685,73.475,73.515,4637
MOEX:RUAL,2022-01-14T18:02:00+03:00,73.570,73.830,73.570,73.780,5968
MOEX:RUAL,2022-01-14T18:03:00+03:00,73.705,73.755,73.410,73.490,5607
MOEX:RUAL,2022-01-14T18:04:00+03:00,73.490,73.525,73.330,73.330,7272
MOEX:RUAL,2022-01-14T18:05:00+03:00,73.385,73.455,73.350,73.350,2054
MOEX:RUAL,2022-01-14T18:06:00+03:00,73.395,73.495,73.250,73.360,9062
MOEX:RUAL,2022-01-14T18:07:00+03:00,73.410,73.650,73.410,73.560,3751
MOEX:RUAL,2022-01-14T18:08:00+03:00,73.610,73.775,73.610,73.770,3864
MOEX:RUAL,2022-01-14T18:09:00+03:00,73.690,73.900,73.690,73.830,5449
MOEX:RUAL,2022-01-14T18:10:00+03:00,73.860,73.930,73.785,73.885,5953
MOEX:RUAL,2022-01-14T18:11:00+03:00,73.930,73.960,73.885,73.940,3359
MOEX:RUAL,2022-01-14T18:12:00+03:00,73.930,73.930,73.800,73.830,2832
MOEX:RUAL,2022-01-14T18:13:00+03:00,73.820,73.935,73.810,73.910,3407
MOEX:RUAL,2022-01-14T18:14:00+03:00,73.900,73.935,73.840,73.885,2059
MOEX:RUAL,2022-01-14T18:15:00+03:00,73.905,73.945,73.835,73.890,3993
MOEX:RUAL,2022-01-14T18:16:00+03:00,73.885,73.890,73.800,73.850,3750
MOEX:RUAL,2022-01-14T18:17:00+03:00,73.855,73.855,73.700,73.745,1825
MOEX:RUAL,2022-01-14T18:18:00+03:00,73.705,73.705,73.550,73.565,2133
MOEX:RUAL,2022-01-14T18:19:00+03:00,73.540,73.725,73.510,73.720,13110
MOEX:RUAL,2022-01-14T18:20:00+03:00,73.710,73.880,73.710,73.860,6521
MOEX:RUAL,2022-01-14T18:21:00+03:00,73.885,73.890,73.745,73.815,4121
MOEX:RUAL,2022-01-14T18:22:00+03:00,73.765,73.890,73.755,73.775,2741
MOEX:RUAL,2022-01-14T18:23:00+03:00,73.835,73.890,73.755,73.860,3665
MOEX:RUAL,2022-01-14T18:24:00+03:00,73.855,73.885,73.780,73.810,2941
MOEX:RUAL,2022-01-14T18:25:00+03:00,73.860,73.885,73.775,73.805,5127
MOEX:RUAL,2022-01-14T18:26:00+03:00,73.770,73.815,73.705,73.720,1728
MOEX:RUAL,2022-01-14T18:27:00+03:00,73.765,73.840,73.765,73.780,3477
MOEX:RUAL,2022-01-14T18:28:00+03:00,73.775,73.850,73.750,73.775,3570
MOEX:RUAL,2022-01-14T18:29:00+03:00,73.830,73.850,73.780,73.850,2020
MOEX:RUAL,2022-01-14T18:30:00+03:00,73.850,73.860,73.735,73.775,12060
MOEX:RUAL,2022-01-14T18:31:00+03:00,73.790,73.810,73.680,73.735,3179
MOEX:RUAL,2022-01-14T18:32:00+03:00,73.705,73.735,73.630,73.670,2662
MOEX:RUAL,2022-01-14T18:33:00+03:00,73.670,73.780,73.575,73.675,4011
MOEX:RUAL,2022-01-14T18:34:00+03:00,73.670,73.850,73.670,73.810,2218
MOEX:RUAL,2022-01-14T18:35:00+03:00,73.800,73.855,73.770,73.785,3275
MOEX:RUAL,2022-01-14T18:36:00+03:00,73.835,73.860,73.780,73.780,1603
MOEX:RUAL,2022-01-14T18:37:00+03:00,73.780,73.825,73.770,73.775,1162
MOEX:RUAL,2022-01-14T18:38:00+03:00,73.790,73.835,73.790,73.795,1550
MOEX:RUAL,2022-01-14T18:39:00+03:00,73.795,73.855,73.795,73.850,2189
MOEX:RUAL,2022-01-14T18:45:00+03:00,73.595,73.595,73.595,73.595,31745
MOEX:RUAL,2022-01-14T18:48:00+03:00,73.595,73.595,73.595,73.595,21
MOEX:RUAL,2022-01-14T18:49:00+03:00,73.595,73.595,73.595,73.595,23
MOEX:RUAL,2022-01-14T19:05:00+03:00,73.580,73.595,73.405,73.475,3065
MOEX:RUAL,2022-01-14T19:06:00+03:00,73.555,73.585,73.525,73.585,1374
MOEX:RUAL,2022-01-14T19:07:00+03:00,73.590,73.770,73.590,73.695,4119
MOEX:RUAL,2022-01-14T19:08:00+03:00,73.770,73.770,73.570,73.680,1815
MOEX:RUAL,2022-01-14T19:09:00+03:00,73.670,73.715,73.600,73.600,577
MOEX:RUAL,2022-01-14T19:10:00+03:00,73.710,73.715,73.570,73.645,881
MOEX:RUAL,2022-01-14T19:11:00+03:00,73.550,73.645,73.500,73.635,1808
MOEX:RUAL,2022-01-14T19:12:00+03:00,73.580,73.715,73.550,73.600,6269
MOEX:RUAL,2022-01-14T19:13:00+03:00,73.630,73.670,73.510,73.570,269
MOEX:RUAL,2022-01-14T19:14:00+03:00,73.570,73.685,73.570,73.605,935
MOEX:RUAL,2022-01-14T19:15:00+03:00,73.670,73.670,73.500,73.510,1859
MOEX:RUAL,2022-01-14T19:16:00+03:00,73.480,73.665,73.480,73.580,971
MOEX:RUAL,2022-01-14T19:17:00+03:00,73.660,73.715,73.660,73.660,3239
MOEX:RUAL,2022-01-14T19:18:00+03:00,73.715,73.715,73.595,73.645,155
MOEX:RUAL,2022-01-14T19:19:00+03:00,73.645,73.650,73.505,73.620,2952
MOEX:RUAL,2022-01-14T19:20:00+03:00,73.640,73.700,73.585,73.585,972
MOEX:RUAL,2022-01-14T19:21:00+03:00,73.575,73.640,73.290,73.320,7468
MOEX:RUAL,2022-01-14T19:22:00+03:00,73.355,73.440,73.290,73.330,1091
MOEX:RUAL,2022-01-14T19:23:00+03:00,73.355,73.495,73.320,73.340,1234
MOEX:RUAL,2022-01-14T19:24:00+03:00,73.445,73.485,73.315,73.455,679
MOEX:RUAL,2022-01-14T19:25:00+03:00,73.375,73.480,73.320,73.415,315
MOEX:RUAL,2022-01-14T19:26:00+03:00,73.330,73.450,73.300,73.375,621
MOEX:RUAL,2022-01-14T19:27:00+03:00,73.295,73.305,73.165,73.265,2374
MOEX:RUAL,2022-01-14T19:28:00+03:00,73.265,73.265,73.205,73.260,171
MOEX:RUAL,2022-01-14T19:29:00+03:00,73.265,73.320,73.230,73.250,550
MOEX:RUAL,2022-01-14T19:30:00+03:00,73.250,73.390,73.175,73.280,435
MOEX:RUAL,2022-01-14T19:31:00+03:00,73.280,73.395,73.265,73.390,1681
MOEX:RUAL,2022-01-14T19:32:00+03:00,73.345,73.360,73.265,73.265,315
MOEX:RUAL,2022-01-14T19:33:00+03:00,73.265,73.355,73.265,73.320,275
MOEX:RUAL,2022-01-14T19:34:00+03:00,73.320,73.390,73.290,73.345,343
MOEX:RUAL,2022-01-14T19:35:00+03:00,73.345,73.390,73.235,73.370,557
MOEX:RUAL,2022-01-14T19:36:00+03:00,73.355,73.375,73.255,73.375,1318
MOEX:RUAL,2022-01-14T19:37:00+03:00,73.325,73.400,73.310,73.355,731
MOEX:RUAL,2022-01-14T19:38:00+03:00,73.355,73.450,73.355,73.400,1167
MOEX:RUAL,2022-01-14T19:39:00+03:00,73.400,73.440,73.400,73.440,392
MOEX:RUAL,2022-01-14T19:40:00+03:00,73.435,73.435,73.435,73.435,14
MOEX:RUAL,2022-01-14T19:41:00+03:00,73.440,73.600,73.440,73.600,3487
MOEX:RUAL,2022-01-14T19:42:00+03:00,73.600,73.695,73.570,73.695,1042
MOEX:RUAL,2022-01-14T19:43:00+03:00,73.625,73.670,73.615,73.655,366
MOEX:RUAL,2022-01-14T19:44:00+03:00,73.635,73.675,73.635,73.675,781
MOEX:RUAL,2022-01-14T19:45:00+03:00,73.700,73.705,73.615,73.705,868
MOEX:RUAL,2022-01-14T19:46:00+03:00,73.640,73.740,73.625,73.690,795
MOEX:RUAL,2022-01-14T19:47:00+03:00,73.690,73.780,73.690,73.745,570
MOEX:RUAL,2022-01-14T19:48:00+03:00,73.705,73.780,73.700,73.750,353
MOEX:RUAL,2022-01-14T19:49:00+03:00,73.750,73.750,73.630,73.715,2279
MOEX:RUAL,2022-01-14T19:50:00+03:00,73.750,73.790,73.750,73.790,1001
MOEX:RUAL,2022-01-14T19:51:00+03:00,73.730,73.785,73.715,73.765,121
MOEX:RUAL,2022-01-14T19:52:00+03:00,73.765,73.765,73.730,73.765,240
MOEX:RUAL,2022-01-14T19:53:00+03:00,73.735,73.815,73.735,73.805,1749
MOEX:RUAL,2022-01-14T19:54:00+03:00,73.805,73.805,73.760,73.795,66
MOEX:RUAL,2022-01-14T19:55:00+03:00,73.785,73.830,73.785,73.800,830
MOEX:RUAL,2022-01-14T19:56:00+03:00,73.780,73.880,73.770,73.820,1502
MOEX:RUAL,2022-01-14T19:57:00+03:00,73.875,73.885,73.825,73.835,298
MOEX:RUAL,2022-01-14T19:58:00+03:00,73.880,73.890,73.820,73.890,481
MOEX:RUAL,2022-01-14T19:59:00+03:00,73.890,73.890,73.810,73.875,246
MOEX:RUAL,2022-01-14T20:00:00+03:00,73.875,73.875,73.850,73.875,90
MOEX:RUAL,2022-01-14T20:01:00+03:00,73.875,73.875,73.650,73.650,3737
MOEX:RUAL,2022-01-14T20:02:00+03:00,73.740,73.870,73.740,73.800,2124
MOEX:RUAL,2022-01-14T20:03:00+03:00,73.805,73.825,73.745,73.760,736
MOEX:RUAL,2022-01-14T20:04:00+03:00,73.830,73.860,73.795,73.795,450
MOEX:RUAL,2022-01-14T20:05:00+03:00,73.850,73.850,73.755,73.800,377
MOEX:RUAL,2022-01-14T20:06:00+03:00,73.800,73.800,73.740,73.740,1121
MOEX:RUAL,2022-01-14T20:07:00+03:00,73.785,73.785,73.680,73.700,1406
MOEX:RUAL,2022-01-14T20:08:00+03:00,73.700,73.730,73.700,73.730,16
MOEX:RUAL,2022-01-14T20:09:00+03:00,73.730,73.730,73.700,73.705,107
MOEX:RUAL,2022-01-14T20:10:00+03:00,73.710,73.710,73.550,73.595,3122
MOEX:RUAL,2022-01-14T20:11:00+03:00,73.550,73.595,73.510,73.510,19
MOEX:RUAL,2022-01-14T20:12:00+03:00,73.575,73.630,73.530,73.580,1595
MOEX:RUAL,2022-01-14T20:13:00+03:00,73.605,73.670,73.605,73.670,222
MOEX:RUAL,2022-01-14T20:14:00+03:00,73.610,73.825,73.610,73.775,3018
MOEX:RUAL,2022-01-14T20:15:00+03:00,73.775,73.825,73.735,73.800,276
MOEX:RUAL,2022-01-14T20:16:00+03:00,73.845,73.875,73.845,73.870,254
MOEX:RUAL,2022-01-14T20:17:00+03:00,73.800,73.870,73.800,73.870,26
MOEX:RUAL,2022-01-14T20:18:00+03:00,73.870,73.900,73.870,73.895,330
MOEX:RUAL,2022-01-14T20:19:00+03:00,73.875,73.890,73.810,73.810,92
MOEX:RUAL,2022-01-14T20:20:00+03:00,73.855,73.860,73.760,73.850,840
MOEX:RUAL,2022-01-14T20:21:00+03:00,73.760,73.820,73.735,73.795,44
MOEX:RUAL,2022-01-14T20:22:00+03:00,73.725,73.810,73.725,73.800,99
MOEX:RUAL,2022-01-14T20:23:00+03:00,73.795,73.800,73.740,73.800,18
MOEX:RUAL,2022-01-14T20:24:00+03:00,73.855,73.855,73.800,73.800,10
MOEX:RUAL,2022-01-14T20:25:00+03:00,73.800,73.865,73.800,73.865,270
MOEX:RUAL,2022-01-14T20:26:00+03:00,73.865,73.890,73.855,73.890,347
MOEX:RUAL,2022-01-14T20:27:00+03:00,73.820,73.890,73.820,73.830,237
MOEX:RUAL,2022-01-14T20:28:00+03:00,73.875,73.900,73.875,73.895,65
MOEX:RUAL,2022-01-14T20:29:00+03:00,73.880,73.895,73.835,73.895,873
MOEX:RUAL,2022-01-14T20:30:00+03:00,73.885,73.890,73.835,73.890,140
MOEX:RUAL,2022-01-14T20:31:00+03:00,73.890,73.890,73.840,73.840,13
MOEX:RUAL,2022-01-14T20:32:00+03:00,73.850,73.890,73.820,73.820,86
MOEX:RUAL,2022-01-14T20:33:00+03:00,73.810,73.840,73.765,73.765,320
MOEX:RUAL,2022-01-14T20:34:00+03:00,73.840,73.845,73.775,73.845,12
MOEX:RUAL,2022-01-14T20:35:00+03:00,73.830,73.845,73.780,73.845,215
MOEX:RUAL,2022-01-14T20:36:00+03:00,73.785,73.840,73.745,73.745,3200
MOEX:RUAL,2022-01-14T20:37:00+03:00,73.805,73.835,73.750,73.835,323
MOEX:RUAL,2022-01-14T20:38:00+03:00,73.840,73.840,73.755,73.810,96
MOEX:RUAL,2022-01-14T20:39:00+03:00,73.835,73.835,73.755,73.835,222
MOEX:RUAL,2022-01-14T20:40:00+03:00,73.830,73.845,73.770,73.845,11
MOEX:RUAL,2022-01-14T20:41:00+03:00,73.825,73.825,73.770,73.815,314
MOEX:RUAL,2022-01-14T20:42:00+03:00,73.810,73.810,73.720,73.805,1319
MOEX:RUAL,2022-01-14T20:43:00+03:00,73.805,73.810,73.750,73.810,225
MOEX:RUAL,2022-01-14T20:44:00+03:00,73.735,73.805,73.735,73.740,119
MOEX:RUAL,2022-01-14T20:45:00+03:00,73.795,73.800,73.795,73.795,25
MOEX:RUAL,2022-01-14T20:46:00+03:00,73.795,73.800,73.790,73.790,121
MOEX:RUAL,2022-01-14T20:47:00+03:00,73.795,73.840,73.735,73.755,1606
MOEX:RUAL,2022-01-14T20:48:00+03:00,73.800,73.810,73.745,73.745,182
MOEX:RUAL,2022-01-14T20:49:00+03:00,73.785,73.795,73.730,73.730,65
MOEX:RUAL,2022-01-14T20:50:00+03:00,73.750,73.750,73.700,73.700,47
MOEX:RUAL,2022-01-14T20:51:00+03:00,73.720,73.750,73.700,73.750,754
MOEX:RUAL,2022-01-14T20:52:00+03:00,73.750,73.750,73.750,73.750,20
MOEX:RUAL,2022-01-14T20:53:00+03:00,73.715,73.750,73.705,73.715,236
MOEX:RUAL,2022-01-14T20:54:00+03:00,73.705,73.805,73.705,73.740,626
MOEX:RUAL,2022-01-14T20:55:00+03:00,73.810,73.820,73.810,73.820,587
MOEX:RUAL,2022-01-14T20:56:00+03:00,73.830,73.880,73.830,73.880,848
MOEX:RUAL,2022-01-14T20:57:00+03:00,73.875,73.975,73.875,73.970,7990
MOEX:RUAL,2022-01-14T20:58:00+03:00,73.975,73.975,73.895,73.895,22
MOEX:RUAL,2022-01-14T20:59:00+03:00,73.900,73.935,73.900,73.935,24
MOEX:RUAL,2022-01-14T21:00:00+03:00,73.925,73.925,73.810,73.870,2193
MOEX:RUAL,2022-01-14T21:01:00+03:00,73.800,73.855,73.775,73.805,179
MOEX:RUAL,2022-01-14T21:02:00+03:00,73.860,73.865,73.800,73.800,35
MOEX:RUAL,2022-01-14T21:03:00+03:00,73.850,73.875,73.810,73.865,48
MOEX:RUAL,2022-01-14T21:04:00+03:00,73.865,73.865,73.865,73.865,1
MOEX:RUAL,2022-01-14T21:05:00+03:00,73.870,73.870,73.820,73.820,5
MOEX:RUAL,2022-01-14T21:06:00+03:00,73.810,73.855,73.810,73.855,308
MOEX:RUAL,2022-01-14T21:07:00+03:00,73.855,73.865,73.805,73.865,7
MOEX:RUAL,2022-01-14T21:08:00+03:00,73.870,73.870,73.825,73.825,22
MOEX:RUAL,2022-01-14T21:09:00+03:00,73.825,73.890,73.825,73.890,235
MOEX:RUAL,2022-01-14T21:10:00+03:00,73.870,73.870,73.800,73.800,103
MOEX:RUAL,2022-01-14T21:11:00+03:00,73.800,73.865,73.800,73.810,136
MOEX:RUAL,2022-01-14T21:12:00+03:00,73.810,73.860,73.810,73.860,37
MOEX:RUAL,2022-01-14T21:13:00+03:00,73.870,73.870,73.810,73.840,11
MOEX:RUAL,2022-01-14T21:14:00+03:00,73.815,73.890,73.815,73.845,524
MOEX:RUAL,2022-01-14T21:15:00+03:00,73.825,73.855,73.825,73.855,4
MOEX:RUAL,2022-01-14T21:16:00+03:00,73.810,73.870,73.800,73.870,138
MOEX:RUAL,2022-01-14T21:17:00+03:00,73.870,73.870,73.810,73.870,9
MOEX:RUAL,2022-01-14T21:18:00+03:00,73.870,73.870,73.800,73.805,212
MOEX:RUAL,2022-01-14T21:19:00+03:00,73.810,73.810,73.700,73.750,601
MOEX:RUAL,2022-01-14T21:20:00+03:00,73.750,73.765,73.700,73.765,45
MOEX:RUAL,2022-01-14T21:21:00+03:00,73.765,73.765,73.765,73.765,10
MOEX:RUAL,2022-01-14T21:22:00+03:00,73.750,73.750,73.715,73.720,6
MOEX:RUAL,2022-01-14T21:23:00+03:00,73.700,73.700,73.525,73.590,1876
MOEX:RUAL,2022-01-14T21:24:00+03:00,73.595,73.595,73.540,73.540,1018
MOEX:RUAL,2022-01-14T21:25:00+03:00,73.565,73.635,73.565,73.630,88
MOEX:RUAL,2022-01-14T21:26:00+03:00,73.580,73.740,73.580,73.740,782
MOEX:RUAL,2022-01-14T21:27:00+03:00,73.755,73.835,73.750,73.835,770
MOEX:RUAL,2022-01-14T21:28:00+03:00,73.830,73.885,73.780,73.865,360
MOEX:RUAL,2022-01-14T21:29:00+03:00,73.860,73.875,73.770,73.870,141
MOEX:RUAL,2022-01-14T21:30:00+03:00,73.865,73.870,73.865,73.865,185
MOEX:RUAL,2022-01-14T21:31:00+03:00,73.865,73.865,73.865,73.865,38
MOEX:RUAL,2022-01-14T21:32:00+03:00,73.850,73.850,73.795,73.830,124
MOEX:RUAL,2022-01-14T21:33:00+03:00,73.830,73.840,73.780,73.830,17
MOEX:RUAL,2022-01-14T21:34:00+03:00,73.790,73.835,73.765,73.835,177
MOEX:RUAL,2022-01-14T21:35:00+03:00,73.835,73.835,73.630,73.630,1585
MOEX:RUAL,2022-01-14T21:36:00+03:00,73.635,73.635,73.530,73.580,1848
MOEX:RUAL,2022-01-14T21:37:00+03:00,73.590,73.600,73.555,73.555,305
MOEX:RUAL,2022-01-14T21:38:00+03:00,73.560,73.560,73.455,73.540,3171
MOEX:RUAL,2022-01-14T21:39:00+03:00,73.505,73.550,73.500,73.535,61
MOEX:RUAL,2022-01-14T21:40:00+03:00,73.535,73.595,73.500,73.595,2172
MOEX:RUAL,2022-01-14T21:41:00+03:00,73.525,73.600,73.525,73.595,161
MOEX:RUAL,2022-01-14T21:42:00+03:00,73.595,73.595,73.595,73.595,8
MOEX:RUAL,2022-01-14T21:43:00+03:00,73.595,73.595,73.555,73.595,68
MOEX:RUAL,2022-01-14T21:44:00+03:00,73.595,73.600,73.570,73.600,26
MOEX:RUAL,2022-01-14T21:45:00+03:00,73.595,73.600,73.550,73.550,515
MOEX:RUAL,2022-01-14T21:46:00+03:00,73.590,73.595,73.565,73.565,5
MOEX:RUAL,2022-01-14T21:47:00+03:00,73.570,73.700,73.570,73.700,3679
MOEX:RUAL,2022-01-14T21:48:00+03:00,73.690,73.690,73.620,73.620,404
MOEX:RUAL,2022-01-14T21:49:00+03:00,73.665,73.665,73.610,73.610,8
MOEX:RUAL,2022-01-14T21:50:00+03:00,73.635,73.690,73.620,73.665,337
MOEX:RUAL,2022-01-14T21:51:00+03:00,73.695,73.700,73.620,73.700,673
MOEX:RUAL,2022-01-14T21:52:00+03:00,73.660,73.680,73.615,73.670,158
MOEX:RUAL,2022-01-14T21:53:00+03:00,73.615,73.685,73.615,73.625,64
MOEX:RUAL,2022-01-14T21:54:00+03:00,73.610,73.615,73.595,73.605,49
MOEX:RUAL,2022-01-14T21:55:00+03:00,73.605,73.610,73.605,73.610,14
MOEX:RUAL,2022-01-14T21:56:00+03:00,73.605,73.605,73.515,73.545,314
MOEX:RUAL,2022-01-14T21:57:00+03:00,73.595,73.605,73.575,73.575,6
MOEX:RUAL,2022-01-14T21:58:00+03:00,73.555,73.630,73.555,73.620,162
MOEX:RUAL,2022-01-14T21:59:00+03:00,73.590,73.590,73.470,73.470,3009
MOEX:RUAL,2022-01-14T22:00:00+03:00,73.505,73.505,73.350,73.385,2636
MOEX:RUAL,2022-01-14T22:01:00+03:00,73.360,73.380,73.350,73.380,523
MOEX:RUAL,2022-01-14T22:02:00+03:00,73.380,73.520,73.380,73.445,428
MOEX:RUAL,2022-01-14T22:03:00+03:00,73.440,73.535,73.400,73.440,46
MOEX:RUAL,2022-01-14T22:04:00+03:00,73.395,73.435,73.345,73.345,34
MOEX:RUAL,2022-01-14T22:05:00+03:00,73.385,73.465,73.385,73.450,247
MOEX:RUAL,2022-01-14T22:06:00+03:00,73.440,73.445,73.380,73.380,10
MOEX:RUAL,2022-01-14T22:07:00+03:00,73.375,73.400,73.370,73.400,171
MOEX:RUAL,2022-01-14T22:08:00+03:00,73.425,73.425,73.425,73.425,1
MOEX:RUAL,2022-01-14T22:09:00+03:00,73.435,73.465,73.435,73.465,107
MOEX:RUAL,2022-01-14T22:10:00+03:00,73.425,73.425,73.370,73.400,38
MOEX:RUAL,2022-01-14T22:11:00+03:00,73.400,73.410,73.380,73.395,53
MOEX:RUAL,2022-01-14T22:12:00+03:00,73.395,73.470,73.395,73.470,141
MOEX:RUAL,2022-01-14T22:13:00+03:00,73.485,73.500,73.485,73.500,19
MOEX:RUAL,2022-01-14T22:14:00+03:00,73.585,73.630,73.585,73.625,212
MOEX:RUAL,2022-01-14T22:15:00+03:00,73.630,73.630,73.600,73.600,150
MOEX:RUAL,2022-01-14T22:16:00+03:00,73.630,73.630,73.600,73.625,19
MOEX:RUAL,2022-01-14T22:17:00+03:00,73.625,73.625,73.470,73.490,2253
MOEX:RUAL,2022-01-14T22:18:00+03:00,73.495,73.500,73.490,73.500,155
MOEX:RUAL,2022-01-14T22:19:00+03:00,73.500,73.500,73.455,73.485,213
MOEX:RUAL,2022-01-14T22:20:00+03:00,73.500,73.580,73.500,73.580,1407
MOEX:RUAL,2022-01-14T22:21:00+03:00,73.580,73.630,73.515,73.600,478
MOEX:RUAL,2022-01-14T22:22:00+03:00,73.575,73.575,73.485,73.530,85
MOEX:RUAL,2022-01-14T22:23:00+03:00,73.525,73.530,73.490,73.500,66
MOEX:RUAL,2022-01-14T22:24:00+03:00,73.530,73.545,73.515,73.515,15
MOEX:RUAL,2022-01-14T22:25:00+03:00,73.515,73.540,73.500,73.500,146
MOEX:RUAL,2022-01-14T22:26:00+03:00,73.500,73.530,73.450,73.530,139
MOEX:RUAL,2022-01-14T22:27:00+03:00,73.500,73.610,73.500,73.610,258
MOEX:RUAL,2022-01-14T22:28:00+03:00,73.610,73.630,73.565,73.565,350
MOEX:RUAL,2022-01-14T22:29:00+03:00,73.630,73.680,73.630,73.650,100
MOEX:RUAL,2022-01-14T22:30:00+03:00,73.685,73.700,73.650,73.700,80
MOEX:RUAL,2022-01-14T22:31:00+03:00,73.700,73.700,73.595,73.685,315
MOEX:RUAL,2022-01-14T22:32:00+03:00,73.700,73.700,73.645,73.685,82
MOEX:RUAL,2022-01-14T22:33:00+03:00,73.690,73.695,73.640,73.690,39
MOEX:RUAL,2022-01-14T22:34:00+03:00,73.690,73.690,73.690,73.690,5
MOEX:RUAL,2022-01-14T22:35:00+03:00,73.650,73.690,73.650,73.690,68
MOEX:RUAL,2022-01-14T22:36:00+03:00,73.690,73.690,73.690,73.690,2
MOEX:RUAL,2022-01-14T22:37:00+03:00,73.690,73.690,73.690,73.690,2
MOEX:RUAL,2022-01-14T22:38:00+03:00,73.685,73.690,73.685,73.690,234
MOEX:RUAL,2022-01-14T22:39:00+03:00,73.690,73.700,73.680,73.685,1998
MOEX:RUAL,2022-01-14T22:40:00+03:00,73.685,73.690,73.610,73.670,164
MOEX:RUAL,2022-01-14T22:41:00+03:00,73.660,73.695,73.640,73.695,189
MOEX:RUAL,2022-01-14T22:42:00+03:00,73.660,73.685,73.610,73.630,100
MOEX:RUAL,2022-01-14T22:43:00+03:00,73.635,73.640,73.605,73.640,84
MOEX:RUAL,2022-01-14T22:44:00+03:00,73.635,73.635,73.580,73.615,798
MOEX:RUAL,2022-01-14T22:45:00+03:00,73.615,73.635,73.615,73.615,153
MOEX:RUAL,2022-01-14T22:46:00+03:00,73.610,73.650,73.610,73.650,213
MOEX:RUAL,2022-01-14T22:47:00+03:00,73.645,73.685,73.635,73.660,402
MOEX:RUAL,2022-01-14T22:48:00+03:00,73.685,73.685,73.650,73.655,197
MOEX:RUAL,2022-01-14T22:49:00+03:00,73.660,73.660,73.660,73.660,1
MOEX:RUAL,2022-01-14T22:50:00+03:00,73.660,73.685,73.660,73.685,166
MOEX:RUAL,2022-01-14T22:51:00+03:00,73.685,73.685,73.660,73.685,930
MOEX:RUAL,2022-01-14T22:52:00+03:00,73.680,73.685,73.660,73.685,17
MOEX:RUAL,2022-01-14T22:53:00+03:00,73.685,73.685,73.640,73.685,349
MOEX:RUAL,2022-01-14T22:54:00+03:00,73.690,73.690,73.690,73.690,83
MOEX:RUAL,2022-01-14T22:55:00+03:00,73.690,73.690,73.685,73.690,25
MOEX:RUAL,2022-01-14T22:56:00+03:00,73.685,73.800,73.685,73.795,3761
MOEX:RUAL,2022-01-14T22:57:00+03:00,73.795,73.800,73.735,73.800,168
MOEX:RUAL,2022-01-14T22:58:00+03:00,73.740,73.740,73.720,73.720,200
MOEX:RUAL,2022-01-14T22:59:00+03:00,73.735,73.795,73.735,73.735,71
MOEX:RUAL,2022-01-14T23:00:00+03:00,73.795,73.835,73.790,73.835,635
MOEX:RUAL,2022-01-14T23:01:00+03:00,73.840,73.880,73.840,73.880,123
MOEX:RUAL,2022-01-14T23:02:00+03:00,73.885,73.895,73.880,73.880,39
MOEX:RUAL,2022-01-14T23:03:00+03:00,73.880,73.900,73.880,73.900,186
MOEX:RUAL,2022-01-14T23:04:00+03:00,73.900,73.900,73.895,73.900,110
MOEX:RUAL,2022-01-14T23:05:00+03:00,73.895,73.900,73.895,73.900,156
MOEX:RUAL,2022-01-14T23:06:00+03:00,73.895,73.895,73.865,73.890,901
MOEX:RUAL,2022-01-14T23:07:00+03:00,73.850,73.850,73.825,73.825,510
MOEX:RUAL,2022-01-14T23:08:00+03:00,73.825,73.875,73.805,73.825,578
MOEX:RUAL,2022-01-14T23:09:00+03:00,73.865,73.900,73.820,73.900,1737
MOEX:RUAL,2022-01-14T23:10:00+03:00,73.865,73.865,73.850,73.850,16
MOEX:RUAL,2022-01-14T23:11:00+03:00,73.850,73.850,73.820,73.820,13
MOEX:RUAL,2022-01-14T23:12:00+03:00,73.850,73.895,73.850,73.895,295
MOEX:RUAL,2022-01-14T23:13:00+03:00,73.895,73.900,73.850,73.855,3357
MOEX:RUAL,2022-01-14T23:15:00+03:00,73.855,73.855,73.850,73.855,6
MOEX:RUAL,2022-01-14T23:16:00+03:00,73.815,73.850,73.815,73.850,3
MOEX:RUAL,2022-01-14T23:17:00+03:00,73.815,73.855,73.810,73.855,11
MOEX:RUAL,2022-01-14T23:18:00+03:00,73.855,73.910,73.815,73.860,2221
MOEX:RUAL,2022-01-14T23:19:00+03:00,73.860,73.860,73.860,73.860,1
MOEX:RUAL,2022-01-14T23:20:00+03:00,73.920,73.920,73.920,73.920,31
MOEX:RUAL,2022-01-14T23:21:00+03:00,73.920,73.920,73.920,73.920,18
MOEX:RUAL,2022-01-14T23:22:00+03:00,73.900,73.920,73.880,73.900,1097
MOEX:RUAL,2022-01-14T23:23:00+03:00,73.920,73.975,73.920,73.975,3321
MOEX:RUAL,2022-01-14T23:24:00+03:00,73.975,73.980,73.975,73.980,61
MOEX:RUAL,2022-01-14T23:25:00+03:00,73.980,74.000,73.975,74.000,13578
MOEX:RUAL,2022-01-14T23:26:00+03:00,74.000,74.000,73.975,73.995,5433
MOEX:RUAL,2022-01-14T23:27:00+03:00,74.000,74.000,73.960,73.960,1816
MOEX:RUAL,2022-01-14T23:28:00+03:00,73.965,74.000,73.915,73.985,1394
MOEX:RUAL,2022-01-14T23:29:00+03:00,73.985,74.000,73.915,73.925,235
MOEX:RUAL,2022-01-14T23:30:00+03:00,73.930,73.995,73.925,73.990,148
MOEX:RUAL,2022-01-14T23:31:00+03:00,73.990,73.990,73.925,73.970,580
MOEX:RUAL,2022-01-14T23:32:00+03:00,73.930,73.930,73.800,73.830,2927
MOEX:RUAL,2022-01-14T23:33:00+03:00,73.860,73.880,73.830,73.880,13
MOEX:RUAL,2022-01-14T23:34:00+03:00,73.880,73.965,73.880,73.905,1123
MOEX:RUAL,2022-01-14T23:35:00+03:00,73.920,73.950,73.920,73.920,96
MOEX:RUAL,2022-01-14T23:36:00+03:00,73.930,73.970,73.930,73.955,1127
MOEX:RUAL,2022-01-14T23:37:00+03:00,73.940,73.950,73.940,73.940,75
MOEX:RUAL,2022-01-14T23:38:00+03:00,73.940,73.975,73.940,73.975,486
MOEX:RUAL,2022-01-14T23:39:00+03:00,73.970,73.975,73.970,73.975,117
MOEX:RUAL,2022-01-14T23:40:00+03:00,73.975,73.975,73.975,73.975,127
MOEX:RUAL,2022-01-14T23:41:00+03:00,73.975,73.975,73.970,73.975,461
MOEX:RUAL,2022-01-14T23:42:00+03:00,73.980,73.995,73.940,73.980,1571
MOEX:RUAL,2022-01-14T23:43:00+03:00,73.975,74.000,73.940,74.000,4448
MOEX:RUAL,2022-01-14T23:44:00+03:00,74.000,74.000,73.990,74.000,1813
MOEX:RUAL,2022-01-14T23:45:00+03:00,74.000,74.000,73.985,73.985,834
MOEX:RUAL,2022-01-14T23:46:00+03:00,73.990,73.990,73.980,73.985,121
MOEX:RUAL,2022-01-14T23:47:00+03:00,74.000,74.000,73.955,73.955,372
MOEX:RUAL,2022-01-14T23:48:00+03:00,73.950,74.100,73.950,74.095,7433
MOEX:RUAL,2022-01-14T23:49:00+03:00,74.090,74.140,74.000,74.000,3654
