Finam:BR,2022-02-28T02:00:00+03:00,96.34,100.10,96.34,99.63,3867
Finam:BR,2022-02-28T02:01:00+03:00,99.78,100.40,99.64,100.04,1740
Finam:BR,2022-02-28T02:02:00+03:00,100.01,100.48,100.01,100.32,662
Finam:BR,2022-02-28T02:03:00+03:00,100.32,100.77,100.27,100.74,735
Finam:BR,2022-02-28T02:04:00+03:00,100.77,101.08,100.59,101.01,946
Finam:BR,2022-02-28T02:05:00+03:00,101.01,101.28,101.00,101.28,1083
Finam:BR,2022-02-28T02:06:00+03:00,101.26,101.28,100.76,100.83,853
Finam:BR,2022-02-28T02:07:00+03:00,100.83,100.93,100.51,100.52,740
Finam:BR,2022-02-28T02:08:00+03:00,100.52,100.66,100.50,100.57,360
Finam:BR,2022-02-28T02:09:00+03:00,100.57,100.57,100.15,100.19,424
Finam:BR,2022-02-28T02:10:00+03:00,100.22,100.41,100.01,100.37,288
Finam:BR,2022-02-28T02:11:00+03:00,100.38,100.42,100.06,100.10,335
Finam:BR,2022-02-28T02:12:00+03:00,100.07,100.12,99.78,99.88,572
Finam:BR,2022-02-28T02:13:00+03:00,99.88,100.02,99.56,99.80,1162
Finam:BR,2022-02-28T02:14:00+03:00,99.90,100.03,99.81,99.87,144
Finam:BR,2022-02-28T02:15:00+03:00,99.87,99.87,99.56,99.57,59
Finam:BR,2022-02-28T02:16:00+03:00,99.60,99.60,99.31,99.31,396
Finam:BR,2022-02-28T02:17:00+03:00,99.33,99.52,99.25,99.52,385
Finam:BR,2022-02-28T02:18:00+03:00,99.52,99.54,99.27,99.40,128
Finam:BR,2022-02-28T02:19:00+03:00,99.40,99.40,99.10,99.29,362
Finam:BR,2022-02-28T02:20:00+03:00,99.30,99.33,99.18,99.21,150
Finam:BR,2022-02-28T02:21:00+03:00,99.27,99.30,99.14,99.16,93
Finam:BR,2022-02-28T02:22:00+03:00,99.15,99.15,98.81,98.90,298
Finam:BR,2022-02-28T02:23:00+03:00,98.90,98.97,98.75,98.97,290
Finam:BR,2022-02-28T02:24:00+03:00,98.96,99.05,98.84,99.05,247
Finam:BR,2022-02-28T02:25:00+03:00,99.11,99.65,99.11,99.40,259
Finam:BR,2022-02-28T02:26:00+03:00,99.40,99.80,99.40,99.80,159
Finam:BR,2022-02-28T02:27:00+03:00,99.80,99.95,99.60,99.60,131
Finam:BR,2022-02-28T02:28:00+03:00,99.60,99.77,99.60,99.69,201
Finam:BR,2022-02-28T02:29:00+03:00,99.76,99.76,99.69,99.71,43
Finam:BR,2022-02-28T02:30:00+03:00,99.64,99.80,99.60,99.72,88
Finam:BR,2022-02-28T02:31:00+03:00,99.72,99.80,99.60,99.69,120
Finam:BR,2022-02-28T02:32:00+03:00,99.69,99.72,99.61,99.65,192
Finam:BR,2022-02-28T02:33:00+03:00,99.65,99.66,99.60,99.60,133
Finam:BR,2022-02-28T02:34:00+03:00,99.63,99.67,99.48,99.51,147
Finam:BR,2022-02-28T02:35:00+03:00,99.52,99.68,99.44,99.60,39
Finam:BR,2022-02-28T02:36:00+03:00,99.60,99.63,99.46,99.52,52
Finam:BR,2022-02-28T02:37:00+03:00,99.52,99.56,99.39,99.46,126
Finam:BR,2022-02-28T02:38:00+03:00,99.53,99.68,99.50,99.63,74
Finam:BR,2022-02-28T02:39:00+03:00,99.62,99.67,99.56,99.56,19
Finam:BR,2022-02-28T02:40:00+03:00,99.61,99.61,99.41,99.53,138
Finam:BR,2022-02-28T02:41:00+03:00,99.56,99.61,99.51,99.56,29
Finam:BR,2022-02-28T02:42:00+03:00,99.56,99.63,99.54,99.63,24
Finam:BR,2022-02-28T02:43:00+03:00,99.57,99.60,99.57,99.59,7
Finam:BR,2022-02-28T02:44:00+03:00,99.63,99.63,99.53,99.55,57
Finam:BR,2022-02-28T02:45:00+03:00,99.56,99.56,99.52,99.55,148
Finam:BR,2022-02-28T02:46:00+03:00,99.55,99.63,99.55,99.63,44
Finam:BR,2022-02-28T02:47:00+03:00,99.63,99.63,99.57,99.61,57
Finam:BR,2022-02-28T02:48:00+03:00,99.60,99.73,99.60,99.71,117
Finam:BR,2022-02-28T02:49:00+03:00,99.70,99.71,99.66,99.70,89
Finam:BR,2022-02-28T02:50:00+03:00,99.68,99.68,99.30,99.30,320
Finam:BR,2022-02-28T02:51:00+03:00,99.32,99.33,99.30,99.31,48
Finam:BR,2022-02-28T02:52:00+03:00,99.32,99.43,99.32,99.39,54
Finam:BR,2022-02-28T02:53:00+03:00,99.38,99.38,99.34,99.38,10
Finam:BR,2022-02-28T02:54:00+03:00,99.37,99.45,99.37,99.42,59
Finam:BR,2022-02-28T02:55:00+03:00,99.45,99.55,99.42,99.51,85
Finam:BR,2022-02-28T02:56:00+03:00,99.56,99.56,99.42,99.42,57
Finam:BR,2022-02-28T02:57:00+03:00,99.42,99.43,99.32,99.40,43
Finam:BR,2022-02-28T02:58:00+03:00,99.40,99.45,99.40,99.43,207
Finam:BR,2022-02-28T02:59:00+03:00,99.41,99.42,99.36,99.39,35
Finam:BR,2022-02-28T03:00:00+03:00,99.36,99.39,99.25,99.28,250
Finam:BR,2022-02-28T03:01:00+03:00,99.28,99.28,99.10,99.13,61
Finam:BR,2022-02-28T03:02:00+03:00,99.13,99.13,99.00,99.00,148
Finam:BR,2022-02-28T03:03:00+03:00,99.04,99.28,99.04,99.28,54
Finam:BR,2022-02-28T03:04:00+03:00,99.26,99.30,99.21,99.23,48
Finam:BR,2022-02-28T03:05:00+03:00,99.21,99.22,99.15,99.20,32
Finam:BR,2022-02-28T03:06:00+03:00,99.20,99.20,99.13,99.13,29
Finam:BR,2022-02-28T03:07:00+03:00,99.17,99.18,99.04,99.05,28
Finam:BR,2022-02-28T03:08:00+03:00,99.06,99.08,99.00,99.03,24
Finam:BR,2022-02-28T03:09:00+03:00,99.03,99.07,99.00,99.00,32
Finam:BR,2022-02-28T03:10:00+03:00,99.00,99.03,98.96,99.01,57
Finam:BR,2022-02-28T03:11:00+03:00,99.03,99.19,99.03,99.17,61
Finam:BR,2022-02-28T03:12:00+03:00,99.20,99.22,99.05,99.06,68
Finam:BR,2022-02-28T03:13:00+03:00,99.06,99.07,99.05,99.07,12
Finam:BR,2022-02-28T03:14:00+03:00,99.05,99.05,98.98,98.98,35
Finam:BR,2022-02-28T03:15:00+03:00,98.97,99.00,98.97,99.00,22
Finam:BR,2022-02-28T03:16:00+03:00,98.98,99.10,98.98,99.09,87
Finam:BR,2022-02-28T03:17:00+03:00,99.11,99.21,99.11,99.15,66
Finam:BR,2022-02-28T03:18:00+03:00,99.20,99.35,99.20,99.30,110
Finam:BR,2022-02-28T03:19:00+03:00,99.27,99.33,99.25,99.25,20
Finam:BR,2022-02-28T03:20:00+03:00,99.22,99.22,99.15,99.15,22
Finam:BR,2022-02-28T03:21:00+03:00,99.15,99.18,99.15,99.15,31
Finam:BR,2022-02-28T03:22:00+03:00,99.16,99.42,99.15,99.41,51
Finam:BR,2022-02-28T03:23:00+03:00,99.40,99.43,99.37,99.40,38
Finam:BR,2022-02-28T03:24:00+03:00,99.38,99.40,99.38,99.38,16
Finam:BR,2022-02-28T03:25:00+03:00,99.38,99.38,99.24,99.31,57
Finam:BR,2022-02-28T03:26:00+03:00,99.31,99.31,99.30,99.30,4
Finam:BR,2022-02-28T03:27:00+03:00,99.32,99.36,99.28,99.28,12
Finam:BR,2022-02-28T03:28:00+03:00,99.26,99.27,99.21,99.21,23
Finam:BR,2022-02-28T03:29:00+03:00,99.22,99.27,99.20,99.27,12
Finam:BR,2022-02-28T03:30:00+03:00,99.24,99.32,99.22,99.26,12
Finam:BR,2022-02-28T03:31:00+03:00,99.25,99.32,99.25,99.32,13
Finam:BR,2022-02-28T03:32:00+03:00,99.35,99.35,99.31,99.31,8
Finam:BR,2022-02-28T03:33:00+03:00,99.31,99.31,99.28,99.29,13
Finam:BR,2022-02-28T03:34:00+03:00,99.27,99.27,99.23,99.23,5
Finam:BR,2022-02-28T03:35:00+03:00,99.22,99.22,99.22,99.22,6
Finam:BR,2022-02-28T03:36:00+03:00,99.30,99.42,99.30,99.42,66
Finam:BR,2022-02-28T03:37:00+03:00,99.40,99.43,99.37,99.42,54
Finam:BR,2022-02-28T03:38:00+03:00,99.38,99.42,99.37,99.38,103
Finam:BR,2022-02-28T03:39:00+03:00,99.38,99.38,99.05,99.13,256
Finam:BR,2022-02-28T03:40:00+03:00,99.16,99.22,99.16,99.22,23
Finam:BR,2022-02-28T03:41:00+03:00,99.22,99.22,99.22,99.22,4
Finam:BR,2022-02-28T03:42:00+03:00,99.25,99.30,99.25,99.26,36
Finam:BR,2022-02-28T03:43:00+03:00,99.27,99.41,99.27,99.41,83
Finam:BR,2022-02-28T03:44:00+03:00,99.37,99.37,99.32,99.34,74
Finam:BR,2022-02-28T03:45:00+03:00,99.30,99.33,99.26,99.33,23
Finam:BR,2022-02-28T03:46:00+03:00,99.27,99.42,99.25,99.41,50
Finam:BR,2022-02-28T03:47:00+03:00,99.42,99.45,99.42,99.42,29
Finam:BR,2022-02-28T03:48:00+03:00,99.40,99.45,99.40,99.45,64
Finam:BR,2022-02-28T03:49:00+03:00,99.41,99.45,99.34,99.38,56
Finam:BR,2022-02-28T03:50:00+03:00,99.36,99.36,99.23,99.23,56
Finam:BR,2022-02-28T03:51:00+03:00,99.23,99.37,99.23,99.29,39
Finam:BR,2022-02-28T03:52:00+03:00,99.33,99.33,99.27,99.27,7
Finam:BR,2022-02-28T03:53:00+03:00,99.33,99.33,99.28,99.28,24
Finam:BR,2022-02-28T03:54:00+03:00,99.23,99.29,99.21,99.21,33
Finam:BR,2022-02-28T03:55:00+03:00,99.21,99.22,99.20,99.22,8
Finam:BR,2022-02-28T03:56:00+03:00,99.19,99.19,98.95,98.99,110
Finam:BR,2022-02-28T03:57:00+03:00,98.97,99.09,98.97,99.00,13
Finam:BR,2022-02-28T03:58:00+03:00,99.06,99.06,99.03,99.03,11
Finam:BR,2022-02-28T03:59:00+03:00,99.07,99.19,99.07,99.18,38
Finam:BR,2022-02-28T04:00:00+03:00,99.19,99.19,98.25,98.31,1168
Finam:BR,2022-02-28T04:01:00+03:00,98.31,98.46,98.03,98.26,526
Finam:BR,2022-02-28T04:02:00+03:00,98.28,98.65,98.28,98.45,329
Finam:BR,2022-02-28T04:03:00+03:00,98.45,98.51,98.28,98.33,243
Finam:BR,2022-02-28T04:04:00+03:00,98.31,98.64,98.25,98.64,424
Finam:BR,2022-02-28T04:05:00+03:00,98.63,98.63,98.53,98.57,112
Finam:BR,2022-02-28T04:06:00+03:00,98.57,98.57,98.23,98.29,130
Finam:BR,2022-02-28T04:07:00+03:00,98.29,98.41,98.29,98.40,33
Finam:BR,2022-02-28T04:08:00+03:00,98.36,98.36,98.24,98.32,95
Finam:BR,2022-02-28T04:09:00+03:00,98.33,98.37,98.21,98.23,79
Finam:BR,2022-02-28T04:10:00+03:00,98.22,98.26,98.10,98.14,75
Finam:BR,2022-02-28T04:11:00+03:00,98.15,98.15,97.93,98.04,473
Finam:BR,2022-02-28T04:12:00+03:00,98.04,98.27,98.04,98.19,114
Finam:BR,2022-02-28T04:13:00+03:00,98.22,98.32,98.22,98.32,94
Finam:BR,2022-02-28T04:14:00+03:00,98.34,98.37,98.29,98.32,129
Finam:BR,2022-02-28T04:15:00+03:00,98.34,98.36,98.23,98.25,156
Finam:BR,2022-02-28T04:16:00+03:00,98.26,98.26,98.04,98.10,127
Finam:BR,2022-02-28T04:17:00+03:00,98.10,98.13,97.84,98.02,329
Finam:BR,2022-02-28T04:18:00+03:00,98.03,98.22,98.01,98.19,82
Finam:BR,2022-02-28T04:19:00+03:00,98.18,98.23,98.08,98.21,79
Finam:BR,2022-02-28T04:20:00+03:00,98.19,98.24,98.18,98.18,28
Finam:BR,2022-02-28T04:21:00+03:00,98.19,98.29,98.17,98.25,55
Finam:BR,2022-02-28T04:22:00+03:00,98.25,98.28,98.16,98.16,25
Finam:BR,2022-02-28T04:23:00+03:00,98.16,98.40,98.16,98.40,56
Finam:BR,2022-02-28T04:24:00+03:00,98.41,98.45,98.38,98.40,47
Finam:BR,2022-02-28T04:25:00+03:00,98.41,98.60,98.41,98.56,122
Finam:BR,2022-02-28T04:26:00+03:00,98.58,98.72,98.54,98.67,107
Finam:BR,2022-02-28T04:27:00+03:00,98.65,98.75,98.54,98.54,118
Finam:BR,2022-02-28T04:28:00+03:00,98.56,98.63,98.53,98.62,50
Finam:BR,2022-02-28T04:29:00+03:00,98.67,98.67,98.53,98.62,130
Finam:BR,2022-02-28T04:30:00+03:00,98.61,98.61,98.53,98.55,166
Finam:BR,2022-02-28T04:31:00+03:00,98.56,98.64,98.56,98.61,48
Finam:BR,2022-02-28T04:32:00+03:00,98.64,98.67,98.55,98.57,39
Finam:BR,2022-02-28T04:33:00+03:00,98.58,98.60,98.55,98.57,16
Finam:BR,2022-02-28T04:34:00+03:00,98.56,98.56,98.55,98.56,14
Finam:BR,2022-02-28T04:35:00+03:00,98.56,98.70,98.55,98.70,46
Finam:BR,2022-02-28T04:36:00+03:00,98.68,98.85,98.68,98.84,77
Finam:BR,2022-02-28T04:37:00+03:00,98.84,98.84,98.66,98.75,81
Finam:BR,2022-02-28T04:38:00+03:00,98.69,98.70,98.69,98.70,7
Finam:BR,2022-02-28T04:39:00+03:00,98.66,98.71,98.62,98.62,20
Finam:BR,2022-02-28T04:40:00+03:00,98.65,98.73,98.64,98.64,23
Finam:BR,2022-02-28T04:41:00+03:00,98.67,98.71,98.62,98.62,18
Finam:BR,2022-02-28T04:42:00+03:00,98.66,99.03,98.66,98.92,193
Finam:BR,2022-02-28T04:43:00+03:00,98.93,98.93,98.77,98.78,70
Finam:BR,2022-02-28T04:44:00+03:00,98.78,98.90,98.78,98.89,30
Finam:BR,2022-02-28T04:45:00+03:00,98.91,98.91,98.83,98.84,22
Finam:BR,2022-02-28T04:46:00+03:00,98.84,98.85,98.82,98.82,7
Finam:BR,2022-02-28T04:47:00+03:00,98.79,98.79,98.76,98.76,10
Finam:BR,2022-02-28T04:48:00+03:00,98.76,98.97,98.74,98.92,212
Finam:BR,2022-02-28T04:49:00+03:00,98.94,99.05,98.94,99.00,209
Finam:BR,2022-02-28T04:50:00+03:00,99.05,99.11,99.01,99.11,63
Finam:BR,2022-02-28T04:51:00+03:00,99.13,99.18,99.05,99.05,85
Finam:BR,2022-02-28T04:52:00+03:00,99.06,99.11,98.96,98.96,17
Finam:BR,2022-02-28T04:53:00+03:00,98.99,99.02,98.93,98.93,14
Finam:BR,2022-02-28T04:54:00+03:00,98.93,99.04,98.93,99.04,15
Finam:BR,2022-02-28T04:55:00+03:00,98.95,98.96,98.93,98.93,5
Finam:BR,2022-02-28T04:56:00+03:00,98.94,98.94,98.91,98.91,2
Finam:BR,2022-02-28T04:57:00+03:00,98.95,98.99,98.95,98.97,31
Finam:BR,2022-02-28T04:58:00+03:00,98.93,98.99,98.88,98.96,14
Finam:BR,2022-02-28T04:59:00+03:00,98.95,98.99,98.94,98.96,34
Finam:BR,2022-02-28T05:00:00+03:00,98.97,99.02,98.94,98.99,77
Finam:BR,2022-02-28T05:01:00+03:00,98.96,98.98,98.77,98.77,115
Finam:BR,2022-02-28T05:02:00+03:00,98.77,98.77,98.69,98.72,96
Finam:BR,2022-02-28T05:03:00+03:00,98.75,98.82,98.75,98.78,9
Finam:BR,2022-02-28T05:04:00+03:00,98.77,98.81,98.74,98.79,12
Finam:BR,2022-02-28T05:05:00+03:00,98.79,98.83,98.73,98.75,65
Finam:BR,2022-02-28T05:06:00+03:00,98.76,98.86,98.76,98.85,28
Finam:BR,2022-02-28T05:07:00+03:00,98.83,98.84,98.78,98.78,45
Finam:BR,2022-02-28T05:08:00+03:00,98.77,98.82,98.75,98.79,60
Finam:BR,2022-02-28T05:09:00+03:00,98.81,98.85,98.79,98.83,8
Finam:BR,2022-02-28T05:10:00+03:00,98.82,98.82,98.76,98.76,2
Finam:BR,2022-02-28T05:11:00+03:00,98.78,98.78,98.74,98.74,36
Finam:BR,2022-02-28T05:12:00+03:00,98.74,98.79,98.74,98.74,29
Finam:BR,2022-02-28T05:13:00+03:00,98.77,98.77,98.71,98.72,4
Finam:BR,2022-02-28T05:14:00+03:00,98.70,98.70,98.69,98.69,5
Finam:BR,2022-02-28T05:15:00+03:00,98.74,98.77,98.66,98.70,17
Finam:BR,2022-02-28T05:16:00+03:00,98.70,98.70,98.60,98.60,31
Finam:BR,2022-02-28T05:17:00+03:00,98.60,98.60,98.58,98.59,23
Finam:BR,2022-02-28T05:18:00+03:00,98.57,98.57,98.54,98.55,14
Finam:BR,2022-02-28T05:19:00+03:00,98.55,98.56,98.48,98.56,63
Finam:BR,2022-02-28T05:20:00+03:00,98.57,98.57,98.54,98.54,5
Finam:BR,2022-02-28T05:21:00+03:00,98.54,98.54,98.54,98.54,1
Finam:BR,2022-02-28T05:22:00+03:00,98.54,98.58,98.54,98.55,9
Finam:BR,2022-02-28T05:23:00+03:00,98.57,98.58,98.57,98.57,4
Finam:BR,2022-02-28T05:24:00+03:00,98.60,98.60,98.56,98.56,37
Finam:BR,2022-02-28T05:25:00+03:00,98.57,98.57,98.48,98.49,65
Finam:BR,2022-02-28T05:26:00+03:00,98.50,98.52,98.47,98.49,19
Finam:BR,2022-02-28T05:27:00+03:00,98.51,98.53,98.48,98.51,139
Finam:BR,2022-02-28T05:28:00+03:00,98.50,98.52,98.50,98.52,13
Finam:BR,2022-02-28T05:29:00+03:00,98.52,98.52,98.47,98.48,42
Finam:BR,2022-02-28T05:30:00+03:00,98.50,98.54,98.49,98.51,409
Finam:BR,2022-02-28T05:31:00+03:00,98.51,98.55,98.49,98.49,230
Finam:BR,2022-02-28T05:32:00+03:00,98.48,98.52,98.47,98.52,86
Finam:BR,2022-02-28T05:33:00+03:00,98.51,98.51,98.49,98.49,8
Finam:BR,2022-02-28T05:34:00+03:00,98.50,98.77,98.50,98.72,470
Finam:BR,2022-02-28T05:35:00+03:00,98.72,98.82,98.72,98.82,76
Finam:BR,2022-02-28T05:36:00+03:00,98.84,98.86,98.77,98.82,63
Finam:BR,2022-02-28T05:37:00+03:00,98.81,98.95,98.81,98.92,211
Finam:BR,2022-02-28T05:38:00+03:00,98.92,98.93,98.85,98.89,71
Finam:BR,2022-02-28T05:39:00+03:00,98.93,98.96,98.86,98.86,45
Finam:BR,2022-02-28T05:40:00+03:00,98.88,98.89,98.80,98.85,57
Finam:BR,2022-02-28T05:41:00+03:00,98.85,98.85,98.77,98.78,75
Finam:BR,2022-02-28T05:42:00+03:00,98.78,98.78,98.70,98.75,19
Finam:BR,2022-02-28T05:43:00+03:00,98.70,98.76,98.69,98.73,10
Finam:BR,2022-02-28T05:44:00+03:00,98.73,98.73,98.68,98.68,5
Finam:BR,2022-02-28T05:45:00+03:00,98.71,98.72,98.63,98.63,60
Finam:BR,2022-02-28T05:46:00+03:00,98.62,98.62,98.51,98.52,85
Finam:BR,2022-02-28T05:47:00+03:00,98.50,98.50,98.05,98.41,1698
Finam:BR,2022-02-28T05:48:00+03:00,98.40,98.43,98.28,98.39,146
Finam:BR,2022-02-28T05:49:00+03:00,98.42,98.48,98.40,98.43,51
Finam:BR,2022-02-28T05:50:00+03:00,98.43,98.48,98.35,98.38,50
Finam:BR,2022-02-28T05:51:00+03:00,98.35,98.43,98.34,98.43,21
Finam:BR,2022-02-28T05:52:00+03:00,98.40,98.40,98.39,98.40,9
Finam:BR,2022-02-28T05:53:00+03:00,98.40,98.40,98.33,98.40,48
Finam:BR,2022-02-28T05:54:00+03:00,98.37,98.42,98.32,98.34,72
Finam:BR,2022-02-28T05:55:00+03:00,98.35,98.39,98.34,98.38,30
Finam:BR,2022-02-28T05:56:00+03:00,98.38,98.38,98.32,98.34,44
Finam:BR,2022-02-28T05:57:00+03:00,98.35,98.35,98.30,98.34,74
Finam:BR,2022-02-28T05:58:00+03:00,98.34,98.34,98.29,98.29,57
Finam:BR,2022-02-28T05:59:00+03:00,98.28,98.32,98.28,98.30,42
Finam:BR,2022-02-28T06:00:00+03:00,98.32,98.45,98.32,98.40,231
Finam:BR,2022-02-28T06:01:00+03:00,98.37,98.37,98.29,98.32,17
Finam:BR,2022-02-28T06:02:00+03:00,98.31,98.31,98.31,98.31,4
Finam:BR,2022-02-28T06:03:00+03:00,98.31,98.35,98.30,98.30,25
Finam:BR,2022-02-28T06:04:00+03:00,98.30,98.35,98.30,98.33,142
Finam:BR,2022-02-28T06:05:00+03:00,98.34,98.35,98.31,98.34,15
Finam:BR,2022-02-28T06:06:00+03:00,98.34,98.34,98.30,98.32,193
Finam:BR,2022-02-28T06:07:00+03:00,98.32,98.44,98.30,98.44,62
Finam:BR,2022-02-28T06:08:00+03:00,98.42,98.42,98.39,98.41,23
Finam:BR,2022-02-28T06:09:00+03:00,98.40,98.42,98.36,98.41,30
Finam:BR,2022-02-28T06:10:00+03:00,98.40,98.43,98.40,98.42,19
Finam:BR,2022-02-28T06:11:00+03:00,98.40,98.44,98.38,98.42,26
Finam:BR,2022-02-28T06:12:00+03:00,98.40,98.40,98.32,98.37,95
Finam:BR,2022-02-28T06:13:00+03:00,98.39,98.44,98.38,98.40,20
Finam:BR,2022-02-28T06:14:00+03:00,98.37,98.44,98.37,98.42,18
Finam:BR,2022-02-28T06:15:00+03:00,98.44,98.57,98.44,98.55,69
Finam:BR,2022-02-28T06:16:00+03:00,98.53,98.63,98.51,98.63,92
Finam:BR,2022-02-28T06:17:00+03:00,98.63,98.66,98.62,98.65,16
Finam:BR,2022-02-28T06:18:00+03:00,98.66,98.68,98.63,98.63,31
Finam:BR,2022-02-28T06:19:00+03:00,98.64,98.64,98.59,98.61,15
Finam:BR,2022-02-28T06:20:00+03:00,98.58,98.66,98.58,98.61,22
Finam:BR,2022-02-28T06:21:00+03:00,98.61,98.63,98.60,98.60,6
Finam:BR,2022-02-28T06:22:00+03:00,98.63,98.68,98.63,98.64,15
Finam:BR,2022-02-28T06:23:00+03:00,98.64,98.69,98.64,98.67,12
Finam:BR,2022-02-28T06:24:00+03:00,98.64,98.64,98.60,98.60,6
Finam:BR,2022-02-28T06:25:00+03:00,98.60,98.69,98.60,98.65,84
Finam:BR,2022-02-28T06:26:00+03:00,98.65,98.70,98.65,98.66,44
Finam:BR,2022-02-28T06:27:00+03:00,98.68,98.69,98.66,98.69,8
Finam:BR,2022-02-28T06:28:00+03:00,98.70,98.72,98.67,98.67,13
Finam:BR,2022-02-28T06:29:00+03:00,98.65,98.66,98.65,98.66,6
Finam:BR,2022-02-28T06:30:00+03:00,98.69,98.70,98.65,98.66,17
Finam:BR,2022-02-28T06:31:00+03:00,98.66,98.72,98.66,98.69,14
Finam:BR,2022-02-28T06:32:00+03:00,98.72,98.84,98.69,98.81,241
Finam:BR,2022-02-28T06:33:00+03:00,98.82,98.82,98.71,98.74,17
Finam:BR,2022-02-28T06:34:00+03:00,98.72,98.74,98.64,98.65,51
Finam:BR,2022-02-28T06:35:00+03:00,98.66,98.73,98.65,98.72,131
Finam:BR,2022-02-28T06:36:00+03:00,98.71,98.72,98.71,98.71,5
Finam:BR,2022-02-28T06:37:00+03:00,98.71,98.74,98.65,98.74,87
Finam:BR,2022-02-28T06:38:00+03:00,98.75,98.78,98.72,98.76,15
Finam:BR,2022-02-28T06:39:00+03:00,98.79,98.79,98.79,98.79,2
Finam:BR,2022-02-28T06:40:00+03:00,98.77,98.78,98.72,98.72,15
Finam:BR,2022-02-28T06:41:00+03:00,98.70,98.73,98.70,98.73,4
Finam:BR,2022-02-28T06:42:00+03:00,98.72,98.72,98.72,98.72,1
Finam:BR,2022-02-28T06:43:00+03:00,98.73,98.77,98.73,98.76,25
Finam:BR,2022-02-28T06:44:00+03:00,98.77,98.77,98.75,98.75,4
Finam:BR,2022-02-28T06:45:00+03:00,98.72,98.78,98.70,98.78,11
Finam:BR,2022-02-28T06:46:00+03:00,98.71,98.72,98.68,98.70,32
Finam:BR,2022-02-28T06:47:00+03:00,98.70,98.70,98.70,98.70,2
Finam:BR,2022-02-28T06:48:00+03:00,98.71,98.76,98.70,98.76,6
Finam:BR,2022-02-28T06:49:00+03:00,98.76,98.84,98.76,98.79,169
Finam:BR,2022-02-28T06:50:00+03:00,98.78,98.91,98.78,98.86,679
Finam:BR,2022-02-28T06:51:00+03:00,98.89,99.02,98.89,99.02,346
Finam:BR,2022-02-28T06:52:00+03:00,99.00,99.09,98.99,99.06,120
Finam:BR,2022-02-28T06:53:00+03:00,99.03,99.03,99.00,99.00,85
Finam:BR,2022-02-28T06:54:00+03:00,99.03,99.03,98.90,99.00,317
Finam:BR,2022-02-28T06:55:00+03:00,99.03,99.05,99.03,99.05,17
Finam:BR,2022-02-28T06:56:00+03:00,99.04,99.08,99.02,99.07,27
Finam:BR,2022-02-28T06:57:00+03:00,99.07,99.30,99.07,99.24,279
Finam:BR,2022-02-28T06:58:00+03:00,99.26,99.30,99.16,99.17,62
Finam:BR,2022-02-28T06:59:00+03:00,99.20,99.22,99.19,99.20,11
Finam:BR,2022-02-28T07:00:00+03:00,99.21,99.28,99.20,99.28,19
Finam:BR,2022-02-28T07:01:00+03:00,99.28,99.42,99.28,99.39,149
Finam:BR,2022-02-28T07:02:00+03:00,99.39,99.39,99.36,99.37,22
Finam:BR,2022-02-28T07:03:00+03:00,99.37,99.42,99.35,99.42,85
Finam:BR,2022-02-28T07:04:00+03:00,99.40,99.43,99.38,99.42,76
Finam:BR,2022-02-28T07:05:00+03:00,99.42,99.45,99.41,99.41,49
Finam:BR,2022-02-28T07:06:00+03:00,99.41,99.42,99.37,99.38,25
Finam:BR,2022-02-28T07:07:00+03:00,99.43,99.43,99.37,99.38,52
Finam:BR,2022-02-28T07:08:00+03:00,99.37,99.48,99.36,99.46,139
Finam:BR,2022-02-28T07:09:00+03:00,99.47,99.59,99.45,99.55,255
Finam:BR,2022-02-28T07:10:00+03:00,99.55,99.58,99.51,99.52,60
Finam:BR,2022-02-28T07:11:00+03:00,99.54,99.55,99.47,99.49,60
Finam:BR,2022-02-28T07:12:00+03:00,99.49,99.49,99.38,99.42,34
Finam:BR,2022-02-28T07:13:00+03:00,99.39,99.50,99.39,99.49,58
Finam:BR,2022-02-28T07:14:00+03:00,99.50,99.50,99.42,99.48,60
Finam:BR,2022-02-28T07:15:00+03:00,99.48,99.57,99.47,99.57,79
Finam:BR,2022-02-28T07:16:00+03:00,99.58,99.59,99.54,99.58,79
Finam:BR,2022-02-28T07:17:00+03:00,99.58,99.59,99.55,99.58,28
Finam:BR,2022-02-28T07:18:00+03:00,99.58,99.59,99.45,99.48,50
Finam:BR,2022-02-28T07:19:00+03:00,99.47,99.59,99.46,99.58,39
Finam:BR,2022-02-28T07:20:00+03:00,99.57,99.59,99.54,99.57,78
Finam:BR,2022-02-28T07:21:00+03:00,99.58,99.65,99.54,99.65,130
Finam:BR,2022-02-28T07:22:00+03:00,99.65,99.65,99.61,99.62,47
Finam:BR,2022-02-28T07:23:00+03:00,99.62,99.65,99.59,99.65,60
Finam:BR,2022-02-28T07:24:00+03:00,99.64,99.76,99.62,99.76,160
Finam:BR,2022-02-28T07:25:00+03:00,99.74,99.77,99.73,99.77,93
Finam:BR,2022-02-28T07:26:00+03:00,99.78,99.78,99.73,99.74,63
Finam:BR,2022-02-28T07:27:00+03:00,99.77,99.77,99.75,99.77,33
Finam:BR,2022-02-28T07:28:00+03:00,99.77,99.80,99.74,99.77,84
Finam:BR,2022-02-28T07:29:00+03:00,99.77,99.78,99.70,99.77,99
Finam:BR,2022-02-28T07:30:00+03:00,99.78,99.78,99.72,99.77,59
Finam:BR,2022-02-28T07:31:00+03:00,99.76,99.78,99.68,99.77,86
Finam:BR,2022-02-28T07:32:00+03:00,99.77,99.79,99.72,99.78,38
Finam:BR,2022-02-28T07:33:00+03:00,99.74,99.80,99.71,99.80,61
Finam:BR,2022-02-28T07:34:00+03:00,99.81,99.84,99.78,99.80,94
Finam:BR,2022-02-28T07:35:00+03:00,99.80,99.91,99.78,99.89,193
Finam:BR,2022-02-28T07:36:00+03:00,99.86,99.90,99.86,99.89,29
Finam:BR,2022-02-28T07:37:00+03:00,99.87,99.95,99.87,99.94,146
Finam:BR,2022-02-28T07:38:00+03:00,99.92,99.97,99.92,99.95,84
Finam:BR,2022-02-28T07:39:00+03:00,99.92,99.97,99.92,99.96,64
Finam:BR,2022-02-28T07:40:00+03:00,99.96,100.15,99.94,100.12,516
Finam:BR,2022-02-28T07:41:00+03:00,100.09,100.12,100.04,100.08,104
Finam:BR,2022-02-28T07:42:00+03:00,100.06,100.12,100.04,100.09,75
Finam:BR,2022-02-28T07:43:00+03:00,100.07,100.07,99.90,99.90,409
Finam:BR,2022-02-28T07:44:00+03:00,99.88,99.91,99.73,99.91,173
Finam:BR,2022-02-28T07:45:00+03:00,99.90,99.90,99.86,99.88,11
Finam:BR,2022-02-28T07:46:00+03:00,99.88,99.95,99.85,99.95,88
Finam:BR,2022-02-28T07:47:00+03:00,99.97,99.97,99.96,99.97,11
Finam:BR,2022-02-28T07:48:00+03:00,99.95,99.97,99.95,99.97,27
Finam:BR,2022-02-28T07:49:00+03:00,99.95,100.00,99.95,100.00,28
Finam:BR,2022-02-28T07:50:00+03:00,99.93,99.93,99.73,99.81,208
Finam:BR,2022-02-28T07:51:00+03:00,99.79,99.86,99.79,99.86,10
Finam:BR,2022-02-28T07:53:00+03:00,99.77,99.77,99.71,99.72,19
Finam:BR,2022-02-28T07:54:00+03:00,99.66,99.67,99.62,99.64,23
Finam:BR,2022-02-28T07:55:00+03:00,99.60,99.61,99.60,99.60,29
Finam:BR,2022-02-28T07:56:00+03:00,99.65,99.68,99.65,99.68,5
Finam:BR,2022-02-28T07:57:00+03:00,99.68,99.68,99.68,99.68,1
Finam:BR,2022-02-28T07:58:00+03:00,99.74,99.86,99.74,99.82,135
Finam:BR,2022-02-28T07:59:00+03:00,99.85,99.95,99.85,99.92,99
Finam:BR,2022-02-28T08:00:00+03:00,99.89,99.90,99.79,99.79,35
Finam:BR,2022-02-28T08:01:00+03:00,99.79,99.79,99.76,99.76,2
Finam:BR,2022-02-28T08:02:00+03:00,99.73,99.75,99.70,99.70,20
Finam:BR,2022-02-28T08:03:00+03:00,99.70,99.70,99.65,99.68,13
Finam:BR,2022-02-28T08:04:00+03:00,99.68,99.68,99.67,99.68,3
Finam:BR,2022-02-28T08:05:00+03:00,99.66,99.66,99.63,99.63,32
Finam:BR,2022-02-28T08:06:00+03:00,99.63,99.63,99.52,99.52,98
Finam:BR,2022-02-28T08:07:00+03:00,99.52,99.56,99.52,99.52,35
Finam:BR,2022-02-28T08:08:00+03:00,99.53,99.55,99.52,99.52,35
Finam:BR,2022-02-28T08:09:00+03:00,99.53,99.56,99.53,99.56,3
Finam:BR,2022-02-28T08:12:00+03:00,99.64,99.70,99.64,99.69,8
Finam:BR,2022-02-28T08:13:00+03:00,99.71,99.71,99.64,99.64,11
Finam:BR,2022-02-28T08:14:00+03:00,99.63,99.63,99.62,99.63,3
Finam:BR,2022-02-28T08:15:00+03:00,99.65,99.66,99.61,99.66,14
Finam:BR,2022-02-28T08:16:00+03:00,99.65,99.66,99.63,99.64,6
Finam:BR,2022-02-28T08:17:00+03:00,99.62,99.62,99.56,99.56,6
Finam:BR,2022-02-28T08:18:00+03:00,99.60,99.60,99.49,99.49,176
Finam:BR,2022-02-28T08:19:00+03:00,99.53,99.54,99.47,99.49,46
Finam:BR,2022-02-28T08:20:00+03:00,99.48,99.49,99.47,99.49,15
Finam:BR,2022-02-28T08:21:00+03:00,99.49,99.50,99.46,99.46,42
Finam:BR,2022-02-28T08:22:00+03:00,99.46,99.47,99.46,99.47,15
Finam:BR,2022-02-28T08:23:00+03:00,99.47,99.47,99.42,99.42,55
Finam:BR,2022-02-28T08:24:00+03:00,99.42,99.42,99.39,99.42,47
Finam:BR,2022-02-28T08:25:00+03:00,99.44,99.49,99.44,99.46,14
Finam:BR,2022-02-28T08:26:00+03:00,99.45,99.49,99.45,99.46,18
Finam:BR,2022-02-28T08:27:00+03:00,99.46,99.47,99.46,99.46,4
Finam:BR,2022-02-28T08:28:00+03:00,99.45,99.45,99.25,99.30,182
Finam:BR,2022-02-28T08:29:00+03:00,99.30,99.32,99.20,99.23,261
Finam:BR,2022-02-28T08:30:00+03:00,99.24,99.24,98.91,98.94,403
Finam:BR,2022-02-28T08:31:00+03:00,98.90,99.04,98.88,98.95,132
Finam:BR,2022-02-28T08:32:00+03:00,98.97,99.07,98.97,99.01,65
Finam:BR,2022-02-28T08:33:00+03:00,99.03,99.05,98.94,98.94,28
Finam:BR,2022-02-28T08:34:00+03:00,98.96,99.00,98.88,98.88,22
Finam:BR,2022-02-28T08:35:00+03:00,98.86,99.00,98.83,99.00,105
Finam:BR,2022-02-28T08:36:00+03:00,99.00,99.05,98.96,99.02,27
Finam:BR,2022-02-28T08:37:00+03:00,99.04,99.20,99.00,99.10,139
Finam:BR,2022-02-28T08:38:00+03:00,99.09,99.23,99.09,99.20,37
Finam:BR,2022-02-28T08:39:00+03:00,99.16,99.23,99.11,99.17,90
Finam:BR,2022-02-28T08:40:00+03:00,99.19,99.33,99.18,99.29,109
Finam:BR,2022-02-28T08:41:00+03:00,99.28,99.32,99.24,99.28,98
Finam:BR,2022-02-28T08:42:00+03:00,99.31,99.33,99.28,99.33,119
Finam:BR,2022-02-28T08:43:00+03:00,99.33,99.33,99.31,99.31,17
Finam:BR,2022-02-28T08:44:00+03:00,99.34,99.37,99.32,99.36,67
Finam:BR,2022-02-28T08:45:00+03:00,99.35,99.36,99.31,99.31,15
Finam:BR,2022-02-28T08:46:00+03:00,99.32,99.32,99.26,99.31,24
Finam:BR,2022-02-28T08:47:00+03:00,99.27,99.27,99.23,99.25,37
Finam:BR,2022-02-28T08:48:00+03:00,99.27,99.28,99.22,99.23,25
Finam:BR,2022-02-28T08:49:00+03:00,99.22,99.22,99.11,99.15,65
Finam:BR,2022-02-28T08:50:00+03:00,99.14,99.18,99.10,99.13,22
Finam:BR,2022-02-28T08:51:00+03:00,99.13,99.18,99.13,99.16,38
Finam:BR,2022-02-28T08:52:00+03:00,99.12,99.13,99.02,99.06,98
Finam:BR,2022-02-28T08:53:00+03:00,99.06,99.18,99.05,99.15,41
Finam:BR,2022-02-28T08:54:00+03:00,99.16,99.17,99.04,99.04,23
Finam:BR,2022-02-28T08:55:00+03:00,99.03,99.08,99.03,99.04,25
Finam:BR,2022-02-28T08:56:00+03:00,99.04,99.16,99.04,99.09,199
Finam:BR,2022-02-28T08:57:00+03:00,99.08,99.10,99.02,99.02,31
Finam:BR,2022-02-28T08:58:00+03:00,99.06,99.14,99.06,99.09,55
Finam:BR,2022-02-28T08:59:00+03:00,99.09,99.14,99.01,99.02,88
Finam:BR,2022-02-28T09:00:00+03:00,99.05,99.15,99.02,99.07,105
Finam:BR,2022-02-28T09:01:00+03:00,99.08,99.11,99.01,99.11,104
Finam:BR,2022-02-28T09:02:00+03:00,99.13,99.17,99.01,99.09,147
Finam:BR,2022-02-28T09:03:00+03:00,99.08,99.09,99.07,99.07,9
Finam:BR,2022-02-28T09:04:00+03:00,99.07,99.09,99.06,99.06,35
Finam:BR,2022-02-28T09:05:00+03:00,99.08,99.11,98.95,98.95,27
Finam:BR,2022-02-28T09:06:00+03:00,98.95,98.95,98.84,98.84,139
Finam:BR,2022-02-28T09:07:00+03:00,98.86,98.94,98.86,98.91,28
Finam:BR,2022-02-28T09:08:00+03:00,98.91,98.91,98.85,98.85,8
Finam:BR,2022-02-28T09:09:00+03:00,98.86,98.90,98.86,98.90,19
Finam:BR,2022-02-28T09:10:00+03:00,98.88,98.91,98.88,98.91,11
Finam:BR,2022-02-28T09:11:00+03:00,98.89,98.89,98.82,98.88,65
Finam:BR,2022-02-28T09:12:00+03:00,98.89,98.95,98.85,98.91,67
Finam:BR,2022-02-28T09:13:00+03:00,98.93,98.95,98.91,98.95,17
Finam:BR,2022-02-28T09:14:00+03:00,98.95,98.98,98.93,98.98,14
Finam:BR,2022-02-28T09:15:00+03:00,98.97,98.98,98.93,98.95,59
Finam:BR,2022-02-28T09:16:00+03:00,98.95,99.01,98.93,98.98,55
Finam:BR,2022-02-28T09:17:00+03:00,98.97,99.07,98.96,99.07,76
Finam:BR,2022-02-28T09:18:00+03:00,99.08,99.10,99.04,99.10,45
Finam:BR,2022-02-28T09:19:00+03:00,99.11,99.11,99.04,99.06,25
Finam:BR,2022-02-28T09:20:00+03:00,99.07,99.17,99.07,99.11,29
Finam:BR,2022-02-28T09:21:00+03:00,99.11,99.18,99.08,99.17,51
Finam:BR,2022-02-28T09:22:00+03:00,99.16,99.16,99.16,99.16,2
Finam:BR,2022-02-28T09:23:00+03:00,99.14,99.25,99.10,99.24,168
Finam:BR,2022-02-28T09:24:00+03:00,99.24,99.25,99.15,99.16,106
Finam:BR,2022-02-28T09:25:00+03:00,99.16,99.17,99.12,99.16,9
Finam:BR,2022-02-28T09:26:00+03:00,99.14,99.18,99.10,99.18,25
Finam:BR,2022-02-28T09:27:00+03:00,99.16,99.20,99.15,99.17,37
Finam:BR,2022-02-28T09:28:00+03:00,99.19,99.23,99.16,99.21,52
Finam:BR,2022-02-28T09:29:00+03:00,99.20,99.25,99.20,99.23,17
Finam:BR,2022-02-28T09:30:00+03:00,99.24,99.38,99.24,99.38,250
Finam:BR,2022-02-28T09:31:00+03:00,99.34,99.42,99.34,99.37,123
Finam:BR,2022-02-28T09:32:00+03:00,99.41,99.42,99.32,99.32,63
Finam:BR,2022-02-28T09:33:00+03:00,99.34,99.40,99.30,99.33,25
Finam:BR,2022-02-28T09:34:00+03:00,99.37,99.37,99.29,99.31,23
Finam:BR,2022-02-28T09:35:00+03:00,99.34,99.40,99.31,99.40,57
Finam:BR,2022-02-28T09:36:00+03:00,99.39,99.40,99.36,99.38,9
Finam:BR,2022-02-28T09:37:00+03:00,99.37,99.38,99.25,99.25,49
Finam:BR,2022-02-28T09:38:00+03:00,99.27,99.42,99.24,99.38,53
Finam:BR,2022-02-28T09:39:00+03:00,99.42,99.45,99.36,99.36,127
Finam:BR,2022-02-28T09:40:00+03:00,99.37,99.39,99.34,99.37,29
Finam:BR,2022-02-28T09:41:00+03:00,99.40,99.41,99.35,99.35,22
Finam:BR,2022-02-28T09:42:00+03:00,99.35,99.40,99.33,99.40,33
Finam:BR,2022-02-28T09:43:00+03:00,99.40,99.43,99.35,99.40,30
Finam:BR,2022-02-28T09:44:00+03:00,99.43,99.46,99.43,99.44,26
Finam:BR,2022-02-28T09:45:00+03:00,99.45,99.45,99.35,99.35,20
Finam:BR,2022-02-28T09:46:00+03:00,99.37,99.37,99.29,99.35,87
Finam:BR,2022-02-28T09:47:00+03:00,99.37,99.39,99.33,99.38,34
Finam:BR,2022-02-28T09:48:00+03:00,99.40,99.42,99.40,99.40,4
Finam:BR,2022-02-28T09:49:00+03:00,99.41,99.50,99.39,99.39,79
Finam:BR,2022-02-28T09:50:00+03:00,99.37,99.44,99.36,99.38,36
Finam:BR,2022-02-28T09:51:00+03:00,99.43,99.45,99.42,99.44,13
Finam:BR,2022-02-28T09:52:00+03:00,99.43,99.45,99.39,99.44,25
Finam:BR,2022-02-28T09:53:00+03:00,99.45,99.51,99.44,99.51,106
Finam:BR,2022-02-28T09:54:00+03:00,99.55,99.60,99.52,99.60,36
Finam:BR,2022-02-28T09:55:00+03:00,99.62,99.74,99.58,99.67,145
Finam:BR,2022-02-28T09:56:00+03:00,99.68,99.69,99.60,99.60,159
Finam:BR,2022-02-28T09:57:00+03:00,99.60,99.64,99.57,99.59,68
Finam:BR,2022-02-28T09:58:00+03:00,99.58,99.61,99.56,99.57,44
Finam:BR,2022-02-28T09:59:00+03:00,99.57,99.60,99.51,99.55,87
Finam:BR,2022-02-28T10:00:00+03:00,99.57,99.59,99.46,99.46,71
Finam:BR,2022-02-28T10:01:00+03:00,99.45,99.46,99.41,99.43,43
Finam:BR,2022-02-28T10:02:00+03:00,99.46,99.52,99.46,99.52,25
Finam:BR,2022-02-28T10:03:00+03:00,99.53,99.55,99.49,99.52,25
Finam:BR,2022-02-28T10:04:00+03:00,99.51,99.56,99.51,99.53,60
Finam:BR,2022-02-28T10:05:00+03:00,99.51,99.51,99.43,99.50,96
Finam:BR,2022-02-28T10:06:00+03:00,99.49,99.49,99.46,99.46,44
Finam:BR,2022-02-28T10:07:00+03:00,99.45,99.45,99.27,99.38,115
Finam:BR,2022-02-28T10:08:00+03:00,99.38,99.53,99.38,99.51,79
Finam:BR,2022-02-28T10:09:00+03:00,99.52,99.57,99.44,99.57,66
Finam:BR,2022-02-28T10:10:00+03:00,99.58,99.67,99.57,99.67,45
Finam:BR,2022-02-28T10:11:00+03:00,99.65,99.68,99.55,99.63,72
Finam:BR,2022-02-28T10:12:00+03:00,99.60,99.61,99.51,99.51,48
Finam:BR,2022-02-28T10:13:00+03:00,99.53,99.59,99.49,99.55,93
Finam:BR,2022-02-28T10:14:00+03:00,99.58,99.62,99.43,99.43,58
Finam:BR,2022-02-28T10:15:00+03:00,99.41,99.41,99.32,99.33,138
Finam:BR,2022-02-28T10:16:00+03:00,99.32,99.35,99.18,99.18,184
Finam:BR,2022-02-28T10:17:00+03:00,99.18,99.18,99.07,99.17,118
Finam:BR,2022-02-28T10:18:00+03:00,99.13,99.13,99.02,99.07,123
Finam:BR,2022-02-28T10:19:00+03:00,99.07,99.10,99.06,99.07,59
Finam:BR,2022-02-28T10:20:00+03:00,99.08,99.15,98.91,99.14,321
Finam:BR,2022-02-28T10:21:00+03:00,99.12,99.13,99.05,99.10,76
Finam:BR,2022-02-28T10:22:00+03:00,99.10,99.12,98.91,98.94,254
Finam:BR,2022-02-28T10:23:00+03:00,98.92,98.93,98.61,98.63,523
Finam:BR,2022-02-28T10:24:00+03:00,98.62,98.69,98.53,98.66,208
Finam:BR,2022-02-28T10:25:00+03:00,98.65,98.74,98.63,98.73,136
Finam:BR,2022-02-28T10:26:00+03:00,98.73,98.77,98.40,98.42,314
Finam:BR,2022-02-28T10:27:00+03:00,98.42,98.42,98.27,98.31,271
Finam:BR,2022-02-28T10:28:00+03:00,98.31,98.31,97.91,97.95,844
Finam:BR,2022-02-28T10:29:00+03:00,97.96,98.11,97.89,97.93,477
Finam:BR,2022-02-28T10:30:00+03:00,97.92,97.93,97.62,97.65,927
Finam:BR,2022-02-28T10:31:00+03:00,97.68,97.87,97.60,97.77,530
Finam:BR,2022-02-28T10:32:00+03:00,97.79,97.86,97.70,97.79,280
Finam:BR,2022-02-28T10:33:00+03:00,97.76,98.02,97.71,98.02,456
Finam:BR,2022-02-28T10:34:00+03:00,98.01,98.28,97.96,98.23,582
Finam:BR,2022-02-28T10:35:00+03:00,98.22,98.32,98.10,98.29,168
Finam:BR,2022-02-28T10:36:00+03:00,98.31,98.52,98.30,98.43,435
Finam:BR,2022-02-28T10:37:00+03:00,98.40,98.50,98.36,98.45,278
Finam:BR,2022-02-28T10:38:00+03:00,98.45,98.57,98.43,98.55,186
Finam:BR,2022-02-28T10:39:00+03:00,98.55,98.55,98.41,98.41,531
Finam:BR,2022-02-28T10:40:00+03:00,98.42,98.60,98.39,98.60,184
Finam:BR,2022-02-28T10:41:00+03:00,98.59,98.78,98.57,98.78,371
Finam:BR,2022-02-28T10:42:00+03:00,98.79,98.99,98.79,98.84,405
Finam:BR,2022-02-28T10:43:00+03:00,98.86,98.90,98.76,98.87,303
Finam:BR,2022-02-28T10:44:00+03:00,98.87,98.90,98.84,98.84,69
Finam:BR,2022-02-28T10:45:00+03:00,98.84,98.88,98.69,98.70,194
Finam:BR,2022-02-28T10:46:00+03:00,98.69,98.79,98.56,98.56,189
Finam:BR,2022-02-28T10:47:00+03:00,98.56,98.76,98.56,98.63,138
Finam:BR,2022-02-28T10:48:00+03:00,98.62,98.66,98.47,98.47,97
Finam:BR,2022-02-28T10:49:00+03:00,98.47,98.50,98.32,98.40,196
Finam:BR,2022-02-28T10:50:00+03:00,98.38,98.56,98.36,98.48,183
Finam:BR,2022-02-28T10:51:00+03:00,98.46,98.46,98.34,98.42,92
Finam:BR,2022-02-28T10:52:00+03:00,98.44,98.50,98.36,98.37,84
Finam:BR,2022-02-28T10:53:00+03:00,98.38,98.46,98.36,98.44,39
Finam:BR,2022-02-28T10:54:00+03:00,98.44,98.49,98.38,98.45,61
Finam:BR,2022-02-28T10:55:00+03:00,98.46,98.47,98.43,98.45,29
Finam:BR,2022-02-28T10:56:00+03:00,98.47,98.47,98.35,98.45,207
Finam:BR,2022-02-28T10:57:00+03:00,98.44,98.44,98.24,98.25,276
Finam:BR,2022-02-28T10:58:00+03:00,98.27,98.33,98.17,98.20,167
Finam:BR,2022-02-28T10:59:00+03:00,98.21,98.22,98.05,98.06,193
Finam:BR,2022-02-28T11:00:00+03:00,98.04,98.06,97.76,98.04,636
Finam:BR,2022-02-28T11:01:00+03:00,98.05,98.23,98.04,98.11,316
Finam:BR,2022-02-28T11:02:00+03:00,98.12,98.16,97.84,97.94,321
Finam:BR,2022-02-28T11:03:00+03:00,97.95,98.04,97.92,97.94,389
Finam:BR,2022-02-28T11:04:00+03:00,97.94,97.94,97.79,97.87,276
Finam:BR,2022-02-28T11:05:00+03:00,97.89,98.01,97.89,97.99,233
Finam:BR,2022-02-28T11:06:00+03:00,98.00,98.04,97.98,97.99,152
Finam:BR,2022-02-28T11:07:00+03:00,97.98,98.03,97.88,97.89,382
Finam:BR,2022-02-28T11:08:00+03:00,97.89,98.00,97.89,97.99,202
Finam:BR,2022-02-28T11:09:00+03:00,97.99,98.01,97.87,97.88,303
Finam:BR,2022-02-28T11:10:00+03:00,97.89,97.97,97.75,97.81,417
Finam:BR,2022-02-28T11:11:00+03:00,97.81,97.97,97.81,97.91,253
Finam:BR,2022-02-28T11:12:00+03:00,97.90,98.20,97.90,98.05,499
Finam:BR,2022-02-28T11:13:00+03:00,98.05,98.16,97.93,97.97,290
Finam:BR,2022-02-28T11:14:00+03:00,97.97,97.99,97.91,97.94,150
Finam:BR,2022-02-28T11:15:00+03:00,97.95,97.97,97.83,97.86,190
Finam:BR,2022-02-28T11:16:00+03:00,97.87,97.99,97.83,97.85,112
Finam:BR,2022-02-28T11:17:00+03:00,97.84,97.84,97.71,97.74,273
Finam:BR,2022-02-28T11:18:00+03:00,97.73,97.78,97.58,97.74,254
Finam:BR,2022-02-28T11:19:00+03:00,97.73,97.73,97.60,97.66,128
Finam:BR,2022-02-28T11:20:00+03:00,97.67,97.72,97.61,97.64,159
Finam:BR,2022-02-28T11:21:00+03:00,97.64,97.74,97.64,97.68,493
Finam:BR,2022-02-28T11:22:00+03:00,97.67,97.67,97.31,97.52,968
Finam:BR,2022-02-28T11:23:00+03:00,97.52,97.85,97.44,97.85,696
Finam:BR,2022-02-28T11:24:00+03:00,97.88,98.05,97.77,98.02,638
Finam:BR,2022-02-28T11:25:00+03:00,98.05,98.24,97.96,98.20,534
Finam:BR,2022-02-28T11:26:00+03:00,98.19,98.22,98.05,98.18,384
Finam:BR,2022-02-28T11:27:00+03:00,98.20,98.42,98.14,98.33,610
Finam:BR,2022-02-28T11:28:00+03:00,98.33,98.41,98.14,98.20,839
Finam:BR,2022-02-28T11:29:00+03:00,98.21,98.29,98.06,98.15,1404
Finam:BR,2022-02-28T11:30:00+03:00,98.16,98.28,98.15,98.21,847
Finam:BR,2022-02-28T11:31:00+03:00,98.21,98.25,98.15,98.19,922
Finam:BR,2022-02-28T11:32:00+03:00,98.19,98.29,98.18,98.25,907
Finam:BR,2022-02-28T11:33:00+03:00,98.23,98.48,98.23,98.42,1143
Finam:BR,2022-02-28T11:34:00+03:00,98.42,98.43,98.31,98.31,460
Finam:BR,2022-02-28T11:35:00+03:00,98.30,98.39,98.27,98.29,448
Finam:BR,2022-02-28T11:36:00+03:00,98.31,98.36,98.24,98.25,319
Finam:BR,2022-02-28T11:37:00+03:00,98.25,98.25,98.18,98.22,433
Finam:BR,2022-02-28T11:38:00+03:00,98.20,98.20,97.76,97.84,705
Finam:BR,2022-02-28T11:39:00+03:00,97.85,98.04,97.85,97.85,286
Finam:BR,2022-02-28T11:40:00+03:00,97.86,97.89,97.77,97.88,281
Finam:BR,2022-02-28T11:41:00+03:00,97.89,97.90,97.67,97.72,312
Finam:BR,2022-02-28T11:42:00+03:00,97.74,97.74,97.64,97.64,147
Finam:BR,2022-02-28T11:43:00+03:00,97.63,97.75,97.58,97.61,167
Finam:BR,2022-02-28T11:44:00+03:00,97.59,97.64,97.51,97.64,146
Finam:BR,2022-02-28T11:45:00+03:00,97.64,97.77,97.64,97.73,176
Finam:BR,2022-02-28T11:46:00+03:00,97.73,97.95,97.73,97.94,368
Finam:BR,2022-02-28T11:47:00+03:00,97.94,98.10,97.92,98.10,298
Finam:BR,2022-02-28T11:48:00+03:00,98.07,98.15,98.05,98.08,241
Finam:BR,2022-02-28T11:49:00+03:00,98.08,98.14,98.05,98.09,140
Finam:BR,2022-02-28T11:50:00+03:00,98.08,98.20,98.06,98.20,125
Finam:BR,2022-02-28T11:51:00+03:00,98.19,98.25,98.12,98.14,276
Finam:BR,2022-02-28T11:52:00+03:00,98.15,98.17,98.06,98.07,99
Finam:BR,2022-02-28T11:53:00+03:00,98.07,98.14,97.92,97.92,211
Finam:BR,2022-02-28T11:54:00+03:00,97.92,98.00,97.84,98.00,277
Finam:BR,2022-02-28T11:55:00+03:00,98.00,98.11,97.99,98.03,111
Finam:BR,2022-02-28T11:56:00+03:00,98.04,98.05,97.80,97.80,173
Finam:BR,2022-02-28T11:57:00+03:00,97.82,97.94,97.80,97.85,137
Finam:BR,2022-02-28T11:58:00+03:00,97.86,97.88,97.78,97.81,67
Finam:BR,2022-02-28T11:59:00+03:00,97.81,97.88,97.72,97.82,256
Finam:BR,2022-02-28T12:00:00+03:00,97.79,97.82,97.67,97.67,250
Finam:BR,2022-02-28T12:01:00+03:00,97.67,97.76,97.61,97.71,172
Finam:BR,2022-02-28T12:02:00+03:00,97.71,97.88,97.71,97.85,130
Finam:BR,2022-02-28T12:03:00+03:00,97.86,97.95,97.84,97.92,210
Finam:BR,2022-02-28T12:04:00+03:00,97.94,98.05,97.93,98.01,279
Finam:BR,2022-02-28T12:05:00+03:00,98.01,98.07,97.93,97.93,201
Finam:BR,2022-02-28T12:06:00+03:00,97.90,98.17,97.90,98.13,317
Finam:BR,2022-02-28T12:07:00+03:00,98.12,98.21,98.12,98.20,217
Finam:BR,2022-02-28T12:08:00+03:00,98.21,98.34,98.18,98.27,268
Finam:BR,2022-02-28T12:09:00+03:00,98.26,98.32,98.24,98.31,191
Finam:BR,2022-02-28T12:10:00+03:00,98.31,98.50,98.30,98.47,427
Finam:BR,2022-02-28T12:11:00+03:00,98.47,98.47,98.29,98.31,261
Finam:BR,2022-02-28T12:12:00+03:00,98.32,98.34,98.18,98.31,242
Finam:BR,2022-02-28T12:13:00+03:00,98.32,98.37,98.28,98.34,107
Finam:BR,2022-02-28T12:14:00+03:00,98.33,98.40,98.27,98.35,196
Finam:BR,2022-02-28T12:15:00+03:00,98.34,98.42,98.27,98.42,197
Finam:BR,2022-02-28T12:16:00+03:00,98.42,98.55,98.41,98.46,314
Finam:BR,2022-02-28T12:17:00+03:00,98.48,98.50,98.44,98.45,77
Finam:BR,2022-02-28T12:18:00+03:00,98.44,98.48,98.30,98.48,461
Finam:BR,2022-02-28T12:19:00+03:00,98.46,98.46,98.36,98.41,135
Finam:BR,2022-02-28T12:20:00+03:00,98.43,98.43,98.36,98.37,206
Finam:BR,2022-02-28T12:21:00+03:00,98.37,98.54,98.37,98.53,266
Finam:BR,2022-02-28T12:22:00+03:00,98.54,98.55,98.49,98.50,59
Finam:BR,2022-02-28T12:23:00+03:00,98.50,98.50,98.36,98.37,129
Finam:BR,2022-02-28T12:24:00+03:00,98.38,98.41,98.35,98.37,175
Finam:BR,2022-02-28T12:25:00+03:00,98.39,98.42,98.35,98.38,213
Finam:BR,2022-02-28T12:26:00+03:00,98.37,98.42,98.34,98.37,258
Finam:BR,2022-02-28T12:27:00+03:00,98.37,98.45,98.34,98.43,273
Finam:BR,2022-02-28T12:28:00+03:00,98.44,98.46,98.39,98.42,133
Finam:BR,2022-02-28T12:29:00+03:00,98.42,98.50,98.42,98.47,142
Finam:BR,2022-02-28T12:30:00+03:00,98.48,98.60,98.43,98.44,361
Finam:BR,2022-02-28T12:31:00+03:00,98.45,98.51,98.45,98.50,175
Finam:BR,2022-02-28T12:32:00+03:00,98.51,98.57,98.49,98.55,192
Finam:BR,2022-02-28T12:33:00+03:00,98.55,98.65,98.54,98.61,243
Finam:BR,2022-02-28T12:34:00+03:00,98.60,98.75,98.58,98.74,775
Finam:BR,2022-02-28T12:35:00+03:00,98.71,98.81,98.65,98.74,241
Finam:BR,2022-02-28T12:36:00+03:00,98.76,98.81,98.73,98.76,199
Finam:BR,2022-02-28T12:37:00+03:00,98.76,98.77,98.69,98.69,115
Finam:BR,2022-02-28T12:38:00+03:00,98.71,98.75,98.69,98.73,44
Finam:BR,2022-02-28T12:39:00+03:00,98.75,98.96,98.75,98.93,376
Finam:BR,2022-02-28T12:40:00+03:00,98.94,98.96,98.86,98.90,245
Finam:BR,2022-02-28T12:41:00+03:00,98.90,99.01,98.90,98.96,254
Finam:BR,2022-02-28T12:42:00+03:00,98.95,98.97,98.80,98.82,220
Finam:BR,2022-02-28T12:43:00+03:00,98.81,98.94,98.80,98.93,88
Finam:BR,2022-02-28T12:44:00+03:00,98.93,98.97,98.88,98.88,196
Finam:BR,2022-02-28T12:45:00+03:00,98.89,98.90,98.82,98.88,63
Finam:BR,2022-02-28T12:46:00+03:00,98.89,98.93,98.85,98.93,47
Finam:BR,2022-02-28T12:47:00+03:00,98.94,99.09,98.92,99.06,363
Finam:BR,2022-02-28T12:48:00+03:00,99.05,99.07,99.02,99.05,92
Finam:BR,2022-02-28T12:49:00+03:00,99.05,99.09,99.03,99.06,76
Finam:BR,2022-02-28T12:50:00+03:00,99.05,99.07,98.99,99.01,129
Finam:BR,2022-02-28T12:51:00+03:00,99.00,99.08,99.00,99.07,103
Finam:BR,2022-02-28T12:52:00+03:00,99.07,99.09,99.02,99.08,424
Finam:BR,2022-02-28T12:53:00+03:00,99.06,99.16,99.03,99.15,313
Finam:BR,2022-02-28T12:54:00+03:00,99.16,99.17,99.09,99.09,137
Finam:BR,2022-02-28T12:55:00+03:00,99.08,99.08,98.98,99.08,241
Finam:BR,2022-02-28T12:56:00+03:00,99.09,99.10,98.98,99.02,169
Finam:BR,2022-02-28T12:57:00+03:00,99.02,99.12,99.00,99.09,110
Finam:BR,2022-02-28T12:58:00+03:00,99.10,99.14,98.98,99.08,335
Finam:BR,2022-02-28T12:59:00+03:00,99.08,99.16,99.08,99.13,110
Finam:BR,2022-02-28T13:00:00+03:00,99.14,99.18,99.08,99.08,245
Finam:BR,2022-02-28T13:01:00+03:00,99.08,99.19,98.80,98.82,1260
Finam:BR,2022-02-28T13:02:00+03:00,98.83,98.89,98.74,98.87,392
Finam:BR,2022-02-28T13:03:00+03:00,98.86,98.90,98.82,98.90,117
Finam:BR,2022-02-28T13:04:00+03:00,98.88,99.11,98.88,99.05,351
Finam:BR,2022-02-28T13:05:00+03:00,99.05,99.08,99.03,99.05,53
Finam:BR,2022-02-28T13:06:00+03:00,99.07,99.14,99.06,99.12,204
Finam:BR,2022-02-28T13:07:00+03:00,99.12,99.36,99.12,99.34,904
Finam:BR,2022-02-28T13:08:00+03:00,99.35,99.40,99.24,99.24,344
Finam:BR,2022-02-28T13:09:00+03:00,99.25,99.40,99.22,99.35,348
Finam:BR,2022-02-28T13:10:00+03:00,99.35,99.39,99.28,99.28,93
Finam:BR,2022-02-28T13:11:00+03:00,99.28,99.29,99.18,99.19,100
Finam:BR,2022-02-28T13:12:00+03:00,99.19,99.26,99.12,99.14,228
Finam:BR,2022-02-28T13:13:00+03:00,99.13,99.22,99.13,99.18,126
Finam:BR,2022-02-28T13:14:00+03:00,99.17,99.18,99.08,99.14,68
Finam:BR,2022-02-28T13:15:00+03:00,99.13,99.19,99.12,99.17,92
Finam:BR,2022-02-28T13:16:00+03:00,99.17,99.21,99.15,99.18,65
Finam:BR,2022-02-28T13:17:00+03:00,99.17,99.19,99.09,99.12,89
Finam:BR,2022-02-28T13:18:00+03:00,99.11,99.13,99.09,99.12,48
Finam:BR,2022-02-28T13:19:00+03:00,99.11,99.12,99.06,99.06,74
Finam:BR,2022-02-28T13:20:00+03:00,99.02,99.09,99.01,99.08,125
Finam:BR,2022-02-28T13:21:00+03:00,99.07,99.17,99.07,99.14,88
Finam:BR,2022-02-28T13:22:00+03:00,99.15,99.15,99.07,99.09,92
Finam:BR,2022-02-28T13:23:00+03:00,99.07,99.07,98.87,98.87,196
Finam:BR,2022-02-28T13:24:00+03:00,98.88,98.95,98.85,98.94,89
Finam:BR,2022-02-28T13:25:00+03:00,98.94,98.94,98.84,98.92,69
Finam:BR,2022-02-28T13:26:00+03:00,98.92,98.94,98.87,98.88,125
Finam:BR,2022-02-28T13:27:00+03:00,98.87,98.94,98.86,98.88,175
Finam:BR,2022-02-28T13:28:00+03:00,98.88,98.92,98.82,98.92,151
Finam:BR,2022-02-28T13:29:00+03:00,98.93,98.95,98.89,98.94,308
Finam:BR,2022-02-28T13:30:00+03:00,98.94,98.94,98.76,98.77,221
Finam:BR,2022-02-28T13:31:00+03:00,98.77,98.84,98.75,98.78,216
Finam:BR,2022-02-28T13:32:00+03:00,98.78,98.89,98.76,98.87,125
Finam:BR,2022-02-28T13:33:00+03:00,98.88,99.02,98.88,99.02,170
Finam:BR,2022-02-28T13:34:00+03:00,99.01,99.21,98.98,99.19,590
Finam:BR,2022-02-28T13:35:00+03:00,99.18,99.18,98.97,98.97,555
Finam:BR,2022-02-28T13:36:00+03:00,98.97,99.05,98.94,99.01,417
Finam:BR,2022-02-28T13:37:00+03:00,99.01,99.03,98.78,98.79,423
Finam:BR,2022-02-28T13:38:00+03:00,98.80,98.83,98.75,98.83,546
Finam:BR,2022-02-28T13:39:00+03:00,98.84,99.04,98.82,98.94,366
Finam:BR,2022-02-28T13:40:00+03:00,98.94,99.01,98.94,99.00,84
Finam:BR,2022-02-28T13:41:00+03:00,99.00,99.02,98.88,98.93,141
Finam:BR,2022-02-28T13:42:00+03:00,98.94,98.94,98.76,98.79,175
Finam:BR,2022-02-28T13:43:00+03:00,98.80,98.88,98.78,98.80,254
Finam:BR,2022-02-28T13:44:00+03:00,98.81,98.93,98.81,98.92,159
Finam:BR,2022-02-28T13:45:00+03:00,98.91,98.92,98.86,98.88,137
Finam:BR,2022-02-28T13:46:00+03:00,98.89,98.89,98.80,98.82,108
Finam:BR,2022-02-28T13:47:00+03:00,98.81,98.87,98.73,98.76,583
Finam:BR,2022-02-28T13:48:00+03:00,98.78,98.79,98.74,98.77,154
Finam:BR,2022-02-28T13:49:00+03:00,98.78,98.83,98.76,98.77,108
Finam:BR,2022-02-28T13:50:00+03:00,98.79,98.79,98.72,98.76,200
Finam:BR,2022-02-28T13:51:00+03:00,98.75,98.88,98.72,98.77,598
Finam:BR,2022-02-28T13:52:00+03:00,98.78,98.80,98.76,98.79,69
Finam:BR,2022-02-28T13:53:00+03:00,98.79,98.91,98.76,98.81,332
Finam:BR,2022-02-28T13:54:00+03:00,98.78,98.86,98.75,98.80,168
Finam:BR,2022-02-28T13:55:00+03:00,98.81,98.81,98.61,98.65,714
Finam:BR,2022-02-28T13:56:00+03:00,98.64,98.66,98.44,98.60,613
Finam:BR,2022-02-28T13:57:00+03:00,98.61,98.62,98.45,98.49,162
Finam:BR,2022-02-28T13:58:00+03:00,98.47,98.47,98.31,98.41,520
Finam:BR,2022-02-28T13:59:00+03:00,98.39,98.39,98.07,98.21,776
Finam:BR,2022-02-28T14:00:00+03:00,98.19,98.28,98.11,98.14,302
Finam:BR,2022-02-28T14:01:00+03:00,98.16,98.25,98.14,98.21,116
Finam:BR,2022-02-28T14:02:00+03:00,98.22,98.26,98.15,98.18,211
Finam:BR,2022-02-28T14:03:00+03:00,98.18,98.19,98.02,98.03,244
Finam:BR,2022-02-28T14:04:00+03:00,98.03,98.03,97.82,97.98,641
Finam:BR,2022-02-28T14:05:00+03:00,98.00,98.14,98.00,98.14,253
Finam:BR,2022-02-28T14:06:00+03:00,98.15,98.24,98.15,98.24,129
Finam:BR,2022-02-28T14:07:00+03:00,98.26,98.29,98.21,98.26,204
Finam:BR,2022-02-28T14:08:00+03:00,98.29,98.33,98.26,98.26,200
Finam:BR,2022-02-28T14:09:00+03:00,98.25,98.29,98.24,98.27,123
Finam:BR,2022-02-28T14:10:00+03:00,98.26,98.40,98.23,98.39,270
Finam:BR,2022-02-28T14:11:00+03:00,98.40,98.46,98.35,98.43,222
Finam:BR,2022-02-28T14:12:00+03:00,98.42,98.42,98.25,98.27,255
Finam:BR,2022-02-28T14:13:00+03:00,98.28,98.35,98.25,98.35,103
Finam:BR,2022-02-28T14:14:00+03:00,98.37,98.37,98.26,98.27,111
Finam:BR,2022-02-28T14:15:00+03:00,98.26,98.34,98.15,98.18,237
Finam:BR,2022-02-28T14:16:00+03:00,98.19,98.30,98.19,98.23,132
Finam:BR,2022-02-28T14:17:00+03:00,98.24,98.35,98.24,98.31,152
Finam:BR,2022-02-28T14:18:00+03:00,98.31,98.55,98.31,98.54,291
Finam:BR,2022-02-28T14:19:00+03:00,98.53,98.57,98.51,98.56,213
Finam:BR,2022-02-28T14:20:00+03:00,98.54,98.58,98.45,98.50,134
Finam:BR,2022-02-28T14:21:00+03:00,98.50,98.66,98.49,98.64,79
Finam:BR,2022-02-28T14:22:00+03:00,98.64,98.64,98.57,98.63,81
Finam:BR,2022-02-28T14:23:00+03:00,98.60,98.62,98.55,98.60,109
Finam:BR,2022-02-28T14:24:00+03:00,98.58,98.62,98.57,98.57,162
Finam:BR,2022-02-28T14:25:00+03:00,98.57,98.61,98.50,98.55,155
Finam:BR,2022-02-28T14:26:00+03:00,98.54,98.58,98.52,98.54,111
Finam:BR,2022-02-28T14:27:00+03:00,98.55,98.58,98.49,98.50,236
Finam:BR,2022-02-28T14:28:00+03:00,98.52,98.57,98.49,98.49,79
Finam:BR,2022-02-28T14:29:00+03:00,98.49,98.54,98.45,98.53,286
Finam:BR,2022-02-28T14:30:00+03:00,98.52,98.55,98.46,98.54,118
Finam:BR,2022-02-28T14:31:00+03:00,98.54,98.60,98.53,98.57,232
Finam:BR,2022-02-28T14:32:00+03:00,98.56,98.57,98.45,98.47,132
Finam:BR,2022-02-28T14:33:00+03:00,98.47,98.48,98.37,98.44,185
Finam:BR,2022-02-28T14:34:00+03:00,98.44,98.44,98.38,98.40,36
Finam:BR,2022-02-28T14:35:00+03:00,98.41,98.60,98.41,98.57,162
Finam:BR,2022-02-28T14:36:00+03:00,98.56,98.57,98.51,98.54,87
Finam:BR,2022-02-28T14:37:00+03:00,98.54,98.63,98.54,98.58,87
Finam:BR,2022-02-28T14:38:00+03:00,98.59,98.60,98.54,98.54,53
Finam:BR,2022-02-28T14:39:00+03:00,98.54,98.55,98.34,98.38,189
Finam:BR,2022-02-28T14:40:00+03:00,98.37,98.38,98.21,98.21,142
Finam:BR,2022-02-28T14:41:00+03:00,98.22,98.31,98.21,98.27,232
Finam:BR,2022-02-28T14:42:00+03:00,98.29,98.44,98.29,98.43,137
Finam:BR,2022-02-28T14:43:00+03:00,98.42,98.47,98.40,98.40,84
Finam:BR,2022-02-28T14:44:00+03:00,98.39,98.40,98.34,98.39,49
Finam:BR,2022-02-28T14:45:00+03:00,98.40,98.53,98.38,98.53,75
Finam:BR,2022-02-28T14:46:00+03:00,98.54,98.56,98.43,98.45,92
Finam:BR,2022-02-28T14:47:00+03:00,98.46,98.64,98.46,98.63,113
Finam:BR,2022-02-28T14:48:00+03:00,98.65,98.67,98.60,98.64,48
Finam:BR,2022-02-28T14:49:00+03:00,98.65,98.67,98.60,98.61,51
Finam:BR,2022-02-28T14:50:00+03:00,98.62,98.74,98.58,98.72,204
Finam:BR,2022-02-28T14:51:00+03:00,98.72,98.73,98.63,98.64,82
Finam:BR,2022-02-28T14:52:00+03:00,98.65,98.65,98.54,98.54,43
Finam:BR,2022-02-28T14:53:00+03:00,98.54,98.61,98.54,98.60,38
Finam:BR,2022-02-28T14:54:00+03:00,98.61,98.70,98.59,98.66,62
Finam:BR,2022-02-28T14:55:00+03:00,98.66,98.66,98.57,98.58,149
Finam:BR,2022-02-28T14:56:00+03:00,98.59,98.67,98.53,98.53,229
Finam:BR,2022-02-28T14:57:00+03:00,98.55,98.58,98.49,98.57,85
Finam:BR,2022-02-28T14:58:00+03:00,98.57,98.69,98.57,98.69,62
Finam:BR,2022-02-28T14:59:00+03:00,98.69,98.72,98.66,98.68,93
Finam:BR,2022-02-28T15:00:00+03:00,98.68,98.81,98.66,98.76,258
Finam:BR,2022-02-28T15:01:00+03:00,98.76,98.81,98.72,98.72,97
Finam:BR,2022-02-28T15:02:00+03:00,98.70,98.74,98.66,98.66,44
Finam:BR,2022-02-28T15:03:00+03:00,98.64,98.64,98.57,98.58,59
Finam:BR,2022-02-28T15:04:00+03:00,98.58,98.59,98.55,98.59,34
Finam:BR,2022-02-28T15:05:00+03:00,98.58,98.62,98.46,98.47,67
Finam:BR,2022-02-28T15:06:00+03:00,98.46,98.47,98.34,98.42,172
Finam:BR,2022-02-28T15:07:00+03:00,98.42,98.42,98.36,98.40,54
Finam:BR,2022-02-28T15:08:00+03:00,98.41,98.45,98.38,98.45,44
Finam:BR,2022-02-28T15:09:00+03:00,98.45,98.58,98.45,98.58,78
Finam:BR,2022-02-28T15:10:00+03:00,98.57,98.58,98.56,98.58,35
Finam:BR,2022-02-28T15:11:00+03:00,98.56,98.59,98.52,98.59,40
Finam:BR,2022-02-28T15:12:00+03:00,98.60,98.64,98.52,98.53,97
Finam:BR,2022-02-28T15:13:00+03:00,98.52,98.53,98.48,98.49,102
Finam:BR,2022-02-28T15:14:00+03:00,98.49,98.64,98.47,98.63,140
Finam:BR,2022-02-28T15:15:00+03:00,98.65,98.75,98.63,98.64,212
Finam:BR,2022-02-28T15:16:00+03:00,98.64,98.69,98.62,98.67,32
Finam:BR,2022-02-28T15:17:00+03:00,98.66,98.67,98.63,98.65,49
Finam:BR,2022-02-28T15:18:00+03:00,98.65,98.65,98.52,98.54,92
Finam:BR,2022-02-28T15:19:00+03:00,98.56,98.56,98.44,98.44,111
Finam:BR,2022-02-28T15:20:00+03:00,98.44,98.44,98.40,98.43,84
Finam:BR,2022-02-28T15:21:00+03:00,98.42,98.42,98.26,98.27,97
Finam:BR,2022-02-28T15:22:00+03:00,98.26,98.34,98.26,98.28,93
Finam:BR,2022-02-28T15:23:00+03:00,98.28,98.32,98.27,98.30,114
Finam:BR,2022-02-28T15:24:00+03:00,98.29,98.29,98.00,98.19,603
Finam:BR,2022-02-28T15:25:00+03:00,98.21,98.31,98.13,98.29,163
Finam:BR,2022-02-28T15:26:00+03:00,98.29,98.44,98.29,98.34,173
Finam:BR,2022-02-28T15:27:00+03:00,98.37,98.44,98.37,98.41,63
Finam:BR,2022-02-28T15:28:00+03:00,98.45,98.46,98.36,98.38,136
Finam:BR,2022-02-28T15:29:00+03:00,98.38,98.38,98.21,98.29,726
Finam:BR,2022-02-28T15:30:00+03:00,98.29,98.46,98.25,98.46,213
Finam:BR,2022-02-28T15:31:00+03:00,98.46,98.49,98.40,98.41,158
Finam:BR,2022-02-28T15:32:00+03:00,98.40,98.50,98.36,98.39,263
Finam:BR,2022-02-28T15:33:00+03:00,98.40,98.50,98.37,98.44,110
Finam:BR,2022-02-28T15:34:00+03:00,98.45,98.49,98.42,98.46,105
Finam:BR,2022-02-28T15:35:00+03:00,98.47,98.49,98.38,98.38,97
Finam:BR,2022-02-28T15:36:00+03:00,98.40,98.46,98.39,98.40,98
Finam:BR,2022-02-28T15:37:00+03:00,98.39,98.47,98.39,98.41,107
Finam:BR,2022-02-28T15:38:00+03:00,98.40,98.42,98.31,98.33,128
Finam:BR,2022-02-28T15:39:00+03:00,98.33,98.33,98.25,98.26,145
Finam:BR,2022-02-28T15:40:00+03:00,98.28,98.37,98.22,98.35,127
Finam:BR,2022-02-28T15:41:00+03:00,98.37,98.38,98.23,98.27,338
Finam:BR,2022-02-28T15:42:00+03:00,98.28,98.40,98.25,98.32,298
Finam:BR,2022-02-28T15:43:00+03:00,98.32,98.39,98.31,98.33,89
Finam:BR,2022-02-28T15:44:00+03:00,98.34,98.36,98.28,98.30,71
Finam:BR,2022-02-28T15:45:00+03:00,98.30,98.32,98.25,98.30,98
Finam:BR,2022-02-28T15:46:00+03:00,98.30,98.30,98.22,98.23,66
Finam:BR,2022-02-28T15:47:00+03:00,98.24,98.34,98.22,98.23,121
Finam:BR,2022-02-28T15:48:00+03:00,98.22,98.34,98.19,98.32,225
Finam:BR,2022-02-28T15:49:00+03:00,98.33,98.44,98.33,98.43,183
Finam:BR,2022-02-28T15:50:00+03:00,98.43,98.49,98.42,98.45,98
Finam:BR,2022-02-28T15:51:00+03:00,98.46,98.48,98.03,98.34,1018
Finam:BR,2022-02-28T15:52:00+03:00,98.37,98.44,98.10,98.10,451
Finam:BR,2022-02-28T15:53:00+03:00,98.08,98.18,97.74,97.75,1118
Finam:BR,2022-02-28T15:54:00+03:00,97.74,97.85,97.65,97.75,616
Finam:BR,2022-02-28T15:55:00+03:00,97.74,97.98,97.74,97.82,283
Finam:BR,2022-02-28T15:56:00+03:00,97.80,97.80,97.50,97.62,688
Finam:BR,2022-02-28T15:57:00+03:00,97.62,97.65,97.31,97.32,988
Finam:BR,2022-02-28T15:58:00+03:00,97.34,97.72,97.29,97.54,820
Finam:BR,2022-02-28T15:59:00+03:00,97.53,97.94,97.47,97.85,856
Finam:BR,2022-02-28T16:00:00+03:00,97.86,98.16,97.86,98.09,1022
Finam:BR,2022-02-28T16:01:00+03:00,98.08,98.16,97.90,98.08,943
Finam:BR,2022-02-28T16:02:00+03:00,98.06,98.12,97.90,97.96,562
Finam:BR,2022-02-28T16:03:00+03:00,97.97,98.05,97.80,97.93,717
Finam:BR,2022-02-28T16:04:00+03:00,97.94,98.01,97.86,97.90,166
Finam:BR,2022-02-28T16:05:00+03:00,97.88,97.92,97.69,97.76,457
Finam:BR,2022-02-28T16:06:00+03:00,97.77,97.89,97.71,97.86,348
Finam:BR,2022-02-28T16:07:00+03:00,97.83,97.89,97.75,97.88,268
Finam:BR,2022-02-28T16:08:00+03:00,97.88,98.06,97.84,97.95,292
Finam:BR,2022-02-28T16:09:00+03:00,97.96,98.00,97.90,97.96,144
Finam:BR,2022-02-28T16:10:00+03:00,97.96,98.09,97.94,98.09,196
Finam:BR,2022-02-28T16:11:00+03:00,98.06,98.07,97.96,98.02,378
Finam:BR,2022-02-28T16:12:00+03:00,98.03,98.03,97.84,97.84,182
Finam:BR,2022-02-28T16:13:00+03:00,97.81,97.89,97.81,97.89,111
Finam:BR,2022-02-28T16:14:00+03:00,97.90,97.97,97.87,97.91,98
Finam:BR,2022-02-28T16:15:00+03:00,97.92,97.98,97.78,97.87,149
Finam:BR,2022-02-28T16:16:00+03:00,97.87,97.94,97.81,97.93,166
Finam:BR,2022-02-28T16:17:00+03:00,97.94,98.05,97.94,97.94,215
Finam:BR,2022-02-28T16:18:00+03:00,97.93,98.00,97.92,97.97,370
Finam:BR,2022-02-28T16:19:00+03:00,97.97,98.00,97.95,98.00,249
Finam:BR,2022-02-28T16:20:00+03:00,97.99,98.27,97.97,98.24,450
Finam:BR,2022-02-28T16:21:00+03:00,98.23,98.29,98.17,98.27,474
Finam:BR,2022-02-28T16:22:00+03:00,98.27,98.48,98.20,98.44,473
Finam:BR,2022-02-28T16:23:00+03:00,98.44,98.48,98.38,98.46,157
Finam:BR,2022-02-28T16:24:00+03:00,98.45,98.50,98.36,98.41,364
Finam:BR,2022-02-28T16:25:00+03:00,98.43,98.46,98.30,98.35,126
Finam:BR,2022-02-28T16:26:00+03:00,98.36,98.42,98.32,98.33,86
Finam:BR,2022-02-28T16:27:00+03:00,98.34,98.34,98.19,98.20,314
Finam:BR,2022-02-28T16:28:00+03:00,98.21,98.33,98.21,98.29,101
Finam:BR,2022-02-28T16:29:00+03:00,98.30,98.30,98.16,98.23,153
Finam:BR,2022-02-28T16:30:00+03:00,98.24,98.30,98.18,98.27,113
Finam:BR,2022-02-28T16:31:00+03:00,98.26,98.31,98.22,98.28,194
Finam:BR,2022-02-28T16:32:00+03:00,98.29,98.30,98.19,98.21,362
Finam:BR,2022-02-28T16:33:00+03:00,98.21,98.22,98.14,98.15,178
Finam:BR,2022-02-28T16:34:00+03:00,98.16,98.16,98.03,98.06,324
Finam:BR,2022-02-28T16:35:00+03:00,98.04,98.07,97.97,98.04,346
Finam:BR,2022-02-28T16:36:00+03:00,98.04,98.10,97.95,98.01,191
Finam:BR,2022-02-28T16:37:00+03:00,98.01,98.06,97.98,98.03,165
Finam:BR,2022-02-28T16:38:00+03:00,98.05,98.06,97.99,98.00,168
Finam:BR,2022-02-28T16:39:00+03:00,97.99,98.04,97.96,97.96,121
Finam:BR,2022-02-28T16:40:00+03:00,97.97,98.18,97.96,98.18,361
Finam:BR,2022-02-28T16:41:00+03:00,98.17,98.17,98.10,98.13,221
Finam:BR,2022-02-28T16:42:00+03:00,98.13,98.13,97.94,98.02,304
Finam:BR,2022-02-28T16:43:00+03:00,98.03,98.18,98.02,98.17,265
Finam:BR,2022-02-28T16:44:00+03:00,98.18,98.18,98.08,98.09,131
Finam:BR,2022-02-28T16:45:00+03:00,98.10,98.10,97.94,98.02,138
Finam:BR,2022-02-28T16:46:00+03:00,98.03,98.06,97.92,97.94,180
Finam:BR,2022-02-28T16:47:00+03:00,97.96,97.97,97.90,97.92,183
Finam:BR,2022-02-28T16:48:00+03:00,97.94,97.94,97.79,97.83,402
Finam:BR,2022-02-28T16:49:00+03:00,97.84,97.90,97.73,97.90,206
Finam:BR,2022-02-28T16:50:00+03:00,97.90,98.04,97.89,98.03,223
Finam:BR,2022-02-28T16:51:00+03:00,98.03,98.08,97.94,98.06,128
Finam:BR,2022-02-28T16:52:00+03:00,98.07,98.09,98.03,98.06,81
Finam:BR,2022-02-28T16:53:00+03:00,98.06,98.12,98.03,98.07,358
Finam:BR,2022-02-28T16:54:00+03:00,98.06,98.11,98.04,98.10,95
Finam:BR,2022-02-28T16:55:00+03:00,98.09,98.24,98.09,98.20,649
Finam:BR,2022-02-28T16:56:00+03:00,98.20,98.42,98.18,98.42,740
Finam:BR,2022-02-28T16:57:00+03:00,98.40,98.40,98.29,98.39,353
Finam:BR,2022-02-28T16:58:00+03:00,98.38,98.41,98.34,98.39,178
Finam:BR,2022-02-28T16:59:00+03:00,98.40,98.50,98.35,98.49,348
Finam:BR,2022-02-28T17:00:00+03:00,98.49,98.50,98.34,98.43,623
Finam:BR,2022-02-28T17:01:00+03:00,98.44,98.44,98.28,98.42,258
Finam:BR,2022-02-28T17:02:00+03:00,98.43,98.43,98.32,98.39,258
Finam:BR,2022-02-28T17:03:00+03:00,98.39,98.41,98.14,98.23,499
Finam:BR,2022-02-28T17:04:00+03:00,98.23,98.25,98.07,98.08,288
Finam:BR,2022-02-28T17:05:00+03:00,98.08,98.13,97.98,98.03,347
Finam:BR,2022-02-28T17:06:00+03:00,98.03,98.12,98.00,98.11,207
Finam:BR,2022-02-28T17:07:00+03:00,98.09,98.18,98.07,98.17,155
Finam:BR,2022-02-28T17:08:00+03:00,98.18,98.24,98.07,98.24,202
Finam:BR,2022-02-28T17:09:00+03:00,98.24,98.30,98.09,98.15,371
Finam:BR,2022-02-28T17:10:00+03:00,98.12,98.12,97.70,97.85,652
Finam:BR,2022-02-28T17:11:00+03:00,97.85,97.94,97.82,97.89,184
Finam:BR,2022-02-28T17:12:00+03:00,97.88,97.91,97.70,97.76,242
Finam:BR,2022-02-28T17:13:00+03:00,97.76,97.87,97.74,97.85,136
Finam:BR,2022-02-28T17:14:00+03:00,97.86,97.88,97.76,97.86,256
Finam:BR,2022-02-28T17:15:00+03:00,97.84,97.88,97.71,97.76,172
Finam:BR,2022-02-28T17:16:00+03:00,97.76,97.87,97.72,97.86,282
Finam:BR,2022-02-28T17:17:00+03:00,97.86,97.97,97.85,97.92,200
Finam:BR,2022-02-28T17:18:00+03:00,97.93,97.95,97.84,97.84,205
Finam:BR,2022-02-28T17:19:00+03:00,97.84,97.84,97.74,97.81,152
Finam:BR,2022-02-28T17:20:00+03:00,97.79,97.80,97.71,97.76,82
Finam:BR,2022-02-28T17:21:00+03:00,97.76,97.85,97.70,97.85,252
Finam:BR,2022-02-28T17:22:00+03:00,97.87,97.90,97.80,97.88,107
Finam:BR,2022-02-28T17:23:00+03:00,97.86,97.94,97.79,97.83,255
Finam:BR,2022-02-28T17:24:00+03:00,97.83,97.95,97.83,97.90,117
Finam:BR,2022-02-28T17:25:00+03:00,97.89,97.89,97.79,97.83,163
Finam:BR,2022-02-28T17:26:00+03:00,97.81,97.82,97.72,97.74,163
Finam:BR,2022-02-28T17:27:00+03:00,97.74,97.77,97.62,97.70,391
Finam:BR,2022-02-28T17:28:00+03:00,97.71,97.73,97.53,97.54,283
Finam:BR,2022-02-28T17:29:00+03:00,97.54,97.69,97.52,97.63,419
Finam:BR,2022-02-28T17:30:00+03:00,97.63,97.67,97.51,97.53,184
Finam:BR,2022-02-28T17:31:00+03:00,97.52,97.73,97.51,97.70,289
Finam:BR,2022-02-28T17:32:00+03:00,97.70,97.76,97.60,97.61,321
Finam:BR,2022-02-28T17:33:00+03:00,97.60,97.61,97.50,97.50,254
Finam:BR,2022-02-28T17:34:00+03:00,97.50,97.56,97.31,97.36,540
Finam:BR,2022-02-28T17:35:00+03:00,97.35,97.47,97.23,97.25,422
Finam:BR,2022-02-28T17:36:00+03:00,97.24,97.38,97.18,97.35,445
Finam:BR,2022-02-28T17:37:00+03:00,97.35,97.56,97.33,97.50,328
Finam:BR,2022-02-28T17:38:00+03:00,97.49,97.63,97.43,97.62,322
Finam:BR,2022-02-28T17:39:00+03:00,97.62,97.70,97.58,97.66,426
Finam:BR,2022-02-28T17:40:00+03:00,97.65,97.70,97.51,97.55,314
Finam:BR,2022-02-28T17:41:00+03:00,97.53,97.60,97.47,97.54,182
Finam:BR,2022-02-28T17:42:00+03:00,97.54,97.56,97.41,97.48,182
Finam:BR,2022-02-28T17:43:00+03:00,97.49,97.60,97.39,97.56,355
Finam:BR,2022-02-28T17:44:00+03:00,97.53,97.59,97.49,97.51,81
Finam:BR,2022-02-28T17:45:00+03:00,97.53,97.61,97.50,97.57,287
Finam:BR,2022-02-28T17:46:00+03:00,97.58,97.59,97.49,97.54,148
Finam:BR,2022-02-28T17:47:00+03:00,97.53,97.55,97.47,97.48,257
Finam:BR,2022-02-28T17:48:00+03:00,97.47,97.51,97.36,97.45,276
Finam:BR,2022-02-28T17:49:00+03:00,97.46,97.47,97.36,97.41,115
Finam:BR,2022-02-28T17:50:00+03:00,97.39,97.55,97.38,97.51,134
Finam:BR,2022-02-28T17:51:00+03:00,97.51,97.67,97.51,97.61,305
Finam:BR,2022-02-28T17:52:00+03:00,97.61,97.70,97.59,97.60,251
Finam:BR,2022-02-28T17:53:00+03:00,97.59,97.63,97.54,97.59,105
Finam:BR,2022-02-28T17:54:00+03:00,97.58,97.59,97.50,97.50,249
Finam:BR,2022-02-28T17:55:00+03:00,97.49,97.52,97.37,97.43,538
Finam:BR,2022-02-28T17:56:00+03:00,97.41,97.41,97.33,97.40,140
Finam:BR,2022-02-28T17:57:00+03:00,97.39,97.43,97.31,97.36,230
Finam:BR,2022-02-28T17:58:00+03:00,97.38,97.46,97.35,97.35,461
Finam:BR,2022-02-28T17:59:00+03:00,97.37,97.37,97.21,97.26,501
Finam:BR,2022-02-28T18:00:00+03:00,97.27,97.53,97.26,97.41,507
Finam:BR,2022-02-28T18:01:00+03:00,97.39,97.46,97.27,97.45,400
Finam:BR,2022-02-28T18:02:00+03:00,97.46,97.50,97.33,97.36,232
Finam:BR,2022-02-28T18:03:00+03:00,97.36,97.52,97.35,97.48,366
Finam:BR,2022-02-28T18:04:00+03:00,97.48,97.81,97.48,97.74,740
Finam:BR,2022-02-28T18:05:00+03:00,97.73,97.75,97.58,97.59,248
Finam:BR,2022-02-28T18:06:00+03:00,97.59,97.85,97.59,97.68,461
Finam:BR,2022-02-28T18:07:00+03:00,97.67,97.88,97.65,97.84,276
Finam:BR,2022-02-28T18:08:00+03:00,97.83,97.84,97.74,97.77,131
Finam:BR,2022-02-28T18:09:00+03:00,97.77,97.84,97.61,97.75,735
Finam:BR,2022-02-28T18:10:00+03:00,97.76,97.94,97.74,97.86,228
Finam:BR,2022-02-28T18:11:00+03:00,97.86,98.00,97.80,97.97,433
Finam:BR,2022-02-28T18:12:00+03:00,97.96,98.06,97.94,98.01,710
Finam:BR,2022-02-28T18:13:00+03:00,98.01,98.13,98.01,98.11,587
Finam:BR,2022-02-28T18:14:00+03:00,98.10,98.16,98.02,98.02,364
Finam:BR,2022-02-28T18:15:00+03:00,98.04,98.16,97.99,98.10,469
Finam:BR,2022-02-28T18:16:00+03:00,98.11,98.14,98.02,98.02,149
Finam:BR,2022-02-28T18:17:00+03:00,98.01,98.02,97.87,97.91,234
Finam:BR,2022-02-28T18:18:00+03:00,97.93,98.03,97.88,97.99,244
Finam:BR,2022-02-28T18:19:00+03:00,98.01,98.05,97.96,97.98,192
Finam:BR,2022-02-28T18:20:00+03:00,97.97,98.00,97.77,97.82,327
Finam:BR,2022-02-28T18:21:00+03:00,97.82,97.89,97.72,97.80,494
Finam:BR,2022-02-28T18:22:00+03:00,97.81,97.83,97.67,97.78,321
Finam:BR,2022-02-28T18:23:00+03:00,97.78,97.91,97.76,97.88,173
Finam:BR,2022-02-28T18:24:00+03:00,97.89,97.91,97.83,97.89,156
Finam:BR,2022-02-28T18:25:00+03:00,97.87,97.99,97.87,97.92,219
Finam:BR,2022-02-28T18:26:00+03:00,97.92,97.98,97.87,97.98,212
Finam:BR,2022-02-28T18:27:00+03:00,97.99,98.09,97.95,98.06,165
Finam:BR,2022-02-28T18:28:00+03:00,98.06,98.06,97.97,98.01,219
Finam:BR,2022-02-28T18:29:00+03:00,98.00,98.03,97.94,97.95,111
Finam:BR,2022-02-28T18:30:00+03:00,97.95,97.97,97.91,97.92,152
Finam:BR,2022-02-28T18:31:00+03:00,97.93,98.02,97.91,98.02,103
Finam:BR,2022-02-28T18:32:00+03:00,98.02,98.18,98.00,98.14,183
Finam:BR,2022-02-28T18:33:00+03:00,98.15,98.19,98.12,98.17,232
Finam:BR,2022-02-28T18:34:00+03:00,98.17,98.22,98.13,98.15,147
Finam:BR,2022-02-28T18:35:00+03:00,98.15,98.16,97.98,98.03,169
Finam:BR,2022-02-28T18:36:00+03:00,98.04,98.08,98.01,98.05,150
Finam:BR,2022-02-28T18:37:00+03:00,98.04,98.07,97.89,97.92,210
Finam:BR,2022-02-28T18:38:00+03:00,97.92,97.95,97.86,97.88,255
Finam:BR,2022-02-28T18:39:00+03:00,97.89,97.93,97.88,97.88,231
Finam:BR,2022-02-28T18:40:00+03:00,97.87,97.91,97.76,97.83,316
Finam:BR,2022-02-28T18:41:00+03:00,97.83,97.89,97.73,97.77,129
Finam:BR,2022-02-28T18:42:00+03:00,97.77,97.77,97.64,97.67,245
Finam:BR,2022-02-28T18:43:00+03:00,97.67,97.67,97.56,97.58,258
Finam:BR,2022-02-28T18:44:00+03:00,97.57,97.63,97.54,97.59,221
Finam:BR,2022-02-28T18:45:00+03:00,97.59,97.61,97.56,97.56,224
Finam:BR,2022-02-28T18:46:00+03:00,97.57,97.62,97.40,97.48,438
Finam:BR,2022-02-28T18:47:00+03:00,97.48,97.54,97.45,97.46,151
Finam:BR,2022-02-28T18:48:00+03:00,97.48,97.62,97.44,97.61,332
Finam:BR,2022-02-28T18:49:00+03:00,97.61,97.63,97.53,97.60,331
Finam:BR,2022-02-28T18:50:00+03:00,97.61,97.65,97.55,97.60,201
Finam:BR,2022-02-28T18:51:00+03:00,97.60,97.66,97.52,97.53,253
Finam:BR,2022-02-28T18:52:00+03:00,97.53,97.67,97.51,97.67,137
Finam:BR,2022-02-28T18:53:00+03:00,97.67,97.74,97.67,97.74,199
Finam:BR,2022-02-28T18:54:00+03:00,97.75,97.86,97.75,97.83,202
Finam:BR,2022-02-28T18:55:00+03:00,97.83,97.86,97.78,97.82,153
Finam:BR,2022-02-28T18:56:00+03:00,97.81,97.95,97.77,97.95,289
Finam:BR,2022-02-28T18:57:00+03:00,97.96,97.99,97.86,97.98,417
Finam:BR,2022-02-28T18:58:00+03:00,97.98,98.00,97.93,97.96,170
Finam:BR,2022-02-28T18:59:00+03:00,97.96,98.04,97.95,98.01,191
Finam:BR,2022-02-28T19:00:00+03:00,97.99,98.11,97.97,98.07,266
Finam:BR,2022-02-28T19:01:00+03:00,98.06,98.15,98.03,98.15,246
Finam:BR,2022-02-28T19:02:00+03:00,98.15,98.19,98.07,98.11,196
Finam:BR,2022-02-28T19:03:00+03:00,98.10,98.11,98.03,98.09,130
Finam:BR,2022-02-28T19:04:00+03:00,98.09,98.16,98.06,98.10,257
Finam:BR,2022-02-28T19:05:00+03:00,98.10,98.10,98.01,98.05,260
Finam:BR,2022-02-28T19:06:00+03:00,98.05,98.07,97.78,97.80,384
Finam:BR,2022-02-28T19:07:00+03:00,97.81,97.82,97.71,97.73,308
Finam:BR,2022-02-28T19:08:00+03:00,97.74,97.74,97.62,97.70,199
Finam:BR,2022-02-28T19:09:00+03:00,97.71,97.74,97.58,97.64,176
Finam:BR,2022-02-28T19:10:00+03:00,97.65,97.71,97.55,97.57,193
Finam:BR,2022-02-28T19:11:00+03:00,97.56,97.62,97.50,97.62,187
Finam:BR,2022-02-28T19:12:00+03:00,97.63,97.65,97.54,97.56,321
Finam:BR,2022-02-28T19:13:00+03:00,97.56,97.58,97.50,97.55,261
Finam:BR,2022-02-28T19:14:00+03:00,97.54,97.58,97.52,97.58,204
Finam:BR,2022-02-28T19:15:00+03:00,97.58,97.73,97.55,97.70,223
Finam:BR,2022-02-28T19:16:00+03:00,97.70,97.82,97.67,97.77,322
Finam:BR,2022-02-28T19:17:00+03:00,97.77,97.78,97.71,97.77,118
Finam:BR,2022-02-28T19:18:00+03:00,97.77,97.81,97.42,97.52,661
Finam:BR,2022-02-28T19:19:00+03:00,97.51,97.57,97.38,97.51,579
Finam:BR,2022-02-28T19:20:00+03:00,97.51,97.51,97.25,97.27,649
Finam:BR,2022-02-28T19:21:00+03:00,97.26,97.46,97.23,97.33,535
Finam:BR,2022-02-28T19:22:00+03:00,97.34,97.52,97.34,97.40,355
Finam:BR,2022-02-28T19:23:00+03:00,97.39,97.50,97.38,97.45,285
Finam:BR,2022-02-28T19:24:00+03:00,97.44,97.50,97.39,97.43,366
Finam:BR,2022-02-28T19:25:00+03:00,97.44,97.51,97.27,97.47,667
Finam:BR,2022-02-28T19:26:00+03:00,97.47,97.58,97.22,97.31,1037
Finam:BR,2022-02-28T19:27:00+03:00,97.31,97.39,97.24,97.27,467
Finam:BR,2022-02-28T19:28:00+03:00,97.28,97.55,97.26,97.54,1319
Finam:BR,2022-02-28T19:29:00+03:00,97.55,97.80,97.48,97.73,4219
Finam:BR,2022-02-28T19:30:00+03:00,97.74,97.75,97.63,97.69,1337
Finam:BR,2022-02-28T19:31:00+03:00,97.70,97.75,97.65,97.70,515
Finam:BR,2022-02-28T19:32:00+03:00,97.68,97.80,97.67,97.67,457
Finam:BR,2022-02-28T19:33:00+03:00,97.68,97.75,97.65,97.75,399
Finam:BR,2022-02-28T19:34:00+03:00,97.74,97.74,97.65,97.66,421
Finam:BR,2022-02-28T19:35:00+03:00,97.66,97.67,97.43,97.45,502
Finam:BR,2022-02-28T19:36:00+03:00,97.47,97.54,97.33,97.38,463
Finam:BR,2022-02-28T19:37:00+03:00,97.38,97.48,97.36,97.39,318
Finam:BR,2022-02-28T19:38:00+03:00,97.38,97.48,97.38,97.40,309
Finam:BR,2022-02-28T19:39:00+03:00,97.41,97.42,97.22,97.22,687
Finam:BR,2022-02-28T19:40:00+03:00,97.22,97.30,97.22,97.24,325
Finam:BR,2022-02-28T19:41:00+03:00,97.25,97.28,97.02,97.21,1063
Finam:BR,2022-02-28T19:42:00+03:00,97.22,97.40,97.22,97.36,473
Finam:BR,2022-02-28T19:43:00+03:00,97.35,97.37,97.29,97.30,297
Finam:BR,2022-02-28T19:44:00+03:00,97.31,97.36,97.24,97.34,171
Finam:BR,2022-02-28T19:45:00+03:00,97.35,97.47,97.22,97.22,439
Finam:BR,2022-02-28T19:46:00+03:00,97.22,97.30,97.19,97.25,252
Finam:BR,2022-02-28T19:47:00+03:00,97.27,97.54,97.27,97.54,246
Finam:BR,2022-02-28T19:48:00+03:00,97.52,97.54,97.44,97.45,205
Finam:BR,2022-02-28T19:49:00+03:00,97.45,97.48,97.37,97.39,83
Finam:BR,2022-02-28T19:50:00+03:00,97.38,97.45,97.37,97.44,138
Finam:BR,2022-02-28T19:51:00+03:00,97.44,97.53,97.39,97.50,237
Finam:BR,2022-02-28T19:52:00+03:00,97.49,97.67,97.49,97.65,248
Finam:BR,2022-02-28T19:53:00+03:00,97.62,97.73,97.59,97.71,307
Finam:BR,2022-02-28T19:54:00+03:00,97.69,97.90,97.68,97.80,643
Finam:BR,2022-02-28T19:55:00+03:00,97.79,97.79,97.70,97.77,218
Finam:BR,2022-02-28T19:56:00+03:00,97.76,97.93,97.74,97.93,366
Finam:BR,2022-02-28T19:57:00+03:00,97.93,97.95,97.88,97.92,270
Finam:BR,2022-02-28T19:58:00+03:00,97.93,97.99,97.88,97.88,392
Finam:BR,2022-02-28T19:59:00+03:00,97.87,97.94,97.87,97.91,119
Finam:BR,2022-02-28T20:00:00+03:00,97.92,97.96,97.84,97.85,140
Finam:BR,2022-02-28T20:01:00+03:00,97.87,97.88,97.71,97.74,464
Finam:BR,2022-02-28T20:02:00+03:00,97.73,97.76,97.71,97.76,146
Finam:BR,2022-02-28T20:03:00+03:00,97.76,97.85,97.74,97.83,293
Finam:BR,2022-02-28T20:04:00+03:00,97.84,97.93,97.83,97.90,95
Finam:BR,2022-02-28T20:05:00+03:00,97.89,97.94,97.87,97.93,111
Finam:BR,2022-02-28T20:06:00+03:00,97.93,97.96,97.87,97.90,130
Finam:BR,2022-02-28T20:07:00+03:00,97.90,97.90,97.82,97.82,280
Finam:BR,2022-02-28T20:08:00+03:00,97.83,97.83,97.72,97.83,228
Finam:BR,2022-02-28T20:09:00+03:00,97.84,98.03,97.82,98.00,233
Finam:BR,2022-02-28T20:10:00+03:00,97.99,98.02,97.90,97.94,242
Finam:BR,2022-02-28T20:11:00+03:00,97.92,98.00,97.91,97.94,81
Finam:BR,2022-02-28T20:12:00+03:00,97.93,97.93,97.82,97.92,159
Finam:BR,2022-02-28T20:13:00+03:00,97.92,98.07,97.91,98.04,243
Finam:BR,2022-02-28T20:14:00+03:00,98.05,98.11,98.04,98.08,119
Finam:BR,2022-02-28T20:15:00+03:00,98.09,98.23,98.09,98.13,404
Finam:BR,2022-02-28T20:16:00+03:00,98.13,98.23,98.08,98.19,304
Finam:BR,2022-02-28T20:17:00+03:00,98.19,98.32,98.13,98.31,457
Finam:BR,2022-02-28T20:18:00+03:00,98.32,98.32,98.20,98.21,186
Finam:BR,2022-02-28T20:19:00+03:00,98.21,98.25,98.17,98.25,228
Finam:BR,2022-02-28T20:20:00+03:00,98.26,98.26,98.19,98.20,77
Finam:BR,2022-02-28T20:21:00+03:00,98.19,98.21,98.16,98.20,149
Finam:BR,2022-02-28T20:22:00+03:00,98.20,98.20,98.08,98.19,200
Finam:BR,2022-02-28T20:23:00+03:00,98.18,98.22,98.17,98.17,129
Finam:BR,2022-02-28T20:24:00+03:00,98.20,98.20,98.10,98.17,98
Finam:BR,2022-02-28T20:25:00+03:00,98.18,98.24,98.16,98.23,45
Finam:BR,2022-02-28T20:26:00+03:00,98.23,98.24,98.09,98.12,122
Finam:BR,2022-02-28T20:27:00+03:00,98.14,98.15,98.04,98.15,211
Finam:BR,2022-02-28T20:28:00+03:00,98.16,98.32,98.12,98.30,483
Finam:BR,2022-02-28T20:29:00+03:00,98.32,98.32,98.27,98.28,31
Finam:BR,2022-02-28T20:30:00+03:00,98.29,98.44,98.26,98.41,347
Finam:BR,2022-02-28T20:31:00+03:00,98.43,98.56,98.37,98.49,957
Finam:BR,2022-02-28T20:32:00+03:00,98.47,98.50,98.38,98.43,463
Finam:BR,2022-02-28T20:33:00+03:00,98.42,98.53,98.42,98.50,282
Finam:BR,2022-02-28T20:34:00+03:00,98.51,98.53,98.34,98.35,332
Finam:BR,2022-02-28T20:35:00+03:00,98.36,98.40,98.25,98.27,190
Finam:BR,2022-02-28T20:36:00+03:00,98.27,98.39,98.25,98.36,233
Finam:BR,2022-02-28T20:37:00+03:00,98.36,98.36,98.21,98.25,224
Finam:BR,2022-02-28T20:38:00+03:00,98.24,98.35,98.23,98.34,63
Finam:BR,2022-02-28T20:39:00+03:00,98.32,98.34,98.29,98.29,66
Finam:BR,2022-02-28T20:40:00+03:00,98.29,98.39,98.22,98.38,89
Finam:BR,2022-02-28T20:41:00+03:00,98.39,98.40,98.33,98.34,62
Finam:BR,2022-02-28T20:42:00+03:00,98.35,98.46,98.34,98.45,58
Finam:BR,2022-02-28T20:43:00+03:00,98.44,98.44,98.35,98.39,59
Finam:BR,2022-02-28T20:44:00+03:00,98.39,98.41,98.35,98.36,61
Finam:BR,2022-02-28T20:45:00+03:00,98.37,98.37,98.24,98.28,150
Finam:BR,2022-02-28T20:46:00+03:00,98.28,98.34,98.25,98.27,126
Finam:BR,2022-02-28T20:47:00+03:00,98.26,98.28,98.15,98.19,297
Finam:BR,2022-02-28T20:48:00+03:00,98.18,98.26,98.12,98.12,389
Finam:BR,2022-02-28T20:49:00+03:00,98.12,98.24,98.10,98.20,415
Finam:BR,2022-02-28T20:50:00+03:00,98.21,98.29,98.12,98.29,511
Finam:BR,2022-02-28T20:51:00+03:00,98.29,98.29,98.19,98.20,117
Finam:BR,2022-02-28T20:52:00+03:00,98.20,98.28,98.18,98.27,300
Finam:BR,2022-02-28T20:53:00+03:00,98.28,98.41,98.24,98.41,115
Finam:BR,2022-02-28T20:54:00+03:00,98.39,98.42,98.34,98.39,155
Finam:BR,2022-02-28T20:55:00+03:00,98.38,98.47,98.38,98.43,114
Finam:BR,2022-02-28T20:56:00+03:00,98.43,98.53,98.41,98.51,213
Finam:BR,2022-02-28T20:57:00+03:00,98.51,98.61,98.48,98.59,438
Finam:BR,2022-02-28T20:58:00+03:00,98.59,98.64,98.54,98.54,237
Finam:BR,2022-02-28T20:59:00+03:00,98.52,98.59,98.52,98.59,104
Finam:BR,2022-02-28T21:00:00+03:00,98.58,98.59,98.53,98.56,148
Finam:BR,2022-02-28T21:01:00+03:00,98.58,98.58,98.54,98.56,149
Finam:BR,2022-02-28T21:02:00+03:00,98.57,98.59,98.54,98.59,113
Finam:BR,2022-02-28T21:03:00+03:00,98.57,98.61,98.54,98.55,111
Finam:BR,2022-02-28T21:04:00+03:00,98.55,98.62,98.54,98.60,186
Finam:BR,2022-02-28T21:05:00+03:00,98.61,98.78,98.61,98.69,530
Finam:BR,2022-02-28T21:06:00+03:00,98.68,98.71,98.61,98.65,217
Finam:BR,2022-02-28T21:07:00+03:00,98.64,98.74,98.63,98.74,102
Finam:BR,2022-02-28T21:08:00+03:00,98.72,98.79,98.69,98.78,269
Finam:BR,2022-02-28T21:09:00+03:00,98.78,98.80,98.74,98.77,294
Finam:BR,2022-02-28T21:10:00+03:00,98.76,98.79,98.75,98.75,119
Finam:BR,2022-02-28T21:11:00+03:00,98.76,98.82,98.75,98.81,196
Finam:BR,2022-02-28T21:12:00+03:00,98.81,98.84,98.81,98.82,422
Finam:BR,2022-02-28T21:13:00+03:00,98.82,98.86,98.76,98.86,288
Finam:BR,2022-02-28T21:14:00+03:00,98.86,98.89,98.80,98.83,231
Finam:BR,2022-02-28T21:15:00+03:00,98.85,98.87,98.84,98.85,118
Finam:BR,2022-02-28T21:16:00+03:00,98.86,98.97,98.86,98.95,259
Finam:BR,2022-02-28T21:17:00+03:00,98.95,99.05,98.93,99.03,1026
Finam:BR,2022-02-28T21:18:00+03:00,99.03,99.07,99.03,99.06,309
Finam:BR,2022-02-28T21:19:00+03:00,99.07,99.09,99.03,99.07,319
Finam:BR,2022-02-28T21:20:00+03:00,99.06,99.09,98.98,99.03,432
Finam:BR,2022-02-28T21:21:00+03:00,99.05,99.11,98.98,98.98,445
Finam:BR,2022-02-28T21:22:00+03:00,99.00,99.09,99.00,99.02,301
Finam:BR,2022-02-28T21:23:00+03:00,99.04,99.07,98.98,99.05,188
Finam:BR,2022-02-28T21:24:00+03:00,99.07,99.09,99.04,99.06,285
Finam:BR,2022-02-28T21:25:00+03:00,99.04,99.07,99.01,99.05,105
Finam:BR,2022-02-28T21:26:00+03:00,99.04,99.06,99.00,99.03,102
Finam:BR,2022-02-28T21:27:00+03:00,99.03,99.09,99.01,99.07,258
Finam:BR,2022-02-28T21:28:00+03:00,99.07,99.09,99.02,99.05,487
Finam:BR,2022-02-28T21:29:00+03:00,99.04,99.07,99.03,99.05,569
Finam:BR,2022-02-28T21:30:00+03:00,99.04,99.06,98.98,98.98,161
Finam:BR,2022-02-28T21:31:00+03:00,98.97,98.98,98.93,98.94,111
Finam:BR,2022-02-28T21:32:00+03:00,98.93,98.95,98.80,98.86,180
Finam:BR,2022-02-28T21:33:00+03:00,98.87,98.94,98.79,98.81,230
Finam:BR,2022-02-28T21:34:00+03:00,98.81,98.82,98.69,98.73,226
Finam:BR,2022-02-28T21:35:00+03:00,98.73,98.79,98.71,98.79,72
Finam:BR,2022-02-28T21:36:00+03:00,98.80,98.90,98.80,98.89,126
Finam:BR,2022-02-28T21:37:00+03:00,98.90,98.96,98.89,98.94,255
Finam:BR,2022-02-28T21:38:00+03:00,98.94,98.94,98.89,98.91,139
Finam:BR,2022-02-28T21:39:00+03:00,98.91,98.94,98.88,98.88,97
Finam:BR,2022-02-28T21:40:00+03:00,98.88,98.97,98.88,98.96,102
Finam:BR,2022-02-28T21:41:00+03:00,98.98,98.99,98.92,98.92,81
Finam:BR,2022-02-28T21:42:00+03:00,98.92,98.94,98.87,98.88,136
Finam:BR,2022-02-28T21:43:00+03:00,98.87,98.89,98.72,98.75,280
Finam:BR,2022-02-28T21:44:00+03:00,98.77,98.78,98.70,98.73,137
Finam:BR,2022-02-28T21:45:00+03:00,98.75,98.76,98.68,98.72,184
Finam:BR,2022-02-28T21:46:00+03:00,98.71,98.71,98.60,98.67,481
Finam:BR,2022-02-28T21:47:00+03:00,98.68,98.70,98.61,98.62,99
Finam:BR,2022-02-28T21:48:00+03:00,98.64,98.67,98.63,98.63,58
Finam:BR,2022-02-28T21:49:00+03:00,98.64,98.66,98.57,98.60,117
Finam:BR,2022-02-28T21:50:00+03:00,98.59,98.74,98.59,98.64,155
Finam:BR,2022-02-28T21:51:00+03:00,98.65,98.65,98.37,98.43,213
Finam:BR,2022-02-28T21:52:00+03:00,98.40,98.52,98.39,98.49,113
Finam:BR,2022-02-28T21:53:00+03:00,98.50,98.55,98.47,98.49,50
Finam:BR,2022-02-28T21:54:00+03:00,98.48,98.55,98.47,98.55,48
Finam:BR,2022-02-28T21:55:00+03:00,98.54,98.57,98.50,98.53,66
Finam:BR,2022-02-28T21:56:00+03:00,98.53,98.61,98.50,98.61,119
Finam:BR,2022-02-28T21:57:00+03:00,98.62,98.64,98.58,98.58,78
Finam:BR,2022-02-28T21:58:00+03:00,98.59,98.64,98.57,98.62,82
Finam:BR,2022-02-28T21:59:00+03:00,98.62,98.78,98.59,98.73,435
Finam:BR,2022-02-28T22:00:00+03:00,98.75,98.80,98.63,98.66,455
Finam:BR,2022-02-28T22:01:00+03:00,98.65,98.66,98.53,98.57,109
Finam:BR,2022-02-28T22:02:00+03:00,98.59,98.63,98.54,98.60,122
Finam:BR,2022-02-28T22:03:00+03:00,98.60,98.64,98.57,98.58,74
Finam:BR,2022-02-28T22:04:00+03:00,98.59,98.60,98.55,98.59,80
Finam:BR,2022-02-28T22:05:00+03:00,98.63,98.67,98.57,98.67,110
Finam:BR,2022-02-28T22:06:00+03:00,98.70,98.70,98.56,98.59,280
Finam:BR,2022-02-28T22:07:00+03:00,98.59,98.64,98.56,98.62,237
Finam:BR,2022-02-28T22:08:00+03:00,98.63,98.66,98.61,98.63,163
Finam:BR,2022-02-28T22:09:00+03:00,98.63,98.68,98.57,98.61,205
Finam:BR,2022-02-28T22:10:00+03:00,98.61,98.63,98.56,98.56,221
Finam:BR,2022-02-28T22:11:00+03:00,98.59,98.62,98.57,98.62,85
Finam:BR,2022-02-28T22:12:00+03:00,98.62,98.62,98.52,98.56,300
Finam:BR,2022-02-28T22:13:00+03:00,98.56,98.62,98.51,98.53,112
Finam:BR,2022-02-28T22:14:00+03:00,98.54,98.54,98.47,98.52,300
Finam:BR,2022-02-28T22:15:00+03:00,98.53,98.53,98.33,98.35,518
Finam:BR,2022-02-28T22:16:00+03:00,98.35,98.46,98.31,98.44,339
Finam:BR,2022-02-28T22:17:00+03:00,98.43,98.49,98.39,98.44,316
Finam:BR,2022-02-28T22:18:00+03:00,98.43,98.50,98.37,98.46,171
Finam:BR,2022-02-28T22:19:00+03:00,98.45,98.45,98.31,98.35,401
Finam:BR,2022-02-28T22:20:00+03:00,98.35,98.38,98.21,98.36,583
Finam:BR,2022-02-28T22:21:00+03:00,98.36,98.41,98.31,98.40,232
Finam:BR,2022-02-28T22:22:00+03:00,98.41,98.49,98.39,98.44,173
Finam:BR,2022-02-28T22:23:00+03:00,98.46,98.46,98.21,98.25,417
Finam:BR,2022-02-28T22:24:00+03:00,98.25,98.42,98.21,98.41,357
Finam:BR,2022-02-28T22:25:00+03:00,98.40,98.43,98.00,98.05,907
Finam:BR,2022-02-28T22:26:00+03:00,98.03,98.12,97.92,98.11,738
Finam:BR,2022-02-28T22:27:00+03:00,98.11,98.26,98.00,98.24,823
Finam:BR,2022-02-28T22:28:00+03:00,98.24,98.25,97.86,97.99,2046
Finam:BR,2022-02-28T22:29:00+03:00,97.99,98.02,97.80,97.82,2264
Finam:BR,2022-02-28T22:30:00+03:00,97.82,97.95,97.52,97.77,1392
Finam:BR,2022-02-28T22:31:00+03:00,97.75,97.86,97.72,97.76,251
Finam:BR,2022-02-28T22:32:00+03:00,97.77,97.83,97.74,97.80,219
Finam:BR,2022-02-28T22:33:00+03:00,97.80,97.81,97.73,97.78,98
Finam:BR,2022-02-28T22:34:00+03:00,97.77,97.92,97.75,97.76,457
Finam:BR,2022-02-28T22:35:00+03:00,97.78,97.81,97.65,97.66,307
Finam:BR,2022-02-28T22:36:00+03:00,97.65,97.67,97.58,97.65,455
Finam:BR,2022-02-28T22:37:00+03:00,97.64,97.65,97.56,97.58,290
Finam:BR,2022-02-28T22:38:00+03:00,97.57,97.60,97.55,97.60,122
Finam:BR,2022-02-28T22:39:00+03:00,97.59,97.60,97.55,97.55,283
Finam:BR,2022-02-28T22:40:00+03:00,97.55,97.60,97.54,97.55,43
Finam:BR,2022-02-28T22:41:00+03:00,97.58,97.70,97.58,97.67,256
Finam:BR,2022-02-28T22:42:00+03:00,97.67,97.70,97.61,97.63,94
Finam:BR,2022-02-28T22:43:00+03:00,97.61,97.62,97.59,97.59,108
Finam:BR,2022-02-28T22:44:00+03:00,97.59,97.68,97.56,97.68,69
Finam:BR,2022-02-28T22:45:00+03:00,97.69,97.97,97.61,97.62,80
Finam:BR,2022-02-28T22:46:00+03:00,97.62,97.65,97.62,97.63,23
Finam:BR,2022-02-28T22:47:00+03:00,97.62,97.65,97.62,97.64,106
Finam:BR,2022-02-28T22:48:00+03:00,97.61,97.61,97.57,97.59,32
Finam:BR,2022-02-28T22:49:00+03:00,97.57,97.65,97.56,97.64,81
Finam:BR,2022-02-28T22:50:00+03:00,97.65,97.65,97.63,97.65,181
Finam:BR,2022-02-28T22:51:00+03:00,97.65,97.75,97.63,97.65,231
Finam:BR,2022-02-28T22:52:00+03:00,97.67,97.70,97.67,97.70,200
Finam:BR,2022-02-28T22:53:00+03:00,97.70,97.78,97.69,97.74,140
Finam:BR,2022-02-28T22:54:00+03:00,97.75,97.76,97.72,97.74,96
Finam:BR,2022-02-28T22:55:00+03:00,97.74,97.83,97.73,97.81,131
Finam:BR,2022-02-28T22:56:00+03:00,97.80,97.89,97.80,97.89,106
Finam:BR,2022-02-28T22:57:00+03:00,97.87,97.89,97.83,97.85,80
Finam:BR,2022-02-28T22:58:00+03:00,97.82,97.92,97.81,97.88,100
Finam:BR,2022-02-28T22:59:00+03:00,97.88,97.90,97.86,97.88,67
Finam:BR,2022-02-28T23:00:00+03:00,97.87,97.87,97.84,97.84,28
Finam:BR,2022-02-28T23:01:00+03:00,97.83,97.88,97.82,97.87,27
Finam:BR,2022-02-28T23:02:00+03:00,97.84,97.91,97.84,97.88,75
Finam:BR,2022-02-28T23:03:00+03:00,97.91,97.91,97.87,97.87,9
Finam:BR,2022-02-28T23:04:00+03:00,97.89,97.89,97.83,97.83,108
Finam:BR,2022-02-28T23:05:00+03:00,97.82,97.86,97.82,97.85,30
Finam:BR,2022-02-28T23:06:00+03:00,97.86,97.87,97.81,97.85,59
Finam:BR,2022-02-28T23:07:00+03:00,97.86,98.03,97.85,98.02,160
Finam:BR,2022-02-28T23:08:00+03:00,98.02,98.03,97.98,97.99,113
Finam:BR,2022-02-28T23:09:00+03:00,97.97,97.98,97.86,97.88,50
Finam:BR,2022-02-28T23:10:00+03:00,97.83,97.87,97.83,97.85,21
Finam:BR,2022-02-28T23:11:00+03:00,97.89,97.90,97.83,97.85,12
Finam:BR,2022-02-28T23:12:00+03:00,97.85,97.98,97.85,97.96,57
Finam:BR,2022-02-28T23:13:00+03:00,97.99,98.11,97.98,98.06,244
Finam:BR,2022-02-28T23:14:00+03:00,98.07,98.08,98.02,98.08,45
Finam:BR,2022-02-28T23:15:00+03:00,98.08,98.08,97.98,98.03,119
Finam:BR,2022-02-28T23:16:00+03:00,98.03,98.07,98.01,98.06,43
Finam:BR,2022-02-28T23:17:00+03:00,98.06,98.06,97.95,97.96,73
Finam:BR,2022-02-28T23:18:00+03:00,97.96,97.97,97.95,97.95,7
Finam:BR,2022-02-28T23:19:00+03:00,97.93,97.93,97.90,97.91,18
Finam:BR,2022-02-28T23:20:00+03:00,97.91,97.93,97.91,97.92,12
Finam:BR,2022-02-28T23:21:00+03:00,97.91,97.91,97.84,97.84,62
Finam:BR,2022-02-28T23:22:00+03:00,97.85,97.91,97.81,97.86,61
Finam:BR,2022-02-28T23:23:00+03:00,97.86,97.89,97.84,97.88,15
Finam:BR,2022-02-28T23:24:00+03:00,97.86,97.92,97.84,97.92,58
Finam:BR,2022-02-28T23:25:00+03:00,97.92,97.95,97.92,97.93,19
Finam:BR,2022-02-28T23:26:00+03:00,97.93,97.94,97.88,97.91,21
Finam:BR,2022-02-28T23:27:00+03:00,97.92,97.96,97.88,97.89,107
Finam:BR,2022-02-28T23:28:00+03:00,97.88,97.90,97.86,97.87,18
Finam:BR,2022-02-28T23:29:00+03:00,97.89,97.89,97.85,97.86,5
Finam:BR,2022-02-28T23:30:00+03:00,97.86,97.88,97.86,97.87,13
Finam:BR,2022-02-28T23:31:00+03:00,97.87,97.95,97.85,97.95,31
Finam:BR,2022-02-28T23:32:00+03:00,97.93,97.96,97.91,97.95,39
Finam:BR,2022-02-28T23:33:00+03:00,97.96,98.00,97.95,97.95,70
Finam:BR,2022-02-28T23:34:00+03:00,97.93,97.97,97.93,97.95,15
Finam:BR,2022-02-28T23:35:00+03:00,97.96,97.96,97.93,97.93,20
Finam:BR,2022-02-28T23:36:00+03:00,97.94,97.94,97.94,97.94,3
Finam:BR,2022-02-28T23:37:00+03:00,97.92,97.98,97.91,97.98,9
Finam:BR,2022-02-28T23:38:00+03:00,97.97,97.97,97.92,97.92,5
Finam:BR,2022-02-28T23:39:00+03:00,97.91,97.94,97.90,97.93,17
Finam:BR,2022-02-28T23:40:00+03:00,97.93,97.96,97.92,97.96,24
Finam:BR,2022-02-28T23:41:00+03:00,97.94,97.94,97.92,97.94,15
Finam:BR,2022-02-28T23:42:00+03:00,97.92,98.19,97.90,98.02,328
Finam:BR,2022-02-28T23:43:00+03:00,98.05,98.06,97.94,97.98,154
Finam:BR,2022-02-28T23:44:00+03:00,97.99,98.04,97.98,97.98,85
Finam:BR,2022-02-28T23:45:00+03:00,97.98,98.06,97.97,98.00,119
Finam:BR,2022-02-28T23:46:00+03:00,97.99,98.04,97.99,98.02,24
Finam:BR,2022-02-28T23:47:00+03:00,98.01,98.10,98.01,98.10,113
Finam:BR,2022-02-28T23:48:00+03:00,98.11,98.14,98.04,98.10,95
Finam:BR,2022-02-28T23:49:00+03:00,98.10,98.12,97.98,98.04,56
Finam:BR,2022-02-28T23:50:00+03:00,98.00,98.15,98.00,98.15,43
Finam:BR,2022-02-28T23:51:00+03:00,98.16,98.18,98.09,98.12,80
Finam:BR,2022-02-28T23:52:00+03:00,98.12,98.14,98.09,98.13,25
Finam:BR,2022-02-28T23:53:00+03:00,98.13,98.14,98.10,98.12,68
Finam:BR,2022-02-28T23:54:00+03:00,98.13,98.13,98.09,98.11,35
Finam:BR,2022-02-28T23:55:00+03:00,98.10,98.10,98.02,98.06,51
Finam:BR,2022-02-28T23:56:00+03:00,98.04,98.04,98.02,98.03,8
Finam:BR,2022-02-28T23:57:00+03:00,98.04,98.08,98.04,98.08,30
Finam:BR,2022-02-28T23:58:00+03:00,98.07,98.26,98.07,98.21,94
Finam:BR,2022-02-28T23:59:00+03:00,98.21,98.28,98.12,98.12,106
