MOEX:USDRUB,2023-02-13T06:59:00+03:00,73.4150,73.4150,73.4150,73.4150,34
MOEX:USDRUB,2023-02-13T07:00:00+03:00,73.4175,73.7475,73.4175,73.5000,586
MOEX:USDRUB,2023-02-13T07:01:00+03:00,73.5050,73.6000,73.5050,73.6000,43
MOEX:USDRUB,2023-02-13T07:02:00+03:00,73.5025,73.6400,73.4500,73.6100,243
MOEX:USDRUB,2023-02-13T07:03:00+03:00,73.4450,73.5950,73.4450,73.5675,123
MOEX:USDRUB,2023-02-13T07:04:00+03:00,73.5025,73.5700,73.5025,73.5700,80
MOEX:USDRUB,2023-02-13T07:05:00+03:00,73.5025,73.5400,73.4475,73.5400,279
MOEX:USDRUB,2023-02-13T07:06:00+03:00,73.5400,73.5500,73.5400,73.5500,115
MOEX:USDRUB,2023-02-13T07:07:00+03:00,73.5675,73.5925,73.5050,73.5425,1225
MOEX:USDRUB,2023-02-13T07:08:00+03:00,73.5025,73.5250,73.4850,73.4850,125
MOEX:USDRUB,2023-02-13T07:09:00+03:00,73.4875,73.5675,73.4850,73.5025,316
MOEX:USDRUB,2023-02-13T07:10:00+03:00,73.5025,73.5475,73.4450,73.4975,286
MOEX:USDRUB,2023-02-13T07:11:00+03:00,73.4575,73.5275,73.4575,73.5275,204
MOEX:USDRUB,2023-02-13T07:12:00+03:00,73.5425,73.5500,73.4400,73.4400,121
MOEX:USDRUB,2023-02-13T07:13:00+03:00,73.4175,73.5825,73.4175,73.5150,428
MOEX:USDRUB,2023-02-13T07:14:00+03:00,73.5125,73.5975,73.4650,73.5975,273
MOEX:USDRUB,2023-02-13T07:15:00+03:00,73.5275,73.5825,73.5200,73.5825,339
MOEX:USDRUB,2023-02-13T07:16:00+03:00,73.5600,73.5600,73.5600,73.5600,4
MOEX:USDRUB,2023-02-13T07:17:00+03:00,73.5800,73.5900,73.5100,73.5100,103
MOEX:USDRUB,2023-02-13T07:18:00+03:00,73.5325,73.5325,73.5325,73.5325,1
MOEX:USDRUB,2023-02-13T07:19:00+03:00,73.5475,73.5900,73.5475,73.5875,53
MOEX:USDRUB,2023-02-13T07:20:00+03:00,73.5900,73.6325,73.5900,73.5975,302
MOEX:USDRUB,2023-02-13T07:21:00+03:00,73.5900,73.5900,73.4475,73.4475,511
MOEX:USDRUB,2023-02-13T07:22:00+03:00,73.5650,73.5650,73.5650,73.5650,1
MOEX:USDRUB,2023-02-13T07:23:00+03:00,73.5875,73.5875,73.5875,73.5875,50
MOEX:USDRUB,2023-02-13T07:24:00+03:00,73.5825,73.5825,73.5025,73.5025,7
MOEX:USDRUB,2023-02-13T07:25:00+03:00,73.5000,73.5775,73.5000,73.5500,4
MOEX:USDRUB,2023-02-13T07:27:00+03:00,73.5525,73.5525,73.5025,73.5025,3
MOEX:USDRUB,2023-02-13T07:28:00+03:00,73.5025,73.5025,73.5025,73.5025,10
MOEX:USDRUB,2023-02-13T07:29:00+03:00,73.5025,73.5025,73.5025,73.5025,19
MOEX:USDRUB,2023-02-13T07:30:00+03:00,73.5025,73.5025,73.5000,73.5000,101
MOEX:USDRUB,2023-02-13T07:31:00+03:00,73.5000,73.5000,73.4900,73.5000,80
MOEX:USDRUB,2023-02-13T07:32:00+03:00,73.5000,73.5000,73.4550,73.4550,7
MOEX:USDRUB,2023-02-13T07:33:00+03:00,73.5000,73.5150,73.5000,73.5000,51
MOEX:USDRUB,2023-02-13T07:34:00+03:00,73.5000,73.5100,73.5000,73.5100,50
MOEX:USDRUB,2023-02-13T07:35:00+03:00,73.4525,73.4550,73.4500,73.4500,210
MOEX:USDRUB,2023-02-13T07:36:00+03:00,73.4400,73.4500,73.4125,73.4125,36
MOEX:USDRUB,2023-02-13T07:37:00+03:00,73.4500,73.4900,73.4100,73.4150,282
MOEX:USDRUB,2023-02-13T07:38:00+03:00,73.4150,73.4150,73.4150,73.4150,1
MOEX:USDRUB,2023-02-13T07:39:00+03:00,73.4675,73.4675,73.4675,73.4675,1
MOEX:USDRUB,2023-02-13T07:40:00+03:00,73.4125,73.4125,73.4125,73.4125,1
MOEX:USDRUB,2023-02-13T07:41:00+03:00,73.4125,73.4125,73.4125,73.4125,1
MOEX:USDRUB,2023-02-13T07:42:00+03:00,73.4500,73.4600,73.4500,73.4575,6
MOEX:USDRUB,2023-02-13T07:43:00+03:00,73.4650,73.4650,73.4250,73.4250,3
MOEX:USDRUB,2023-02-13T07:44:00+03:00,73.4600,73.4600,73.4600,73.4600,10
MOEX:USDRUB,2023-02-13T07:45:00+03:00,73.4650,73.5375,73.4650,73.5200,1028
MOEX:USDRUB,2023-02-13T07:47:00+03:00,73.4500,73.4900,73.4500,73.4800,43
MOEX:USDRUB,2023-02-13T07:48:00+03:00,73.4700,73.4825,73.4700,73.4825,50
MOEX:USDRUB,2023-02-13T07:49:00+03:00,73.4800,73.4800,73.4800,73.4800,1
MOEX:USDRUB,2023-02-13T07:50:00+03:00,73.4675,73.4675,73.4675,73.4675,50
MOEX:USDRUB,2023-02-13T07:51:00+03:00,73.4500,73.4500,73.4500,73.4500,2
MOEX:USDRUB,2023-02-13T07:52:00+03:00,73.4500,73.4675,73.4300,73.4675,97
MOEX:USDRUB,2023-02-13T07:54:00+03:00,73.4675,73.4675,73.4300,73.4300,11
MOEX:USDRUB,2023-02-13T07:55:00+03:00,73.4300,73.4300,73.4300,73.4300,1
MOEX:USDRUB,2023-02-13T07:56:00+03:00,73.4300,73.4300,73.4300,73.4300,6
MOEX:USDRUB,2023-02-13T07:57:00+03:00,73.4300,73.4425,73.3475,73.4425,392
MOEX:USDRUB,2023-02-13T07:58:00+03:00,73.3425,73.3425,73.3425,73.3425,1
MOEX:USDRUB,2023-02-13T07:59:00+03:00,73.3900,73.3900,73.3475,73.3475,11
MOEX:USDRUB,2023-02-13T08:00:00+03:00,73.3475,73.3900,73.3450,73.3450,106
MOEX:USDRUB,2023-02-13T08:02:00+03:00,73.3950,73.3950,73.3750,73.3750,59
MOEX:USDRUB,2023-02-13T08:03:00+03:00,73.3750,73.3750,73.3750,73.3750,2
MOEX:USDRUB,2023-02-13T08:04:00+03:00,73.3750,73.4100,73.3750,73.4100,8
MOEX:USDRUB,2023-02-13T08:05:00+03:00,73.4000,73.4050,73.3650,73.4050,17
MOEX:USDRUB,2023-02-13T08:06:00+03:00,73.3575,73.4100,73.3575,73.4100,2
MOEX:USDRUB,2023-02-13T08:07:00+03:00,73.4175,73.4400,73.3975,73.3975,45
MOEX:USDRUB,2023-02-13T08:08:00+03:00,73.4025,73.4025,73.4025,73.4025,5
MOEX:USDRUB,2023-02-13T08:09:00+03:00,73.4350,73.4350,73.4250,73.4250,12
MOEX:USDRUB,2023-02-13T08:10:00+03:00,73.4450,73.4675,73.4450,73.4650,315
MOEX:USDRUB,2023-02-13T08:11:00+03:00,73.4700,73.4725,73.4700,73.4725,81
MOEX:USDRUB,2023-02-13T08:13:00+03:00,73.4500,73.4500,73.3800,73.4250,737
MOEX:USDRUB,2023-02-13T08:14:00+03:00,73.4425,73.4500,73.4425,73.4500,39
MOEX:USDRUB,2023-02-13T08:15:00+03:00,73.4450,73.4450,73.3750,73.3975,509
MOEX:USDRUB,2023-02-13T08:16:00+03:00,73.3900,73.3900,73.3900,73.3900,10
MOEX:USDRUB,2023-02-13T08:18:00+03:00,73.3650,73.3900,73.3650,73.3900,36
MOEX:USDRUB,2023-02-13T08:19:00+03:00,73.3775,73.3775,73.3775,73.3775,20
MOEX:USDRUB,2023-02-13T08:20:00+03:00,73.3750,73.3750,73.3425,73.3425,500
MOEX:USDRUB,2023-02-13T08:21:00+03:00,73.3425,73.3425,73.3425,73.3425,190
MOEX:USDRUB,2023-02-13T08:22:00+03:00,73.3425,73.3450,73.3000,73.3000,1017
MOEX:USDRUB,2023-02-13T08:23:00+03:00,73.3000,73.3200,73.3000,73.3200,90
MOEX:USDRUB,2023-02-13T08:24:00+03:00,73.3000,73.3000,73.3000,73.3000,3
MOEX:USDRUB,2023-02-13T08:25:00+03:00,73.3000,73.3000,73.3000,73.3000,2
MOEX:USDRUB,2023-02-13T08:26:00+03:00,73.3000,73.3025,73.3000,73.3025,11
MOEX:USDRUB,2023-02-13T08:27:00+03:00,73.3000,73.3000,73.3000,73.3000,10
MOEX:USDRUB,2023-02-13T08:28:00+03:00,73.3100,73.3100,73.3000,73.3000,1060
MOEX:USDRUB,2023-02-13T08:29:00+03:00,73.3000,73.3075,73.3000,73.3075,396
MOEX:USDRUB,2023-02-13T08:30:00+03:00,73.3075,73.3225,73.3000,73.3000,150
MOEX:USDRUB,2023-02-13T08:31:00+03:00,73.3100,73.3100,73.3100,73.3100,5
MOEX:USDRUB,2023-02-13T08:32:00+03:00,73.3100,73.3100,73.3100,73.3100,6
MOEX:USDRUB,2023-02-13T08:34:00+03:00,73.3200,73.3200,73.3200,73.3200,5
MOEX:USDRUB,2023-02-13T08:35:00+03:00,73.3250,73.3575,73.3250,73.3575,11
MOEX:USDRUB,2023-02-13T08:36:00+03:00,73.3175,73.3200,73.3175,73.3200,33
MOEX:USDRUB,2023-02-13T08:37:00+03:00,73.3125,73.3175,73.3125,73.3175,3
MOEX:USDRUB,2023-02-13T08:38:00+03:00,73.3400,73.3600,73.3400,73.3600,500
MOEX:USDRUB,2023-02-13T08:39:00+03:00,73.3450,73.3450,73.3450,73.3450,7
MOEX:USDRUB,2023-02-13T08:40:00+03:00,73.3600,73.3875,73.3600,73.3875,100
MOEX:USDRUB,2023-02-13T08:41:00+03:00,73.3475,73.3650,73.3475,73.3475,96
MOEX:USDRUB,2023-02-13T08:42:00+03:00,73.3600,73.3700,73.3600,73.3700,116
MOEX:USDRUB,2023-02-13T08:43:00+03:00,73.3700,73.3700,73.3675,73.3675,23
MOEX:USDRUB,2023-02-13T08:44:00+03:00,73.3650,73.3650,73.3500,73.3500,5
MOEX:USDRUB,2023-02-13T08:45:00+03:00,73.3500,73.3500,73.3500,73.3500,8
MOEX:USDRUB,2023-02-13T08:46:00+03:00,73.3600,73.3675,73.3600,73.3675,104
MOEX:USDRUB,2023-02-13T08:47:00+03:00,73.3575,73.3575,73.3575,73.3575,84
MOEX:USDRUB,2023-02-13T08:48:00+03:00,73.3500,73.3500,73.3500,73.3500,14
MOEX:USDRUB,2023-02-13T08:49:00+03:00,73.3625,73.3625,73.3475,73.3475,305
MOEX:USDRUB,2023-02-13T08:50:00+03:00,73.3450,73.3675,73.3450,73.3525,156
MOEX:USDRUB,2023-02-13T08:51:00+03:00,73.3525,73.3525,73.3450,73.3450,1254
MOEX:USDRUB,2023-02-13T08:52:00+03:00,73.3450,73.3500,73.3450,73.3450,408
MOEX:USDRUB,2023-02-13T08:53:00+03:00,73.3500,73.3550,73.3125,73.3175,1863
MOEX:USDRUB,2023-02-13T08:54:00+03:00,73.3125,73.3125,73.3125,73.3125,65
MOEX:USDRUB,2023-02-13T08:55:00+03:00,73.3025,73.3275,73.3025,73.3125,508
MOEX:USDRUB,2023-02-13T08:56:00+03:00,73.3225,73.3475,73.3200,73.3250,914
MOEX:USDRUB,2023-02-13T08:57:00+03:00,73.3225,73.3225,73.3000,73.3025,662
MOEX:USDRUB,2023-02-13T08:58:00+03:00,73.3025,73.3025,73.2900,73.2900,370
MOEX:USDRUB,2023-02-13T08:59:00+03:00,73.2700,73.2700,73.2700,73.2700,2
MOEX:USDRUB,2023-02-13T09:00:00+03:00,73.2700,73.2800,73.2425,73.2500,911
MOEX:USDRUB,2023-02-13T09:01:00+03:00,73.2600,73.2600,73.1950,73.1950,1187
MOEX:USDRUB,2023-02-13T09:02:00+03:00,73.2125,73.2800,73.1975,73.2250,1414
MOEX:USDRUB,2023-02-13T09:03:00+03:00,73.2250,73.2250,73.2175,73.2225,54
MOEX:USDRUB,2023-02-13T09:04:00+03:00,73.2375,73.2850,73.2375,73.2825,858
MOEX:USDRUB,2023-02-13T09:05:00+03:00,73.2825,73.3225,73.2750,73.3225,447
MOEX:USDRUB,2023-02-13T09:06:00+03:00,73.3125,73.3225,73.3125,73.3150,103
MOEX:USDRUB,2023-02-13T09:07:00+03:00,73.3250,73.3875,73.3250,73.3500,1189
MOEX:USDRUB,2023-02-13T09:09:00+03:00,73.3375,73.3650,73.3300,73.3450,108
MOEX:USDRUB,2023-02-13T09:10:00+03:00,73.3425,73.3475,73.3425,73.3475,6
MOEX:USDRUB,2023-02-13T09:11:00+03:00,73.3625,73.3750,73.3575,73.3750,151
MOEX:USDRUB,2023-02-13T09:12:00+03:00,73.3675,73.3900,73.3675,73.3800,214
MOEX:USDRUB,2023-02-13T09:13:00+03:00,73.3875,73.4100,73.3775,73.3775,828
MOEX:USDRUB,2023-02-13T09:14:00+03:00,73.3875,73.3875,73.3700,73.3725,62
MOEX:USDRUB,2023-02-13T09:15:00+03:00,73.3800,73.3925,73.3800,73.3925,111
MOEX:USDRUB,2023-02-13T09:16:00+03:00,73.3800,73.4000,73.3800,73.4000,47
MOEX:USDRUB,2023-02-13T09:17:00+03:00,73.3875,73.4000,73.3725,73.3875,8403
MOEX:USDRUB,2023-02-13T09:18:00+03:00,73.3850,73.4650,73.3850,73.4650,436
MOEX:USDRUB,2023-02-13T09:19:00+03:00,73.4700,73.5000,73.4700,73.5000,304
MOEX:USDRUB,2023-02-13T09:20:00+03:00,73.5000,73.5000,73.4425,73.4425,212
MOEX:USDRUB,2023-02-13T09:21:00+03:00,73.4350,73.4850,73.4350,73.4850,16
MOEX:USDRUB,2023-02-13T09:22:00+03:00,73.4800,73.4800,73.4625,73.4800,302
MOEX:USDRUB,2023-02-13T09:23:00+03:00,73.4775,73.4800,73.4700,73.4750,317
MOEX:USDRUB,2023-02-13T09:24:00+03:00,73.4450,73.4575,73.4450,73.4575,41
MOEX:USDRUB,2023-02-13T09:25:00+03:00,73.4425,73.4600,73.4425,73.4600,6
MOEX:USDRUB,2023-02-13T09:26:00+03:00,73.4450,73.4450,73.4450,73.4450,4
MOEX:USDRUB,2023-02-13T09:27:00+03:00,73.4500,73.4600,73.4500,73.4600,8
MOEX:USDRUB,2023-02-13T09:28:00+03:00,73.4600,73.4600,73.4500,73.4500,51
MOEX:USDRUB,2023-02-13T09:29:00+03:00,73.4500,73.4500,73.4475,73.4475,100
MOEX:USDRUB,2023-02-13T09:30:00+03:00,73.4425,73.4550,73.4425,73.4550,33
MOEX:USDRUB,2023-02-13T09:31:00+03:00,73.4550,73.4675,73.4550,73.4550,116
MOEX:USDRUB,2023-02-13T09:32:00+03:00,73.4800,73.4800,73.4700,73.4800,55
MOEX:USDRUB,2023-02-13T09:33:00+03:00,73.4800,73.5000,73.4750,73.5000,370
MOEX:USDRUB,2023-02-13T09:34:00+03:00,73.5050,73.5075,73.4925,73.4925,101
MOEX:USDRUB,2023-02-13T09:35:00+03:00,73.5100,73.5150,73.5075,73.5150,78
MOEX:USDRUB,2023-02-13T09:36:00+03:00,73.4975,73.4975,73.4725,73.4725,286
MOEX:USDRUB,2023-02-13T09:37:00+03:00,73.4800,73.4800,73.4700,73.4700,139
MOEX:USDRUB,2023-02-13T09:38:00+03:00,73.4600,73.4600,73.4525,73.4575,274
MOEX:USDRUB,2023-02-13T09:39:00+03:00,73.4525,73.4525,73.4450,73.4450,146
MOEX:USDRUB,2023-02-13T09:40:00+03:00,73.4475,73.4475,73.4375,73.4450,43
MOEX:USDRUB,2023-02-13T09:41:00+03:00,73.4425,73.4425,73.4150,73.4150,92
MOEX:USDRUB,2023-02-13T09:42:00+03:00,73.4100,73.4300,73.4000,73.4000,230
MOEX:USDRUB,2023-02-13T09:43:00+03:00,73.3950,73.3950,73.3825,73.3850,191
MOEX:USDRUB,2023-02-13T09:44:00+03:00,73.3825,73.3825,73.3475,73.3475,861
MOEX:USDRUB,2023-02-13T09:45:00+03:00,73.3375,73.3375,73.2800,73.2800,2113
MOEX:USDRUB,2023-02-13T09:46:00+03:00,73.2775,73.2825,73.2600,73.2675,238
MOEX:USDRUB,2023-02-13T09:47:00+03:00,73.2700,73.2875,73.2625,73.2825,241
MOEX:USDRUB,2023-02-13T09:48:00+03:00,73.2825,73.3125,73.2450,73.2875,3234
MOEX:USDRUB,2023-02-13T09:49:00+03:00,73.3150,73.3400,73.3150,73.3400,123
MOEX:USDRUB,2023-02-13T09:50:00+03:00,73.3500,73.3800,73.3500,73.3675,713
MOEX:USDRUB,2023-02-13T09:51:00+03:00,73.3675,73.3775,73.2875,73.3000,1505
MOEX:USDRUB,2023-02-13T09:52:00+03:00,73.3000,73.3000,73.2950,73.2950,607
MOEX:USDRUB,2023-02-13T09:53:00+03:00,73.2950,73.3000,73.2925,73.3000,480
MOEX:USDRUB,2023-02-13T09:54:00+03:00,73.3000,73.3000,73.2975,73.2975,1031
MOEX:USDRUB,2023-02-13T09:55:00+03:00,73.2950,73.2950,73.2800,73.2950,202
MOEX:USDRUB,2023-02-13T09:56:00+03:00,73.2975,73.3000,73.2975,73.3000,265
MOEX:USDRUB,2023-02-13T09:57:00+03:00,73.3000,73.3000,73.2900,73.2900,682
MOEX:USDRUB,2023-02-13T09:58:00+03:00,73.2950,73.3000,73.2950,73.3000,246
MOEX:USDRUB,2023-02-13T09:59:00+03:00,73.2975,73.3000,73.2725,73.2975,723
MOEX:USDRUB,2023-02-13T10:00:00+03:00,73.2950,73.3500,73.2850,73.3500,2479
MOEX:USDRUB,2023-02-13T10:01:00+03:00,73.3375,73.3400,73.2800,73.3050,7460
MOEX:USDRUB,2023-02-13T10:02:00+03:00,73.3100,73.4100,73.3100,73.4075,13171
MOEX:USDRUB,2023-02-13T10:03:00+03:00,73.4075,73.4500,73.4050,73.4500,3682
MOEX:USDRUB,2023-02-13T10:04:00+03:00,73.4475,73.4525,73.3425,73.3425,2419
MOEX:USDRUB,2023-02-13T10:05:00+03:00,73.3675,73.4225,73.3575,73.3675,3543
MOEX:USDRUB,2023-02-13T10:06:00+03:00,73.3625,73.3750,73.3425,73.3750,1169
MOEX:USDRUB,2023-02-13T10:07:00+03:00,73.3650,73.3650,73.3550,73.3550,355
MOEX:USDRUB,2023-02-13T10:08:00+03:00,73.3625,73.3625,73.3525,73.3525,333
MOEX:USDRUB,2023-02-13T10:09:00+03:00,73.3500,73.3600,73.3500,73.3600,122
MOEX:USDRUB,2023-02-13T10:10:00+03:00,73.3575,73.3625,73.3500,73.3525,2129
MOEX:USDRUB,2023-02-13T10:11:00+03:00,73.3600,73.3725,73.3550,73.3600,1293
MOEX:USDRUB,2023-02-13T10:12:00+03:00,73.3650,73.3700,73.3650,73.3675,216
MOEX:USDRUB,2023-02-13T10:13:00+03:00,73.3700,73.3700,73.3675,73.3675,2638
MOEX:USDRUB,2023-02-13T10:14:00+03:00,73.3700,73.3700,73.3675,73.3700,3505
MOEX:USDRUB,2023-02-13T10:15:00+03:00,73.3675,73.3700,73.3500,73.3625,3680
MOEX:USDRUB,2023-02-13T10:16:00+03:00,73.3650,73.4200,73.3650,73.3950,7208
MOEX:USDRUB,2023-02-13T10:17:00+03:00,73.4000,73.4325,73.3900,73.4325,1627
MOEX:USDRUB,2023-02-13T10:18:00+03:00,73.4325,73.4500,73.4325,73.4425,684
MOEX:USDRUB,2023-02-13T10:19:00+03:00,73.4500,73.4625,73.4450,73.4600,1097
MOEX:USDRUB,2023-02-13T10:20:00+03:00,73.4650,73.4700,73.4375,73.4475,1110
MOEX:USDRUB,2023-02-13T10:21:00+03:00,73.4475,73.4725,73.4375,73.4725,1242
MOEX:USDRUB,2023-02-13T10:22:00+03:00,73.4800,73.5100,73.4675,73.5100,5962
MOEX:USDRUB,2023-02-13T10:23:00+03:00,73.5100,73.5100,73.5000,73.5075,6530
MOEX:USDRUB,2023-02-13T10:24:00+03:00,73.5100,73.5100,73.5025,73.5100,2043
MOEX:USDRUB,2023-02-13T10:25:00+03:00,73.5100,73.5275,73.5100,73.5275,2498
MOEX:USDRUB,2023-02-13T10:26:00+03:00,73.5300,73.5725,73.5300,73.5725,1748
MOEX:USDRUB,2023-02-13T10:27:00+03:00,73.5725,73.5900,73.5625,73.5875,2879
MOEX:USDRUB,2023-02-13T10:28:00+03:00,73.5900,73.6175,73.5825,73.5925,3086
MOEX:USDRUB,2023-02-13T10:29:00+03:00,73.5900,73.5900,73.5375,73.5750,3948
MOEX:USDRUB,2023-02-13T10:30:00+03:00,73.5700,73.5825,73.5700,73.5700,932
MOEX:USDRUB,2023-02-13T10:31:00+03:00,73.5750,73.5825,73.5600,73.5600,4043
MOEX:USDRUB,2023-02-13T10:32:00+03:00,73.5600,73.5675,73.5300,73.5375,2934
MOEX:USDRUB,2023-02-13T10:33:00+03:00,73.5425,73.5900,73.5425,73.5900,2324
MOEX:USDRUB,2023-02-13T10:34:00+03:00,73.5900,73.5925,73.5675,73.5800,1373
MOEX:USDRUB,2023-02-13T10:35:00+03:00,73.5825,73.6000,73.5800,73.5875,2146
MOEX:USDRUB,2023-02-13T10:36:00+03:00,73.5875,73.5925,73.5800,73.5825,1536
MOEX:USDRUB,2023-02-13T10:37:00+03:00,73.5800,73.5925,73.5675,73.5875,3434
MOEX:USDRUB,2023-02-13T10:38:00+03:00,73.5850,73.5975,73.5800,73.5850,2104
MOEX:USDRUB,2023-02-13T10:39:00+03:00,73.5925,73.6150,73.5875,73.6075,5871
MOEX:USDRUB,2023-02-13T10:40:00+03:00,73.6150,73.6150,73.5800,73.5900,1260
MOEX:USDRUB,2023-02-13T10:41:00+03:00,73.5925,73.6225,73.5850,73.6225,1348
MOEX:USDRUB,2023-02-13T10:42:00+03:00,73.6225,73.6300,73.6050,73.6050,1414
MOEX:USDRUB,2023-02-13T10:43:00+03:00,73.6125,73.6200,73.6100,73.6100,285
MOEX:USDRUB,2023-02-13T10:44:00+03:00,73.6175,73.6225,73.5975,73.6100,2122
MOEX:USDRUB,2023-02-13T10:45:00+03:00,73.6100,73.6100,73.6075,73.6100,231
MOEX:USDRUB,2023-02-13T10:46:00+03:00,73.6100,73.6100,73.6000,73.6000,3739
MOEX:USDRUB,2023-02-13T10:47:00+03:00,73.6000,73.6125,73.6000,73.6100,725
MOEX:USDRUB,2023-02-13T10:48:00+03:00,73.6100,73.6100,73.5750,73.5925,2131
MOEX:USDRUB,2023-02-13T10:49:00+03:00,73.5925,73.6000,73.5925,73.6000,11068
MOEX:USDRUB,2023-02-13T10:50:00+03:00,73.5950,73.6550,73.5925,73.6525,6393
MOEX:USDRUB,2023-02-13T10:51:00+03:00,73.6500,73.6500,73.6100,73.6100,788
MOEX:USDRUB,2023-02-13T10:52:00+03:00,73.6025,73.6200,73.6000,73.6150,449
MOEX:USDRUB,2023-02-13T10:53:00+03:00,73.6175,73.6200,73.6000,73.6050,2135
MOEX:USDRUB,2023-02-13T10:54:00+03:00,73.6050,73.6200,73.6000,73.6100,4606
MOEX:USDRUB,2023-02-13T10:55:00+03:00,73.6050,73.6150,73.5525,73.5625,4246
MOEX:USDRUB,2023-02-13T10:56:00+03:00,73.5550,73.5900,73.5225,73.5675,4393
MOEX:USDRUB,2023-02-13T10:57:00+03:00,73.5775,73.5950,73.5650,73.5650,1550
MOEX:USDRUB,2023-02-13T10:58:00+03:00,73.5700,73.5800,73.5575,73.5625,819
MOEX:USDRUB,2023-02-13T10:59:00+03:00,73.5600,73.5975,73.5600,73.5800,3845
MOEX:USDRUB,2023-02-13T11:00:00+03:00,73.5875,73.5950,73.5425,73.5650,2924
MOEX:USDRUB,2023-02-13T11:01:00+03:00,73.5650,73.5650,73.5300,73.5325,981
MOEX:USDRUB,2023-02-13T11:02:00+03:00,73.5400,73.5500,73.5300,73.5400,543
MOEX:USDRUB,2023-02-13T11:03:00+03:00,73.5450,73.5450,73.5000,73.5025,2208
MOEX:USDRUB,2023-02-13T11:04:00+03:00,73.5150,73.5175,73.4950,73.5025,1516
MOEX:USDRUB,2023-02-13T11:05:00+03:00,73.5050,73.5275,73.5025,73.5150,734
MOEX:USDRUB,2023-02-13T11:06:00+03:00,73.5025,73.5700,73.4975,73.5575,1831
MOEX:USDRUB,2023-02-13T11:07:00+03:00,73.5575,73.5575,73.5400,73.5475,481
MOEX:USDRUB,2023-02-13T11:08:00+03:00,73.5575,73.5600,73.5450,73.5600,680
MOEX:USDRUB,2023-02-13T11:09:00+03:00,73.5600,73.5650,73.5500,73.5600,430
MOEX:USDRUB,2023-02-13T11:10:00+03:00,73.5600,73.5600,73.5525,73.5550,340
MOEX:USDRUB,2023-02-13T11:11:00+03:00,73.5575,73.5650,73.5400,73.5600,1149
MOEX:USDRUB,2023-02-13T11:12:00+03:00,73.5600,73.5650,73.5450,73.5625,1237
MOEX:USDRUB,2023-02-13T11:13:00+03:00,73.5625,73.5625,73.5400,73.5425,630
MOEX:USDRUB,2023-02-13T11:14:00+03:00,73.5500,73.5575,73.5425,73.5500,579
MOEX:USDRUB,2023-02-13T11:15:00+03:00,73.5500,73.5600,73.5500,73.5575,355
MOEX:USDRUB,2023-02-13T11:16:00+03:00,73.5575,73.5600,73.5350,73.5600,1061
MOEX:USDRUB,2023-02-13T11:17:00+03:00,73.5500,73.5700,73.5500,73.5700,1385
MOEX:USDRUB,2023-02-13T11:18:00+03:00,73.5650,73.5700,73.5525,73.5550,544
MOEX:USDRUB,2023-02-13T11:19:00+03:00,73.5650,73.5675,73.5550,73.5575,366
MOEX:USDRUB,2023-02-13T11:20:00+03:00,73.5675,73.5700,73.5575,73.5650,1053
MOEX:USDRUB,2023-02-13T11:21:00+03:00,73.5675,73.5800,73.5375,73.5375,2849
MOEX:USDRUB,2023-02-13T11:22:00+03:00,73.5450,73.5675,73.5425,73.5625,336
MOEX:USDRUB,2023-02-13T11:23:00+03:00,73.5725,73.5975,73.5650,73.5900,1766
MOEX:USDRUB,2023-02-13T11:24:00+03:00,73.5900,73.5950,73.5800,73.5900,1502
MOEX:USDRUB,2023-02-13T11:25:00+03:00,73.5900,73.5900,73.5825,73.5900,456
MOEX:USDRUB,2023-02-13T11:26:00+03:00,73.5975,73.6000,73.5925,73.6000,1569
MOEX:USDRUB,2023-02-13T11:27:00+03:00,73.5925,73.6425,73.5925,73.6425,1083
MOEX:USDRUB,2023-02-13T11:28:00+03:00,73.6475,73.6625,73.6475,73.6500,1877
MOEX:USDRUB,2023-02-13T11:29:00+03:00,73.6500,73.6525,73.6500,73.6500,363
MOEX:USDRUB,2023-02-13T11:30:00+03:00,73.6525,73.6525,73.6275,73.6325,1866
MOEX:USDRUB,2023-02-13T11:31:00+03:00,73.6475,73.6550,73.6425,73.6450,370
MOEX:USDRUB,2023-02-13T11:32:00+03:00,73.6450,73.6750,73.6450,73.6650,7688
MOEX:USDRUB,2023-02-13T11:33:00+03:00,73.6700,73.6725,73.6650,73.6725,253
MOEX:USDRUB,2023-02-13T11:34:00+03:00,73.6725,73.6825,73.6700,73.6725,656
MOEX:USDRUB,2023-02-13T11:35:00+03:00,73.6800,73.6825,73.6650,73.6825,242
MOEX:USDRUB,2023-02-13T11:36:00+03:00,73.6800,73.6975,73.6700,73.6850,1077
MOEX:USDRUB,2023-02-13T11:37:00+03:00,73.6825,73.7125,73.6825,73.6900,2574
MOEX:USDRUB,2023-02-13T11:38:00+03:00,73.6925,73.6950,73.6775,73.6875,438
MOEX:USDRUB,2023-02-13T11:39:00+03:00,73.6875,73.6950,73.6825,73.6875,219
MOEX:USDRUB,2023-02-13T11:40:00+03:00,73.6900,73.6900,73.6825,73.6875,1284
MOEX:USDRUB,2023-02-13T11:41:00+03:00,73.6875,73.6925,73.6700,73.6750,1191
MOEX:USDRUB,2023-02-13T11:42:00+03:00,73.6800,73.6975,73.6750,73.6950,1207
MOEX:USDRUB,2023-02-13T11:43:00+03:00,73.6925,73.7000,73.6925,73.7000,2167
MOEX:USDRUB,2023-02-13T11:44:00+03:00,73.6975,73.7100,73.6975,73.7050,6448
MOEX:USDRUB,2023-02-13T11:45:00+03:00,73.7100,73.7100,73.6950,73.7100,1700
MOEX:USDRUB,2023-02-13T11:46:00+03:00,73.7100,73.7100,73.7050,73.7100,1053
MOEX:USDRUB,2023-02-13T11:47:00+03:00,73.7075,73.7100,73.6925,73.7025,3020
MOEX:USDRUB,2023-02-13T11:48:00+03:00,73.7000,73.7025,73.6950,73.7000,1145
MOEX:USDRUB,2023-02-13T11:49:00+03:00,73.7000,73.7025,73.6875,73.6875,675
MOEX:USDRUB,2023-02-13T11:50:00+03:00,73.6900,73.6975,73.6750,73.6850,1360
MOEX:USDRUB,2023-02-13T11:51:00+03:00,73.6825,73.6950,73.6825,73.6825,274
MOEX:USDRUB,2023-02-13T11:52:00+03:00,73.6875,73.7050,73.6875,73.6950,263
MOEX:USDRUB,2023-02-13T11:53:00+03:00,73.6925,73.7000,73.6850,73.6950,322
MOEX:USDRUB,2023-02-13T11:54:00+03:00,73.6900,73.7000,73.6600,73.6700,1527
MOEX:USDRUB,2023-02-13T11:55:00+03:00,73.6725,73.6950,73.6525,73.6525,2681
MOEX:USDRUB,2023-02-13T11:56:00+03:00,73.6500,73.6600,73.6500,73.6550,165
MOEX:USDRUB,2023-02-13T11:57:00+03:00,73.6600,73.6600,73.6175,73.6300,1694
MOEX:USDRUB,2023-02-13T11:58:00+03:00,73.6200,73.6400,73.5775,73.6400,4083
MOEX:USDRUB,2023-02-13T11:59:00+03:00,73.6325,73.6575,73.6275,73.6575,526
MOEX:USDRUB,2023-02-13T12:00:00+03:00,73.6575,73.6650,73.6525,73.6600,413
MOEX:USDRUB,2023-02-13T12:01:00+03:00,73.6625,73.6675,73.6450,73.6550,1259
MOEX:USDRUB,2023-02-13T12:02:00+03:00,73.6650,73.6700,73.6475,73.6675,656
MOEX:USDRUB,2023-02-13T12:03:00+03:00,73.6775,73.7025,73.6775,73.7000,966
MOEX:USDRUB,2023-02-13T12:04:00+03:00,73.7025,73.7100,73.6950,73.7100,1712
MOEX:USDRUB,2023-02-13T12:05:00+03:00,73.7075,73.7100,73.7000,73.7000,513
MOEX:USDRUB,2023-02-13T12:06:00+03:00,73.7000,73.7075,73.7000,73.7050,701
MOEX:USDRUB,2023-02-13T12:07:00+03:00,73.7075,73.7100,73.7050,73.7100,1242
MOEX:USDRUB,2023-02-13T12:08:00+03:00,73.7100,73.7100,73.7025,73.7025,560
MOEX:USDRUB,2023-02-13T12:09:00+03:00,73.7025,73.7100,73.7025,73.7050,268
MOEX:USDRUB,2023-02-13T12:10:00+03:00,73.7075,73.7100,73.7025,73.7075,2097
MOEX:USDRUB,2023-02-13T12:11:00+03:00,73.7100,73.7150,73.7025,73.7025,2314
MOEX:USDRUB,2023-02-13T12:12:00+03:00,73.7050,73.7100,73.6850,73.6900,1906
MOEX:USDRUB,2023-02-13T12:13:00+03:00,73.6825,73.6975,73.6825,73.6900,744
MOEX:USDRUB,2023-02-13T12:14:00+03:00,73.6875,73.7125,73.6825,73.7125,768
MOEX:USDRUB,2023-02-13T12:15:00+03:00,73.7025,73.7100,73.6900,73.6925,504
MOEX:USDRUB,2023-02-13T12:16:00+03:00,73.6975,73.7025,73.6900,73.6950,224
MOEX:USDRUB,2023-02-13T12:17:00+03:00,73.7000,73.7050,73.6825,73.6900,1742
MOEX:USDRUB,2023-02-13T12:18:00+03:00,73.6900,73.6900,73.6725,73.6825,340
MOEX:USDRUB,2023-02-13T12:19:00+03:00,73.6750,73.6800,73.6550,73.6575,1124
MOEX:USDRUB,2023-02-13T12:20:00+03:00,73.6650,73.6650,73.6575,73.6650,234
MOEX:USDRUB,2023-02-13T12:21:00+03:00,73.6575,73.6650,73.6550,73.6550,332
MOEX:USDRUB,2023-02-13T12:22:00+03:00,73.6550,73.6950,73.6550,73.6900,4521
MOEX:USDRUB,2023-02-13T12:23:00+03:00,73.6900,73.7025,73.6800,73.6825,4607
MOEX:USDRUB,2023-02-13T12:24:00+03:00,73.6900,73.7275,73.6700,73.6750,5169
MOEX:USDRUB,2023-02-13T12:25:00+03:00,73.6725,73.6725,73.6550,73.6550,1025
MOEX:USDRUB,2023-02-13T12:26:00+03:00,73.6575,73.6600,73.6425,73.6425,1415
MOEX:USDRUB,2023-02-13T12:27:00+03:00,73.6450,73.6500,73.6350,73.6400,1326
MOEX:USDRUB,2023-02-13T12:28:00+03:00,73.6375,73.6650,73.6375,73.6575,2484
MOEX:USDRUB,2023-02-13T12:29:00+03:00,73.6550,73.6650,73.6550,73.6550,527
MOEX:USDRUB,2023-02-13T12:30:00+03:00,73.6600,73.6625,73.6525,73.6550,660
MOEX:USDRUB,2023-02-13T12:31:00+03:00,73.6575,73.6725,73.6550,73.6650,1106
MOEX:USDRUB,2023-02-13T12:32:00+03:00,73.6625,73.6750,73.6550,73.6750,631
MOEX:USDRUB,2023-02-13T12:33:00+03:00,73.6725,73.6800,73.6700,73.6700,729
MOEX:USDRUB,2023-02-13T12:34:00+03:00,73.6750,73.6750,73.6700,73.6725,217
MOEX:USDRUB,2023-02-13T12:35:00+03:00,73.6700,73.6750,73.6700,73.6725,707
MOEX:USDRUB,2023-02-13T12:36:00+03:00,73.6725,73.6800,73.6700,73.6700,689
MOEX:USDRUB,2023-02-13T12:37:00+03:00,73.6700,73.6800,73.6700,73.6725,181
MOEX:USDRUB,2023-02-13T12:38:00+03:00,73.6725,73.6925,73.6625,73.6625,2371
MOEX:USDRUB,2023-02-13T12:39:00+03:00,73.6625,73.6775,73.6600,73.6600,900
MOEX:USDRUB,2023-02-13T12:40:00+03:00,73.6625,73.6675,73.6550,73.6550,608
MOEX:USDRUB,2023-02-13T12:41:00+03:00,73.6550,73.6625,73.6525,73.6525,294
MOEX:USDRUB,2023-02-13T12:42:00+03:00,73.6550,73.6775,73.6525,73.6625,1719
MOEX:USDRUB,2023-02-13T12:43:00+03:00,73.6625,73.6650,73.6600,73.6600,748
MOEX:USDRUB,2023-02-13T12:44:00+03:00,73.6625,73.6675,73.6625,73.6625,103
MOEX:USDRUB,2023-02-13T12:45:00+03:00,73.6675,73.6725,73.6625,73.6700,380
MOEX:USDRUB,2023-02-13T12:46:00+03:00,73.6650,73.6650,73.6600,73.6600,637
MOEX:USDRUB,2023-02-13T12:47:00+03:00,73.6600,73.6650,73.6600,73.6600,324
MOEX:USDRUB,2023-02-13T12:48:00+03:00,73.6600,73.6650,73.6600,73.6600,869
MOEX:USDRUB,2023-02-13T12:49:00+03:00,73.6575,73.6825,73.6550,73.6650,1174
MOEX:USDRUB,2023-02-13T12:50:00+03:00,73.6700,73.7175,73.6650,73.6775,3944
MOEX:USDRUB,2023-02-13T12:51:00+03:00,73.6725,73.6725,73.6575,73.6575,3572
MOEX:USDRUB,2023-02-13T12:52:00+03:00,73.6600,73.6600,73.6475,73.6575,2087
MOEX:USDRUB,2023-02-13T12:53:00+03:00,73.6550,73.6600,73.6550,73.6575,278
MOEX:USDRUB,2023-02-13T12:54:00+03:00,73.6550,73.6600,73.6550,73.6550,232
MOEX:USDRUB,2023-02-13T12:55:00+03:00,73.6575,73.6600,73.6475,73.6525,2080
MOEX:USDRUB,2023-02-13T12:56:00+03:00,73.6475,73.6525,73.6450,73.6475,1727
MOEX:USDRUB,2023-02-13T12:57:00+03:00,73.6475,73.6550,73.6400,73.6400,930
MOEX:USDRUB,2023-02-13T12:58:00+03:00,73.6425,73.6500,73.6300,73.6300,1882
MOEX:USDRUB,2023-02-13T12:59:00+03:00,73.6375,73.6375,73.6275,73.6325,1945
MOEX:USDRUB,2023-02-13T13:00:00+03:00,73.6275,73.6425,73.6275,73.6425,269
MOEX:USDRUB,2023-02-13T13:01:00+03:00,73.6425,73.6575,73.6425,73.6550,806
MOEX:USDRUB,2023-02-13T13:02:00+03:00,73.6500,73.6600,73.6500,73.6600,2266
MOEX:USDRUB,2023-02-13T13:03:00+03:00,73.6525,73.6600,73.6500,73.6500,1356
MOEX:USDRUB,2023-02-13T13:04:00+03:00,73.6500,73.6550,73.6475,73.6475,186
MOEX:USDRUB,2023-02-13T13:05:00+03:00,73.6550,73.6550,73.6450,73.6500,250
MOEX:USDRUB,2023-02-13T13:06:00+03:00,73.6500,73.6550,73.6450,73.6550,347
MOEX:USDRUB,2023-02-13T13:07:00+03:00,73.6500,73.6600,73.6500,73.6550,261
MOEX:USDRUB,2023-02-13T13:08:00+03:00,73.6600,73.6600,73.6550,73.6550,373
MOEX:USDRUB,2023-02-13T13:09:00+03:00,73.6600,73.6600,73.6550,73.6600,1062
MOEX:USDRUB,2023-02-13T13:10:00+03:00,73.6575,73.6600,73.6550,73.6550,251
MOEX:USDRUB,2023-02-13T13:11:00+03:00,73.6600,73.6600,73.6450,73.6500,816
MOEX:USDRUB,2023-02-13T13:12:00+03:00,73.6500,73.6550,73.6475,73.6525,839
MOEX:USDRUB,2023-02-13T13:13:00+03:00,73.6500,73.6600,73.6500,73.6600,104
MOEX:USDRUB,2023-02-13T13:14:00+03:00,73.6525,73.6725,73.6500,73.6675,3517
MOEX:USDRUB,2023-02-13T13:15:00+03:00,73.6600,73.7025,73.6575,73.6900,2368
MOEX:USDRUB,2023-02-13T13:16:00+03:00,73.6900,73.6900,73.6850,73.6875,987
MOEX:USDRUB,2023-02-13T13:17:00+03:00,73.6900,73.6925,73.6775,73.6825,645
MOEX:USDRUB,2023-02-13T13:18:00+03:00,73.6875,73.7050,73.6800,73.6900,1344
MOEX:USDRUB,2023-02-13T13:19:00+03:00,73.6925,73.7000,73.6825,73.6900,660
MOEX:USDRUB,2023-02-13T13:20:00+03:00,73.6950,73.7000,73.6875,73.7000,578
MOEX:USDRUB,2023-02-13T13:21:00+03:00,73.6925,73.7025,73.6925,73.7000,897
MOEX:USDRUB,2023-02-13T13:22:00+03:00,73.7025,73.7225,73.7025,73.7175,6688
MOEX:USDRUB,2023-02-13T13:23:00+03:00,73.7175,73.7250,73.7175,73.7175,805
MOEX:USDRUB,2023-02-13T13:24:00+03:00,73.7175,73.7275,73.6975,73.6975,1545
MOEX:USDRUB,2023-02-13T13:25:00+03:00,73.7100,73.7250,73.7050,73.7125,822
MOEX:USDRUB,2023-02-13T13:26:00+03:00,73.7200,73.7250,73.7125,73.7250,120
MOEX:USDRUB,2023-02-13T13:27:00+03:00,73.7175,73.7225,73.7125,73.7175,290
MOEX:USDRUB,2023-02-13T13:28:00+03:00,73.7225,73.7350,73.7075,73.7300,3561
MOEX:USDRUB,2023-02-13T13:29:00+03:00,73.7275,73.7275,73.7075,73.7150,1839
MOEX:USDRUB,2023-02-13T13:30:00+03:00,73.7150,73.7150,73.7050,73.7050,675
MOEX:USDRUB,2023-02-13T13:31:00+03:00,73.7050,73.7125,73.7025,73.7025,1840
MOEX:USDRUB,2023-02-13T13:32:00+03:00,73.7075,73.7075,73.6975,73.6975,704
MOEX:USDRUB,2023-02-13T13:33:00+03:00,73.7000,73.7075,73.6950,73.6950,342
MOEX:USDRUB,2023-02-13T13:34:00+03:00,73.6950,73.6950,73.6625,73.6675,1110
MOEX:USDRUB,2023-02-13T13:35:00+03:00,73.6675,73.6750,73.6625,73.6675,582
MOEX:USDRUB,2023-02-13T13:36:00+03:00,73.6675,73.6725,73.6625,73.6625,446
MOEX:USDRUB,2023-02-13T13:37:00+03:00,73.6650,73.6775,73.6650,73.6775,460
MOEX:USDRUB,2023-02-13T13:38:00+03:00,73.6800,73.6850,73.6700,73.6725,301
MOEX:USDRUB,2023-02-13T13:39:00+03:00,73.6675,73.6750,73.6625,73.6700,271
MOEX:USDRUB,2023-02-13T13:40:00+03:00,73.6650,73.6875,73.6650,73.6850,436
MOEX:USDRUB,2023-02-13T13:41:00+03:00,73.6800,73.6950,73.6775,73.6950,432
MOEX:USDRUB,2023-02-13T13:42:00+03:00,73.6925,73.6950,73.6875,73.6925,365
MOEX:USDRUB,2023-02-13T13:43:00+03:00,73.6950,73.7050,73.6925,73.6950,277
MOEX:USDRUB,2023-02-13T13:44:00+03:00,73.7025,73.7075,73.6950,73.6975,544
MOEX:USDRUB,2023-02-13T13:45:00+03:00,73.6975,73.7050,73.6825,73.6850,305
MOEX:USDRUB,2023-02-13T13:46:00+03:00,73.6950,73.7075,73.6875,73.7075,460
MOEX:USDRUB,2023-02-13T13:47:00+03:00,73.7100,73.7200,73.7075,73.7125,828
MOEX:USDRUB,2023-02-13T13:48:00+03:00,73.7150,73.7275,73.7150,73.7275,376
MOEX:USDRUB,2023-02-13T13:49:00+03:00,73.7250,73.7425,73.7250,73.7375,654
MOEX:USDRUB,2023-02-13T13:50:00+03:00,73.7325,73.7475,73.7225,73.7375,678
MOEX:USDRUB,2023-02-13T13:51:00+03:00,73.7400,73.7625,73.7400,73.7525,1396
MOEX:USDRUB,2023-02-13T13:52:00+03:00,73.7575,73.7975,73.7575,73.7875,1229
MOEX:USDRUB,2023-02-13T13:53:00+03:00,73.7900,73.8175,73.7850,73.8050,3962
MOEX:USDRUB,2023-02-13T13:54:00+03:00,73.8000,73.8100,73.7525,73.7575,4404
MOEX:USDRUB,2023-02-13T13:55:00+03:00,73.7700,73.7825,73.7675,73.7750,1375
MOEX:USDRUB,2023-02-13T13:56:00+03:00,73.7750,73.7950,73.7700,73.7800,2250
MOEX:USDRUB,2023-02-13T13:57:00+03:00,73.7750,73.8000,73.7525,73.7700,5175
MOEX:USDRUB,2023-02-13T13:58:00+03:00,73.7775,73.7850,73.7550,73.7625,1880
MOEX:USDRUB,2023-02-13T13:59:00+03:00,73.7650,73.7750,73.7375,73.7375,2147
MOEX:USDRUB,2023-02-13T14:00:00+03:00,73.7375,73.7600,73.7200,73.7600,5514
MOEX:USDRUB,2023-02-13T14:01:00+03:00,73.7525,73.7600,73.7300,73.7525,2014
MOEX:USDRUB,2023-02-13T14:02:00+03:00,73.7525,73.7600,73.7450,73.7600,4074
MOEX:USDRUB,2023-02-13T14:03:00+03:00,73.7550,73.7600,73.7500,73.7500,2406
MOEX:USDRUB,2023-02-13T14:04:00+03:00,73.7550,73.7600,73.7450,73.7475,1782
MOEX:USDRUB,2023-02-13T14:05:00+03:00,73.7475,73.7600,73.7475,73.7525,1323
MOEX:USDRUB,2023-02-13T14:06:00+03:00,73.7550,73.7575,73.7325,73.7400,2411
MOEX:USDRUB,2023-02-13T14:07:00+03:00,73.7350,73.7425,73.7200,73.7400,2327
MOEX:USDRUB,2023-02-13T14:08:00+03:00,73.7400,73.7750,73.7400,73.7650,6278
MOEX:USDRUB,2023-02-13T14:09:00+03:00,73.7675,73.7775,73.7625,73.7625,870
MOEX:USDRUB,2023-02-13T14:10:00+03:00,73.7625,73.7750,73.7600,73.7600,1959
MOEX:USDRUB,2023-02-13T14:11:00+03:00,73.7600,73.7650,73.7600,73.7650,1529
MOEX:USDRUB,2023-02-13T14:12:00+03:00,73.7600,73.7775,73.7600,73.7625,1280
MOEX:USDRUB,2023-02-13T14:13:00+03:00,73.7650,73.7750,73.7600,73.7600,1305
MOEX:USDRUB,2023-02-13T14:14:00+03:00,73.7600,73.7950,73.7600,73.7900,2130
MOEX:USDRUB,2023-02-13T14:15:00+03:00,73.7850,73.7925,73.7800,73.7825,1101
MOEX:USDRUB,2023-02-13T14:16:00+03:00,73.7825,73.7875,73.7775,73.7775,1093
MOEX:USDRUB,2023-02-13T14:17:00+03:00,73.7775,73.7975,73.7625,73.7725,1965
MOEX:USDRUB,2023-02-13T14:18:00+03:00,73.7725,73.7850,73.7700,73.7725,1067
MOEX:USDRUB,2023-02-13T14:19:00+03:00,73.7725,73.7750,73.7650,73.7650,950
MOEX:USDRUB,2023-02-13T14:20:00+03:00,73.7650,73.7700,73.7600,73.7675,973
MOEX:USDRUB,2023-02-13T14:21:00+03:00,73.7675,73.7700,73.7675,73.7700,1033
MOEX:USDRUB,2023-02-13T14:22:00+03:00,73.7700,73.7700,73.7600,73.7600,1079
MOEX:USDRUB,2023-02-13T14:23:00+03:00,73.7600,73.7600,73.7200,73.7275,3121
MOEX:USDRUB,2023-02-13T14:24:00+03:00,73.7375,73.7375,73.7175,73.7200,1318
MOEX:USDRUB,2023-02-13T14:25:00+03:00,73.7200,73.7400,73.7175,73.7400,2213
MOEX:USDRUB,2023-02-13T14:26:00+03:00,73.7400,73.7475,73.7400,73.7400,1512
MOEX:USDRUB,2023-02-13T14:27:00+03:00,73.7425,73.7600,73.7400,73.7475,2553
MOEX:USDRUB,2023-02-13T14:28:00+03:00,73.7475,73.7525,73.7400,73.7400,1420
MOEX:USDRUB,2023-02-13T14:29:00+03:00,73.7425,73.7475,73.7350,73.7350,981
MOEX:USDRUB,2023-02-13T14:30:00+03:00,73.7375,73.7375,73.7175,73.7175,3651
MOEX:USDRUB,2023-02-13T14:31:00+03:00,73.7175,73.7250,73.7075,73.7075,1162
MOEX:USDRUB,2023-02-13T14:32:00+03:00,73.7075,73.7250,73.7050,73.7075,2180
MOEX:USDRUB,2023-02-13T14:33:00+03:00,73.7125,73.7200,73.7075,73.7125,1199
MOEX:USDRUB,2023-02-13T14:34:00+03:00,73.7150,73.7175,73.7025,73.7125,987
MOEX:USDRUB,2023-02-13T14:35:00+03:00,73.7100,73.7175,73.7025,73.7025,803
MOEX:USDRUB,2023-02-13T14:36:00+03:00,73.7025,73.7175,73.7000,73.7000,1888
MOEX:USDRUB,2023-02-13T14:37:00+03:00,73.7000,73.7075,73.6875,73.7000,1482
MOEX:USDRUB,2023-02-13T14:38:00+03:00,73.7000,73.7075,73.6825,73.6825,1100
MOEX:USDRUB,2023-02-13T14:39:00+03:00,73.6850,73.6925,73.6650,73.6650,981
MOEX:USDRUB,2023-02-13T14:40:00+03:00,73.6675,73.6875,73.6600,73.6800,1851
MOEX:USDRUB,2023-02-13T14:41:00+03:00,73.6800,73.6825,73.6800,73.6800,1061
MOEX:USDRUB,2023-02-13T14:42:00+03:00,73.6800,73.6825,73.6575,73.6725,1730
MOEX:USDRUB,2023-02-13T14:43:00+03:00,73.6725,73.6750,73.6550,73.6600,1447
MOEX:USDRUB,2023-02-13T14:44:00+03:00,73.6550,73.6700,73.6325,73.6325,4089
MOEX:USDRUB,2023-02-13T14:45:00+03:00,73.6375,73.6475,73.6275,73.6425,6352
MOEX:USDRUB,2023-02-13T14:46:00+03:00,73.6425,73.6625,73.6375,73.6500,970
MOEX:USDRUB,2023-02-13T14:47:00+03:00,73.6525,73.6550,73.6500,73.6525,940
MOEX:USDRUB,2023-02-13T14:48:00+03:00,73.6525,73.6600,73.6500,73.6500,823
MOEX:USDRUB,2023-02-13T14:49:00+03:00,73.6550,73.6800,73.6500,73.6600,2155
MOEX:USDRUB,2023-02-13T14:50:00+03:00,73.6675,73.6900,73.6675,73.6775,2592
MOEX:USDRUB,2023-02-13T14:51:00+03:00,73.6775,73.6875,73.6700,73.6700,1025
MOEX:USDRUB,2023-02-13T14:52:00+03:00,73.6725,73.6850,73.6675,73.6725,2350
MOEX:USDRUB,2023-02-13T14:53:00+03:00,73.6825,73.6925,73.6725,73.6825,1538
MOEX:USDRUB,2023-02-13T14:54:00+03:00,73.6800,73.6925,73.6750,73.6775,1517
MOEX:USDRUB,2023-02-13T14:55:00+03:00,73.6800,73.6825,73.6700,73.6775,1249
MOEX:USDRUB,2023-02-13T14:56:00+03:00,73.6775,73.6950,73.6700,73.6950,1880
MOEX:USDRUB,2023-02-13T14:57:00+03:00,73.6875,73.7075,73.6825,73.6975,2213
MOEX:USDRUB,2023-02-13T14:58:00+03:00,73.6975,73.7100,73.6950,73.7075,6226
MOEX:USDRUB,2023-02-13T14:59:00+03:00,73.7025,73.7100,73.6925,73.6925,2080
MOEX:USDRUB,2023-02-13T15:00:00+03:00,73.6925,73.6975,73.6800,73.6800,1015
MOEX:USDRUB,2023-02-13T15:01:00+03:00,73.6800,73.6875,73.6725,73.6775,886
MOEX:USDRUB,2023-02-13T15:02:00+03:00,73.6775,73.6875,73.6375,73.6375,6410
MOEX:USDRUB,2023-02-13T15:03:00+03:00,73.6375,73.6575,73.6275,73.6500,3793
MOEX:USDRUB,2023-02-13T15:04:00+03:00,73.6575,73.6575,73.6475,73.6500,1084
MOEX:USDRUB,2023-02-13T15:05:00+03:00,73.6525,73.6725,73.6475,73.6725,2130
MOEX:USDRUB,2023-02-13T15:06:00+03:00,73.6700,73.6700,73.6500,73.6550,1022
MOEX:USDRUB,2023-02-13T15:07:00+03:00,73.6550,73.6700,73.6500,73.6500,1218
MOEX:USDRUB,2023-02-13T15:08:00+03:00,73.6500,73.6750,73.6475,73.6650,2127
MOEX:USDRUB,2023-02-13T15:09:00+03:00,73.6650,73.6975,73.6550,73.6900,2256
MOEX:USDRUB,2023-02-13T15:10:00+03:00,73.6800,73.6875,73.6600,73.6600,1840
MOEX:USDRUB,2023-02-13T15:11:00+03:00,73.6625,73.6650,73.6525,73.6600,1131
MOEX:USDRUB,2023-02-13T15:12:00+03:00,73.6625,73.6750,73.6600,73.6625,1186
MOEX:USDRUB,2023-02-13T15:13:00+03:00,73.6625,73.6675,73.6600,73.6625,1633
MOEX:USDRUB,2023-02-13T15:14:00+03:00,73.6600,73.6650,73.6600,73.6600,3270
MOEX:USDRUB,2023-02-13T15:15:00+03:00,73.6600,73.6600,73.6475,73.6475,2356
MOEX:USDRUB,2023-02-13T15:16:00+03:00,73.6475,73.6575,73.6475,73.6475,1639
MOEX:USDRUB,2023-02-13T15:17:00+03:00,73.6500,73.6775,73.6475,73.6475,2273
MOEX:USDRUB,2023-02-13T15:18:00+03:00,73.6525,73.6550,73.6400,73.6425,1114
MOEX:USDRUB,2023-02-13T15:19:00+03:00,73.6400,73.6475,73.6325,73.6375,1662
MOEX:USDRUB,2023-02-13T15:20:00+03:00,73.6375,73.6450,73.6325,73.6350,2279
MOEX:USDRUB,2023-02-13T15:21:00+03:00,73.6325,73.6525,73.6325,73.6325,4178
MOEX:USDRUB,2023-02-13T15:22:00+03:00,73.6325,73.6425,73.6325,73.6350,1120
MOEX:USDRUB,2023-02-13T15:23:00+03:00,73.6350,73.6575,73.6325,73.6325,2037
MOEX:USDRUB,2023-02-13T15:24:00+03:00,73.6325,73.6400,73.6325,73.6325,1848
MOEX:USDRUB,2023-02-13T15:25:00+03:00,73.6325,73.6350,73.6125,73.6125,4966
MOEX:USDRUB,2023-02-13T15:26:00+03:00,73.6175,73.6175,73.5925,73.5950,16983
MOEX:USDRUB,2023-02-13T15:27:00+03:00,73.5950,73.5975,73.5825,73.5875,1210
MOEX:USDRUB,2023-02-13T15:28:00+03:00,73.5975,73.5975,73.5850,73.5900,880
MOEX:USDRUB,2023-02-13T15:29:00+03:00,73.5900,73.6550,73.5850,73.6300,7809
MOEX:USDRUB,2023-02-13T15:30:00+03:00,73.6300,73.6325,73.5800,73.6325,5054
MOEX:USDRUB,2023-02-13T15:31:00+03:00,73.6375,73.6500,73.6225,73.6350,2251
MOEX:USDRUB,2023-02-13T15:32:00+03:00,73.6250,73.6600,73.6200,73.6250,2122
MOEX:USDRUB,2023-02-13T15:33:00+03:00,73.6250,73.6250,73.6200,73.6225,1016
MOEX:USDRUB,2023-02-13T15:34:00+03:00,73.6200,73.6350,73.6200,73.6200,1209
MOEX:USDRUB,2023-02-13T15:35:00+03:00,73.6200,73.6400,73.5825,73.5825,1592
MOEX:USDRUB,2023-02-13T15:36:00+03:00,73.5825,73.5950,73.5750,73.5850,1132
MOEX:USDRUB,2023-02-13T15:37:00+03:00,73.5750,73.5875,73.5600,73.5875,1078
MOEX:USDRUB,2023-02-13T15:38:00+03:00,73.5750,73.5875,73.5650,73.5850,1583
MOEX:USDRUB,2023-02-13T15:39:00+03:00,73.5800,73.5825,73.5625,73.5650,1080
MOEX:USDRUB,2023-02-13T15:40:00+03:00,73.5650,73.5650,73.5500,73.5575,1427
MOEX:USDRUB,2023-02-13T15:41:00+03:00,73.5500,73.5975,73.5500,73.5975,2454
MOEX:USDRUB,2023-02-13T15:42:00+03:00,73.5875,73.5975,73.5800,73.5800,1070
MOEX:USDRUB,2023-02-13T15:43:00+03:00,73.5800,73.5800,73.5050,73.5100,11348
MOEX:USDRUB,2023-02-13T15:44:00+03:00,73.5100,73.5525,73.5075,73.5425,3845
MOEX:USDRUB,2023-02-13T15:45:00+03:00,73.5525,73.5700,73.5450,73.5675,1452
MOEX:USDRUB,2023-02-13T15:46:00+03:00,73.5675,73.5850,73.5475,73.5475,2312
MOEX:USDRUB,2023-02-13T15:47:00+03:00,73.5575,73.5625,73.5400,73.5450,1070
MOEX:USDRUB,2023-02-13T15:48:00+03:00,73.5550,73.5575,73.5400,73.5450,804
MOEX:USDRUB,2023-02-13T15:49:00+03:00,73.5475,73.5625,73.5450,73.5600,1393
MOEX:USDRUB,2023-02-13T15:50:00+03:00,73.5675,73.5800,73.5600,73.5725,1303
MOEX:USDRUB,2023-02-13T15:51:00+03:00,73.5575,73.5725,73.5450,73.5575,3061
MOEX:USDRUB,2023-02-13T15:52:00+03:00,73.5575,73.5675,73.5550,73.5575,1259
MOEX:USDRUB,2023-02-13T15:53:00+03:00,73.5625,73.5875,73.5600,73.5850,1465
MOEX:USDRUB,2023-02-13T15:54:00+03:00,73.5775,73.6300,73.5750,73.6250,2866
MOEX:USDRUB,2023-02-13T15:55:00+03:00,73.6150,73.6250,73.5825,73.5825,1372
MOEX:USDRUB,2023-02-13T15:56:00+03:00,73.5950,73.6075,73.5875,73.5950,1436
MOEX:USDRUB,2023-02-13T15:57:00+03:00,73.5925,73.6100,73.5900,73.6050,1446
MOEX:USDRUB,2023-02-13T15:58:00+03:00,73.6050,73.6150,73.6000,73.6025,1190
MOEX:USDRUB,2023-02-13T15:59:00+03:00,73.6025,73.6200,73.6000,73.6150,963
MOEX:USDRUB,2023-02-13T16:00:00+03:00,73.6075,73.6750,73.6075,73.6750,3671
MOEX:USDRUB,2023-02-13T16:01:00+03:00,73.6775,73.6950,73.6750,73.6750,1474
MOEX:USDRUB,2023-02-13T16:02:00+03:00,73.6800,73.6800,73.6400,73.6550,786
MOEX:USDRUB,2023-02-13T16:03:00+03:00,73.6550,73.6750,73.6525,73.6525,290
MOEX:USDRUB,2023-02-13T16:04:00+03:00,73.6450,73.6450,73.5950,73.6125,4026
MOEX:USDRUB,2023-02-13T16:05:00+03:00,73.6275,73.6475,73.6225,73.6475,433
MOEX:USDRUB,2023-02-13T16:06:00+03:00,73.6475,73.6500,73.5875,73.5925,5688
MOEX:USDRUB,2023-02-13T16:07:00+03:00,73.5925,73.6025,73.5875,73.5975,886
MOEX:USDRUB,2023-02-13T16:08:00+03:00,73.5950,73.6150,73.5875,73.6000,902
MOEX:USDRUB,2023-02-13T16:09:00+03:00,73.6000,73.6200,73.5975,73.6000,1569
MOEX:USDRUB,2023-02-13T16:10:00+03:00,73.6000,73.6325,73.5975,73.6325,1404
MOEX:USDRUB,2023-02-13T16:11:00+03:00,73.6325,73.6425,73.6225,73.6325,317
MOEX:USDRUB,2023-02-13T16:12:00+03:00,73.6375,73.6450,73.6325,73.6325,254
MOEX:USDRUB,2023-02-13T16:13:00+03:00,73.6350,73.6350,73.5975,73.5975,2076
MOEX:USDRUB,2023-02-13T16:14:00+03:00,73.5950,73.6200,73.5700,73.5975,4983
MOEX:USDRUB,2023-02-13T16:15:00+03:00,73.5875,73.6150,73.5850,73.5850,2406
MOEX:USDRUB,2023-02-13T16:16:00+03:00,73.5850,73.5900,73.5700,73.5825,553
MOEX:USDRUB,2023-02-13T16:17:00+03:00,73.5900,73.5900,73.5875,73.5900,26
MOEX:USDRUB,2023-02-13T16:18:00+03:00,73.5900,73.5975,73.5875,73.5975,220
MOEX:USDRUB,2023-02-13T16:19:00+03:00,73.5975,73.6175,73.5975,73.6050,261
MOEX:USDRUB,2023-02-13T16:20:00+03:00,73.6100,73.6150,73.6000,73.6100,321
MOEX:USDRUB,2023-02-13T16:21:00+03:00,73.6150,73.6250,73.6025,73.6250,298
MOEX:USDRUB,2023-02-13T16:22:00+03:00,73.6175,73.6425,73.6175,73.6350,540
MOEX:USDRUB,2023-02-13T16:23:00+03:00,73.6350,73.6400,73.6275,73.6275,443
MOEX:USDRUB,2023-02-13T16:24:00+03:00,73.6300,73.6500,73.6275,73.6375,3368
MOEX:USDRUB,2023-02-13T16:25:00+03:00,73.6425,73.6600,73.6400,73.6425,1191
MOEX:USDRUB,2023-02-13T16:26:00+03:00,73.6425,73.6600,73.6425,73.6525,1158
MOEX:USDRUB,2023-02-13T16:27:00+03:00,73.6500,73.6675,73.6500,73.6575,1249
MOEX:USDRUB,2023-02-13T16:28:00+03:00,73.6525,73.6625,73.6500,73.6625,898
MOEX:USDRUB,2023-02-13T16:29:00+03:00,73.6650,73.6875,73.6575,73.6850,2301
MOEX:USDRUB,2023-02-13T16:30:00+03:00,73.6825,73.6925,73.6775,73.6925,493
MOEX:USDRUB,2023-02-13T16:31:00+03:00,73.6850,73.6975,73.6850,73.6925,977
MOEX:USDRUB,2023-02-13T16:32:00+03:00,73.6950,73.6975,73.6875,73.6925,491
MOEX:USDRUB,2023-02-13T16:33:00+03:00,73.6950,73.6950,73.6850,73.6850,1389
MOEX:USDRUB,2023-02-13T16:34:00+03:00,73.6825,73.6825,73.6750,73.6775,1129
MOEX:USDRUB,2023-02-13T16:35:00+03:00,73.6800,73.6900,73.6725,73.6725,675
MOEX:USDRUB,2023-02-13T16:36:00+03:00,73.6675,73.6825,73.6675,73.6825,68
MOEX:USDRUB,2023-02-13T16:37:00+03:00,73.6700,73.6900,73.6700,73.6875,691
MOEX:USDRUB,2023-02-13T16:38:00+03:00,73.6900,73.6900,73.6800,73.6850,248
MOEX:USDRUB,2023-02-13T16:39:00+03:00,73.6850,73.6850,73.6800,73.6825,198
MOEX:USDRUB,2023-02-13T16:40:00+03:00,73.6850,73.6850,73.6800,73.6800,707
MOEX:USDRUB,2023-02-13T16:41:00+03:00,73.6800,73.6875,73.6775,73.6875,553
MOEX:USDRUB,2023-02-13T16:42:00+03:00,73.6850,73.6925,73.6800,73.6900,553
MOEX:USDRUB,2023-02-13T16:43:00+03:00,73.6825,73.6900,73.6825,73.6900,430
MOEX:USDRUB,2023-02-13T16:44:00+03:00,73.6900,73.6975,73.6900,73.6975,199
MOEX:USDRUB,2023-02-13T16:45:00+03:00,73.6975,73.7375,73.6925,73.7050,3335
MOEX:USDRUB,2023-02-13T16:46:00+03:00,73.7075,73.7275,73.7025,73.7200,2722
MOEX:USDRUB,2023-02-13T16:47:00+03:00,73.7200,73.7200,73.7125,73.7200,162
MOEX:USDRUB,2023-02-13T16:48:00+03:00,73.7200,73.7200,73.7175,73.7200,407
MOEX:USDRUB,2023-02-13T16:49:00+03:00,73.7200,73.7200,73.7075,73.7125,381
MOEX:USDRUB,2023-02-13T16:50:00+03:00,73.7125,73.7150,73.7050,73.7125,435
MOEX:USDRUB,2023-02-13T16:51:00+03:00,73.7125,73.7200,73.7075,73.7075,1115
MOEX:USDRUB,2023-02-13T16:52:00+03:00,73.7075,73.7175,73.7075,73.7150,251
MOEX:USDRUB,2023-02-13T16:53:00+03:00,73.7175,73.7175,73.6925,73.7025,1420
MOEX:USDRUB,2023-02-13T16:54:00+03:00,73.7050,73.7200,73.6975,73.7200,676
MOEX:USDRUB,2023-02-13T16:55:00+03:00,73.7200,73.7250,73.7125,73.7200,687
MOEX:USDRUB,2023-02-13T16:56:00+03:00,73.7200,73.7300,73.7200,73.7300,1263
MOEX:USDRUB,2023-02-13T16:57:00+03:00,73.7275,73.7350,73.7250,73.7350,164
MOEX:USDRUB,2023-02-13T16:58:00+03:00,73.7375,73.7575,73.7375,73.7500,1590
MOEX:USDRUB,2023-02-13T16:59:00+03:00,73.7475,73.7500,73.7375,73.7425,650
MOEX:USDRUB,2023-02-13T17:00:00+03:00,73.7425,73.7500,73.7400,73.7400,700
MOEX:USDRUB,2023-02-13T17:01:00+03:00,73.7400,73.7500,73.7325,73.7450,2216
MOEX:USDRUB,2023-02-13T17:02:00+03:00,73.7375,73.7500,73.7250,73.7500,842
MOEX:USDRUB,2023-02-13T17:03:00+03:00,73.7500,73.7500,73.7400,73.7475,265
MOEX:USDRUB,2023-02-13T17:04:00+03:00,73.7500,73.7500,73.7450,73.7500,806
MOEX:USDRUB,2023-02-13T17:05:00+03:00,73.7500,73.7500,73.7450,73.7450,80
MOEX:USDRUB,2023-02-13T17:06:00+03:00,73.7450,73.7450,73.7350,73.7350,186
MOEX:USDRUB,2023-02-13T17:07:00+03:00,73.7400,73.7425,73.7300,73.7425,388
MOEX:USDRUB,2023-02-13T17:08:00+03:00,73.7425,73.7650,73.7425,73.7600,2761
MOEX:USDRUB,2023-02-13T17:09:00+03:00,73.7650,73.7675,73.7600,73.7600,704
MOEX:USDRUB,2023-02-13T17:10:00+03:00,73.7600,73.7675,73.7600,73.7675,822
MOEX:USDRUB,2023-02-13T17:11:00+03:00,73.7575,73.7675,73.7575,73.7625,97
MOEX:USDRUB,2023-02-13T17:12:00+03:00,73.7675,73.7675,73.7675,73.7675,13
MOEX:USDRUB,2023-02-13T17:13:00+03:00,73.7675,73.7800,73.7675,73.7675,902
MOEX:USDRUB,2023-02-13T17:14:00+03:00,73.7700,73.7700,73.7700,73.7700,128
MOEX:USDRUB,2023-02-13T17:15:00+03:00,73.7625,73.7650,73.7550,73.7650,621
MOEX:USDRUB,2023-02-13T17:16:00+03:00,73.7550,73.7550,73.7500,73.7550,217
MOEX:USDRUB,2023-02-13T17:17:00+03:00,73.7550,73.7700,73.7500,73.7700,837
MOEX:USDRUB,2023-02-13T17:18:00+03:00,73.7675,73.7700,73.7675,73.7700,539
MOEX:USDRUB,2023-02-13T17:19:00+03:00,73.7700,73.7700,73.7600,73.7700,451
MOEX:USDRUB,2023-02-13T17:20:00+03:00,73.7700,73.7700,73.7700,73.7700,25
MOEX:USDRUB,2023-02-13T17:21:00+03:00,73.7700,73.7700,73.7650,73.7675,89
MOEX:USDRUB,2023-02-13T17:22:00+03:00,73.7650,73.7675,73.7600,73.7600,233
MOEX:USDRUB,2023-02-13T17:23:00+03:00,73.7575,73.7700,73.7575,73.7675,138
MOEX:USDRUB,2023-02-13T17:24:00+03:00,73.7600,73.7675,73.7600,73.7675,4
MOEX:USDRUB,2023-02-13T17:25:00+03:00,73.7600,73.7700,73.7600,73.7700,493
MOEX:USDRUB,2023-02-13T17:26:00+03:00,73.7700,73.7750,73.7675,73.7700,195
MOEX:USDRUB,2023-02-13T17:27:00+03:00,73.7650,73.7975,73.7625,73.7975,1018
MOEX:USDRUB,2023-02-13T17:28:00+03:00,73.7975,73.8150,73.7950,73.8150,516
MOEX:USDRUB,2023-02-13T17:29:00+03:00,73.8200,73.8450,73.8200,73.8400,1032
MOEX:USDRUB,2023-02-13T17:30:00+03:00,73.8450,73.8475,73.8225,73.8250,1438
MOEX:USDRUB,2023-02-13T17:31:00+03:00,73.8350,73.8500,73.8300,73.8375,1509
MOEX:USDRUB,2023-02-13T17:32:00+03:00,73.8475,73.8650,73.8425,73.8550,2130
MOEX:USDRUB,2023-02-13T17:33:00+03:00,73.8575,73.8600,73.8250,73.8250,2310
MOEX:USDRUB,2023-02-13T17:34:00+03:00,73.8250,73.8375,73.7825,73.7900,2238
MOEX:USDRUB,2023-02-13T17:35:00+03:00,73.7950,73.8350,73.7950,73.8350,333
MOEX:USDRUB,2023-02-13T17:36:00+03:00,73.8400,73.8400,73.8325,73.8350,175
MOEX:USDRUB,2023-02-13T17:37:00+03:00,73.8350,73.8375,73.8225,73.8250,187
MOEX:USDRUB,2023-02-13T17:38:00+03:00,73.8150,73.8200,73.7900,73.7975,1001
MOEX:USDRUB,2023-02-13T17:39:00+03:00,73.7975,73.7975,73.7850,73.7925,252
MOEX:USDRUB,2023-02-13T17:40:00+03:00,73.8000,73.8000,73.7925,73.7950,123
MOEX:USDRUB,2023-02-13T17:41:00+03:00,73.7975,73.8050,73.7975,73.8050,188
MOEX:USDRUB,2023-02-13T17:42:00+03:00,73.8000,73.8100,73.8000,73.8100,504
MOEX:USDRUB,2023-02-13T17:43:00+03:00,73.8100,73.8125,73.8025,73.8100,768
MOEX:USDRUB,2023-02-13T17:44:00+03:00,73.8025,73.8125,73.8025,73.8025,957
MOEX:USDRUB,2023-02-13T17:45:00+03:00,73.8025,73.8100,73.7825,73.7825,467
MOEX:USDRUB,2023-02-13T17:46:00+03:00,73.7875,73.8125,73.7875,73.8100,2251
MOEX:USDRUB,2023-02-13T17:47:00+03:00,73.8100,73.8100,73.7900,73.7925,1557
MOEX:USDRUB,2023-02-13T17:48:00+03:00,73.7975,73.8000,73.7900,73.7975,181
MOEX:USDRUB,2023-02-13T17:49:00+03:00,73.7900,73.8100,73.7900,73.8000,3356
MOEX:USDRUB,2023-02-13T17:50:00+03:00,73.7875,73.7975,73.7750,73.7750,603
MOEX:USDRUB,2023-02-13T17:51:00+03:00,73.7800,73.8050,73.7725,73.8050,1805
MOEX:USDRUB,2023-02-13T17:52:00+03:00,73.8050,73.8050,73.8000,73.8050,798
MOEX:USDRUB,2023-02-13T17:53:00+03:00,73.8000,73.8025,73.7775,73.7950,514
MOEX:USDRUB,2023-02-13T17:54:00+03:00,73.7950,73.7950,73.7700,73.7800,553
MOEX:USDRUB,2023-02-13T17:55:00+03:00,73.7750,73.7800,73.7750,73.7800,246
MOEX:USDRUB,2023-02-13T17:56:00+03:00,73.7800,73.7800,73.7750,73.7750,222
MOEX:USDRUB,2023-02-13T17:57:00+03:00,73.7725,73.7775,73.7725,73.7775,52
MOEX:USDRUB,2023-02-13T17:58:00+03:00,73.7725,73.7800,73.7725,73.7725,167
MOEX:USDRUB,2023-02-13T17:59:00+03:00,73.7725,73.7800,73.7725,73.7800,555
MOEX:USDRUB,2023-02-13T18:00:00+03:00,73.7800,73.7800,73.7700,73.7725,614
MOEX:USDRUB,2023-02-13T18:01:00+03:00,73.7800,73.7900,73.7775,73.7800,160
MOEX:USDRUB,2023-02-13T18:02:00+03:00,73.7975,73.8025,73.7850,73.7925,326
MOEX:USDRUB,2023-02-13T18:03:00+03:00,73.7925,73.8200,73.7925,73.8150,487
MOEX:USDRUB,2023-02-13T18:04:00+03:00,73.8050,73.8350,73.8050,73.8350,682
MOEX:USDRUB,2023-02-13T18:05:00+03:00,73.8300,73.8450,73.8300,73.8425,709
MOEX:USDRUB,2023-02-13T18:06:00+03:00,73.8450,73.8500,73.8100,73.8100,1736
MOEX:USDRUB,2023-02-13T18:07:00+03:00,73.8100,73.8200,73.8075,73.8125,572
MOEX:USDRUB,2023-02-13T18:08:00+03:00,73.8200,73.8300,73.8125,73.8200,128
MOEX:USDRUB,2023-02-13T18:09:00+03:00,73.8125,73.8300,73.8025,73.8025,2692
MOEX:USDRUB,2023-02-13T18:10:00+03:00,73.8150,73.8300,73.8050,73.8100,3173
MOEX:USDRUB,2023-02-13T18:11:00+03:00,73.8275,73.8325,73.8175,73.8200,689
MOEX:USDRUB,2023-02-13T18:12:00+03:00,73.8300,73.8600,73.8200,73.8575,4078
MOEX:USDRUB,2023-02-13T18:13:00+03:00,73.8600,73.8600,73.8450,73.8475,2013
MOEX:USDRUB,2023-02-13T18:14:00+03:00,73.8475,73.8525,73.8450,73.8500,425
MOEX:USDRUB,2023-02-13T18:15:00+03:00,73.8500,73.8600,73.8475,73.8500,879
MOEX:USDRUB,2023-02-13T18:16:00+03:00,73.8500,73.8575,73.8450,73.8450,696
MOEX:USDRUB,2023-02-13T18:17:00+03:00,73.8450,73.8575,73.8450,73.8500,278
MOEX:USDRUB,2023-02-13T18:18:00+03:00,73.8500,73.8500,73.8475,73.8500,149
MOEX:USDRUB,2023-02-13T18:19:00+03:00,73.8500,73.8525,73.8500,73.8500,346
MOEX:USDRUB,2023-02-13T18:20:00+03:00,73.8575,73.8600,73.8525,73.8575,161
MOEX:USDRUB,2023-02-13T18:21:00+03:00,73.8525,73.8625,73.8500,73.8625,693
MOEX:USDRUB,2023-02-13T18:22:00+03:00,73.8625,73.8650,73.8600,73.8625,240
MOEX:USDRUB,2023-02-13T18:23:00+03:00,73.8625,73.8675,73.8500,73.8500,572
MOEX:USDRUB,2023-02-13T18:24:00+03:00,73.8500,73.8600,73.8475,73.8575,111
MOEX:USDRUB,2023-02-13T18:25:00+03:00,73.8575,73.8600,73.8500,73.8575,349
MOEX:USDRUB,2023-02-13T18:26:00+03:00,73.8500,73.8525,73.8475,73.8500,118
MOEX:USDRUB,2023-02-13T18:27:00+03:00,73.8500,73.8600,73.8500,73.8600,928
MOEX:USDRUB,2023-02-13T18:28:00+03:00,73.8600,73.8600,73.8475,73.8475,111
MOEX:USDRUB,2023-02-13T18:29:00+03:00,73.8575,73.8575,73.8475,73.8500,197
MOEX:USDRUB,2023-02-13T18:30:00+03:00,73.8550,73.8575,73.8500,73.8500,907
MOEX:USDRUB,2023-02-13T18:31:00+03:00,73.8500,73.8550,73.8350,73.8350,519
MOEX:USDRUB,2023-02-13T18:32:00+03:00,73.8375,73.8375,73.8350,73.8350,136
MOEX:USDRUB,2023-02-13T18:33:00+03:00,73.8450,73.8500,73.8350,73.8400,37
MOEX:USDRUB,2023-02-13T18:34:00+03:00,73.8375,73.8475,73.8350,73.8350,16
MOEX:USDRUB,2023-02-13T18:35:00+03:00,73.8400,73.8500,73.8375,73.8375,212
MOEX:USDRUB,2023-02-13T18:36:00+03:00,73.8375,73.8425,73.7975,73.8175,2507
MOEX:USDRUB,2023-02-13T18:37:00+03:00,73.8100,73.8300,73.7950,73.8000,502
MOEX:USDRUB,2023-02-13T18:38:00+03:00,73.8000,73.8400,73.8000,73.8400,410
MOEX:USDRUB,2023-02-13T18:39:00+03:00,73.8400,73.8500,73.8325,73.8475,763
MOEX:USDRUB,2023-02-13T18:40:00+03:00,73.8375,73.8500,73.8275,73.8475,1632
MOEX:USDRUB,2023-02-13T18:41:00+03:00,73.8300,73.8525,73.8300,73.8500,532
MOEX:USDRUB,2023-02-13T18:42:00+03:00,73.8375,73.8500,73.8325,73.8325,578
MOEX:USDRUB,2023-02-13T18:43:00+03:00,73.8475,73.8500,73.8325,73.8350,233
MOEX:USDRUB,2023-02-13T18:44:00+03:00,73.8500,73.8525,73.8325,73.8525,114
MOEX:USDRUB,2023-02-13T18:45:00+03:00,73.8475,73.8525,73.8325,73.8350,157
MOEX:USDRUB,2023-02-13T18:46:00+03:00,73.8500,73.8550,73.8375,73.8375,122
MOEX:USDRUB,2023-02-13T18:47:00+03:00,73.8375,73.8500,73.8325,73.8500,116
MOEX:USDRUB,2023-02-13T18:48:00+03:00,73.8500,73.8600,73.8475,73.8475,223
MOEX:USDRUB,2023-02-13T18:49:00+03:00,73.8475,73.8675,73.8325,73.8675,2106
MOEX:USDRUB,2023-02-13T18:50:00+03:00,73.8675,73.8675,73.8525,73.8525,234
MOEX:USDRUB,2023-02-13T18:51:00+03:00,73.8525,73.8675,73.8525,73.8525,91
MOEX:USDRUB,2023-02-13T18:52:00+03:00,73.8600,73.8600,73.8300,73.8525,355
MOEX:USDRUB,2023-02-13T18:53:00+03:00,73.8300,73.8625,73.8300,73.8500,28
MOEX:USDRUB,2023-02-13T18:54:00+03:00,73.8600,73.8700,73.8100,73.8100,838
MOEX:USDRUB,2023-02-13T18:55:00+03:00,73.8600,73.8725,73.8600,73.8725,188
MOEX:USDRUB,2023-02-13T18:56:00+03:00,73.8650,73.8700,73.8650,73.8700,27
MOEX:USDRUB,2023-02-13T18:57:00+03:00,73.8675,73.8700,73.8500,73.8700,72
MOEX:USDRUB,2023-02-13T18:58:00+03:00,73.8700,73.8725,73.8500,73.8700,89
MOEX:USDRUB,2023-02-13T18:59:00+03:00,73.8700,73.8775,73.8250,73.8250,1169
